ticket,time_setup,time_setup_msc,time_done,time_done_msc,time_expiration,type,type_time,type_filling,state,magic,position_id,position_by_id,reason,volume_initial,volume_current,price_open,sl,tp,price_current,price_stoplimit,symbol,comment,external_id
1885768310,2026-08-28 21:40:55,1787953255587,2026-08-28 21:51:49,1787953909319,0,4,0,2,4,901018,1885768310,0,3,0.01,0.0,4455.76,0.0,0.0,4455.77,0.0,XAUUSD,STR B1,
1885768314,2026-08-28 21:40:55,1787953255679,2026-08-28 21:41:44,1787953304854,0,5,0,2,4,901018,1885768314,0,3,0.01,0.0,4452.8,0.0,0.0,4452.78,0.0,XAUUSD,STR S1,
1885768324,2026-08-28 21:40:55,1787953255780,2026-08-28 21:59:40,1787954380501,0,4,0,2,4,901018,1885768324,0,3,0.01,0.0,4457.24,0.0,0.0,4458.01,0.0,XAUUSD,STR B2,
1885768332,2026-08-28 21:40:55,1787953255879,2026-08-28 21:42:44,1787953364923,0,5,0,2,4,901018,1885768332,0,3,0.01,0.0,4451.32,0.0,0.0,4449.7,0.0,XAUUSD,STR S2,
1885768348,2026-08-28 21:40:55,1787953255978,2026-08-28 22:01:17,1787954477005,0,4,0,2,4,901018,1885768348,0,3,0.01,0.0,4458.72,0.0,0.0,4458.76,0.0,XAUUSD,STR B3,
1885768369,2026-08-28 21:40:56,1787953256082,2026-08-28 21:42:45,1787953365254,0,5,0,2,4,901018,1885768369,0,3,0.01,0.0,4449.84,0.0,0.0,4449.84,0.0,XAUUSD,STR S3,
1885768378,2026-08-28 21:40:56,1787953256178,2026-08-28 22:01:53,1787954513420,0,4,0,2,4,901018,1885768378,0,3,0.01,0.0,4460.2,0.0,0.0,4460.61,0.0,XAUUSD,STR B4,
1885768387,2026-08-28 21:40:56,1787953256279,2026-08-28 21:42:45,1787953365257,0,5,0,2,4,901018,1885768387,0,3,0.01,0.0,4448.36,0.0,0.0,4449.84,0.0,XAUUSD,STR S4,
1885768399,2026-08-28 21:40:56,1787953256379,2026-08-28 22:04:23,1787954663746,0,4,0,2,4,901018,1885768399,0,3,0.01,0.0,4461.68,0.0,0.0,4461.88,0.0,XAUUSD,STR B5,
1885768411,2026-08-28 21:40:56,1787953256487,2026-08-28 21:43:23,1787953403168,0,5,0,2,4,901018,1885768411,0,3,0.01,0.0,4446.88,0.0,0.0,4446.31,0.0,XAUUSD,STR S5,
1885768418,2026-08-28 21:40:56,1787953256579,2026-08-28 22:27:21,1787956041604,0,4,0,2,4,901018,1885768418,0,3,0.01,0.0,4463.16,0.0,0.0,4463.61,0.0,XAUUSD,STR B6,
1885768425,2026-08-28 21:40:56,1787953256684,2026-08-28 21:43:48,1787953428351,0,5,0,2,4,901018,1885768425,0,3,0.01,0.0,4445.4,0.0,0.0,4445.4,0.0,XAUUSD,STR S6,
1885768430,2026-08-28 21:40:56,1787953256779,2026-08-28 22:31:00,1787956260964,0,4,0,2,4,901018,1885768430,0,3,0.01,0.0,4464.64,0.0,0.0,4464.58,0.0,XAUUSD,STR B7,
1885768436,2026-08-28 21:40:56,1787953256878,2026-08-31 01:01:04,1788138064994,0,5,0,2,4,901018,1885768436,0,3,0.01,0.0,4443.92,0.0,0.0,4437.4,0.0,XAUUSD,STR S7,
1885768442,2026-08-28 21:40:56,1787953256981,2026-08-28 22:38:06,1787956686347,0,4,0,2,4,901018,1885768442,0,3,0.01,0.0,4466.12,0.0,0.0,4466.38,0.0,XAUUSD,STR B8,
1885768451,2026-08-28 21:40:57,1787953257091,2026-08-31 01:01:05,1788138065005,0,5,0,2,4,901018,1885768451,0,3,0.01,0.0,4442.44,0.0,0.0,4437.4,0.0,XAUUSD,STR S8,
1885768511,2026-08-28 21:40:57,1787953257228,2026-08-31 03:24:18,1788146658443,0,4,0,2,2,901018,0,0,3,0.01,0.01,4467.6,0.0,0.0,4457.66,0.0,XAUUSD,STR B9,
1885768571,2026-08-28 21:40:57,1787953257438,2026-08-31 01:01:05,1788138065022,0,5,0,2,4,901018,1885768571,0,3,0.01,0.0,4440.96,0.0,0.0,4437.4,0.0,XAUUSD,STR S9,
1885768617,2026-08-28 21:40:57,1787953257630,2026-08-31 03:24:18,1788146658349,0,4,0,2,2,901018,0,0,3,0.01,0.01,4469.08,0.0,0.0,4457.67,0.0,XAUUSD,STR B10,
1885768637,2026-08-28 21:40:57,1787953257670,2026-08-31 01:01:05,1788138065045,0,5,0,2,4,901018,1885768637,0,3,0.01,0.0,4439.48,0.0,0.0,4437.4,0.0,XAUUSD,STR S10,
1885768649,2026-08-28 21:40:57,1787953257760,2026-08-31 03:24:18,1788146658243,0,4,0,2,2,901018,0,0,3,0.01,0.01,4470.56,0.0,0.0,4457.74,0.0,XAUUSD,STR B11,
1885768655,2026-08-28 21:40:57,1787953257800,2026-08-31 01:01:05,1788138065063,0,5,0,2,4,901018,1885768655,0,3,0.01,0.0,4438.0,0.0,0.0,4437.43,0.0,XAUUSD,STR S11,
1885768668,2026-08-28 21:40:57,1787953257883,2026-08-31 03:24:18,1788146658142,0,4,0,2,2,901018,0,0,3,0.01,0.01,4472.04,0.0,0.0,4457.64,0.0,XAUUSD,STR B12,
1885768682,2026-08-28 21:40:57,1787953257987,2026-08-31 01:01:07,1788138067489,0,5,0,2,4,901018,1885768682,0,3,0.01,0.0,4436.52,0.0,0.0,4436.6,0.0,XAUUSD,STR S12,
1885768692,2026-08-28 21:40:58,1787953258085,2026-08-31 03:24:18,1788146658047,0,4,0,2,2,901018,0,0,3,0.01,0.01,4473.52,0.0,0.0,4457.63,0.0,XAUUSD,STR B13,
1885768699,2026-08-28 21:40:58,1787953258185,2026-08-31 01:01:17,1788138077033,0,5,0,2,4,901018,1885768699,0,3,0.01,0.0,4435.04,0.0,0.0,4435.0,0.0,XAUUSD,STR S13,
1885768709,2026-08-28 21:40:58,1787953258382,2026-08-31 03:24:17,1788146657944,0,5,0,2,2,901018,0,0,3,0.01,0.01,4433.56,0.0,0.0,4457.34,0.0,XAUUSD,STR S14,
1885768723,2026-08-28 21:40:58,1787953258481,2026-08-31 03:24:17,1788146657847,0,4,0,2,2,901018,0,0,3,0.01,0.01,4476.48,0.0,0.0,4457.62,0.0,XAUUSD,STR B15,
1885768728,2026-08-28 21:40:58,1787953258583,2026-08-31 03:24:17,1788146657743,0,5,0,2,2,901018,0,0,3,0.01,0.01,4432.08,0.0,0.0,4457.34,0.0,XAUUSD,STR S15,
1885768735,2026-08-28 21:40:58,1787953258681,2026-08-31 03:24:17,1788146657643,0,4,0,2,2,901018,0,0,3,0.03,0.03,4477.96,0.0,0.0,4457.63,0.0,XAUUSD,STR B16,
1885768741,2026-08-28 21:40:58,1787953258784,2026-08-31 03:24:17,1788146657612,0,5,0,2,2,901018,0,0,3,0.03,0.03,4430.6,0.0,0.0,4457.34,0.0,XAUUSD,STR S16,
1885768746,2026-08-28 21:40:58,1787953258886,2026-08-31 03:24:17,1788146657445,0,4,0,2,2,901018,0,0,3,0.03,0.03,4479.44,0.0,0.0,4457.66,0.0,XAUUSD,STR B17,
1885768754,2026-08-28 21:40:58,1787953258989,2026-08-31 03:24:17,1788146657344,0,5,0,2,2,901018,0,0,3,0.03,0.03,4429.12,0.0,0.0,4457.39,0.0,XAUUSD,STR S17,
1885768761,2026-08-28 21:40:59,1787953259085,2026-08-31 03:24:17,1788146657260,0,4,0,2,2,901018,0,0,3,0.03,0.03,4480.92,0.0,0.0,4457.69,0.0,XAUUSD,STR B18,
1885768768,2026-08-28 21:40:59,1787953259196,2026-08-31 03:24:17,1788146657236,0,5,0,2,2,901018,0,0,3,0.03,0.03,4427.64,0.0,0.0,4457.4,0.0,XAUUSD,STR S18,
1885768783,2026-08-28 21:40:59,1787953259393,2026-08-31 03:24:17,1788146657048,0,4,0,2,2,901018,0,0,3,0.03,0.03,4482.4,0.0,0.0,4457.72,0.0,XAUUSD,STR B19,
1885768786,2026-08-28 21:40:59,1787953259431,2026-08-31 03:24:17,1788146657026,0,5,0,2,2,901018,0,0,3,0.03,0.03,4426.16,0.0,0.0,4457.43,0.0,XAUUSD,STR S19,
1885768792,2026-08-28 21:40:59,1787953259483,2026-08-31 03:24:16,1788146656969,0,4,0,2,2,901018,0,0,3,0.03,0.03,4483.88,0.0,0.0,4457.74,0.0,XAUUSD,STR B20,
1885768793,2026-08-28 21:40:59,1787953259582,2026-08-31 03:24:16,1788146656744,0,5,0,2,2,901018,0,0,3,0.03,0.03,4424.68,0.0,0.0,4457.37,0.0,XAUUSD,STR S20,
1885768802,2026-08-28 21:40:59,1787953259688,2026-08-31 03:24:16,1788146656644,0,4,0,2,2,901018,0,0,3,0.03,0.03,4485.36,0.0,0.0,4457.62,0.0,XAUUSD,STR B21,
1885768838,2026-08-28 21:40:59,1787953259889,2026-08-31 03:24:16,1788146656544,0,4,0,2,2,901018,0,0,3,0.03,0.03,4486.84,0.0,0.0,4457.62,0.0,XAUUSD,STR B22,
1885768938,2026-08-28 21:41:00,1787953260428,2026-08-31 03:24:16,1788146656450,0,5,0,2,2,901018,0,0,3,0.03,0.03,4421.72,0.0,0.0,4457.33,0.0,XAUUSD,STR S22,
1885769209,2026-08-28 21:41:00,1787953260852,2026-08-31 03:24:16,1788146656345,0,4,0,2,2,901018,0,0,3,0.03,0.03,4488.32,0.0,0.0,4457.61,0.0,XAUUSD,STR B23,
1885769249,2026-08-28 21:41:00,1787953260968,2026-08-31 03:24:16,1788146656242,0,5,0,2,2,901018,0,0,3,0.03,0.03,4420.24,0.0,0.0,4457.34,0.0,XAUUSD,STR S23,
1885769382,2026-08-28 21:41:01,1787953261988,2026-08-31 03:24:16,1788146656143,0,4,0,2,2,901018,0,0,3,0.03,0.03,4489.8,0.0,0.0,4457.66,0.0,XAUUSD,STR B24,
1885769453,2026-08-28 21:41:02,1787953262158,2026-08-31 03:24:16,1788146656043,0,5,0,2,2,901018,0,0,3,0.03,0.03,4418.76,0.0,0.0,4457.39,0.0,XAUUSD,STR S24,
1885769467,2026-08-28 21:41:02,1787953262237,2026-08-31 03:24:15,1788146655942,0,4,0,2,2,901018,0,0,3,0.03,0.03,4491.28,0.0,0.0,4457.67,0.0,XAUUSD,STR B25,
1885769485,2026-08-28 21:41:02,1787953262304,2026-08-31 03:24:15,1788146655841,0,5,0,2,2,901018,0,0,3,0.03,0.03,4417.28,0.0,0.0,4457.46,0.0,XAUUSD,STR S25,
1885769493,2026-08-28 21:41:02,1787953262368,2026-08-31 03:24:15,1788146655743,0,4,0,2,2,901018,0,0,3,0.06,0.06,4492.76,0.0,0.0,4457.76,0.0,XAUUSD,STR B26,
1885769517,2026-08-28 21:41:02,1787953262458,2026-08-31 03:24:15,1788146655646,0,5,0,2,2,901018,0,0,3,0.06,0.06,4415.8,0.0,0.0,4457.47,0.0,XAUUSD,STR S26,
1885769527,2026-08-28 21:41:02,1787953262567,2026-08-31 03:24:15,1788146655543,0,4,0,2,2,901018,0,0,3,0.06,0.06,4494.24,0.0,0.0,4457.76,0.0,XAUUSD,STR B27,
1885769542,2026-08-28 21:41:02,1787953262656,2026-08-31 03:24:15,1788146655447,0,5,0,2,2,901018,0,0,3,0.06,0.06,4414.32,0.0,0.0,4457.48,0.0,XAUUSD,STR S27,
1885769556,2026-08-28 21:41:02,1787953262856,2026-08-31 03:24:15,1788146655343,0,4,0,2,2,901018,0,0,3,0.06,0.06,4495.72,0.0,0.0,4457.76,0.0,XAUUSD,STR B28,
1885769565,2026-08-28 21:41:02,1787953262883,2026-08-31 03:24:15,1788146655243,0,5,0,2,2,901018,0,0,3,0.06,0.06,4412.84,0.0,0.0,4457.47,0.0,XAUUSD,STR S28,
1885769570,2026-08-28 21:41:02,1787953262960,2026-08-31 03:24:15,1788146655142,0,4,0,2,2,901018,0,0,3,0.06,0.06,4497.2,0.0,0.0,4457.76,0.0,XAUUSD,STR B29,
1885769580,2026-08-28 21:41:03,1787953263057,2026-08-31 03:24:15,1788146655044,0,5,0,2,2,901018,0,0,3,0.06,0.06,4411.36,0.0,0.0,4457.48,0.0,XAUUSD,STR S29,
1885769587,2026-08-28 21:41:03,1787953263161,2026-08-31 03:24:14,1788146654944,0,4,0,2,2,901018,0,0,3,0.06,0.06,4498.68,0.0,0.0,4457.77,0.0,XAUUSD,STR B30,
1885769597,2026-08-28 21:41:03,1787953263256,2026-08-31 03:24:14,1788146654843,0,5,0,2,2,901018,0,0,3,0.06,0.06,4409.88,0.0,0.0,4457.46,0.0,XAUUSD,STR S30,
1888785029,2026-08-31 01:01:19,1788138079948,2026-08-31 01:01:19,1788138079960,0,0,0,1,4,901018,1885768314,0,4,0.01,0.0,4436.52,0.0,0.0,4436.52,0.0,XAUUSD,[sl 4436.52],
1888785033,2026-08-31 01:01:19,1788138079948,2026-08-31 01:01:19,1788138079972,0,0,0,1,4,901018,1885768332,0,4,0.01,0.0,4436.52,0.0,0.0,4436.52,0.0,XAUUSD,[sl 4436.52],
1888785036,2026-08-31 01:01:19,1788138079949,2026-08-31 01:01:19,1788138079974,0,0,0,1,4,901018,1885768369,0,4,0.01,0.0,4436.52,0.0,0.0,4436.52,0.0,XAUUSD,[sl 4436.52],
1888785039,2026-08-31 01:01:19,1788138079950,2026-08-31 01:01:19,1788138079975,0,0,0,1,4,901018,1885768387,0,4,0.01,0.0,4436.52,0.0,0.0,4436.52,0.0,XAUUSD,[sl 4436.52],
1888785043,2026-08-31 01:01:19,1788138079950,2026-08-31 01:01:19,1788138079977,0,0,0,1,4,901018,1885768411,0,4,0.01,0.0,4436.52,0.0,0.0,4436.52,0.0,XAUUSD,[sl 4436.52],
1888785046,2026-08-31 01:01:19,1788138079951,2026-08-31 01:01:19,1788138079978,0,0,0,1,4,901018,1885768425,0,4,0.01,0.0,4436.52,0.0,0.0,4436.52,0.0,XAUUSD,[sl 4436.52],
1888785049,2026-08-31 01:01:19,1788138079951,2026-08-31 01:01:19,1788138079980,0,0,0,1,4,901018,1885768436,0,4,0.01,0.0,4436.52,0.0,0.0,4436.52,0.0,XAUUSD,[sl 4436.52],
1888785052,2026-08-31 01:01:19,1788138079952,2026-08-31 01:01:19,1788138079981,0,0,0,1,4,901018,1885768451,0,4,0.01,0.0,4436.52,0.0,0.0,4436.52,0.0,XAUUSD,[sl 4436.52],
1888785055,2026-08-31 01:01:19,1788138079952,2026-08-31 01:01:19,1788138079984,0,0,0,1,4,901018,1885768571,0,4,0.01,0.0,4436.52,0.0,0.0,4436.52,0.0,XAUUSD,[sl 4436.52],
1888786583,2026-08-31 01:01:22,1788138082069,2026-08-31 01:01:22,1788138082089,0,0,0,1,4,901018,1885768637,0,4,0.01,0.0,4438.0,0.0,0.0,4438.0,0.0,XAUUSD,[sl 4438.00],
1888786585,2026-08-31 01:01:22,1788138082071,2026-08-31 01:01:22,1788138082090,0,0,0,1,4,901018,1885768655,0,4,0.01,0.0,4438.0,0.0,0.0,4438.0,0.0,XAUUSD,[sl 4438.00],
1888788773,2026-08-31 01:01:27,1788138087786,2026-08-31 02:49:25,1788144565203,0,5,0,2,4,901018,1888788773,0,3,0.01,0.0,4438.0,0.0,0.0,4437.98,0.0,XAUUSD,STR S11,
1888789750,2026-08-31 01:01:38,1788138098076,2026-08-31 01:03:00,1788138180672,0,5,0,2,4,901018,1888789750,0,3,0.01,0.0,4439.48,0.0,0.0,4439.51,0.0,XAUUSD,STR S10,
1888792440,2026-08-31 01:01:44,1788138104697,2026-08-31 01:01:48,1788138108974,0,5,0,2,4,901018,1888792440,0,3,0.01,0.0,4440.96,0.0,0.0,4440.71,0.0,XAUUSD,STR S9,
1888797651,2026-08-31 01:02:04,1788138124159,2026-08-31 01:02:25,1788138145523,0,5,0,2,4,901018,1888797651,0,3,0.01,0.0,4442.44,0.0,0.0,4442.19,0.0,XAUUSD,STR S8,
1888799695,2026-08-31 01:02:08,1788138128580,2026-08-31 01:02:19,1788138139800,0,5,0,2,4,901018,1888799695,0,3,0.01,0.0,4443.92,0.0,0.0,4443.72,0.0,XAUUSD,STR S7,
1888801057,2026-08-31 01:02:10,1788138130806,2026-08-31 01:02:12,1788138132596,0,5,0,2,4,901018,1888801057,0,3,0.01,0.0,4445.4,0.0,0.0,4445.47,0.0,XAUUSD,STR S6,
1888815515,2026-08-31 01:03:11,1788138191830,2026-08-31 01:03:11,1788138191840,0,0,0,1,4,901018,1888801057,0,4,0.01,0.0,4441.82,0.0,0.0,4441.82,0.0,XAUUSD,[sl 4441.82],
1888818628,2026-08-31 01:03:23,1788138203966,2026-08-31 01:03:24,1788138204288,0,0,0,1,4,901018,1888799695,0,4,0.01,0.0,4442.97,0.0,0.0,4442.97,0.0,XAUUSD,[sl 4442.97],
1888819763,2026-08-31 01:03:27,1788138207239,2026-08-31 01:03:28,1788138208844,0,5,0,2,4,901018,1888819763,0,3,0.01,0.0,4443.92,0.0,0.0,4443.91,0.0,XAUUSD,STR S7,
1888824367,2026-08-31 01:03:54,1788138234398,2026-08-31 01:04:05,1788138245146,0,5,0,2,4,901018,1888824367,0,3,0.01,0.0,4445.4,0.0,0.0,4445.35,0.0,XAUUSD,STR S6,
1888834369,2026-08-31 01:05:06,1788138306062,2026-08-31 02:43:00,1788144180177,0,5,0,2,4,901018,1888834369,0,3,0.01,0.0,4446.88,0.0,0.0,4446.82,0.0,XAUUSD,STR S5,
1888836778,2026-08-31 01:05:19,1788138319200,2026-08-31 01:05:30,1788138330530,0,5,0,2,4,901018,1888836778,0,3,0.01,0.0,4449.84,0.0,0.0,4449.96,0.0,XAUUSD,STR S3,
1888837381,2026-08-31 01:05:24,1788138324123,2026-08-31 02:41:19,1788144079910,0,5,0,2,4,901018,1888837381,0,3,0.01,0.0,4448.36,0.0,0.0,4448.3,0.0,XAUUSD,STR S4,
1888845192,2026-08-31 01:06:15,1788138375140,2026-08-31 01:07:27,1788138447570,0,5,0,2,4,901018,1888845192,0,3,0.01,0.0,4451.32,0.0,0.0,4451.29,0.0,XAUUSD,STR S2,
1888848214,2026-08-31 01:06:30,1788138390804,2026-08-31 01:06:31,1788138391654,0,5,0,2,4,901018,1888848214,0,3,0.01,0.0,4452.8,0.0,0.0,4452.71,0.0,XAUUSD,STR S1,
1888913768,2026-08-31 01:16:48,1788139008191,2026-08-31 01:16:48,1788139008204,0,1,0,1,4,901018,1885768310,0,4,0.01,0.0,4456.57,0.0,0.0,4456.57,0.0,XAUUSD,[sl 4456.57],
1888941911,2026-08-31 01:20:41,1788139241933,2026-08-31 01:20:41,1788139241935,0,1,0,1,4,901018,1885768324,0,4,0.01,0.0,4462.26,0.0,0.0,4462.26,0.0,XAUUSD,[sl 4462.26],
1888941913,2026-08-31 01:20:41,1788139241934,2026-08-31 01:20:41,1788139241938,0,1,0,1,4,901018,1885768348,0,4,0.01,0.0,4462.26,0.0,0.0,4462.26,0.0,XAUUSD,[sl 4462.26],
1888945864,2026-08-31 01:21:13,1788139273703,2026-08-31 01:21:13,1788139273821,0,1,0,1,4,901018,1885768378,0,4,0.01,0.0,4460.78,0.0,0.0,4460.78,0.0,XAUUSD,[sl 4460.78],
1888968014,2026-08-31 01:24:43,1788139483633,2026-08-31 01:24:43,1788139483636,0,1,0,1,4,901018,1885768399,0,4,0.01,0.0,4462.99,0.0,0.0,4462.99,0.0,XAUUSD,[sl 4462.99],
1888985386,2026-08-31 01:27:25,1788139645880,2026-08-31 01:38:33,1788140313498,0,4,0,2,4,901018,1888985386,0,3,0.01,0.0,4461.68,0.0,0.0,4461.68,0.0,XAUUSD,STR B5,
1888988517,2026-08-31 01:27:38,1788139658172,2026-08-31 01:27:45,1788139665465,0,4,0,2,4,901018,1888988517,0,3,0.01,0.0,4460.2,0.0,0.0,4460.45,0.0,XAUUSD,STR B4,
1888997282,2026-08-31 01:28:43,1788139723410,2026-08-31 01:28:48,1788139728997,0,4,0,2,4,901018,1888997282,0,3,0.01,0.0,4458.72,0.0,0.0,4458.85,0.0,XAUUSD,STR B3,
1889023357,2026-08-31 01:33:14,1788139994931,2026-08-31 01:38:00,1788140280812,0,4,0,2,4,901018,1889023357,0,3,0.01,0.0,4457.24,0.0,0.0,4457.25,0.0,XAUUSD,STR B2,
1889027646,2026-08-31 01:33:52,1788140032363,2026-08-31 01:34:18,1788140058271,0,4,0,2,4,901018,1889027646,0,3,0.01,0.0,4455.76,0.0,0.0,4455.87,0.0,XAUUSD,STR B1,
1889069370,2026-08-31 01:39:46,1788140386265,2026-08-31 01:39:46,1788140386338,0,1,0,1,4,901018,1889027646,0,4,0.01,0.0,4460.03,0.0,0.0,4460.03,0.0,XAUUSD,[sl 4460.03],
1889086051,2026-08-31 01:43:03,1788140583534,2026-08-31 01:43:03,1788140583546,0,1,0,1,4,901018,1889023357,0,4,0.01,0.0,4460.94,0.0,0.0,4460.94,0.0,XAUUSD,[sl 4460.94],
1889089584,2026-08-31 01:43:48,1788140628005,2026-08-31 01:43:48,1788140628228,0,1,0,1,4,901018,1888997282,0,4,0.01,0.0,4459.46,0.0,0.0,4459.46,0.0,XAUUSD,[sl 4459.46],
1889093813,2026-08-31 01:44:32,1788140672580,2026-08-31 01:45:49,1788140749675,0,4,0,2,4,901018,1889093813,0,3,0.01,0.0,4458.72,0.0,0.0,4458.72,0.0,XAUUSD,STR B3,
1889195275,2026-08-31 02:07:12,1788142032963,2026-08-31 02:07:12,1788142032974,0,1,0,1,4,901018,1888988517,0,4,0.01,0.0,4464.55,0.0,0.0,4464.55,0.0,XAUUSD,[sl 4464.55],
1889195276,2026-08-31 02:07:12,1788142032964,2026-08-31 02:07:12,1788142032977,0,1,0,1,4,901018,1889093813,0,4,0.01,0.0,4464.55,0.0,0.0,4464.55,0.0,XAUUSD,[sl 4464.55],
1889210176,2026-08-31 02:09:50,1788142190494,2026-08-31 02:09:50,1788142190505,0,1,0,1,4,901018,1888985386,0,4,0.01,0.0,4465.33,0.0,0.0,4465.33,0.0,XAUUSD,[sl 4465.33],
1889222358,2026-08-31 02:12:37,1788142357985,2026-08-31 02:12:37,1788142357991,0,1,0,1,4,901018,1885768418,0,4,0.01,0.0,4463.85,0.0,0.0,4463.85,0.0,XAUUSD,[sl 4463.85],
1889229378,2026-08-31 02:13:49,1788142429576,2026-08-31 02:18:09,1788142689352,0,4,0,2,4,901018,1889229378,0,3,0.01,0.0,4463.16,0.0,0.0,4463.66,0.0,XAUUSD,STR B6,
1889231629,2026-08-31 02:13:55,1788142435536,2026-08-31 02:16:23,1788142583342,0,4,0,2,4,901018,1889231629,0,3,0.01,0.0,4461.68,0.0,0.0,4462.02,0.0,XAUUSD,STR B5,
1889277843,2026-08-31 02:23:03,1788142983820,2026-08-31 02:23:05,1788142985350,0,1,0,1,4,901018,1889231629,0,4,0.01,0.0,4462.18,0.0,0.0,4462.18,0.0,XAUUSD,[sl 4462.18],
1889279177,2026-08-31 02:23:10,1788142990858,2026-08-31 02:23:36,1788143016204,0,4,0,2,4,901018,1889279177,0,3,0.01,0.0,4461.68,0.0,0.0,4462.3,0.0,XAUUSD,STR B5,
1889293964,2026-08-31 02:24:51,1788143091302,2026-08-31 02:59:10,1788145150114,0,4,0,2,4,901018,1889293964,0,3,0.01,0.0,4460.2,0.0,0.0,4460.65,0.0,XAUUSD,STR B4,
1889302336,2026-08-31 02:25:45,1788143145620,2026-08-31 02:26:00,1788143160374,0,4,0,2,4,901018,1889302336,0,3,0.01,0.0,4458.72,0.0,0.0,4458.73,0.0,XAUUSD,STR B3,
1889310181,2026-08-31 02:27:09,1788143229259,2026-08-31 02:27:10,1788143230048,0,4,0,2,4,901018,1889310181,0,3,0.01,0.0,4457.24,0.0,0.0,4457.32,0.0,XAUUSD,STR B2,
1889334069,2026-08-31 02:30:11,1788143411405,2026-08-31 02:33:00,1788143580714,0,4,0,2,4,901018,1889334069,0,3,0.01,0.0,4455.76,0.0,0.0,4455.76,0.0,XAUUSD,STR B1,
1889434347,2026-08-31 02:42:10,1788144130923,2026-08-31 02:42:10,1788144130958,0,0,0,1,4,901018,1888848214,0,4,0.01,0.0,4448.74,0.0,0.0,4448.74,0.0,XAUUSD,[sl 4448.74],
1889443294,2026-08-31 02:43:35,1788144215624,2026-08-31 02:43:35,1788144215633,0,0,0,1,4,901018,1888845192,0,4,0.01,0.0,4448.31,0.0,0.0,4448.31,0.0,XAUUSD,[sl 4448.31],
1889469033,2026-08-31 02:45:47,1788144347622,2026-08-31 02:45:47,1788144347632,0,0,0,1,4,901018,1888834369,0,4,0.01,0.0,4443.84,0.0,0.0,4443.84,0.0,XAUUSD,[sl 4443.84],
1889469034,2026-08-31 02:45:47,1788144347623,2026-08-31 02:45:47,1788144347632,0,0,0,1,4,901018,1888836778,0,4,0.01,0.0,4443.84,0.0,0.0,4443.84,0.0,XAUUSD,[sl 4443.84],
1889469035,2026-08-31 02:45:47,1788144347623,2026-08-31 02:45:47,1788144347635,0,0,0,1,4,901018,1888837381,0,4,0.01,0.0,4443.84,0.0,0.0,4443.84,0.0,XAUUSD,[sl 4443.84],
1889474075,2026-08-31 02:46:08,1788144368843,2026-08-31 02:46:08,1788144368897,0,0,0,1,4,901018,1888824367,0,4,0.01,0.0,4445.32,0.0,0.0,4445.32,0.0,XAUUSD,[sl 4445.32],
1889476431,2026-08-31 02:46:19,1788144379857,2026-08-31 02:46:22,1788144382419,0,5,0,2,4,901018,1889476431,0,3,0.01,0.0,4445.4,0.0,0.0,4445.06,0.0,XAUUSD,STR S6,
1889507238,2026-08-31 02:48:43,1788144523262,2026-08-31 02:48:43,1788144523319,0,0,0,1,4,901018,1888819763,0,4,0.01,0.0,4439.99,0.0,0.0,4439.99,0.0,XAUUSD,[sl 4439.99],
1889507239,2026-08-31 02:48:43,1788144523263,2026-08-31 02:48:43,1788144523370,0,0,0,1,4,901018,1889476431,0,4,0.01,0.0,4439.99,0.0,0.0,4439.99,0.0,XAUUSD,[sl 4439.99],
1889507673,2026-08-31 02:48:45,1788144525337,2026-08-31 02:48:47,1788144527156,0,0,0,1,4,901018,1888797651,0,4,0.01,0.0,4441.47,0.0,0.0,4441.47,0.0,XAUUSD,[sl 4441.47],
1889520344,2026-08-31 02:49:40,1788144580113,2026-08-31 02:49:40,1788144580148,0,0,0,1,4,901018,1888792440,0,4,0.01,0.0,4437.62,0.0,0.0,4437.62,0.0,XAUUSD,[sl 4437.62],
1889523719,2026-08-31 02:49:55,1788144595801,2026-08-31 02:49:55,1788144595806,0,0,0,1,4,901018,1888789750,0,4,0.01,0.0,4439.1,0.0,0.0,4439.1,0.0,XAUUSD,[sl 4439.10],
1889525459,2026-08-31 02:50:00,1788144600693,2026-08-31 03:24:14,1788146654756,0,5,0,2,2,901018,0,0,3,0.01,0.01,4439.48,0.0,0.0,4457.37,0.0,XAUUSD,STR S10,
1889528142,2026-08-31 02:50:07,1788144607976,2026-08-31 03:24:14,1788146654735,0,5,0,2,2,901018,0,0,3,0.01,0.01,4440.96,0.0,0.0,4457.37,0.0,XAUUSD,STR S9,
1889530536,2026-08-31 02:50:11,1788144611371,2026-08-31 02:51:08,1788144668189,0,5,0,2,4,901018,1889530536,0,3,0.01,0.0,4442.44,0.0,0.0,4442.22,0.0,XAUUSD,STR S8,
1889532923,2026-08-31 02:50:15,1788144615721,2026-08-31 02:50:17,1788144617195,0,5,0,2,4,901018,1889532923,0,3,0.01,0.0,4443.92,0.0,0.0,4443.9,0.0,XAUUSD,STR S7,
1889551728,2026-08-31 02:51:36,1788144696211,2026-08-31 02:51:38,1788144698348,0,5,0,2,4,901018,1889551728,0,3,0.01,0.0,4445.4,0.0,0.0,4445.37,0.0,XAUUSD,STR S6,
1889572739,2026-08-31 02:54:04,1788144844789,2026-08-31 02:54:05,1788144845361,0,5,0,2,4,901018,1889572739,0,3,0.01,0.0,4446.88,0.0,0.0,4446.39,0.0,XAUUSD,STR S5,
1889582286,2026-08-31 02:55:09,1788144909013,2026-08-31 03:24:14,1788146654629,0,5,0,2,2,901018,0,0,3,0.01,0.01,4448.36,0.0,0.0,4457.41,0.0,XAUUSD,STR S4,
1889583233,2026-08-31 02:55:09,1788144909850,2026-08-31 02:55:19,1788144919554,0,5,0,2,4,901018,1889583233,0,3,0.01,0.0,4449.84,0.0,0.0,4449.84,0.0,XAUUSD,STR S3,
1889594770,2026-08-31 02:56:12,1788144972349,2026-08-31 02:56:17,1788144977240,0,5,0,2,4,901018,1889594770,0,3,0.01,0.0,4451.32,0.0,0.0,4451.31,0.0,XAUUSD,STR S2,
1889599096,2026-08-31 02:56:30,1788144990675,2026-08-31 03:24:13,1788146653630,0,5,0,2,2,901018,0,0,3,0.01,0.01,4452.8,0.0,0.0,4457.44,0.0,XAUUSD,STR S1,
1889637561,2026-08-31 03:00:08,1788145208396,2026-08-31 03:00:08,1788145208414,0,1,0,1,4,901018,1889334069,0,4,0.01,0.0,4458.76,0.0,0.0,4458.76,0.0,XAUUSD,[sl 4458.76],
1889637933,2026-08-31 03:00:08,1788145208641,2026-08-31 03:00:08,1788145208724,0,1,0,1,4,901018,1889310181,0,4,0.01,0.0,4457.28,0.0,0.0,4457.28,0.0,XAUUSD,[sl 4457.28],
1889642721,2026-08-31 03:00:21,1788145221448,2026-08-31 03:00:29,1788145229190,0,4,0,2,4,901018,1889642721,0,3,0.01,0.0,4457.24,0.0,0.0,4457.76,0.0,XAUUSD,STR B2,
1889656331,2026-08-31 03:01:12,1788145272891,2026-08-31 03:01:12,1788145272893,0,1,0,1,4,901018,1889642721,0,4,0.01,0.0,4460.49,0.0,0.0,4460.49,0.0,XAUUSD,[sl 4460.49],
1889660978,2026-08-31 03:01:32,1788145292381,2026-08-31 03:01:32,1788145292384,0,1,0,1,4,901018,1889302336,0,4,0.01,0.0,4459.01,0.0,0.0,4459.01,0.0,XAUUSD,[sl 4459.01],
1889661949,2026-08-31 03:01:35,1788145295394,2026-08-31 03:01:36,1788145296527,0,4,0,2,4,901018,1889661949,0,3,0.01,0.0,4458.72,0.0,0.0,4458.87,0.0,XAUUSD,STR B3,
1889670963,2026-08-31 03:02:21,1788145341772,2026-08-31 03:02:30,1788145350363,0,4,0,2,4,901018,1889670963,0,3,0.01,0.0,4457.24,0.0,0.0,4457.25,0.0,XAUUSD,STR B2,
1889679208,2026-08-31 03:03:03,1788145383017,2026-08-31 03:03:09,1788145389339,0,4,0,2,4,901018,1889679208,0,3,0.01,0.0,4455.76,0.0,0.0,4455.78,0.0,XAUUSD,STR B1,
1889737526,2026-08-31 03:08:28,1788145708776,2026-08-31 03:08:29,1788145709196,0,1,0,1,4,901018,1889679208,0,4,0.01,0.0,4456.88,0.0,0.0,4456.88,0.0,XAUUSD,[sl 4456.88],
1889768244,2026-08-31 03:12:14,1788145934998,2026-08-31 03:12:16,1788145936337,0,4,0,2,4,901018,1889768244,0,3,0.01,0.0,4455.76,0.0,0.0,4455.76,0.0,XAUUSD,STR B1,
1889793215,2026-08-31 03:14:59,1788146099596,2026-08-31 03:14:59,1788146099598,0,1,0,1,4,901018,1889661949,0,4,0.01,0.0,4461.94,0.0,0.0,4461.94,0.0,XAUUSD,[sl 4461.94],
1889793217,2026-08-31 03:14:59,1788146099597,2026-08-31 03:14:59,1788146099600,0,1,0,1,4,901018,1889670963,0,4,0.01,0.0,4461.94,0.0,0.0,4461.94,0.0,XAUUSD,[sl 4461.94],
1889793219,2026-08-31 03:14:59,1788146099597,2026-08-31 03:14:59,1788146099601,0,1,0,1,4,901018,1889768244,0,4,0.01,0.0,4461.94,0.0,0.0,4461.94,0.0,XAUUSD,[sl 4461.94],
1889807790,2026-08-31 03:16:30,1788146190413,2026-08-31 03:16:30,1788146190421,0,1,0,1,4,901018,1889293964,0,4,0.01,0.0,4463.59,0.0,0.0,4463.59,0.0,XAUUSD,[sl 4463.59],
1889810558,2026-08-31 03:16:44,1788146204407,2026-08-31 03:16:44,1788146204475,0,1,0,1,4,901018,1889279177,0,4,0.01,0.0,4462.11,0.0,0.0,4462.11,0.0,XAUUSD,[sl 4462.11],
1889818294,2026-08-31 03:17:45,1788146265434,2026-08-31 03:17:47,1788146267819,0,4,0,2,4,901018,1889818294,0,3,0.01,0.0,4461.68,0.0,0.0,4461.72,0.0,XAUUSD,STR B5,
1889819799,2026-08-31 03:17:49,1788146269128,2026-08-31 03:17:54,1788146274779,0,4,0,2,4,901018,1889819799,0,3,0.01,0.0,4460.2,0.0,0.0,4460.29,0.0,XAUUSD,STR B4,
1889843521,2026-08-31 03:21:37,1788146497345,2026-08-31 03:21:38,1788146498444,0,4,0,2,4,901018,1889843521,0,3,0.01,0.0,4458.72,0.0,0.0,4458.75,0.0,XAUUSD,STR B3,
1889857131,2026-08-31 03:24:18,1788146658655,2026-08-31 03:24:18,1788146658656,0,1,0,1,4,901018,1889843521,0,3,0.01,0.0,0.0,0.0,0.0,4457.37,0.0,XAUUSD,STR CLOSE,
1889857133,2026-08-31 03:24:18,1788146658743,2026-08-31 03:24:18,1788146658744,0,1,0,1,4,901018,1889819799,0,3,0.01,0.0,0.0,0.0,0.0,4457.37,0.0,XAUUSD,STR CLOSE,
1889857138,2026-08-31 03:24:18,1788146658848,2026-08-31 03:24:18,1788146658848,0,1,0,1,4,901018,1889818294,0,3,0.01,0.0,0.0,0.0,0.0,4457.37,0.0,XAUUSD,STR CLOSE,
1889857144,2026-08-31 03:24:18,1788146658942,2026-08-31 03:24:18,1788146658942,0,0,0,1,4,901018,1889594770,0,3,0.01,0.0,0.0,0.0,0.0,4457.66,0.0,XAUUSD,STR CLOSE,
1889857151,2026-08-31 03:24:19,1788146659044,2026-08-31 03:24:19,1788146659045,0,0,0,1,4,901018,1889583233,0,3,0.01,0.0,0.0,0.0,0.0,4457.66,0.0,XAUUSD,STR CLOSE,
1889857153,2026-08-31 03:24:19,1788146659142,2026-08-31 03:24:19,1788146659143,0,0,0,1,4,901018,1889572739,0,3,0.01,0.0,0.0,0.0,0.0,4457.66,0.0,XAUUSD,STR CLOSE,
1889857158,2026-08-31 03:24:19,1788146659242,2026-08-31 03:24:19,1788146659242,0,0,0,1,4,901018,1889551728,0,3,0.01,0.0,0.0,0.0,0.0,4457.66,0.0,XAUUSD,STR CLOSE,
1889857162,2026-08-31 03:24:19,1788146659343,2026-08-31 03:24:19,1788146659343,0,0,0,1,4,901018,1889532923,0,3,0.01,0.0,0.0,0.0,0.0,4457.73,0.0,XAUUSD,STR CLOSE,
1889857167,2026-08-31 03:24:19,1788146659441,2026-08-31 03:24:19,1788146659442,0,0,0,1,4,901018,1889530536,0,3,0.01,0.0,0.0,0.0,0.0,4457.72,0.0,XAUUSD,STR CLOSE,
1889857175,2026-08-31 03:24:19,1788146659543,2026-08-31 03:24:19,1788146659543,0,1,0,1,4,901018,1889229378,0,3,0.01,0.0,0.0,0.0,0.0,4457.35,0.0,XAUUSD,STR CLOSE,
1889857182,2026-08-31 03:24:19,1788146659641,2026-08-31 03:24:19,1788146659642,0,0,0,1,4,901018,1888788773,0,3,0.01,0.0,0.0,0.0,0.0,4457.67,0.0,XAUUSD,STR CLOSE,
1889857187,2026-08-31 03:24:19,1788146659742,2026-08-31 03:24:19,1788146659742,0,0,0,1,4,901018,1885768699,0,3,0.01,0.0,0.0,0.0,0.0,4457.61,0.0,XAUUSD,STR CLOSE,
1889857193,2026-08-31 03:24:19,1788146659843,2026-08-31 03:24:19,1788146659843,0,0,0,1,4,901018,1885768682,0,3,0.01,0.0,0.0,0.0,0.0,4457.61,0.0,XAUUSD,STR CLOSE,
1889857197,2026-08-31 03:24:19,1788146659942,2026-08-31 03:24:19,1788146659942,0,1,0,1,4,901018,1885768442,0,3,0.01,0.0,0.0,0.0,0.0,4457.33,0.0,XAUUSD,STR CLOSE,
1889857207,2026-08-31 03:24:20,1788146660045,2026-08-31 03:24:20,1788146660046,0,1,0,1,4,901018,1885768430,0,3,0.01,0.0,0.0,0.0,0.0,4457.35,0.0,XAUUSD,STR CLOSE,
1889857286,2026-08-31 03:24:21,1788146661135,2026-08-31 03:30:04,1788147004346,0,4,0,2,4,901018,1889857286,0,3,0.01,0.0,4459.0,0.0,0.0,4459.19,0.0,XAUUSD,STR B1,
1889857290,2026-08-31 03:24:21,1788146661173,2026-08-31 03:26:09,1788146769496,0,5,0,2,4,901018,1889857290,0,3,0.01,0.0,4456.02,0.0,0.0,4455.92,0.0,XAUUSD,STR S1,
1889857309,2026-08-31 03:24:21,1788146661245,2026-08-31 03:30:08,1788147008954,0,4,0,2,4,901018,1889857309,0,3,0.01,0.0,4460.49,0.0,0.0,4460.66,0.0,XAUUSD,STR B2,
1889857317,2026-08-31 03:24:21,1788146661342,2026-08-31 03:26:21,1788146781543,0,5,0,2,4,901018,1889857317,0,3,0.01,0.0,4454.53,0.0,0.0,4454.5,0.0,XAUUSD,STR S2,
1889857364,2026-08-31 03:24:21,1788146661444,2026-08-31 03:30:31,1788147031886,0,4,0,2,4,901018,1889857364,0,3,0.01,0.0,4461.98,0.0,0.0,4462.07,0.0,XAUUSD,STR B3,
1889857372,2026-08-31 03:24:21,1788146661542,2026-08-31 03:28:26,1788146906215,0,5,0,2,4,901018,1889857372,0,3,0.01,0.0,4453.04,0.0,0.0,4452.94,0.0,XAUUSD,STR S3,
1889857377,2026-08-31 03:24:21,1788146661644,2026-08-31 03:31:20,1788147080806,0,4,0,2,4,901018,1889857377,0,3,0.01,0.0,4463.47,0.0,0.0,4463.52,0.0,XAUUSD,STR B4,
1889857382,2026-08-31 03:24:21,1788146661744,2026-08-31 04:00:12,1788148812181,0,5,0,2,4,901018,1889857382,0,3,0.01,0.0,4451.55,0.0,0.0,4451.54,0.0,XAUUSD,STR S4,
1889857387,2026-08-31 03:24:21,1788146661843,2026-08-31 03:32:40,1788147160448,0,4,0,2,4,901018,1889857387,0,3,0.01,0.0,4464.96,0.0,0.0,4465.11,0.0,XAUUSD,STR B5,
1889857391,2026-08-31 03:24:21,1788146661969,2026-08-31 04:00:20,1788148820560,0,5,0,2,4,901018,1889857391,0,3,0.01,0.0,4450.06,0.0,0.0,4450.96,0.0,XAUUSD,STR S5,
1889857394,2026-08-31 03:24:22,1788146662045,2026-08-31 03:35:24,1788147324571,0,4,0,2,4,901018,1889857394,0,3,0.01,0.0,4466.45,0.0,0.0,4466.45,0.0,XAUUSD,STR B6,
1889857397,2026-08-31 03:24:22,1788146662144,2026-08-31 04:00:27,1788148827631,0,5,0,2,4,901018,1889857397,0,3,0.01,0.0,4448.57,0.0,0.0,4448.66,0.0,XAUUSD,STR S6,
1889857403,2026-08-31 03:24:22,1788146662243,2026-08-31 03:36:42,1788147402863,0,4,0,2,4,901018,1889857403,0,3,0.01,0.0,4467.94,0.0,0.0,4468.57,0.0,XAUUSD,STR B7,
1889857405,2026-08-31 03:24:22,1788146662342,2026-08-31 04:00:37,1788148837697,0,5,0,2,4,901018,1889857405,0,3,0.01,0.0,4447.08,0.0,0.0,4447.08,0.0,XAUUSD,STR S7,
1889857415,2026-08-31 03:24:22,1788146662443,2026-08-31 03:38:02,1788147482303,0,4,0,2,4,901018,1889857415,0,3,0.01,0.0,4469.43,0.0,0.0,4469.46,0.0,XAUUSD,STR B8,
1889857419,2026-08-31 03:24:22,1788146662543,2026-08-31 04:00:49,1788148849609,0,5,0,2,4,901018,1889857419,0,3,0.01,0.0,4445.59,0.0,0.0,4445.27,0.0,XAUUSD,STR S8,
1889857422,2026-08-31 03:24:22,1788146662642,2026-08-31 03:40:02,1788147602327,0,4,0,2,4,901018,1889857422,0,3,0.01,0.0,4470.92,0.0,0.0,4470.88,0.0,XAUUSD,STR B9,
1889857426,2026-08-31 03:24:22,1788146662744,2026-08-31 04:01:06,1788148866081,0,5,0,2,4,901018,1889857426,0,3,0.01,0.0,4444.1,0.0,0.0,4444.08,0.0,XAUUSD,STR S9,
1889857429,2026-08-31 03:24:22,1788146662843,2026-08-31 05:03:53,1788152633729,0,4,0,2,2,901018,0,0,3,0.01,0.01,4472.41,0.0,0.0,4421.33,0.0,XAUUSD,STR B10,
1889857435,2026-08-31 03:24:22,1788146662942,2026-08-31 04:01:10,1788148870819,0,5,0,2,4,901018,1889857435,0,3,0.01,0.0,4442.61,0.0,0.0,4442.46,0.0,XAUUSD,STR S10,
1889857438,2026-08-31 03:24:23,1788146663048,2026-08-31 05:03:53,1788152633653,0,4,0,2,2,901018,0,0,3,0.01,0.01,4473.9,0.0,0.0,4421.48,0.0,XAUUSD,STR B11,
1889857442,2026-08-31 03:24:23,1788146663143,2026-08-31 04:01:13,1788148873146,0,5,0,2,4,901018,1889857442,0,3,0.01,0.0,4441.12,0.0,0.0,4441.1,0.0,XAUUSD,STR S11,
1889857444,2026-08-31 03:24:23,1788146663247,2026-08-31 05:03:53,1788152633547,0,4,0,2,2,901018,0,0,3,0.01,0.01,4475.39,0.0,0.0,4421.57,0.0,XAUUSD,STR B12,
1889857449,2026-08-31 03:24:23,1788146663344,2026-08-31 04:01:14,1788148874479,0,5,0,2,4,901018,1889857449,0,3,0.01,0.0,4439.63,0.0,0.0,4439.65,0.0,XAUUSD,STR S12,
1889857456,2026-08-31 03:24:23,1788146663445,2026-08-31 05:03:53,1788152633424,0,4,0,2,2,901018,0,0,3,0.01,0.01,4476.88,0.0,0.0,4421.48,0.0,XAUUSD,STR B13,
1889857460,2026-08-31 03:24:23,1788146663542,2026-08-31 04:01:17,1788148877093,0,5,0,2,4,901018,1889857460,0,3,0.01,0.0,4438.14,0.0,0.0,4438.07,0.0,XAUUSD,STR S13,
1889857464,2026-08-31 03:24:23,1788146663644,2026-08-31 05:03:53,1788152633292,0,4,0,2,2,901018,0,0,3,0.01,0.01,4478.37,0.0,0.0,4421.18,0.0,XAUUSD,STR B14,
1889857466,2026-08-31 03:24:23,1788146663742,2026-08-31 04:11:34,1788149494425,0,5,0,2,4,901018,1889857466,0,3,0.01,0.0,4436.65,0.0,0.0,4436.55,0.0,XAUUSD,STR S14,
1889857471,2026-08-31 03:24:23,1788146663842,2026-08-31 05:03:53,1788152633200,0,4,0,2,2,901018,0,0,3,0.01,0.01,4479.86,0.0,0.0,4420.9,0.0,XAUUSD,STR B15,
1889857473,2026-08-31 03:24:23,1788146663944,2026-08-31 05:00:50,1788152450430,0,5,0,2,4,901018,1889857473,0,3,0.01,0.0,4435.16,0.0,0.0,4434.92,0.0,XAUUSD,STR S15,
1889857496,2026-08-31 03:24:24,1788146664042,2026-08-31 05:03:53,1788152633118,0,4,0,2,2,901018,0,0,3,0.03,0.03,4481.35,0.0,0.0,4420.53,0.0,XAUUSD,STR B16,
1889857506,2026-08-31 03:24:24,1788146664141,2026-08-31 05:00:55,1788152455783,0,5,0,2,4,901018,1889857506,0,3,0.03,0.0,4433.67,0.0,0.0,4433.65,0.0,XAUUSD,STR S16,
1889857524,2026-08-31 03:24:24,1788146664243,2026-08-31 05:03:52,1788152632994,0,4,0,2,2,901018,0,0,3,0.03,0.03,4482.84,0.0,0.0,4420.67,0.0,XAUUSD,STR B17,
1889857535,2026-08-31 03:24:24,1788146664343,2026-08-31 05:01:38,1788152498037,0,5,0,2,4,901018,1889857535,0,3,0.03,0.0,4432.18,0.0,0.0,4432.13,0.0,XAUUSD,STR S17,
1889857547,2026-08-31 03:24:24,1788146664445,2026-08-31 05:03:52,1788152632929,0,4,0,2,2,901018,0,0,3,0.03,0.03,4484.33,0.0,0.0,4420.6,0.0,XAUUSD,STR B18,
1889857558,2026-08-31 03:24:24,1788146664541,2026-08-31 05:02:14,1788152534583,0,5,0,2,4,901018,1889857558,0,3,0.03,0.0,4430.69,0.0,0.0,4428.65,0.0,XAUUSD,STR S18,
1889857561,2026-08-31 03:24:24,1788146664655,2026-08-31 05:03:52,1788152632818,0,4,0,2,2,901018,0,0,3,0.03,0.03,4485.82,0.0,0.0,4420.15,0.0,XAUUSD,STR B19,
1889857565,2026-08-31 03:24:24,1788146664749,2026-08-31 05:02:15,1788152535210,0,5,0,2,4,901018,1889857565,0,3,0.03,0.0,4429.2,0.0,0.0,4429.14,0.0,XAUUSD,STR S19,
1889857568,2026-08-31 03:24:24,1788146664845,2026-08-31 05:03:52,1788152632735,0,4,0,2,2,901018,0,0,3,0.03,0.03,4487.31,0.0,0.0,4420.13,0.0,XAUUSD,STR B20,
1889857575,2026-08-31 03:24:24,1788146664942,2026-08-31 05:03:10,1788152590411,0,5,0,2,4,901018,1889857575,0,3,0.03,0.0,4427.71,0.0,0.0,4427.37,0.0,XAUUSD,STR S20,
1889857582,2026-08-31 03:24:25,1788146665043,2026-08-31 05:03:52,1788152632638,0,4,0,2,2,901018,0,0,3,0.03,0.03,4488.8,0.0,0.0,4420.21,0.0,XAUUSD,STR B21,
1889857590,2026-08-31 03:24:25,1788146665142,2026-08-31 05:03:11,1788152591208,0,5,0,2,4,901018,1889857590,0,3,0.03,0.0,4426.22,0.0,0.0,4426.05,0.0,XAUUSD,STR S21,
1889857600,2026-08-31 03:24:25,1788146665251,2026-08-31 05:03:52,1788152632517,0,4,0,2,2,901018,0,0,3,0.03,0.03,4490.29,0.0,0.0,4420.11,0.0,XAUUSD,STR B22,
1889857608,2026-08-31 03:24:25,1788146665346,2026-08-31 05:03:19,1788152599546,0,5,0,2,4,901018,1889857608,0,3,0.03,0.0,4424.73,0.0,0.0,4422.78,0.0,XAUUSD,STR S22,
1889857614,2026-08-31 03:24:25,1788146665443,2026-08-31 05:03:52,1788152632416,0,4,0,2,2,901018,0,0,3,0.03,0.03,4491.78,0.0,0.0,4420.1,0.0,XAUUSD,STR B23,
1889857621,2026-08-31 03:24:25,1788146665541,2026-08-31 05:03:19,1788152599577,0,5,0,2,4,901018,1889857621,0,3,0.03,0.0,4423.24,0.0,0.0,4422.78,0.0,XAUUSD,STR S23,
1889857629,2026-08-31 03:24:25,1788146665643,2026-08-31 05:03:52,1788152632338,0,4,0,2,2,901018,0,0,3,0.03,0.03,4493.27,0.0,0.0,4420.11,0.0,XAUUSD,STR B24,
1889857632,2026-08-31 03:24:25,1788146665743,2026-08-31 05:03:42,1788152622271,0,5,0,2,4,901018,1889857632,0,3,0.03,0.0,4421.75,0.0,0.0,4418.75,0.0,XAUUSD,STR S24,
1889857636,2026-08-31 03:24:25,1788146665843,2026-08-31 05:03:52,1788152632247,0,4,0,2,2,901018,0,0,3,0.03,0.03,4494.76,0.0,0.0,4420.09,0.0,XAUUSD,STR B25,
1889857640,2026-08-31 03:24:25,1788146665948,2026-08-31 05:03:42,1788152622275,0,5,0,2,4,901018,1889857640,0,3,0.03,0.0,4420.26,0.0,0.0,4418.75,0.0,XAUUSD,STR S25,
1889857656,2026-08-31 03:24:26,1788146666044,2026-08-31 05:03:52,1788152632176,0,4,0,2,2,901018,0,0,3,0.06,0.06,4496.25,0.0,0.0,4420.13,0.0,XAUUSD,STR B26,
1889857678,2026-08-31 03:24:26,1788146666141,2026-08-31 05:03:42,1788152622387,0,5,0,2,4,901018,1889857678,0,3,0.06,0.0,4418.77,0.0,0.0,4418.81,0.0,XAUUSD,STR S26,
1889857696,2026-08-31 03:24:26,1788146666251,2026-08-31 05:03:52,1788152632044,0,4,0,2,2,901018,0,0,3,0.06,0.06,4497.74,0.0,0.0,4420.1,0.0,XAUUSD,STR B27,
1889857722,2026-08-31 03:24:26,1788146666385,2026-08-31 05:03:51,1788152631976,0,5,0,2,2,901018,0,0,3,0.06,0.06,4417.28,0.0,0.0,4419.73,0.0,XAUUSD,STR S27,
1889857732,2026-08-31 03:24:26,1788146666490,2026-08-31 05:03:51,1788152631922,0,4,0,2,2,901018,0,0,3,0.06,0.06,4499.23,0.0,0.0,4420.01,0.0,XAUUSD,STR B28,
1889857741,2026-08-31 03:24:26,1788146666561,2026-08-31 05:03:51,1788152631803,0,5,0,2,2,901018,0,0,3,0.06,0.06,4415.79,0.0,0.0,4419.69,0.0,XAUUSD,STR S28,
1889857752,2026-08-31 03:24:26,1788146666645,2026-08-31 05:03:51,1788152631729,0,4,0,2,2,901018,0,0,3,0.06,0.06,4500.72,0.0,0.0,4419.89,0.0,XAUUSD,STR B29,
1889857757,2026-08-31 03:24:26,1788146666744,2026-08-31 05:03:51,1788152631579,0,5,0,2,2,901018,0,0,3,0.06,0.06,4414.3,0.0,0.0,4418.82,0.0,XAUUSD,STR S29,
1889857766,2026-08-31 03:24:26,1788146666864,2026-08-31 05:03:50,1788152630865,0,4,0,2,2,901018,0,0,3,0.06,0.06,4502.21,0.0,0.0,4419.46,0.0,XAUUSD,STR B30,
1889857771,2026-08-31 03:24:26,1788146666947,2026-08-31 05:03:46,1788152626979,0,5,0,2,2,901018,0,0,3,0.06,0.06,4412.81,0.0,0.0,4419.67,0.0,XAUUSD,STR S30,
1889894616,2026-08-31 03:29:27,1788146967207,2026-08-31 03:29:27,1788146967212,0,0,0,1,4,901018,1889857290,0,4,0.01,0.0,4455.5,0.0,0.0,4455.5,0.0,XAUUSD,[sl 4455.50],
1889896238,2026-08-31 03:29:40,1788146980943,2026-08-31 04:00:00,1788148800618,0,5,0,2,4,901018,1889896238,0,3,0.01,0.0,4456.02,0.0,0.0,4455.96,0.0,XAUUSD,STR S1,
1889923226,2026-08-31 03:32:15,1788147135917,2026-08-31 03:32:15,1788147135954,0,1,0,1,4,901018,1889857286,0,4,0.01,0.0,4462.46,0.0,0.0,4462.46,0.0,XAUUSD,[sl 4462.46],
1889936987,2026-08-31 03:34:19,1788147259464,2026-08-31 03:34:20,1788147260880,0,1,0,1,4,901018,1889857309,0,4,0.01,0.0,4464.53,0.0,0.0,4464.53,0.0,XAUUSD,[sl 4464.53],
1889937831,2026-08-31 03:34:29,1788147269045,2026-08-31 03:34:29,1788147269860,0,1,0,1,4,901018,1889857364,0,4,0.01,0.0,4463.04,0.0,0.0,4463.04,0.0,XAUUSD,[sl 4463.04],
1889976476,2026-08-31 03:39:06,1788147546665,2026-08-31 03:39:06,1788147546688,0,1,0,1,4,901018,1889857377,0,4,0.01,0.0,4469.11,0.0,0.0,4469.11,0.0,XAUUSD,[sl 4469.11],
1889976477,2026-08-31 03:39:06,1788147546666,2026-08-31 03:39:06,1788147546689,0,1,0,1,4,901018,1889857387,0,4,0.01,0.0,4469.11,0.0,0.0,4469.11,0.0,XAUUSD,[sl 4469.11],
1889990333,2026-08-31 03:40:31,1788147631341,2026-08-31 03:40:31,1788147631350,0,1,0,1,4,901018,1889857394,0,4,0.01,0.0,4470.45,0.0,0.0,4470.45,0.0,XAUUSD,[sl 4470.45],
1889992520,2026-08-31 03:40:42,1788147642774,2026-08-31 03:40:42,1788147642791,0,1,0,1,4,901018,1889857403,0,4,0.01,0.0,4468.96,0.0,0.0,4468.96,0.0,XAUUSD,[sl 4468.96],
1890001505,2026-08-31 03:42:03,1788147723408,2026-08-31 03:42:03,1788147723965,0,4,0,2,4,901018,1890001505,0,3,0.01,0.0,4467.94,0.0,0.0,4468.17,0.0,XAUUSD,STR B7,
1890011535,2026-08-31 03:43:14,1788147794421,2026-08-31 03:45:38,1788147938073,0,4,0,2,4,901018,1890011535,0,3,0.01,0.0,4466.45,0.0,0.0,4466.53,0.0,XAUUSD,STR B6,
1890015062,2026-08-31 03:43:34,1788147814842,2026-08-31 03:43:41,1788147821383,0,4,0,2,4,901018,1890015062,0,3,0.01,0.0,4464.96,0.0,0.0,4464.97,0.0,XAUUSD,STR B5,
1890048805,2026-08-31 03:49:58,1788148198416,2026-08-31 03:49:58,1788148198904,0,1,0,1,4,901018,1890015062,0,4,0.01,0.0,4465.86,0.0,0.0,4465.86,0.0,XAUUSD,[sl 4465.86],
1890052548,2026-08-31 03:50:24,1788148224966,2026-08-31 03:50:27,1788148227140,0,4,0,2,4,901018,1890052548,0,3,0.01,0.0,4464.96,0.0,0.0,4464.98,0.0,XAUUSD,STR B5,
1890061079,2026-08-31 03:51:52,1788148312013,2026-08-31 03:52:00,1788148320462,0,4,0,2,4,901018,1890061079,0,3,0.01,0.0,4463.47,0.0,0.0,4463.51,0.0,XAUUSD,STR B4,
1890086531,2026-08-31 03:56:10,1788148570743,2026-08-31 03:56:15,1788148575044,0,1,0,1,4,901018,1890061079,0,4,0.01,0.0,4464.04,0.0,0.0,4464.04,0.0,XAUUSD,[sl 4464.04],
1890090532,2026-08-31 03:57:25,1788148645471,2026-08-31 03:57:29,1788148649085,0,4,0,2,4,901018,1890090532,0,3,0.01,0.0,4463.47,0.0,0.0,4463.76,0.0,XAUUSD,STR B4,
1890094221,2026-08-31 03:57:36,1788148656732,2026-08-31 04:04:43,1788149083757,0,4,0,2,4,901018,1890094221,0,3,0.01,0.0,4461.98,0.0,0.0,4462.0,0.0,XAUUSD,STR B3,
1890098039,2026-08-31 03:57:53,1788148673031,2026-08-31 03:57:57,1788148677671,0,4,0,2,4,901018,1890098039,0,3,0.01,0.0,4460.49,0.0,0.0,4460.47,0.0,XAUUSD,STR B2,
1890107086,2026-08-31 03:59:03,1788148743943,2026-08-31 03:59:13,1788148753440,0,4,0,2,4,901018,1890107086,0,3,0.01,0.0,4459.0,0.0,0.0,4459.02,0.0,XAUUSD,STR B1,
1890122900,2026-08-31 04:00:07,1788148807309,2026-08-31 04:00:07,1788148807344,0,0,0,1,4,901018,1889896238,0,4,0.01,0.0,4455.73,0.0,0.0,4455.73,0.0,XAUUSD,[sl 4455.73],
1890145112,2026-08-31 04:00:55,1788148855581,2026-08-31 04:00:55,1788148855596,0,0,0,1,4,901018,1889857317,0,4,0.01,0.0,4446.58,0.0,0.0,4446.58,0.0,XAUUSD,[sl 4446.58],
1890145113,2026-08-31 04:00:55,1788148855581,2026-08-31 04:00:55,1788148855599,0,0,0,1,4,901018,1889857372,0,4,0.01,0.0,4446.58,0.0,0.0,4446.58,0.0,XAUUSD,[sl 4446.58],
1890145114,2026-08-31 04:00:55,1788148855581,2026-08-31 04:00:55,1788148855600,0,0,0,1,4,901018,1889857382,0,4,0.01,0.0,4446.58,0.0,0.0,4446.58,0.0,XAUUSD,[sl 4446.58],
1890145115,2026-08-31 04:00:55,1788148855582,2026-08-31 04:00:55,1788148855602,0,0,0,1,4,901018,1889857391,0,4,0.01,0.0,4446.58,0.0,0.0,4446.58,0.0,XAUUSD,[sl 4446.58],
1890149543,2026-08-31 04:01:07,1788148867006,2026-08-31 04:01:07,1788148867007,0,0,0,1,4,901018,1889857397,0,4,0.01,0.0,4444.6,0.0,0.0,4444.6,0.0,XAUUSD,[sl 4444.60],
1890158171,2026-08-31 04:01:20,1788148880420,2026-08-31 04:01:20,1788148880429,0,0,0,1,4,901018,1889857405,0,4,0.01,0.0,4439.8,0.0,0.0,4439.8,0.0,XAUUSD,[sl 4439.80],
1890158173,2026-08-31 04:01:20,1788148880421,2026-08-31 04:01:20,1788148880430,0,0,0,1,4,901018,1889857419,0,4,0.01,0.0,4439.8,0.0,0.0,4439.8,0.0,XAUUSD,[sl 4439.80],
1890158175,2026-08-31 04:01:20,1788148880421,2026-08-31 04:01:20,1788148880431,0,0,0,1,4,901018,1889857426,0,4,0.01,0.0,4439.8,0.0,0.0,4439.8,0.0,XAUUSD,[sl 4439.80],
1890159378,2026-08-31 04:01:22,1788148882302,2026-08-31 04:01:22,1788148882311,0,0,0,1,4,901018,1889857435,0,4,0.01,0.0,4441.29,0.0,0.0,4441.29,0.0,XAUUSD,[sl 4441.29],
1890161789,2026-08-31 04:01:26,1788148886307,2026-08-31 04:08:59,1788149339711,0,5,0,2,4,901018,1890161789,0,3,0.01,0.0,4442.61,0.0,0.0,4442.48,0.0,XAUUSD,STR S10,
1890163137,2026-08-31 04:01:28,1788148888078,2026-08-31 04:01:30,1788148890761,0,5,0,2,4,901018,1890163137,0,3,0.01,0.0,4444.1,0.0,0.0,4443.98,0.0,XAUUSD,STR S9,
1890166381,2026-08-31 04:01:32,1788148892782,2026-08-31 04:07:30,1788149250677,0,5,0,2,4,901018,1890166381,0,3,0.01,0.0,4445.59,0.0,0.0,4445.53,0.0,XAUUSD,STR S8,
1890168328,2026-08-31 04:01:35,1788148895959,2026-08-31 04:07:24,1788149244046,0,5,0,2,4,901018,1890168328,0,3,0.01,0.0,4447.08,0.0,0.0,4447.04,0.0,XAUUSD,STR S7,
1890171587,2026-08-31 04:01:40,1788148900747,2026-08-31 04:07:10,1788149230201,0,5,0,2,4,901018,1890171587,0,3,0.01,0.0,4448.57,0.0,0.0,4448.56,0.0,XAUUSD,STR S6,
1890174148,2026-08-31 04:01:43,1788148903780,2026-08-31 04:01:47,1788148907342,0,5,0,2,4,901018,1890174148,0,3,0.01,0.0,4450.06,0.0,0.0,4450.05,0.0,XAUUSD,STR S5,
1890178940,2026-08-31 04:01:51,1788148911638,2026-08-31 04:02:30,1788148950890,0,5,0,2,4,901018,1890178940,0,3,0.01,0.0,4451.55,0.0,0.0,4451.56,0.0,XAUUSD,STR S4,
1890180771,2026-08-31 04:01:54,1788148914095,2026-08-31 04:01:55,1788148915838,0,5,0,2,4,901018,1890180771,0,3,0.01,0.0,4453.04,0.0,0.0,4453.04,0.0,XAUUSD,STR S3,
1890187546,2026-08-31 04:02:14,1788148934392,2026-08-31 04:02:15,1788148935462,0,5,0,2,4,901018,1890187546,0,3,0.01,0.0,4454.53,0.0,0.0,4454.42,0.0,XAUUSD,STR S2,
1890203897,2026-08-31 04:02:58,1788148978378,2026-08-31 04:02:58,1788148978934,0,5,0,2,4,901018,1890203897,0,3,0.01,0.0,4456.02,0.0,0.0,4455.87,0.0,XAUUSD,STR S1,
1890219174,2026-08-31 04:03:38,1788149018356,2026-08-31 04:03:38,1788149018368,0,0,0,1,4,901018,1890203897,0,4,0.01,0.0,4456.01,0.0,0.0,4456.01,0.0,XAUUSD,[sl 4456.01],
1890219855,2026-08-31 04:03:40,1788149020280,2026-08-31 04:03:41,1788149021791,0,5,0,2,4,901018,1890219855,0,3,0.01,0.0,4456.02,0.0,0.0,4455.57,0.0,XAUUSD,STR S1,
1890247379,2026-08-31 04:05:12,1788149112335,2026-08-31 04:05:12,1788149112358,0,1,0,1,4,901018,1890107086,0,4,0.01,0.0,4460.3,0.0,0.0,4460.3,0.0,XAUUSD,[sl 4460.30],
1890250723,2026-08-31 04:05:18,1788149118003,2026-08-31 05:03:42,1788152622460,0,4,0,2,2,901018,0,0,3,0.01,0.01,4459.0,0.0,0.0,4419.5,0.0,XAUUSD,STR B1,
1890270662,2026-08-31 04:06:16,1788149176469,2026-08-31 04:06:16,1788149176555,0,0,0,1,4,901018,1890219855,0,4,0.01,0.0,4452.17,0.0,0.0,4452.17,0.0,XAUUSD,[sl 4452.17],
1890278530,2026-08-31 04:06:38,1788149198087,2026-08-31 04:06:38,1788149198131,0,0,0,1,4,901018,1890187546,0,4,0.01,0.0,4450.8,0.0,0.0,4450.8,0.0,XAUUSD,[sl 4450.80],
1890281733,2026-08-31 04:06:49,1788149209292,2026-08-31 04:06:49,1788149209304,0,0,0,1,4,901018,1890180771,0,4,0.01,0.0,4452.29,0.0,0.0,4452.29,0.0,XAUUSD,[sl 4452.29],
1890297726,2026-08-31 04:07:37,1788149257765,2026-08-31 04:07:37,1788149257768,0,0,0,1,4,901018,1890171587,0,4,0.01,0.0,4445.18,0.0,0.0,4445.18,0.0,XAUUSD,[sl 4445.18],
1890297728,2026-08-31 04:07:37,1788149257765,2026-08-31 04:07:37,1788149257771,0,0,0,1,4,901018,1890174148,0,4,0.01,0.0,4445.18,0.0,0.0,4445.18,0.0,XAUUSD,[sl 4445.18],
1890297730,2026-08-31 04:07:37,1788149257766,2026-08-31 04:07:37,1788149257772,0,0,0,1,4,901018,1890178940,0,4,0.01,0.0,4445.18,0.0,0.0,4445.18,0.0,XAUUSD,[sl 4445.18],
1890299260,2026-08-31 04:07:41,1788149261171,2026-08-31 04:07:41,1788149261186,0,0,0,1,4,901018,1890168328,0,4,0.01,0.0,4446.67,0.0,0.0,4446.67,0.0,XAUUSD,[sl 4446.67],
1890301111,2026-08-31 04:07:45,1788149265291,2026-08-31 04:07:55,1788149275182,0,5,0,2,4,901018,1890301111,0,3,0.01,0.0,4447.08,0.0,0.0,4447.1,0.0,XAUUSD,STR S7,
1890321229,2026-08-31 04:09:13,1788149353861,2026-08-31 04:09:13,1788149353864,0,0,0,1,4,901018,1890301111,0,4,0.01,0.0,4443.18,0.0,0.0,4443.18,0.0,XAUUSD,[sl 4443.18],
1890331767,2026-08-31 04:10:09,1788149409336,2026-08-31 04:10:14,1788149414469,0,0,0,1,4,901018,1890163137,0,4,0.01,0.0,4440.68,0.0,0.0,4440.68,0.0,XAUUSD,[sl 4440.68],
1890331768,2026-08-31 04:10:09,1788149409336,2026-08-31 04:10:14,1788149414482,0,0,0,1,4,901018,1890166381,0,4,0.01,0.0,4440.68,0.0,0.0,4440.68,0.0,XAUUSD,[sl 4440.68],
1890336694,2026-08-31 04:10:35,1788149435706,2026-08-31 04:10:35,1788149435712,0,0,0,1,4,901018,1890161789,0,4,0.01,0.0,4441.21,0.0,0.0,4441.21,0.0,XAUUSD,[sl 4441.21],
1890337281,2026-08-31 04:10:36,1788149436226,2026-08-31 04:10:36,1788149436229,0,0,0,1,4,901018,1889857442,0,4,0.01,0.0,4441.1,0.0,0.0,4441.1,0.0,XAUUSD,[sl 4441.10],
1890359691,2026-08-31 04:12:20,1788149540682,2026-08-31 04:12:20,1788149540696,0,0,0,1,4,901018,1889857449,0,4,0.01,0.0,4439.23,0.0,0.0,4439.23,0.0,XAUUSD,[sl 4439.23],
1890361433,2026-08-31 04:12:30,1788149550387,2026-08-31 04:12:42,1788149562976,0,5,0,2,4,901018,1890361433,0,3,0.01,0.0,4439.63,0.0,0.0,4438.7,0.0,XAUUSD,STR S12,
1890364745,2026-08-31 04:12:51,1788149571212,2026-08-31 04:12:58,1788149578290,0,5,0,2,4,901018,1890364745,0,3,0.01,0.0,4441.12,0.0,0.0,4441.35,0.0,XAUUSD,STR S11,
1890384339,2026-08-31 04:14:42,1788149682766,2026-08-31 04:14:50,1788149690773,0,5,0,2,4,901018,1890384339,0,3,0.01,0.0,4442.61,0.0,0.0,4443.08,0.0,XAUUSD,STR S10,
1890387473,2026-08-31 04:14:53,1788149693689,2026-08-31 04:14:59,1788149699339,0,5,0,2,4,901018,1890387473,0,3,0.01,0.0,4444.1,0.0,0.0,4444.04,0.0,XAUUSD,STR S9,
1890407173,2026-08-31 04:16:30,1788149790927,2026-08-31 04:16:31,1788149791382,0,5,0,2,4,901018,1890407173,0,3,0.01,0.0,4445.59,0.0,0.0,4445.56,0.0,XAUUSD,STR S8,
1890417888,2026-08-31 04:17:10,1788149830271,2026-08-31 04:17:28,1788149848905,0,5,0,2,4,901018,1890417888,0,3,0.01,0.0,4447.08,0.0,0.0,4447.0,0.0,XAUUSD,STR S7,
1890421451,2026-08-31 04:17:19,1788149839336,2026-08-31 04:17:25,1788149845347,0,5,0,2,4,901018,1890421451,0,3,0.01,0.0,4448.57,0.0,0.0,4448.51,0.0,XAUUSD,STR S6,
1890439149,2026-08-31 04:18:37,1788149917421,2026-08-31 04:18:59,1788149939182,0,5,0,2,4,901018,1890439149,0,3,0.01,0.0,4450.06,0.0,0.0,4449.94,0.0,XAUUSD,STR S5,
1890450905,2026-08-31 04:19:34,1788149974317,2026-08-31 04:19:41,1788149981744,0,5,0,2,4,901018,1890450905,0,3,0.01,0.0,4451.55,0.0,0.0,4451.44,0.0,XAUUSD,STR S4,
1890479853,2026-08-31 04:21:51,1788150111658,2026-08-31 04:21:51,1788150111666,0,0,0,1,4,901018,1890439149,0,4,0.01,0.0,4446.81,0.0,0.0,4446.81,0.0,XAUUSD,[sl 4446.81],
1890479854,2026-08-31 04:21:51,1788150111659,2026-08-31 04:21:51,1788150111670,0,0,0,1,4,901018,1890450905,0,4,0.01,0.0,4446.81,0.0,0.0,4446.81,0.0,XAUUSD,[sl 4446.81],
1890480327,2026-08-31 04:21:52,1788150112122,2026-08-31 04:21:52,1788150112238,0,0,0,1,4,901018,1890421451,0,4,0.01,0.0,4448.0,0.0,0.0,4448.0,0.0,XAUUSD,[sl 4448.00],
1890481170,2026-08-31 04:21:52,1788150112765,2026-08-31 04:21:56,1788150116132,0,5,0,2,4,901018,1890481170,0,3,0.01,0.0,4448.57,0.0,0.0,4448.56,0.0,XAUUSD,STR S6,
1890488055,2026-08-31 04:22:14,1788150134470,2026-08-31 04:23:14,1788150194374,0,5,0,2,4,901018,1890488055,0,3,0.01,0.0,4450.06,0.0,0.0,4450.02,0.0,XAUUSD,STR S5,
1890492794,2026-08-31 04:22:33,1788150153768,2026-08-31 04:22:50,1788150170737,0,5,0,2,4,901018,1890492794,0,3,0.01,0.0,4451.55,0.0,0.0,4451.54,0.0,XAUUSD,STR S4,
1890495892,2026-08-31 04:22:40,1788150160134,2026-08-31 04:22:46,1788150166392,0,5,0,2,4,901018,1890495892,0,3,0.01,0.0,4453.04,0.0,0.0,4452.16,0.0,XAUUSD,STR S3,
1890520222,2026-08-31 04:24:49,1788150289674,2026-08-31 04:24:49,1788150289691,0,0,0,1,4,901018,1890492794,0,4,0.01,0.0,4448.39,0.0,0.0,4448.39,0.0,XAUUSD,[sl 4448.39],
1890520225,2026-08-31 04:24:49,1788150289675,2026-08-31 04:24:49,1788150289693,0,0,0,1,4,901018,1890495892,0,4,0.01,0.0,4448.39,0.0,0.0,4448.39,0.0,XAUUSD,[sl 4448.39],
1890522445,2026-08-31 04:24:57,1788150297867,2026-08-31 04:24:57,1788150297883,0,0,0,1,4,901018,1890488055,0,4,0.01,0.0,4449.88,0.0,0.0,4449.88,0.0,XAUUSD,[sl 4449.88],
1890531212,2026-08-31 04:25:23,1788150323957,2026-08-31 04:25:24,1788150324049,0,0,0,1,4,901018,1890481170,0,4,0.01,0.0,4448.07,0.0,0.0,4448.07,0.0,XAUUSD,[sl 4448.07],
1890538476,2026-08-31 04:26:21,1788150381752,2026-08-31 04:26:30,1788150390951,0,5,0,2,4,901018,1890538476,0,3,0.01,0.0,4448.57,0.0,0.0,4448.48,0.0,XAUUSD,STR S6,
1890546815,2026-08-31 04:27:28,1788150448237,2026-08-31 04:27:32,1788150452984,0,0,0,1,4,901018,1890538476,0,4,0.01,0.0,4445.02,0.0,0.0,4445.02,0.0,XAUUSD,[sl 4445.02],
1890552420,2026-08-31 04:28:17,1788150497816,2026-08-31 04:28:17,1788150497818,0,0,0,1,4,901018,1890417888,0,4,0.01,0.0,4446.51,0.0,0.0,4446.51,0.0,XAUUSD,[sl 4446.51],
1890572773,2026-08-31 04:30:26,1788150626906,2026-08-31 04:30:30,1788150630587,0,5,0,2,4,901018,1890572773,0,3,0.01,0.0,4447.08,0.0,0.0,4446.97,0.0,XAUUSD,STR S7,
1890583458,2026-08-31 04:31:24,1788150684560,2026-08-31 04:31:32,1788150692385,0,5,0,2,4,901018,1890583458,0,3,0.01,0.0,4448.57,0.0,0.0,4447.66,0.0,XAUUSD,STR S6,
1890596023,2026-08-31 04:32:32,1788150752067,2026-08-31 04:32:32,1788150752069,0,0,0,1,4,901018,1890583458,0,4,0.01,0.0,4448.56,0.0,0.0,4448.56,0.0,XAUUSD,[sl 4448.56],
1890601293,2026-08-31 04:32:56,1788150776160,2026-08-31 04:32:56,1788150776549,0,0,0,1,4,901018,1890572773,0,4,0.01,0.0,4446.88,0.0,0.0,4446.88,0.0,XAUUSD,[sl 4446.88],
1890606562,2026-08-31 04:33:17,1788150797639,2026-08-31 04:33:27,1788150807891,0,0,0,1,4,901018,1890407173,0,4,0.01,0.0,4445.53,0.0,0.0,4445.53,0.0,XAUUSD,[sl 4445.53],
1890611895,2026-08-31 04:33:41,1788150821171,2026-08-31 04:34:00,1788150840776,0,0,0,1,4,901018,1890387473,0,4,0.01,0.0,4444.08,0.0,0.0,4444.08,0.0,XAUUSD,[sl 4444.08],
1890615795,2026-08-31 04:34:20,1788150860723,2026-08-31 04:34:26,1788150866633,0,0,0,1,4,901018,1890384339,0,4,0.01,0.0,4441.25,0.0,0.0,4441.25,0.0,XAUUSD,[sl 4441.25],
1890616711,2026-08-31 04:34:27,1788150867147,2026-08-31 04:34:31,1788150871909,0,0,0,1,4,901018,1890364745,0,4,0.01,0.0,4440.47,0.0,0.0,4440.47,0.0,XAUUSD,[sl 4440.47],
1890618699,2026-08-31 04:34:43,1788150883254,2026-08-31 04:34:53,1788150893987,0,5,0,2,4,901018,1890618699,0,3,0.01,0.0,4441.12,0.0,0.0,4440.81,0.0,XAUUSD,STR S11,
1890620367,2026-08-31 04:34:48,1788150888300,2026-08-31 04:34:49,1788150889774,0,5,0,2,4,901018,1890620367,0,3,0.01,0.0,4442.61,0.0,0.0,4442.52,0.0,XAUUSD,STR S10,
1890665615,2026-08-31 04:37:28,1788151048915,2026-08-31 04:37:31,1788151051613,0,5,0,2,4,901018,1890665615,0,3,0.01,0.0,4444.1,0.0,0.0,4444.02,0.0,XAUUSD,STR S9,
1890674283,2026-08-31 04:38:08,1788151088121,2026-08-31 04:38:10,1788151090668,0,5,0,2,4,901018,1890674283,0,3,0.01,0.0,4445.59,0.0,0.0,4445.58,0.0,XAUUSD,STR S8,
1890676154,2026-08-31 04:38:17,1788151097337,2026-08-31 04:38:25,1788151105852,0,5,0,2,4,901018,1890676154,0,3,0.01,0.0,4447.08,0.0,0.0,4447.07,0.0,XAUUSD,STR S7,
1890686143,2026-08-31 04:39:18,1788151158884,2026-08-31 04:40:02,1788151202516,0,5,0,2,4,901018,1890686143,0,3,0.01,0.0,4448.57,0.0,0.0,4449.22,0.0,XAUUSD,STR S6,
1890688935,2026-08-31 04:39:27,1788151167687,2026-08-31 04:39:32,1788151172138,0,5,0,2,4,901018,1890688935,0,3,0.01,0.0,4450.06,0.0,0.0,4450.21,0.0,XAUUSD,STR S5,
1890710664,2026-08-31 04:41:36,1788151296390,2026-08-31 04:41:36,1788151296399,0,0,0,1,4,901018,1890688935,0,4,0.01,0.0,4448.73,0.0,0.0,4448.73,0.0,XAUUSD,[sl 4448.73],
1890710843,2026-08-31 04:41:36,1788151296635,2026-08-31 04:41:56,1788151316141,0,5,0,2,4,901018,1890710843,0,3,0.01,0.0,4450.06,0.0,0.0,4449.85,0.0,XAUUSD,STR S5,
1890716378,2026-08-31 04:42:05,1788151325326,2026-08-31 04:42:59,1788151379217,0,5,0,2,4,901018,1890716378,0,3,0.01,0.0,4451.55,0.0,0.0,4451.54,0.0,XAUUSD,STR S4,
1890720432,2026-08-31 04:42:17,1788151337875,2026-08-31 04:42:18,1788151338590,0,5,0,2,4,901018,1890720432,0,3,0.01,0.0,4453.04,0.0,0.0,4453.02,0.0,XAUUSD,STR S3,
1890762972,2026-08-31 04:47:42,1788151662378,2026-08-31 04:47:42,1788151662390,0,0,0,1,4,901018,1890720432,0,4,0.01,0.0,4449.1,0.0,0.0,4449.1,0.0,XAUUSD,[sl 4449.10],
1890786493,2026-08-31 04:48:52,1788151732431,2026-08-31 04:48:52,1788151732458,0,0,0,1,4,901018,1890665615,0,4,0.01,0.0,4441.1,0.0,0.0,4441.1,0.0,XAUUSD,[sl 4441.10],
1890786496,2026-08-31 04:48:52,1788151732431,2026-08-31 04:48:52,1788151732462,0,0,0,1,4,901018,1890674283,0,4,0.01,0.0,4441.1,0.0,0.0,4441.1,0.0,XAUUSD,[sl 4441.10],
1890786498,2026-08-31 04:48:52,1788151732432,2026-08-31 04:48:52,1788151732463,0,0,0,1,4,901018,1890676154,0,4,0.01,0.0,4441.1,0.0,0.0,4441.1,0.0,XAUUSD,[sl 4441.10],
1890786500,2026-08-31 04:48:52,1788151732434,2026-08-31 04:48:52,1788151732464,0,0,0,1,4,901018,1890686143,0,4,0.01,0.0,4441.1,0.0,0.0,4441.1,0.0,XAUUSD,[sl 4441.10],
1890786502,2026-08-31 04:48:52,1788151732435,2026-08-31 04:48:52,1788151732465,0,0,0,1,4,901018,1890710843,0,4,0.01,0.0,4441.1,0.0,0.0,4441.1,0.0,XAUUSD,[sl 4441.10],
1890786504,2026-08-31 04:48:52,1788151732436,2026-08-31 04:48:52,1788151732466,0,0,0,1,4,901018,1890716378,0,4,0.01,0.0,4441.1,0.0,0.0,4441.1,0.0,XAUUSD,[sl 4441.10],
1890804383,2026-08-31 04:50:22,1788151822226,2026-08-31 04:50:22,1788151822233,0,0,0,1,4,901018,1890618699,0,4,0.01,0.0,4437.96,0.0,0.0,4437.96,0.0,XAUUSD,[sl 4437.96],
1890804385,2026-08-31 04:50:22,1788151822227,2026-08-31 04:50:22,1788151822236,0,0,0,1,4,901018,1890620367,0,4,0.01,0.0,4437.96,0.0,0.0,4437.96,0.0,XAUUSD,[sl 4437.96],
1890808423,2026-08-31 04:50:51,1788151851796,2026-08-31 04:50:51,1788151851806,0,0,0,1,4,901018,1890361433,0,4,0.01,0.0,4439.45,0.0,0.0,4439.45,0.0,XAUUSD,[sl 4439.45],
1890810121,2026-08-31 04:50:58,1788151858747,2026-08-31 04:51:05,1788151865297,0,5,0,2,4,901018,1890810121,0,3,0.01,0.0,4439.63,0.0,0.0,4439.57,0.0,XAUUSD,STR S12,
1890822923,2026-08-31 04:52:33,1788151953126,2026-08-31 04:52:42,1788151962879,0,5,0,2,4,901018,1890822923,0,3,0.01,0.0,4441.12,0.0,0.0,4440.98,0.0,XAUUSD,STR S11,
1890842826,2026-08-31 04:54:37,1788152077742,2026-08-31 04:55:21,1788152121360,0,5,0,2,4,901018,1890842826,0,3,0.01,0.0,4442.61,0.0,0.0,4442.86,0.0,XAUUSD,STR S10,
1890845315,2026-08-31 04:54:44,1788152084333,2026-08-31 04:54:47,1788152087238,0,5,0,2,4,901018,1890845315,0,3,0.01,0.0,4444.1,0.0,0.0,4444.1,0.0,XAUUSD,STR S9,
1890854589,2026-08-31 04:55:38,1788152138893,2026-08-31 04:55:49,1788152149769,0,5,0,2,4,901018,1890854589,0,3,0.01,0.0,4445.59,0.0,0.0,4445.55,0.0,XAUUSD,STR S8,
1890886393,2026-08-31 04:59:11,1788152351466,2026-08-31 04:59:11,1788152351470,0,0,0,1,4,901018,1890854589,0,4,0.01,0.0,4441.52,0.0,0.0,4441.52,0.0,XAUUSD,[sl 4441.52],
1890925929,2026-08-31 05:02:02,1788152522768,2026-08-31 05:02:02,1788152522790,0,0,0,1,4,901018,1889857460,0,4,0.01,0.0,4433.66,0.0,0.0,4433.66,0.0,XAUUSD,[sl 4433.66],
1890925930,2026-08-31 05:02:02,1788152522768,2026-08-31 05:02:02,1788152522791,0,0,0,1,4,901018,1889857466,0,4,0.01,0.0,4433.66,0.0,0.0,4433.66,0.0,XAUUSD,[sl 4433.66],
1890925931,2026-08-31 05:02:02,1788152522768,2026-08-31 05:02:02,1788152522792,0,0,0,1,4,901018,1890810121,0,4,0.01,0.0,4433.66,0.0,0.0,4433.66,0.0,XAUUSD,[sl 4433.66],
1890925932,2026-08-31 05:02:02,1788152522768,2026-08-31 05:02:02,1788152522793,0,0,0,1,4,901018,1890822923,0,4,0.01,0.0,4433.66,0.0,0.0,4433.66,0.0,XAUUSD,[sl 4433.66],
1890925933,2026-08-31 05:02:02,1788152522768,2026-08-31 05:02:02,1788152522793,0,0,0,1,4,901018,1890842826,0,4,0.01,0.0,4433.66,0.0,0.0,4433.66,0.0,XAUUSD,[sl 4433.66],
1890925934,2026-08-31 05:02:02,1788152522769,2026-08-31 05:02:02,1788152522794,0,0,0,1,4,901018,1890845315,0,4,0.01,0.0,4433.66,0.0,0.0,4433.66,0.0,XAUUSD,[sl 4433.66],
1890937146,2026-08-31 05:02:42,1788152562750,2026-08-31 05:02:42,1788152562840,0,0,0,1,4,901018,1889857473,0,4,0.01,0.0,4431.01,0.0,0.0,4431.01,0.0,XAUUSD,[sl 4431.01],
1890957593,2026-08-31 05:03:53,1788152633892,2026-08-31 05:03:53,1788152633893,0,1,0,1,4,901018,1890098039,0,3,0.01,0.0,0.0,0.0,0.0,4423.41,0.0,XAUUSD,STR CLOSE,
1890957681,2026-08-31 05:03:54,1788152634017,2026-08-31 05:03:54,1788152634018,0,1,0,1,4,901018,1890094221,0,3,0.01,0.0,0.0,0.0,0.0,4423.46,0.0,XAUUSD,STR CLOSE,
1890957771,2026-08-31 05:03:54,1788152634124,2026-08-31 05:03:54,1788152634125,0,1,0,1,4,901018,1890090532,0,3,0.01,0.0,0.0,0.0,0.0,4423.45,0.0,XAUUSD,STR CLOSE,
1890957851,2026-08-31 05:03:54,1788152634220,2026-08-31 05:03:54,1788152634223,0,1,0,1,4,901018,1890052548,0,3,0.01,0.0,0.0,0.0,0.0,4423.49,0.0,XAUUSD,STR CLOSE,
1890957964,2026-08-31 05:03:54,1788152634318,2026-08-31 05:03:54,1788152634322,0,1,0,1,4,901018,1890011535,0,3,0.01,0.0,0.0,0.0,0.0,4423.51,0.0,XAUUSD,STR CLOSE,
1890958042,2026-08-31 05:03:54,1788152634426,2026-08-31 05:03:54,1788152634427,0,1,0,1,4,901018,1890001505,0,3,0.01,0.0,0.0,0.0,0.0,4423.63,0.0,XAUUSD,STR CLOSE,
1890958171,2026-08-31 05:03:54,1788152634515,2026-08-31 05:03:54,1788152634516,0,0,0,1,4,901018,1889857678,0,3,0.06,0.0,0.0,0.0,0.0,4423.91,0.0,XAUUSD,STR CLOSE,
1890958254,2026-08-31 05:03:54,1788152634615,2026-08-31 05:03:54,1788152634616,0,0,0,1,4,901018,1889857640,0,3,0.03,0.0,0.0,0.0,0.0,4423.95,0.0,XAUUSD,STR CLOSE,
1890958347,2026-08-31 05:03:54,1788152634722,2026-08-31 05:03:54,1788152634723,0,0,0,1,4,901018,1889857632,0,3,0.03,0.0,0.0,0.0,0.0,4423.98,0.0,XAUUSD,STR CLOSE,
1890958412,2026-08-31 05:03:54,1788152634816,2026-08-31 05:03:54,1788152634818,0,0,0,1,4,901018,1889857621,0,3,0.03,0.0,0.0,0.0,0.0,4423.98,0.0,XAUUSD,STR CLOSE,
1890958489,2026-08-31 05:03:54,1788152634916,2026-08-31 05:03:54,1788152634918,0,0,0,1,4,901018,1889857608,0,3,0.03,0.0,0.0,0.0,0.0,4424.01,0.0,XAUUSD,STR CLOSE,
1890958554,2026-08-31 05:03:55,1788152635041,2026-08-31 05:03:55,1788152635042,0,0,0,1,4,901018,1889857590,0,3,0.03,0.0,0.0,0.0,0.0,4423.93,0.0,XAUUSD,STR CLOSE,
1890958620,2026-08-31 05:03:55,1788152635119,2026-08-31 05:03:55,1788152635129,0,0,0,1,4,901018,1889857575,0,3,0.03,0.0,0.0,0.0,0.0,4424.04,0.0,XAUUSD,STR CLOSE,
1890958685,2026-08-31 05:03:55,1788152635215,2026-08-31 05:03:55,1788152635215,0,0,0,1,4,901018,1889857565,0,3,0.03,0.0,0.0,0.0,0.0,4424.08,0.0,XAUUSD,STR CLOSE,
1890958744,2026-08-31 05:03:55,1788152635318,2026-08-31 05:03:55,1788152635319,0,0,0,1,4,901018,1889857558,0,3,0.03,0.0,0.0,0.0,0.0,4424.1,0.0,XAUUSD,STR CLOSE,
1890958810,2026-08-31 05:03:55,1788152635422,2026-08-31 05:03:55,1788152635425,0,0,0,1,4,901018,1889857535,0,3,0.03,0.0,0.0,0.0,0.0,4424.03,0.0,XAUUSD,STR CLOSE,
1890958871,2026-08-31 05:03:55,1788152635517,2026-08-31 05:03:55,1788152635518,0,0,0,1,4,901018,1889857506,0,3,0.03,0.0,0.0,0.0,0.0,4424.04,0.0,XAUUSD,STR CLOSE,
1890958951,2026-08-31 05:03:55,1788152635623,2026-08-31 05:03:55,1788152635625,0,1,0,1,4,901018,1889857422,0,3,0.01,0.0,0.0,0.0,0.0,4423.55,0.0,XAUUSD,STR CLOSE,
1890959027,2026-08-31 05:03:55,1788152635696,2026-08-31 05:03:55,1788152635700,0,1,0,1,4,901018,1889857415,0,3,0.01,0.0,0.0,0.0,0.0,4423.48,0.0,XAUUSD,STR CLOSE,
1890959316,2026-08-31 05:03:56,1788152636243,2026-08-31 05:04:06,1788152646466,0,4,0,2,4,901018,1890959316,0,3,0.01,0.0,4424.64,0.0,0.0,4424.74,0.0,XAUUSD,STR B1,
1890959362,2026-08-31 05:03:56,1788152636316,2026-08-31 05:15:39,1788153339665,0,5,0,2,4,901018,1890959362,0,3,0.01,0.0,4421.7,0.0,0.0,4421.8,0.0,XAUUSD,STR S1,
1890959388,2026-08-31 05:03:56,1788152636395,2026-08-31 05:04:24,1788152664984,0,4,0,2,4,901018,1890959388,0,3,0.01,0.0,4426.11,0.0,0.0,4426.15,0.0,XAUUSD,STR B2,
1890959450,2026-08-31 05:03:56,1788152636527,2026-08-31 05:19:04,1788153544801,0,5,0,2,4,901018,1890959450,0,3,0.01,0.0,4420.23,0.0,0.0,4420.24,0.0,XAUUSD,STR S2,
1890959477,2026-08-31 05:03:56,1788152636601,2026-08-31 05:04:27,1788152667687,0,4,0,2,4,901018,1890959477,0,3,0.01,0.0,4427.58,0.0,0.0,4427.65,0.0,XAUUSD,STR B3,
1890959550,2026-08-31 05:03:56,1788152636900,2026-08-31 05:19:05,1788153545592,0,5,0,2,4,901018,1890959550,0,3,0.01,0.0,4418.76,0.0,0.0,4418.67,0.0,XAUUSD,STR S3,
1890959595,2026-08-31 05:03:57,1788152637069,2026-08-31 05:05:08,1788152708649,0,4,0,2,4,901018,1890959595,0,3,0.01,0.0,4429.05,0.0,0.0,4429.07,0.0,XAUUSD,STR B4,
1890959604,2026-08-31 05:03:57,1788152637121,2026-08-31 05:33:08,1788154388598,0,5,0,2,4,901018,1890959604,0,3,0.01,0.0,4417.29,0.0,0.0,4416.59,0.0,XAUUSD,STR S4,
1890959629,2026-08-31 05:03:57,1788152637223,2026-08-31 05:08:34,1788152914335,0,4,0,2,4,901018,1890959629,0,3,0.01,0.0,4430.52,0.0,0.0,4430.67,0.0,XAUUSD,STR B5,
1890959660,2026-08-31 05:03:57,1788152637322,2026-08-31 05:33:19,1788154399690,0,5,0,2,4,901018,1890959660,0,3,0.01,0.0,4415.82,0.0,0.0,4415.24,0.0,XAUUSD,STR S5,
1890959687,2026-08-31 05:03:57,1788152637422,2026-08-31 05:08:42,1788152922956,0,4,0,2,4,901018,1890959687,0,3,0.01,0.0,4431.99,0.0,0.0,4432.98,0.0,XAUUSD,STR B6,
1890959721,2026-08-31 05:03:57,1788152637520,2026-08-31 05:33:46,1788154426113,0,5,0,2,4,901018,1890959721,0,3,0.01,0.0,4414.35,0.0,0.0,4414.13,0.0,XAUUSD,STR S6,
1890959743,2026-08-31 05:03:57,1788152637627,2026-08-31 05:08:49,1788152929467,0,4,0,2,4,901018,1890959743,0,3,0.01,0.0,4433.46,0.0,0.0,4434.12,0.0,XAUUSD,STR B7,
1890959783,2026-08-31 05:03:57,1788152637722,2026-08-31 05:33:52,1788154432252,0,5,0,2,4,901018,1890959783,0,3,0.01,0.0,4412.88,0.0,0.0,4412.87,0.0,XAUUSD,STR S7,
1890959806,2026-08-31 05:03:57,1788152637820,2026-08-31 08:26:26,1788164786073,0,4,0,2,4,901018,1890959806,0,3,0.01,0.0,4434.93,0.0,0.0,4434.93,0.0,XAUUSD,STR B8,
1890959824,2026-08-31 05:03:57,1788152637927,2026-08-31 05:33:59,1788154439788,0,5,0,2,4,901018,1890959824,0,3,0.01,0.0,4411.41,0.0,0.0,4411.33,0.0,XAUUSD,STR S8,
1890959868,2026-08-31 05:03:58,1788152638021,2026-08-31 08:27:07,1788164827495,0,4,0,2,4,901018,1890959868,0,3,0.01,0.0,4436.4,0.0,0.0,4436.62,0.0,XAUUSD,STR B9,
1890959881,2026-08-31 05:03:58,1788152638123,2026-08-31 05:35:31,1788154531890,0,5,0,2,4,901018,1890959881,0,3,0.01,0.0,4409.94,0.0,0.0,4410.03,0.0,XAUUSD,STR S9,
1890959898,2026-08-31 05:03:58,1788152638222,2026-08-31 08:27:28,1788164848416,0,4,0,2,4,901018,1890959898,0,3,0.01,0.0,4437.87,0.0,0.0,4438.24,0.0,XAUUSD,STR B10,
1890959914,2026-08-31 05:03:58,1788152638321,2026-08-31 05:36:00,1788154560483,0,5,0,2,4,901018,1890959914,0,3,0.01,0.0,4408.47,0.0,0.0,4406.96,0.0,XAUUSD,STR S10,
1890959931,2026-08-31 05:03:58,1788152638421,2026-08-31 08:28:31,1788164911303,0,4,0,2,4,901018,1890959931,0,3,0.01,0.0,4439.34,0.0,0.0,4439.24,0.0,XAUUSD,STR B11,
1890959955,2026-08-31 05:03:58,1788152638521,2026-08-31 05:36:00,1788154560679,0,5,0,2,4,901018,1890959955,0,3,0.01,0.0,4407.0,0.0,0.0,4406.9,0.0,XAUUSD,STR S11,
1890959971,2026-08-31 05:03:58,1788152638622,2026-08-31 08:29:18,1788164958950,0,4,0,2,4,901018,1890959971,0,3,0.01,0.0,4440.81,0.0,0.0,4441.01,0.0,XAUUSD,STR B12,
1890959989,2026-08-31 05:03:58,1788152638725,2026-08-31 05:36:31,1788154591666,0,5,0,2,4,901018,1890959989,0,3,0.01,0.0,4405.53,0.0,0.0,4405.46,0.0,XAUUSD,STR S12,
1890960002,2026-08-31 05:03:58,1788152638822,2026-08-31 08:30:10,1788165010250,0,4,0,2,4,901018,1890960002,0,3,0.01,0.0,4442.28,0.0,0.0,4440.9,0.0,XAUUSD,STR B13,
1890960028,2026-08-31 05:03:58,1788152638924,2026-08-31 05:40:50,1788154850737,0,5,0,2,4,901018,1890960028,0,3,0.01,0.0,4404.06,0.0,0.0,4403.97,0.0,XAUUSD,STR S13,
1890960049,2026-08-31 05:03:59,1788152639020,2026-08-31 08:58:58,1788166738469,0,4,0,2,4,901018,1890960049,0,3,0.01,0.0,4443.75,0.0,0.0,4443.83,0.0,XAUUSD,STR B14,
1890960073,2026-08-31 05:03:59,1788152639120,2026-08-31 05:41:23,1788154883051,0,5,0,2,4,901018,1890960073,0,3,0.01,0.0,4402.59,0.0,0.0,4402.57,0.0,XAUUSD,STR S14,
1890960095,2026-08-31 05:03:59,1788152639219,2026-08-31 10:24:27,1788171867186,0,4,0,2,4,901018,1890960095,0,3,0.01,0.0,4445.22,0.0,0.0,4445.38,0.0,XAUUSD,STR B15,
1890960120,2026-08-31 05:03:59,1788152639320,2026-08-31 05:48:35,1788155315055,0,5,0,2,4,901018,1890960120,0,3,0.01,0.0,4401.12,0.0,0.0,4398.74,0.0,XAUUSD,STR S15,
1890960154,2026-08-31 05:03:59,1788152639422,2026-08-31 10:27:11,1788172031457,0,4,0,2,4,901018,1890960154,0,3,0.03,0.0,4446.69,0.0,0.0,4446.75,0.0,XAUUSD,STR B16,
1890960174,2026-08-31 05:03:59,1788152639520,2026-08-31 05:48:35,1788155315284,0,5,0,2,4,901018,1890960174,0,3,0.03,0.0,4399.65,0.0,0.0,4399.02,0.0,XAUUSD,STR S16,
1890960200,2026-08-31 05:03:59,1788152639620,2026-08-31 10:28:21,1788172101272,0,4,0,2,4,901018,1890960200,0,3,0.03,0.0,4448.16,0.0,0.0,4448.14,0.0,XAUUSD,STR B17,
1890960227,2026-08-31 05:03:59,1788152639720,2026-08-31 05:48:39,1788155319269,0,5,0,2,4,901018,1890960227,0,3,0.03,0.0,4398.18,0.0,0.0,4397.31,0.0,XAUUSD,STR S17,
1890960244,2026-08-31 05:03:59,1788152639822,2026-08-31 11:04:25,1788174265478,0,4,0,2,4,901018,1890960244,0,3,0.03,0.0,4449.63,0.0,0.0,4449.63,0.0,XAUUSD,STR B18,
1890960267,2026-08-31 05:03:59,1788152639931,2026-08-31 05:48:41,1788155321432,0,5,0,2,4,901018,1890960267,0,3,0.03,0.0,4396.71,0.0,0.0,4396.6,0.0,XAUUSD,STR S18,
1890960314,2026-08-31 05:04:00,1788152640022,2026-08-31 13:06:25,1788181585283,0,4,0,2,4,901018,1890960314,0,3,0.03,0.0,4451.1,0.0,0.0,4451.21,0.0,XAUUSD,STR B19,
1890960545,2026-08-31 05:04:00,1788152640231,2026-08-31 13:07:30,1788181650166,0,4,0,2,4,901018,1890960545,0,3,0.03,0.0,4452.57,0.0,0.0,4452.63,0.0,XAUUSD,STR B20,
1890960813,2026-08-31 05:04:00,1788152640436,2026-08-31 13:52:04,1788184324145,0,4,0,2,4,901018,1890960813,0,3,0.03,0.0,4454.04,0.0,0.0,4454.18,0.0,XAUUSD,STR B21,
1890960917,2026-08-31 05:04:00,1788152640629,2026-08-31 13:52:27,1788184347885,0,4,0,2,4,901018,1890960917,0,3,0.03,0.0,4455.51,0.0,0.0,4455.56,0.0,XAUUSD,STR B22,
1890960990,2026-08-31 05:04:00,1788152640820,2026-08-31 14:04:30,1788185070528,0,4,0,2,4,901018,1890960990,0,3,0.03,0.0,4456.98,0.0,0.0,4456.98,0.0,XAUUSD,STR B23,
1890961051,2026-08-31 05:04:01,1788152641020,2026-08-31 14:24:55,1788186295194,0,4,0,2,4,901018,1890961051,0,3,0.03,0.0,4458.45,0.0,0.0,4458.48,0.0,XAUUSD,STR B24,
1890961441,2026-08-31 05:04:04,1788152644822,2026-08-31 14:25:37,1788186337902,0,4,0,2,4,901018,1890961441,0,3,0.03,0.0,4459.92,0.0,0.0,4459.92,0.0,XAUUSD,STR B25,
1890961802,2026-08-31 05:04:06,1788152646555,2026-08-31 14:27:30,1788186450663,0,4,0,2,4,901018,1890961802,0,3,0.06,0.0,4461.39,0.0,0.0,4461.43,0.0,XAUUSD,STR B26,
1890961908,2026-08-31 05:04:06,1788152646752,2026-08-31 14:28:44,1788186524860,0,4,0,2,4,901018,1890961908,0,3,0.06,0.0,4462.86,0.0,0.0,4462.89,0.0,XAUUSD,STR B27,
1890973347,2026-08-31 05:04:43,1788152683798,2026-08-31 05:04:43,1788152683811,0,1,0,1,4,901018,1890959316,0,4,0.01,0.0,4425.08,0.0,0.0,4425.08,0.0,XAUUSD,[sl 4425.08],
1891021390,2026-08-31 05:09:06,1788152946868,2026-08-31 05:09:06,1788152946874,0,1,0,1,4,901018,1890959388,0,4,0.01,0.0,4431.13,0.0,0.0,4431.13,0.0,XAUUSD,[sl 4431.13],
1891021393,2026-08-31 05:09:06,1788152946869,2026-08-31 05:09:06,1788152946876,0,1,0,1,4,901018,1890959477,0,4,0.01,0.0,4431.13,0.0,0.0,4431.13,0.0,XAUUSD,[sl 4431.13],
1891027687,2026-08-31 05:09:51,1788152991369,2026-08-31 05:09:51,1788152991388,0,1,0,1,4,901018,1890959595,0,4,0.01,0.0,4429.66,0.0,0.0,4429.66,0.0,XAUUSD,[sl 4429.66],
1891029681,2026-08-31 05:09:56,1788152996686,2026-08-31 05:10:00,1788153000106,0,4,0,2,4,901018,1891029681,0,3,0.01,0.0,4429.05,0.0,0.0,4429.06,0.0,XAUUSD,STR B4,
1891042379,2026-08-31 05:10:56,1788153056604,2026-08-31 05:10:56,1788153056623,0,1,0,1,4,901018,1891029681,0,4,0.01,0.0,4429.57,0.0,0.0,4429.57,0.0,XAUUSD,[sl 4429.57],
1891045443,2026-08-31 05:11:18,1788153078973,2026-08-31 05:11:26,1788153086827,0,4,0,2,4,901018,1891045443,0,3,0.01,0.0,4429.05,0.0,0.0,4429.17,0.0,XAUUSD,STR B4,
1891054055,2026-08-31 05:12:19,1788153139239,2026-08-31 05:12:23,1788153143154,0,4,0,2,4,901018,1891054055,0,3,0.01,0.0,4427.58,0.0,0.0,4427.73,0.0,XAUUSD,STR B3,
1891057806,2026-08-31 05:12:33,1788153153194,2026-08-31 05:12:38,1788153158275,0,4,0,2,4,901018,1891057806,0,3,0.01,0.0,4426.11,0.0,0.0,4426.25,0.0,XAUUSD,STR B2,
1891070408,2026-08-31 05:13:42,1788153222518,2026-08-31 05:14:38,1788153278765,0,4,0,2,4,901018,1891070408,0,3,0.01,0.0,4424.64,0.0,0.0,4425.09,0.0,XAUUSD,STR B1,
1891166170,2026-08-31 05:25:58,1788153958914,2026-08-31 05:26:12,1788153972501,0,1,0,1,4,901018,1891070408,0,4,0.01,0.0,4424.85,0.0,0.0,4424.85,0.0,XAUUSD,[sl 4424.85],
1891167918,2026-08-31 05:26:24,1788153984264,2026-08-31 05:26:57,1788154017385,0,4,0,2,4,901018,1891167918,0,3,0.01,0.0,4424.64,0.0,0.0,4424.76,0.0,XAUUSD,STR B1,
1891267532,2026-08-31 05:34:22,1788154462515,2026-08-31 05:34:22,1788154462557,0,0,0,1,4,901018,1890959362,0,4,0.01,0.0,4412.96,0.0,0.0,4412.96,0.0,XAUUSD,[sl 4412.96],
1891267533,2026-08-31 05:34:22,1788154462516,2026-08-31 05:34:22,1788154462561,0,0,0,1,4,901018,1890959450,0,4,0.01,0.0,4412.96,0.0,0.0,4412.96,0.0,XAUUSD,[sl 4412.96],
1891267534,2026-08-31 05:34:22,1788154462516,2026-08-31 05:34:22,1788154462562,0,0,0,1,4,901018,1890959550,0,4,0.01,0.0,4412.96,0.0,0.0,4412.96,0.0,XAUUSD,[sl 4412.96],
1891267535,2026-08-31 05:34:22,1788154462516,2026-08-31 05:34:22,1788154462564,0,0,0,1,4,901018,1890959604,0,4,0.01,0.0,4412.96,0.0,0.0,4412.96,0.0,XAUUSD,[sl 4412.96],
1891283971,2026-08-31 05:35:48,1788154548810,2026-08-31 05:35:48,1788154548814,0,0,0,1,4,901018,1890959660,0,4,0.01,0.0,4411.11,0.0,0.0,4411.11,0.0,XAUUSD,[sl 4411.11],
1891283975,2026-08-31 05:35:48,1788154548811,2026-08-31 05:35:48,1788154548816,0,0,0,1,4,901018,1890959721,0,4,0.01,0.0,4411.11,0.0,0.0,4411.11,0.0,XAUUSD,[sl 4411.11],
1891294441,2026-08-31 05:36:18,1788154578696,2026-08-31 05:36:18,1788154578709,0,0,0,1,4,901018,1890959783,0,4,0.01,0.0,4407.56,0.0,0.0,4407.56,0.0,XAUUSD,[sl 4407.56],
1891294442,2026-08-31 05:36:18,1788154578697,2026-08-31 05:36:18,1788154578709,0,0,0,1,4,901018,1890959824,0,4,0.01,0.0,4407.56,0.0,0.0,4407.56,0.0,XAUUSD,[sl 4407.56],
1891301447,2026-08-31 05:36:47,1788154607454,2026-08-31 05:36:47,1788154607469,0,0,0,1,4,901018,1890959881,0,4,0.01,0.0,4408.73,0.0,0.0,4408.73,0.0,XAUUSD,[sl 4408.73],
1891306990,2026-08-31 05:37:21,1788154641745,2026-08-31 05:37:54,1788154674494,0,5,0,2,4,901018,1891306990,0,3,0.01,0.0,4409.94,0.0,0.0,4408.41,0.0,XAUUSD,STR S9,
1891312097,2026-08-31 05:37:37,1788154657917,2026-08-31 05:37:43,1788154663213,0,5,0,2,4,901018,1891312097,0,3,0.01,0.0,4411.41,0.0,0.0,4411.37,0.0,XAUUSD,STR S8,
1891325979,2026-08-31 05:38:51,1788154731175,2026-08-31 05:38:51,1788154731186,0,0,0,1,4,901018,1891312097,0,4,0.01,0.0,4409.98,0.0,0.0,4409.98,0.0,XAUUSD,[sl 4409.98],
1891344120,2026-08-31 05:40:36,1788154836611,2026-08-31 05:40:36,1788154836641,0,0,0,1,4,901018,1891306990,0,4,0.01,0.0,4406.72,0.0,0.0,4406.72,0.0,XAUUSD,[sl 4406.72],
1891352309,2026-08-31 05:41:10,1788154870328,2026-08-31 05:41:10,1788154870361,0,0,0,1,4,901018,1890959914,0,4,0.01,0.0,4404.95,0.0,0.0,4404.95,0.0,XAUUSD,[sl 4404.95],
1891365126,2026-08-31 05:42:38,1788154958427,2026-08-31 05:42:38,1788154958470,0,0,0,1,4,901018,1890959955,0,4,0.01,0.0,4403.76,0.0,0.0,4403.76,0.0,XAUUSD,[sl 4403.76],
1891367732,2026-08-31 05:42:58,1788154978394,2026-08-31 05:42:58,1788154978398,0,0,0,1,4,901018,1890959989,0,4,0.01,0.0,4405.23,0.0,0.0,4405.23,0.0,XAUUSD,[sl 4405.23],
1891369352,2026-08-31 05:43:04,1788154984414,2026-08-31 05:43:09,1788154989459,0,5,0,2,4,901018,1891369352,0,3,0.01,0.0,4405.53,0.0,0.0,4405.38,0.0,XAUUSD,STR S12,
1891376524,2026-08-31 05:43:39,1788155019334,2026-08-31 05:43:40,1788155020759,0,5,0,2,4,901018,1891376524,0,3,0.01,0.0,4407.0,0.0,0.0,4406.97,0.0,XAUUSD,STR S11,
1891392678,2026-08-31 05:45:20,1788155120856,2026-08-31 05:45:20,1788155120868,0,0,0,1,4,901018,1891376524,0,4,0.01,0.0,4405.58,0.0,0.0,4405.58,0.0,XAUUSD,[sl 4405.58],
1891425484,2026-08-31 05:48:47,1788155327273,2026-08-31 05:48:47,1788155327278,0,0,0,1,4,901018,1890960028,0,4,0.01,0.0,4398.31,0.0,0.0,4398.31,0.0,XAUUSD,[sl 4398.31],
1891425485,2026-08-31 05:48:47,1788155327273,2026-08-31 05:48:47,1788155327279,0,0,0,1,4,901018,1890960073,0,4,0.01,0.0,4398.31,0.0,0.0,4398.31,0.0,XAUUSD,[sl 4398.31],
1891425486,2026-08-31 05:48:47,1788155327274,2026-08-31 05:48:47,1788155327280,0,0,0,1,4,901018,1891369352,0,4,0.01,0.0,4398.31,0.0,0.0,4398.31,0.0,XAUUSD,[sl 4398.31],
1891427184,2026-08-31 05:48:50,1788155330683,2026-08-31 05:48:50,1788155330686,0,0,0,1,4,901018,1890960120,0,4,0.01,0.0,4399.78,0.0,0.0,4399.78,0.0,XAUUSD,[sl 4399.78],
1891430465,2026-08-31 05:48:57,1788155337610,2026-08-31 05:49:18,1788155358863,0,5,0,2,4,901018,1891430465,0,3,0.01,0.0,4401.12,0.0,0.0,4401.09,0.0,XAUUSD,STR S15,
1891433216,2026-08-31 05:49:05,1788155345103,2026-08-31 05:49:05,1788155345304,0,5,0,2,4,901018,1891433216,0,3,0.01,0.0,4402.59,0.0,0.0,4401.85,0.0,XAUUSD,STR S14,
1891474690,2026-08-31 05:51:55,1788155515463,2026-08-31 05:51:58,1788155518909,0,5,0,2,4,901018,1891474690,0,3,0.01,0.0,4412.88,0.0,0.0,4412.74,0.0,XAUUSD,STR S7,
1891479633,2026-08-31 05:52:15,1788155535064,2026-08-31 05:52:17,1788155537419,0,5,0,2,4,901018,1891479633,0,3,0.01,0.0,4414.35,0.0,0.0,4414.35,0.0,XAUUSD,STR S6,
1891502136,2026-08-31 05:54:27,1788155667557,2026-08-31 07:30:02,1788161402594,0,5,0,2,4,901018,1891502136,0,3,0.01,0.0,4415.82,0.0,0.0,4415.77,0.0,XAUUSD,STR S5,
1891509859,2026-08-31 05:55:15,1788155715250,2026-08-31 05:55:17,1788155717424,0,5,0,2,4,901018,1891509859,0,3,0.01,0.0,4417.29,0.0,0.0,4417.26,0.0,XAUUSD,STR S4,
1891525555,2026-08-31 05:57:29,1788155849915,2026-08-31 07:04:32,1788159872674,0,5,0,2,4,901018,1891525555,0,3,0.01,0.0,4418.76,0.0,0.0,4418.65,0.0,XAUUSD,STR S3,
1891528661,2026-08-31 05:57:41,1788155861848,2026-08-31 05:57:48,1788155868847,0,5,0,2,4,901018,1891528661,0,3,0.01,0.0,4420.23,0.0,0.0,4420.21,0.0,XAUUSD,STR S2,
1891540773,2026-08-31 05:59:05,1788155945675,2026-08-31 05:59:51,1788155991274,0,5,0,2,4,901018,1891540773,0,3,0.01,0.0,4421.7,0.0,0.0,4421.68,0.0,XAUUSD,STR S1,
1891670624,2026-08-31 06:16:43,1788157003066,2026-08-31 06:16:43,1788157003068,0,1,0,1,4,901018,1891167918,0,4,0.01,0.0,4428.74,0.0,0.0,4428.74,0.0,XAUUSD,[sl 4428.74],
1891685160,2026-08-31 06:18:43,1788157123778,2026-08-31 06:18:43,1788157123791,0,1,0,1,4,901018,1891054055,0,4,0.01,0.0,4430.98,0.0,0.0,4430.98,0.0,XAUUSD,[sl 4430.98],
1891685162,2026-08-31 06:18:43,1788157123779,2026-08-31 06:18:43,1788157123792,0,1,0,1,4,901018,1891057806,0,4,0.01,0.0,4430.98,0.0,0.0,4430.98,0.0,XAUUSD,[sl 4430.98],
1891689907,2026-08-31 06:19:34,1788157174212,2026-08-31 06:19:36,1788157176340,0,1,0,1,4,901018,1891045443,0,4,0.01,0.0,4429.51,0.0,0.0,4429.51,0.0,XAUUSD,[sl 4429.51],
1891692632,2026-08-31 06:19:51,1788157191554,2026-08-31 06:20:36,1788157236598,0,4,0,2,4,901018,1891692632,0,3,0.01,0.0,4429.05,0.0,0.0,4429.07,0.0,XAUUSD,STR B4,
1891714346,2026-08-31 06:23:12,1788157392663,2026-08-31 06:23:12,1788157392669,0,1,0,1,4,901018,1891692632,0,4,0.01,0.0,4432.48,0.0,0.0,4432.48,0.0,XAUUSD,[sl 4432.48],
1891718838,2026-08-31 06:23:55,1788157435253,2026-08-31 06:23:55,1788157435281,0,1,0,1,4,901018,1890959629,0,4,0.01,0.0,4431.01,0.0,0.0,4431.01,0.0,XAUUSD,[sl 4431.01],
1891720115,2026-08-31 06:24:03,1788157443424,2026-08-31 06:24:05,1788157445823,0,4,0,2,4,901018,1891720115,0,3,0.01,0.0,4430.52,0.0,0.0,4430.54,0.0,XAUUSD,STR B5,
1891736549,2026-08-31 06:27:03,1788157623659,2026-08-31 06:27:09,1788157629558,0,4,0,2,4,901018,1891736549,0,3,0.01,0.0,4429.05,0.0,0.0,4429.06,0.0,XAUUSD,STR B4,
1891742274,2026-08-31 06:27:53,1788157673324,2026-08-31 06:28:18,1788157698334,0,4,0,2,4,901018,1891742274,0,3,0.01,0.0,4427.58,0.0,0.0,4428.73,0.0,XAUUSD,STR B3,
1891769469,2026-08-31 06:32:35,1788157955351,2026-08-31 06:50:36,1788159036482,0,4,0,2,4,901018,1891769469,0,3,0.01,0.0,4426.11,0.0,0.0,4426.16,0.0,XAUUSD,STR B2,
1891773708,2026-08-31 06:32:51,1788157971995,2026-08-31 06:33:00,1788157980603,0,4,0,2,4,901018,1891773708,0,3,0.01,0.0,4424.64,0.0,0.0,4424.83,0.0,XAUUSD,STR B1,
1891943992,2026-08-31 07:06:10,1788159970897,2026-08-31 07:06:11,1788159971169,0,0,0,1,4,901018,1891540773,0,4,0.01,0.0,4418.69,0.0,0.0,4418.69,0.0,XAUUSD,[sl 4418.69],
1891963410,2026-08-31 07:11:22,1788160282841,2026-08-31 07:11:23,1788160283780,0,0,0,1,4,901018,1891528661,0,4,0.01,0.0,4420.16,0.0,0.0,4420.16,0.0,XAUUSD,[sl 4420.16],
1891972451,2026-08-31 07:12:46,1788160366579,2026-08-31 07:15:50,1788160550936,0,5,0,2,4,901018,1891972451,0,3,0.01,0.0,4420.23,0.0,0.0,4420.19,0.0,XAUUSD,STR S2,
1891980156,2026-08-31 07:13:22,1788160402046,2026-08-31 07:13:55,1788160435655,0,5,0,2,4,901018,1891980156,0,3,0.01,0.0,4421.7,0.0,0.0,4421.7,0.0,XAUUSD,STR S1,
1892037727,2026-08-31 07:24:30,1788161070918,2026-08-31 07:24:30,1788161070934,0,0,0,1,4,901018,1891980156,0,4,0.01,0.0,4417.86,0.0,0.0,4417.86,0.0,XAUUSD,[sl 4417.86],
1892043279,2026-08-31 07:25:21,1788161121209,2026-08-31 07:25:21,1788161121216,0,0,0,1,4,901018,1891972451,0,4,0.01,0.0,4419.33,0.0,0.0,4419.33,0.0,XAUUSD,[sl 4419.33],
1892050492,2026-08-31 07:26:50,1788161210784,2026-08-31 07:26:55,1788161215240,0,5,0,2,4,901018,1892050492,0,3,0.01,0.0,4420.23,0.0,0.0,4420.23,0.0,XAUUSD,STR S2,
1892093791,2026-08-31 07:34:37,1788161677369,2026-08-31 07:34:37,1788161677405,0,0,0,1,4,901018,1891525555,0,4,0.01,0.0,4414.7,0.0,0.0,4414.7,0.0,XAUUSD,[sl 4414.70],
1892093792,2026-08-31 07:34:37,1788161677370,2026-08-31 07:34:37,1788161677405,0,0,0,1,4,901018,1892050492,0,4,0.01,0.0,4414.7,0.0,0.0,4414.7,0.0,XAUUSD,[sl 4414.70],
1892095618,2026-08-31 07:34:50,1788161690176,2026-08-31 07:34:50,1788161690685,0,0,0,1,4,901018,1891509859,0,4,0.01,0.0,4416.17,0.0,0.0,4416.17,0.0,XAUUSD,[sl 4416.17],
1892103993,2026-08-31 07:35:39,1788161739281,2026-08-31 07:35:41,1788161741784,0,5,0,2,4,901018,1892103993,0,3,0.01,0.0,4417.29,0.0,0.0,4417.27,0.0,XAUUSD,STR S4,
1892112864,2026-08-31 07:37:12,1788161832951,2026-08-31 07:40:37,1788162037308,0,5,0,2,4,901018,1892112864,0,3,0.01,0.0,4418.76,0.0,0.0,4418.74,0.0,XAUUSD,STR S3,
1892115483,2026-08-31 07:37:17,1788161837442,2026-08-31 07:38:04,1788161884681,0,5,0,2,4,901018,1892115483,0,3,0.01,0.0,4420.23,0.0,0.0,4420.38,0.0,XAUUSD,STR S2,
1892202079,2026-08-31 07:56:55,1788163015620,2026-08-31 08:06:08,1788163568754,0,5,0,2,4,901018,1892202079,0,3,0.01,0.0,4421.7,0.0,0.0,4421.68,0.0,XAUUSD,STR S1,
1892365008,2026-08-31 08:21:20,1788164480042,2026-08-31 08:21:20,1788164480285,0,1,0,1,4,901018,1891742274,0,4,0.01,0.0,4430.85,0.0,0.0,4430.85,0.0,XAUUSD,[sl 4430.85],
1892365009,2026-08-31 08:21:20,1788164480043,2026-08-31 08:21:20,1788164480286,0,1,0,1,4,901018,1891769469,0,4,0.01,0.0,4430.85,0.0,0.0,4430.85,0.0,XAUUSD,[sl 4430.85],
1892365010,2026-08-31 08:21:20,1788164480043,2026-08-31 08:21:20,1788164480287,0,1,0,1,4,901018,1891773708,0,4,0.01,0.0,4430.85,0.0,0.0,4430.85,0.0,XAUUSD,[sl 4430.85],
1892391655,2026-08-31 08:25:06,1788164706027,2026-08-31 08:25:06,1788164706074,0,1,0,1,4,901018,1891736549,0,4,0.01,0.0,4433.08,0.0,0.0,4433.08,0.0,XAUUSD,[sl 4433.08],
1892437464,2026-08-31 08:30:19,1788165019081,2026-08-31 08:30:25,1788165025602,0,1,0,1,4,901018,1890959687,0,4,0.01,0.0,4439.39,0.0,0.0,4439.39,0.0,XAUUSD,[sl 4439.39],
1892437465,2026-08-31 08:30:19,1788165019081,2026-08-31 08:30:25,1788165025603,0,1,0,1,4,901018,1890959743,0,4,0.01,0.0,4439.39,0.0,0.0,4439.39,0.0,XAUUSD,[sl 4439.39],
1892437466,2026-08-31 08:30:19,1788165019081,2026-08-31 08:30:25,1788165025603,0,1,0,1,4,901018,1890959806,0,4,0.01,0.0,4439.39,0.0,0.0,4439.39,0.0,XAUUSD,[sl 4439.39],
1892437467,2026-08-31 08:30:19,1788165019081,2026-08-31 08:30:25,1788165025605,0,1,0,1,4,901018,1891720115,0,4,0.01,0.0,4439.2,0.0,0.0,4439.2,0.0,XAUUSD,[sl 4439.20],
1892437706,2026-08-31 08:30:19,1788165019230,2026-08-31 08:30:25,1788165025642,0,1,0,1,4,901018,1890959868,0,4,0.01,0.0,4437.73,0.0,0.0,4437.73,0.0,XAUUSD,[sl 4437.73],
1892445632,2026-08-31 08:30:38,1788165038221,2026-08-31 08:38:44,1788165524684,0,4,0,2,4,901018,1892445632,0,3,0.01,0.0,4436.4,0.0,0.0,4436.69,0.0,XAUUSD,STR B9,
1892452585,2026-08-31 08:31:11,1788165071105,2026-08-31 08:32:05,1788165125033,0,4,0,2,4,901018,1892452585,0,3,0.01,0.0,4434.93,0.0,0.0,4434.95,0.0,XAUUSD,STR B8,
1892454170,2026-08-31 08:31:32,1788165092348,2026-08-31 08:31:43,1788165103279,0,4,0,2,4,901018,1892454170,0,3,0.01,0.0,4433.46,0.0,0.0,4433.61,0.0,XAUUSD,STR B7,
1892482081,2026-08-31 08:34:00,1788165240880,2026-08-31 08:34:33,1788165273279,0,4,0,2,4,901018,1892482081,0,3,0.01,0.0,4431.99,0.0,0.0,4432.09,0.0,XAUUSD,STR B6,
1892516703,2026-08-31 08:39:06,1788165546292,2026-08-31 08:39:06,1788165546336,0,1,0,1,4,901018,1892482081,0,4,0.01,0.0,4435.14,0.0,0.0,4435.14,0.0,XAUUSD,[sl 4435.14],
1892520669,2026-08-31 08:39:42,1788165582731,2026-08-31 08:39:42,1788165582854,0,1,0,1,4,901018,1892454170,0,4,0.01,0.0,4433.67,0.0,0.0,4433.67,0.0,XAUUSD,[sl 4433.67],
1892534352,2026-08-31 08:41:05,1788165665514,2026-08-31 08:41:10,1788165670079,0,4,0,2,4,901018,1892534352,0,3,0.01,0.0,4433.46,0.0,0.0,4433.49,0.0,XAUUSD,STR B7,
1892560855,2026-08-31 08:44:33,1788165873553,2026-08-31 08:44:33,1788165873588,0,1,0,1,4,901018,1892534352,0,4,0.01,0.0,4437.55,0.0,0.0,4437.55,0.0,XAUUSD,[sl 4437.55],
1892586395,2026-08-31 08:47:45,1788166065909,2026-08-31 08:47:45,1788166065917,0,1,0,1,4,901018,1892445632,0,4,0.01,0.0,4439.89,0.0,0.0,4439.89,0.0,XAUUSD,[sl 4439.89],
1892586398,2026-08-31 08:47:45,1788166065910,2026-08-31 08:47:45,1788166065924,0,1,0,1,4,901018,1892452585,0,4,0.01,0.0,4439.89,0.0,0.0,4439.89,0.0,XAUUSD,[sl 4439.89],
1892592432,2026-08-31 08:48:23,1788166103554,2026-08-31 08:48:23,1788166103746,0,1,0,1,4,901018,1890959898,0,4,0.01,0.0,4438.42,0.0,0.0,4438.42,0.0,XAUUSD,[sl 4438.42],
1892599657,2026-08-31 08:49:18,1788166158677,2026-08-31 08:52:43,1788166363315,0,4,0,2,4,901018,1892599657,0,3,0.01,0.0,4437.87,0.0,0.0,4437.96,0.0,XAUUSD,STR B10,
1892603116,2026-08-31 08:49:56,1788166196589,2026-08-31 08:50:08,1788166208296,0,4,0,2,4,901018,1892603116,0,3,0.01,0.0,4436.4,0.0,0.0,4436.16,0.0,XAUUSD,STR B9,
1892609487,2026-08-31 08:50:20,1788166220297,2026-08-31 08:50:53,1788166253086,0,4,0,2,4,901018,1892609487,0,3,0.01,0.0,4434.93,0.0,0.0,4436.34,0.0,XAUUSD,STR B8,
1892630996,2026-08-31 08:53:16,1788166396026,2026-08-31 08:53:16,1788166396028,0,1,0,1,4,901018,1892609487,0,4,0.01,0.0,4438.02,0.0,0.0,4438.02,0.0,XAUUSD,[sl 4438.02],
1892636772,2026-08-31 08:54:20,1788166460543,2026-08-31 08:54:20,1788166460608,0,1,0,1,4,901018,1892603116,0,4,0.01,0.0,4436.55,0.0,0.0,4436.55,0.0,XAUUSD,[sl 4436.55],
1892671994,2026-08-31 08:59:09,1788166749792,2026-08-31 08:59:09,1788166749799,0,1,0,1,4,901018,1892599657,0,4,0.01,0.0,4442.05,0.0,0.0,4442.05,0.0,XAUUSD,[sl 4442.05],
1892678577,2026-08-31 09:00:03,1788166803886,2026-08-31 09:00:03,1788166803897,0,1,0,1,4,901018,1890959931,0,4,0.01,0.0,4440.58,0.0,0.0,4440.58,0.0,XAUUSD,[sl 4440.58],
1892681109,2026-08-31 09:00:07,1788166807351,2026-08-31 09:39:09,1788169149393,0,4,0,2,4,901018,1892681109,0,3,0.01,0.0,4439.34,0.0,0.0,4439.49,0.0,XAUUSD,STR B11,
1892682014,2026-08-31 09:00:08,1788166808361,2026-08-31 09:00:10,1788166810539,0,4,0,2,4,901018,1892682014,0,3,0.01,0.0,4437.87,0.0,0.0,4437.9,0.0,XAUUSD,STR B10,
1892691707,2026-08-31 09:01:11,1788166871561,2026-08-31 09:01:26,1788166886689,0,4,0,2,4,901018,1892691707,0,3,0.01,0.0,4436.4,0.0,0.0,4437.98,0.0,XAUUSD,STR B9,
1892716774,2026-08-31 09:04:19,1788167059146,2026-08-31 09:04:20,1788167060942,0,4,0,2,4,901018,1892716774,0,3,0.01,0.0,4433.46,0.0,0.0,4433.48,0.0,XAUUSD,STR B7,
1892724574,2026-08-31 09:05:25,1788167125376,2026-08-31 09:06:03,1788167163524,0,4,0,2,4,901018,1892724574,0,3,0.01,0.0,4431.99,0.0,0.0,4432.38,0.0,XAUUSD,STR B6,
1892729382,2026-08-31 09:05:49,1788167149868,2026-08-31 09:05:54,1788167154092,0,4,0,2,4,901018,1892729382,0,3,0.01,0.0,4430.52,0.0,0.0,4431.13,0.0,XAUUSD,STR B5,
1892768693,2026-08-31 09:11:03,1788167463383,2026-08-31 09:11:03,1788167463388,0,1,0,1,4,901018,1892729382,0,4,0.01,0.0,4433.89,0.0,0.0,4433.89,0.0,XAUUSD,[sl 4433.89],
1892775662,2026-08-31 09:12:27,1788167547600,2026-08-31 09:12:27,1788167547604,0,1,0,1,4,901018,1892724574,0,4,0.01,0.0,4432.42,0.0,0.0,4432.42,0.0,XAUUSD,[sl 4432.42],
1892796213,2026-08-31 09:16:24,1788167784868,2026-08-31 09:16:30,1788167790417,0,4,0,2,4,901018,1892796213,0,3,0.01,0.0,4431.99,0.0,0.0,4432.03,0.0,XAUUSD,STR B6,
1892830428,2026-08-31 09:20:03,1788168003737,2026-08-31 09:20:03,1788168003742,0,1,0,1,4,901018,1892716774,0,4,0.01,0.0,4436.81,0.0,0.0,4436.81,0.0,XAUUSD,[sl 4436.81],
1892830431,2026-08-31 09:20:03,1788168003738,2026-08-31 09:20:03,1788168003752,0,1,0,1,4,901018,1892796213,0,4,0.01,0.0,4436.81,0.0,0.0,4436.81,0.0,XAUUSD,[sl 4436.81],
1892902529,2026-08-31 09:30:26,1788168626354,2026-08-31 09:30:51,1788168651229,0,4,0,2,4,901018,1892902529,0,3,0.01,0.0,4433.46,0.0,0.0,4433.54,0.0,XAUUSD,STR B7,
1892915677,2026-08-31 09:31:58,1788168718589,2026-08-31 09:32:08,1788168728222,0,4,0,2,4,901018,1892915677,0,3,0.01,0.0,4431.99,0.0,0.0,4431.99,0.0,XAUUSD,STR B6,
1892938367,2026-08-31 09:34:46,1788168886148,2026-08-31 09:34:46,1788168886188,0,1,0,1,4,901018,1892915677,0,4,0.01,0.0,4435.44,0.0,0.0,4435.44,0.0,XAUUSD,[sl 4435.44],
1892941310,2026-08-31 09:35:00,1788168900274,2026-08-31 09:35:00,1788168900287,0,1,0,1,4,901018,1892902529,0,4,0.01,0.0,4433.97,0.0,0.0,4433.97,0.0,XAUUSD,[sl 4433.97],
1892980428,2026-08-31 09:40:25,1788169225149,2026-08-31 09:40:25,1788169225175,0,1,0,1,4,901018,1892691707,0,4,0.01,0.0,4439.39,0.0,0.0,4439.39,0.0,XAUUSD,[sl 4439.39],
1893021153,2026-08-31 09:48:27,1788169707208,2026-08-31 09:48:27,1788169707253,0,1,0,1,4,901018,1892682014,0,4,0.01,0.0,4441.05,0.0,0.0,4441.05,0.0,XAUUSD,[sl 4441.05],
1893032346,2026-08-31 09:50:28,1788169828235,2026-08-31 09:50:28,1788169828549,0,1,0,1,4,901018,1892681109,0,4,0.01,0.0,4439.58,0.0,0.0,4439.58,0.0,XAUUSD,[sl 4439.58],
1893041434,2026-08-31 09:51:48,1788169908982,2026-08-31 09:52:30,1788169950677,0,4,0,2,4,901018,1893041434,0,3,0.01,0.0,4439.34,0.0,0.0,4439.34,0.0,XAUUSD,STR B11,
1893057237,2026-08-31 09:53:36,1788170016446,2026-08-31 09:53:37,1788170017169,0,4,0,2,4,901018,1893057237,0,3,0.01,0.0,4437.87,0.0,0.0,4437.88,0.0,XAUUSD,STR B10,
1893134307,2026-08-31 10:07:03,1788170823121,2026-08-31 10:07:04,1788170824303,0,1,0,1,4,901018,1893057237,0,4,0.01,0.0,4438.46,0.0,0.0,4438.46,0.0,XAUUSD,[sl 4438.46],
1893136795,2026-08-31 10:07:16,1788170836936,2026-08-31 10:07:20,1788170840415,0,4,0,2,4,901018,1893136795,0,3,0.01,0.0,4437.87,0.0,0.0,4437.71,0.0,XAUUSD,STR B10,
1893171984,2026-08-31 10:14:05,1788171245923,2026-08-31 10:14:07,1788171247877,0,4,0,2,4,901018,1893171984,0,3,0.01,0.0,4436.4,0.0,0.0,4436.49,0.0,XAUUSD,STR B9,
1893206389,2026-08-31 10:19:14,1788171554324,2026-08-31 10:19:14,1788171554349,0,1,0,1,4,901018,1893171984,0,4,0.01,0.0,4439.42,0.0,0.0,4439.42,0.0,XAUUSD,[sl 4439.42],
1893208700,2026-08-31 10:19:23,1788171563939,2026-08-31 10:19:23,1788171563953,0,1,0,1,4,901018,1893136795,0,4,0.01,0.0,4437.95,0.0,0.0,4437.95,0.0,XAUUSD,[sl 4437.95],
1893210021,2026-08-31 10:19:27,1788171567865,2026-08-31 10:19:36,1788171576543,0,4,0,2,4,901018,1893210021,0,3,0.01,0.0,4437.87,0.0,0.0,4438.18,0.0,XAUUSD,STR B10,
1893235143,2026-08-31 10:22:42,1788171762206,2026-08-31 10:22:42,1788171762236,0,1,0,1,4,901018,1893041434,0,4,0.01,0.0,4442.36,0.0,0.0,4442.36,0.0,XAUUSD,[sl 4442.36],
1893235145,2026-08-31 10:22:42,1788171762207,2026-08-31 10:22:42,1788171762237,0,1,0,1,4,901018,1893210021,0,4,0.01,0.0,4442.36,0.0,0.0,4442.36,0.0,XAUUSD,[sl 4442.36],
1893258447,2026-08-31 10:25:56,1788171956178,2026-08-31 10:25:56,1788171956240,0,1,0,1,4,901018,1890959971,0,4,0.01,0.0,4444.2,0.0,0.0,4444.2,0.0,XAUUSD,[sl 4444.20],
1893274794,2026-08-31 10:27:54,1788172074162,2026-08-31 10:27:54,1788172074164,0,1,0,1,4,901018,1890960002,0,4,0.01,0.0,4446.22,0.0,0.0,4446.22,0.0,XAUUSD,[sl 4446.22],
1893282336,2026-08-31 10:28:54,1788172134075,2026-08-31 10:28:54,1788172134127,0,1,0,1,4,901018,1890960049,0,4,0.01,0.0,4446.71,0.0,0.0,4446.71,0.0,XAUUSD,[sl 4446.71],
1893285993,2026-08-31 10:29:23,1788172163149,2026-08-31 10:29:26,1788172166115,0,1,0,1,4,901018,1890960095,0,4,0.01,0.0,4445.24,0.0,0.0,4445.24,0.0,XAUUSD,[sl 4445.24],
1893286934,2026-08-31 10:29:26,1788172166773,2026-08-31 10:30:24,1788172224321,0,4,0,2,4,901018,1893286934,0,3,0.01,0.0,4445.22,0.0,0.0,4445.23,0.0,XAUUSD,STR B15,
1893319239,2026-08-31 10:33:55,1788172435762,2026-08-31 10:34:22,1788172462227,0,4,0,2,4,901018,1893319239,0,3,0.01,0.0,4443.75,0.0,0.0,4443.75,0.0,XAUUSD,STR B14,
1893323013,2026-08-31 10:34:05,1788172445684,2026-08-31 10:34:18,1788172458102,0,4,0,2,4,901018,1893323013,0,3,0.01,0.0,4442.28,0.0,0.0,4443.12,0.0,XAUUSD,STR B13,
1893403954,2026-08-31 10:48:33,1788173313998,2026-08-31 10:48:34,1788173314008,0,1,0,1,4,901018,1893323013,0,4,0.01,0.0,4446.24,0.0,0.0,4446.24,0.0,XAUUSD,[sl 4446.24],
1893408762,2026-08-31 10:49:15,1788173355405,2026-08-31 10:49:24,1788173364667,0,1,0,1,4,901018,1893319239,0,4,0.01,0.0,4444.77,0.0,0.0,4444.77,0.0,XAUUSD,[sl 4444.77],
1893416275,2026-08-31 10:50:26,1788173426305,2026-08-31 10:51:18,1788173478900,0,4,0,2,4,901018,1893416275,0,3,0.01,0.0,4443.75,0.0,0.0,4443.86,0.0,XAUUSD,STR B14,
1893497033,2026-08-31 11:02:09,1788174129731,2026-08-31 11:02:09,1788174129741,0,1,0,1,4,901018,1893416275,0,4,0.01,0.0,4446.97,0.0,0.0,4446.97,0.0,XAUUSD,[sl 4446.97],
1893524311,2026-08-31 11:06:09,1788174369491,2026-08-31 11:06:09,1788174369528,0,1,0,1,4,901018,1893286934,0,4,0.01,0.0,4446.5,0.0,0.0,4446.5,0.0,XAUUSD,[sl 4446.50],
1893531020,2026-08-31 11:06:55,1788174415341,2026-08-31 12:59:28,1788181168361,0,4,0,2,4,901018,1893531020,0,3,0.01,0.0,4445.22,0.0,0.0,4445.22,0.0,XAUUSD,STR B15,
1893535287,2026-08-31 11:07:09,1788174429639,2026-08-31 11:07:34,1788174454491,0,4,0,2,4,901018,1893535287,0,3,0.01,0.0,4443.75,0.0,0.0,4443.76,0.0,XAUUSD,STR B14,
1893564281,2026-08-31 11:12:09,1788174729210,2026-08-31 11:12:16,1788174736159,0,4,0,2,4,901018,1893564281,0,3,0.01,0.0,4440.81,0.0,0.0,4440.83,0.0,XAUUSD,STR B12,
1893574207,2026-08-31 11:13:30,1788174810643,2026-08-31 11:14:51,1788174891185,0,4,0,2,4,901018,1893574207,0,3,0.01,0.0,4439.34,0.0,0.0,4439.25,0.0,XAUUSD,STR B11,
1893582041,2026-08-31 11:14:18,1788174858034,2026-08-31 11:14:35,1788174875131,0,4,0,2,4,901018,1893582041,0,3,0.01,0.0,4437.87,0.0,0.0,4438.5,0.0,XAUUSD,STR B10,
1893682805,2026-08-31 11:31:38,1788175898096,2026-08-31 11:31:38,1788175898101,0,1,0,1,4,901018,1893582041,0,4,0.01,0.0,4438.34,0.0,0.0,4438.34,0.0,XAUUSD,[sl 4438.34],
1893689296,2026-08-31 11:32:56,1788175976212,2026-08-31 11:32:59,1788175979261,0,4,0,2,4,901018,1893689296,0,3,0.01,0.0,4437.87,0.0,0.0,4437.87,0.0,XAUUSD,STR B10,
1893707001,2026-08-31 11:35:33,1788176133586,2026-08-31 11:36:18,1788176178236,0,4,0,2,4,901018,1893707001,0,3,0.01,0.0,4436.4,0.0,0.0,4436.55,0.0,XAUUSD,STR B9,
1893867281,2026-08-31 12:06:15,1788177975619,2026-08-31 12:06:15,1788177975625,0,1,0,1,4,901018,1893707001,0,4,0.01,0.0,4439.74,0.0,0.0,4439.74,0.0,XAUUSD,[sl 4439.74],
1893870028,2026-08-31 12:06:26,1788177986863,2026-08-31 12:06:26,1788177986897,0,1,0,1,4,901018,1893689296,0,4,0.01,0.0,4438.27,0.0,0.0,4438.27,0.0,XAUUSD,[sl 4438.27],
1893888547,2026-08-31 12:09:43,1788178183942,2026-08-31 12:10:35,1788178235246,0,4,0,2,4,901018,1893888547,0,3,0.01,0.0,4437.87,0.0,0.0,4437.87,0.0,XAUUSD,STR B10,
1893894573,2026-08-31 12:10:15,1788178215287,2026-08-31 12:10:19,1788178219635,0,4,0,2,4,901018,1893894573,0,3,0.01,0.0,4436.4,0.0,0.0,4436.41,0.0,XAUUSD,STR B9,
1893946507,2026-08-31 12:17:42,1788178662838,2026-08-31 12:17:42,1788178662841,0,1,0,1,4,901018,1893574207,0,4,0.01,0.0,4442.63,0.0,0.0,4442.63,0.0,XAUUSD,[sl 4442.63],
1893946509,2026-08-31 12:17:42,1788178662839,2026-08-31 12:17:42,1788178662842,0,1,0,1,4,901018,1893888547,0,4,0.01,0.0,4442.63,0.0,0.0,4442.63,0.0,XAUUSD,[sl 4442.63],
1893946510,2026-08-31 12:17:42,1788178662839,2026-08-31 12:17:42,1788178662843,0,1,0,1,4,901018,1893894573,0,4,0.01,0.0,4442.63,0.0,0.0,4442.63,0.0,XAUUSD,[sl 4442.63],
1893955367,2026-08-31 12:19:08,1788178748063,2026-08-31 12:19:08,1788178748088,0,1,0,1,4,901018,1893564281,0,4,0.01,0.0,4441.16,0.0,0.0,4441.16,0.0,XAUUSD,[sl 4441.16],
1893970897,2026-08-31 12:23:00,1788178980335,2026-08-31 12:30:19,1788179419509,0,4,0,2,4,901018,1893970897,0,3,0.01,0.0,4440.81,0.0,0.0,4440.85,0.0,XAUUSD,STR B12,
1893977881,2026-08-31 12:23:56,1788179036569,2026-08-31 12:24:04,1788179044720,0,4,0,2,4,901018,1893977881,0,3,0.01,0.0,4439.34,0.0,0.0,4439.45,0.0,XAUUSD,STR B11,
1894041376,2026-08-31 12:35:47,1788179747944,2026-08-31 12:35:47,1788179747945,0,1,0,1,4,901018,1893977881,0,4,0.01,0.0,4443.04,0.0,0.0,4443.04,0.0,XAUUSD,[sl 4443.04],
1894057626,2026-08-31 12:39:42,1788179982798,2026-08-31 12:39:42,1788179982807,0,1,0,1,4,901018,1893970897,0,4,0.01,0.0,4441.57,0.0,0.0,4441.57,0.0,XAUUSD,[sl 4441.57],
1894218586,2026-08-31 13:06:49,1788181609327,2026-08-31 13:06:49,1788181609332,0,1,0,1,4,901018,1893531020,0,4,0.01,0.0,4449.61,0.0,0.0,4449.61,0.0,XAUUSD,[sl 4449.61],
1894218588,2026-08-31 13:06:49,1788181609328,2026-08-31 13:06:49,1788181609334,0,1,0,1,4,901018,1893535287,0,4,0.01,0.0,4449.61,0.0,0.0,4449.61,0.0,XAUUSD,[sl 4449.61],
1894236438,2026-08-31 13:08:07,1788181687318,2026-08-31 13:08:07,1788181687373,0,1,0,1,4,901018,1890960154,0,4,0.03,0.0,4451.82,0.0,0.0,4451.82,0.0,XAUUSD,[sl 4451.82],
1894236439,2026-08-31 13:08:07,1788181687319,2026-08-31 13:08:07,1788181687378,0,1,0,1,4,901018,1890960200,0,4,0.03,0.0,4451.82,0.0,0.0,4451.82,0.0,XAUUSD,[sl 4451.82],
1894244078,2026-08-31 13:09:03,1788181743386,2026-08-31 13:09:03,1788181743491,0,1,0,1,4,901018,1890960244,0,4,0.03,0.0,4450.35,0.0,0.0,4450.35,0.0,XAUUSD,[sl 4450.35],
1894250426,2026-08-31 13:09:42,1788181782113,2026-08-31 13:13:40,1788182020864,0,4,0,2,4,901018,1894250426,0,3,0.03,0.0,4449.63,0.0,0.0,4449.77,0.0,XAUUSD,STR B18,
1894269590,2026-08-31 13:11:58,1788181918665,2026-08-31 13:12:50,1788181970824,0,4,0,2,4,901018,1894269590,0,3,0.03,0.0,4448.16,0.0,0.0,4448.17,0.0,XAUUSD,STR B17,
1894305904,2026-08-31 13:16:34,1788182194410,2026-08-31 13:16:34,1788182194432,0,1,0,1,4,901018,1894269590,0,4,0.03,0.0,4449.11,0.0,0.0,4449.11,0.0,XAUUSD,[sl 4449.11],
1894311877,2026-08-31 13:17:14,1788182234550,2026-08-31 13:18:04,1788182284269,0,4,0,2,4,901018,1894311877,0,3,0.03,0.0,4448.16,0.0,0.0,4448.17,0.0,XAUUSD,STR B17,
1894532782,2026-08-31 13:54:39,1788184479744,2026-08-31 13:54:39,1788184479809,0,1,0,1,4,901018,1894250426,0,4,0.03,0.0,4453.79,0.0,0.0,4453.79,0.0,XAUUSD,[sl 4453.79],
1894532784,2026-08-31 13:54:39,1788184479744,2026-08-31 13:54:39,1788184479811,0,1,0,1,4,901018,1894311877,0,4,0.03,0.0,4453.79,0.0,0.0,4453.79,0.0,XAUUSD,[sl 4453.79],
1894595866,2026-08-31 14:05:19,1788185119714,2026-08-31 14:05:19,1788185119760,0,1,0,1,4,901018,1890960314,0,4,0.03,0.0,4455.36,0.0,0.0,4455.36,0.0,XAUUSD,[sl 4455.36],
1894598189,2026-08-31 14:05:26,1788185126143,2026-08-31 14:05:26,1788185126219,0,1,0,1,4,901018,1890960545,0,4,0.03,0.0,4453.89,0.0,0.0,4453.89,0.0,XAUUSD,[sl 4453.89],
1894647777,2026-08-31 14:14:09,1788185649174,2026-08-31 14:14:09,1788185649193,0,1,0,1,4,901018,1890960813,0,4,0.03,0.0,4454.43,0.0,0.0,4454.43,0.0,XAUUSD,[sl 4454.43],
1894654314,2026-08-31 14:15:11,1788185711434,2026-08-31 14:16:49,1788185809990,0,4,0,2,4,901018,1894654314,0,3,0.03,0.0,4454.04,0.0,0.0,4454.07,0.0,XAUUSD,STR B21,
1894763589,2026-08-31 14:30:23,1788186623329,2026-08-31 14:30:23,1788186623331,0,1,0,1,4,901018,1890960917,0,4,0.03,0.0,4462.51,0.0,0.0,4462.51,0.0,XAUUSD,[sl 4462.51],
1894763590,2026-08-31 14:30:23,1788186623329,2026-08-31 14:30:23,1788186623335,0,1,0,1,4,901018,1890960990,0,4,0.03,0.0,4462.51,0.0,0.0,4462.51,0.0,XAUUSD,[sl 4462.51],
1894763591,2026-08-31 14:30:23,1788186623330,2026-08-31 14:30:23,1788186623336,0,1,0,1,4,901018,1890961051,0,4,0.03,0.0,4462.51,0.0,0.0,4462.51,0.0,XAUUSD,[sl 4462.51],
1894763592,2026-08-31 14:30:23,1788186623330,2026-08-31 14:30:23,1788186623336,0,1,0,1,4,901018,1894654314,0,4,0.03,0.0,4462.51,0.0,0.0,4462.51,0.0,XAUUSD,[sl 4462.51],
1894768866,2026-08-31 14:31:08,1788186668562,2026-08-31 14:31:08,1788186668612,0,1,0,1,4,901018,1890961441,0,4,0.03,0.0,4461.04,0.0,0.0,4461.04,0.0,XAUUSD,[sl 4461.04],
1894789452,2026-08-31 14:34:11,1788186851768,2026-08-31 14:34:34,1788186874786,0,4,0,2,4,901018,1894789452,0,3,0.03,0.0,4459.92,0.0,0.0,4459.93,0.0,XAUUSD,STR B25,
1894800458,2026-08-31 14:35:15,1788186915415,2026-08-31 14:36:10,1788186970452,0,4,0,2,4,901018,1894800458,0,3,0.03,0.0,4458.45,0.0,0.0,4458.49,0.0,XAUUSD,STR B24,
1894825249,2026-08-31 14:38:35,1788187115863,2026-08-31 14:38:46,1788187126755,0,4,0,2,4,901018,1894825249,0,3,0.03,0.0,4456.98,0.0,0.0,4457.11,0.0,XAUUSD,STR B23,
1894834226,2026-08-31 14:39:43,1788187183139,2026-08-31 14:39:55,1788187195064,0,4,0,2,4,901018,1894834226,0,3,0.03,0.0,4455.51,0.0,0.0,4455.64,0.0,XAUUSD,STR B22,
1894854582,2026-08-31 14:41:41,1788187301945,2026-08-31 14:41:41,1788187301965,0,1,0,1,4,901018,1894834226,0,4,0.03,0.0,4456.35,0.0,0.0,4456.35,0.0,XAUUSD,[sl 4456.35],
1894860691,2026-08-31 14:42:33,1788187353837,2026-08-31 14:42:41,1788187361961,0,4,0,2,4,901018,1894860691,0,3,0.03,0.0,4455.51,0.0,0.0,4455.52,0.0,XAUUSD,STR B22,
1894887407,2026-08-31 14:45:58,1788187558450,2026-08-31 14:46:58,1788187618396,0,4,0,2,4,901018,1894887407,0,3,0.03,0.0,4454.04,0.0,0.0,4454.05,0.0,XAUUSD,STR B21,
1894984389,2026-08-31 15:02:41,1788188561923,2026-08-31 15:02:41,1788188561932,0,1,0,1,4,901018,1894887407,0,4,0.03,0.0,4456.99,0.0,0.0,4456.99,0.0,XAUUSD,[sl 4456.99],
1895024993,2026-08-31 15:08:29,1788188909621,2026-08-31 15:08:29,1788188909633,0,1,0,1,4,901018,1894860691,0,4,0.03,0.0,4459.31,0.0,0.0,4459.31,0.0,XAUUSD,[sl 4459.31],
1895025792,2026-08-31 15:08:30,1788188910491,2026-08-31 15:08:31,1788188911240,0,1,0,1,4,901018,1894825249,0,4,0.03,0.0,4457.84,0.0,0.0,4457.84,0.0,XAUUSD,[sl 4457.84],
1895033170,2026-08-31 15:09:07,1788188947967,2026-08-31 15:09:16,1788188956351,0,4,0,2,4,901018,1895033170,0,3,0.03,0.0,4455.51,0.0,0.0,4455.62,0.0,XAUUSD,STR B22,
1895037358,2026-08-31 15:09:13,1788188953320,2026-08-31 15:09:18,1788188958530,0,4,0,2,4,901018,1895037358,0,3,0.03,0.0,4456.98,0.0,0.0,4457.02,0.0,XAUUSD,STR B23,
1895082334,2026-08-31 15:14:35,1788189275046,2026-08-31 15:14:35,1788189275256,0,1,0,1,4,901018,1895033170,0,4,0.03,0.0,4456.78,0.0,0.0,4456.78,0.0,XAUUSD,[sl 4456.78],
1895123318,2026-08-31 15:20:08,1788189608794,2026-08-31 15:20:08,1788189608802,0,4,0,2,4,901018,1895123318,0,3,0.03,0.0,4455.51,0.0,0.0,4456.39,0.0,XAUUSD,STR B22,
1895134893,2026-08-31 15:21:04,1788189664801,2026-08-31 15:25:19,1788189919827,0,4,0,2,4,901018,1895134893,0,3,0.03,0.0,4454.04,0.0,0.0,4454.67,0.0,XAUUSD,STR B21,
1895140256,2026-08-31 15:21:26,1788189686184,2026-08-31 15:21:49,1788189709342,0,4,0,2,4,901018,1895140256,0,3,0.03,0.0,4452.57,0.0,0.0,4452.61,0.0,XAUUSD,STR B20,
1895163018,2026-08-31 15:23:56,1788189836481,2026-08-31 15:24:03,1788189843485,0,4,0,2,4,901018,1895163018,0,3,0.03,0.0,4451.1,0.0,0.0,4451.22,0.0,XAUUSD,STR B19,
1895182688,2026-08-31 15:25:34,1788189934086,2026-08-31 15:25:34,1788189934088,0,1,0,1,4,901018,1895163018,0,4,0.03,0.0,4451.38,0.0,0.0,4451.38,0.0,XAUUSD,[sl 4451.38],
1895184664,2026-08-31 15:25:36,1788189936086,2026-08-31 15:27:11,1788190031792,0,4,0,2,4,901018,1895184664,0,3,0.03,0.0,4451.1,0.0,0.0,4451.11,0.0,XAUUSD,STR B19,
1895186196,2026-08-31 15:25:37,1788189937765,2026-08-31 15:25:42,1788189942323,0,4,0,2,4,901018,1895186196,0,3,0.03,0.0,4449.63,0.0,0.0,4449.63,0.0,XAUUSD,STR B18,
1895232949,2026-08-31 15:29:53,1788190193337,2026-08-31 15:30:03,1788190203955,0,4,0,2,4,901018,1895232949,0,3,0.03,0.0,4448.16,0.0,0.0,4448.46,0.0,XAUUSD,STR B17,
1895245271,2026-08-31 15:30:27,1788190227893,2026-08-31 15:30:28,1788190228520,0,4,0,2,4,901018,1895245271,0,3,0.03,0.0,4446.69,0.0,0.0,4446.7,0.0,XAUUSD,STR B16,
1895273816,2026-08-31 15:33:10,1788190390062,2026-08-31 15:33:10,1788190390070,0,1,0,1,4,901018,1895245271,0,4,0.03,0.0,4446.97,0.0,0.0,4446.97,0.0,XAUUSD,[sl 4446.97],
1895278684,2026-08-31 15:33:48,1788190428783,2026-08-31 15:34:02,1788190442241,0,4,0,2,4,901018,1895278684,0,3,0.03,0.0,4446.69,0.0,0.0,4446.81,0.0,XAUUSD,STR B16,
1895308393,2026-08-31 15:38:21,1788190701380,2026-08-31 15:38:25,1788190705266,0,4,0,2,4,901018,1895308393,0,3,0.01,0.0,4445.22,0.0,0.0,4445.46,0.0,XAUUSD,STR B15,
1895321638,2026-08-31 15:39:14,1788190754480,2026-08-31 16:07:36,1788192456873,0,4,0,2,4,901018,1895321638,0,3,0.01,0.0,4443.75,0.0,0.0,4443.8,0.0,XAUUSD,STR B14,
1895340662,2026-08-31 15:40:40,1788190840105,2026-08-31 15:40:40,1788190840530,0,4,0,2,4,901018,1895340662,0,3,0.01,0.0,4440.81,0.0,0.0,4442.09,0.0,XAUUSD,STR B12,
1895388268,2026-08-31 15:45:21,1788191121421,2026-08-31 15:45:31,1788191131252,0,4,0,2,4,901018,1895388268,0,3,0.01,0.0,4439.34,0.0,0.0,4439.41,0.0,XAUUSD,STR B11,
1895396267,2026-08-31 15:45:59,1788191159584,2026-08-31 15:46:00,1788191160218,0,4,0,2,4,901018,1895396267,0,3,0.01,0.0,4437.87,0.0,0.0,4438.02,0.0,XAUUSD,STR B10,
1895420737,2026-08-31 15:48:44,1788191324524,2026-08-31 15:48:50,1788191330271,0,4,0,2,4,901018,1895420737,0,3,0.01,0.0,4436.4,0.0,0.0,4436.41,0.0,XAUUSD,STR B9,
1895448205,2026-08-31 15:51:55,1788191515529,2026-08-31 15:51:55,1788191515601,0,1,0,1,4,901018,1895420737,0,4,0.01,0.0,4439.82,0.0,0.0,4439.82,0.0,XAUUSD,[sl 4439.82],
1895459631,2026-08-31 15:53:45,1788191625012,2026-08-31 15:53:45,1788191625023,0,1,0,1,4,901018,1895396267,0,4,0.01,0.0,4438.35,0.0,0.0,4438.35,0.0,XAUUSD,[sl 4438.35],
1895496543,2026-08-31 15:59:00,1788191940974,2026-08-31 15:59:01,1788191941098,0,4,0,2,4,901018,1895496543,0,3,0.01,0.0,4436.4,0.0,0.0,4436.66,0.0,XAUUSD,STR B9,
1895555995,2026-08-31 16:04:19,1788192259474,2026-08-31 16:04:19,1788192259480,0,1,0,1,4,901018,1895496543,0,4,0.01,0.0,4436.97,0.0,0.0,4436.97,0.0,XAUUSD,[sl 4436.97],
1895612802,2026-08-31 16:09:16,1788192556838,2026-08-31 16:09:17,1788192557606,0,1,0,1,4,901018,1895340662,0,4,0.01,0.0,4444.22,0.0,0.0,4444.22,0.0,XAUUSD,[sl 4444.22],
1895612805,2026-08-31 16:09:16,1788192556839,2026-08-31 16:09:17,1788192557608,0,1,0,1,4,901018,1895388268,0,4,0.01,0.0,4444.22,0.0,0.0,4444.22,0.0,XAUUSD,[sl 4444.22],
1895669734,2026-08-31 16:15:47,1788192947783,2026-08-31 16:15:47,1788192947794,0,1,0,1,4,901018,1895321638,0,4,0.01,0.0,4446.73,0.0,0.0,4446.73,0.0,XAUUSD,[sl 4446.73],
1895672146,2026-08-31 16:16:02,1788192962427,2026-08-31 16:16:02,1788192962430,0,1,0,1,4,901018,1895308393,0,4,0.01,0.0,4445.26,0.0,0.0,4445.26,0.0,XAUUSD,[sl 4445.26],
1895675024,2026-08-31 16:16:18,1788192978471,2026-08-31 16:26:25,1788193585963,0,4,0,2,4,901018,1895675024,0,3,0.01,0.0,4445.22,0.0,0.0,4445.21,0.0,XAUUSD,STR B15,
1895677803,2026-08-31 16:16:27,1788192987379,2026-08-31 16:17:15,1788193035294,0,4,0,2,4,901018,1895677803,0,3,0.01,0.0,4443.75,0.0,0.0,4443.75,0.0,XAUUSD,STR B14,
1895724283,2026-08-31 16:22:45,1788193365346,2026-08-31 16:22:57,1788193377841,0,4,0,2,4,901018,1895724283,0,3,0.01,0.0,4440.81,0.0,0.0,4440.82,0.0,XAUUSD,STR B12,
1895759965,2026-08-31 16:27:02,1788193622783,2026-08-31 16:27:02,1788193622810,0,1,0,1,4,901018,1895724283,0,4,0.01,0.0,4444.02,0.0,0.0,4444.02,0.0,XAUUSD,[sl 4444.02],
1895781993,2026-08-31 16:29:45,1788193785458,2026-08-31 16:29:45,1788193785464,0,1,0,1,4,901018,1895677803,0,4,0.01,0.0,4444.21,0.0,0.0,4444.21,0.0,XAUUSD,[sl 4444.21],
1895797536,2026-08-31 16:30:42,1788193842425,2026-08-31 16:30:46,1788193846144,0,4,0,2,4,901018,1895797536,0,3,0.01,0.0,4443.75,0.0,0.0,4443.96,0.0,XAUUSD,STR B14,
1895816968,2026-08-31 16:32:06,1788193926487,2026-08-31 16:32:22,1788193942283,0,4,0,2,4,901018,1895816968,0,3,0.01,0.0,4440.81,0.0,0.0,4440.83,0.0,XAUUSD,STR B12,
1895821246,2026-08-31 16:32:25,1788193945454,2026-08-31 16:32:47,1788193967300,0,4,0,2,4,901018,1895821246,0,3,0.01,0.0,4439.34,0.0,0.0,4439.34,0.0,XAUUSD,STR B11,
1895860119,2026-08-31 16:35:13,1788194113776,2026-08-31 16:35:14,1788194114355,0,4,0,2,4,901018,1895860119,0,3,0.01,0.0,4436.4,0.0,0.0,4436.43,0.0,XAUUSD,STR B9,
1895897239,2026-08-31 16:38:01,1788194281061,2026-08-31 16:38:02,1788194282217,0,1,0,1,4,901018,1895860119,0,4,0.01,0.0,4439.61,0.0,0.0,4439.61,0.0,XAUUSD,[sl 4439.61],
1895912942,2026-08-31 16:39:33,1788194373588,2026-08-31 16:39:33,1788194373591,0,1,0,1,4,901018,1895821246,0,4,0.01,0.0,4440.06,0.0,0.0,4440.06,0.0,XAUUSD,[sl 4440.06],
1895915695,2026-08-31 16:39:45,1788194385374,2026-08-31 19:30:10,1788204610628,0,4,0,2,4,901018,1895915695,0,3,0.01,0.0,4439.34,0.0,0.0,4440.31,0.0,XAUUSD,STR B11,
1895922316,2026-08-31 16:40:06,1788194406294,2026-08-31 16:40:06,1788194406558,0,4,0,2,4,901018,1895922316,0,3,0.01,0.0,4436.4,0.0,0.0,4436.4,0.0,XAUUSD,STR B9,
1895955002,2026-08-31 16:43:31,1788194611425,2026-08-31 16:43:33,1788194613539,0,4,0,2,4,901018,1895955002,0,3,0.01,0.0,4433.46,0.0,0.0,4433.21,0.0,XAUUSD,STR B7,
1895978678,2026-08-31 16:45:30,1788194730457,2026-08-31 16:45:37,1788194737981,0,4,0,2,4,901018,1895978678,0,3,0.01,0.0,4431.99,0.0,0.0,4432.03,0.0,XAUUSD,STR B6,
1895993104,2026-08-31 16:46:30,1788194790431,2026-08-31 16:46:33,1788194793654,0,4,0,2,4,901018,1895993104,0,3,0.01,0.0,4430.52,0.0,0.0,4430.52,0.0,XAUUSD,STR B5,
1896003920,2026-08-31 16:47:04,1788194824378,2026-08-31 16:47:36,1788194856366,0,4,0,2,4,901018,1896003920,0,3,0.01,0.0,4429.05,0.0,0.0,4429.07,0.0,XAUUSD,STR B4,
1896004782,2026-08-31 16:47:05,1788194825303,2026-08-31 16:47:33,1788194853834,0,4,0,2,4,901018,1896004782,0,3,0.01,0.0,4427.58,0.0,0.0,4427.93,0.0,XAUUSD,STR B3,
1896010334,2026-08-31 16:47:14,1788194834865,2026-08-31 16:47:15,1788194835930,0,4,0,2,4,901018,1896010334,0,3,0.01,0.0,4426.11,0.0,0.0,4426.25,0.0,XAUUSD,STR B2,
1896025179,2026-08-31 16:47:53,1788194873368,2026-08-31 16:47:53,1788194873621,0,1,0,1,4,901018,1896010334,0,4,0.01,0.0,4429.82,0.0,0.0,4429.82,0.0,XAUUSD,[sl 4429.82],
1896039785,2026-08-31 16:48:51,1788194931471,2026-08-31 16:48:51,1788194931588,0,1,0,1,4,901018,1896004782,0,4,0.01,0.0,4429.04,0.0,0.0,4429.04,0.0,XAUUSD,[sl 4429.04],
1896046615,2026-08-31 16:49:24,1788194964786,2026-08-31 16:50:12,1788195012616,0,4,0,2,4,901018,1896046615,0,3,0.01,0.0,4427.58,0.0,0.0,4427.63,0.0,XAUUSD,STR B3,
1896051465,2026-08-31 16:49:46,1788194986559,2026-08-31 16:50:04,1788195004732,0,4,0,2,4,901018,1896051465,0,3,0.01,0.0,4426.11,0.0,0.0,4426.19,0.0,XAUUSD,STR B2,
1896070860,2026-08-31 16:50:52,1788195052041,2026-08-31 16:50:52,1788195052046,0,1,0,1,4,901018,1896051465,0,4,0.01,0.0,4426.19,0.0,0.0,4426.19,0.0,XAUUSD,[sl 4426.19],
1896072037,2026-08-31 16:50:56,1788195056475,2026-08-31 17:06:56,1788196016675,0,4,0,2,4,901018,1896072037,0,3,0.01,0.0,4426.11,0.0,0.0,4425.92,0.0,XAUUSD,STR B2,
1896073085,2026-08-31 16:50:57,1788195057610,2026-08-31 16:51:00,1788195060759,0,4,0,2,4,901018,1896073085,0,3,0.01,0.0,4424.64,0.0,0.0,4424.78,0.0,XAUUSD,STR B1,
1896183118,2026-08-31 16:59:58,1788195598207,2026-08-31 16:59:58,1788195598249,0,0,0,1,4,901018,1892202079,0,4,0.01,0.0,4417.47,0.0,0.0,4417.47,0.0,XAUUSD,[sl 4417.47],
1896187331,2026-08-31 17:00:06,1788195606643,2026-08-31 17:00:06,1788195606660,0,0,0,1,4,901018,1892115483,0,4,0.01,0.0,4418.94,0.0,0.0,4418.94,0.0,XAUUSD,[sl 4418.94],
1896196103,2026-08-31 17:00:36,1788195636230,2026-08-31 17:00:48,1788195648980,0,5,0,2,4,901018,1896196103,0,3,0.01,0.0,4420.23,0.0,0.0,4420.05,0.0,XAUUSD,STR S2,
1896201303,2026-08-31 17:01:06,1788195666410,2026-08-31 17:01:06,1788195666431,0,5,0,2,4,901018,1896201303,0,3,0.01,0.0,4421.7,0.0,0.0,4421.55,0.0,XAUUSD,STR S1,
1896217339,2026-08-31 17:02:46,1788195766746,2026-08-31 17:02:46,1788195766808,0,0,0,1,4,901018,1896201303,0,4,0.01,0.0,4421.68,0.0,0.0,4421.68,0.0,XAUUSD,[sl 4421.68],
1896221343,2026-08-31 17:03:05,1788195785528,2026-08-31 17:03:13,1788195793094,0,5,0,2,4,901018,1896221343,0,3,0.01,0.0,4421.7,0.0,0.0,4421.55,0.0,XAUUSD,STR S1,
1896238368,2026-08-31 17:04:29,1788195869606,2026-08-31 17:04:29,1788195869609,0,0,0,1,4,901018,1896221343,0,4,0.01,0.0,4421.57,0.0,0.0,4421.57,0.0,XAUUSD,[sl 4421.57],
1896239471,2026-08-31 17:04:33,1788195873568,2026-08-31 17:04:34,1788195874797,0,5,0,2,4,901018,1896239471,0,3,0.01,0.0,4421.7,0.0,0.0,4421.7,0.0,XAUUSD,STR S1,
1896312795,2026-08-31 17:10:40,1788196240377,2026-08-31 17:10:40,1788196240380,0,1,0,1,4,901018,1896073085,0,4,0.01,0.0,4424.67,0.0,0.0,4424.67,0.0,XAUUSD,[sl 4424.67],
1896319218,2026-08-31 17:11:16,1788196276152,2026-08-31 17:11:16,1788196276160,0,4,0,2,4,901018,1896319218,0,3,0.01,0.0,4424.64,0.0,0.0,4424.66,0.0,XAUUSD,STR B1,
1896361984,2026-08-31 17:15:26,1788196526903,2026-08-31 17:15:26,1788196526906,0,1,0,1,4,901018,1896319218,0,4,0.01,0.0,4424.7,0.0,0.0,4424.7,0.0,XAUUSD,[sl 4424.70],
1896389554,2026-08-31 17:18:39,1788196719470,2026-08-31 17:18:39,1788196719588,0,1,0,1,4,901018,1896072037,0,4,0.01,0.0,4429.07,0.0,0.0,4429.07,0.0,XAUUSD,[sl 4429.07],
1896391371,2026-08-31 17:18:42,1788196722149,2026-08-31 17:18:42,1788196722205,0,1,0,1,4,901018,1896046615,0,4,0.01,0.0,4427.6,0.0,0.0,4427.6,0.0,XAUUSD,[sl 4427.60],
1896392581,2026-08-31 17:18:45,1788196725398,2026-08-31 17:18:54,1788196734242,0,4,0,2,4,901018,1896392581,0,3,0.01,0.0,4427.58,0.0,0.0,4427.63,0.0,XAUUSD,STR B3,
1896408237,2026-08-31 17:20:10,1788196810691,2026-08-31 17:20:11,1788196811244,0,4,0,2,4,901018,1896408237,0,3,0.01,0.0,4426.11,0.0,0.0,4426.12,0.0,XAUUSD,STR B2,
1896410747,2026-08-31 17:20:15,1788196815243,2026-08-31 17:20:18,1788196818326,0,4,0,2,4,901018,1896410747,0,3,0.01,0.0,4424.64,0.0,0.0,4424.66,0.0,XAUUSD,STR B1,
1896458673,2026-08-31 17:24:46,1788197086430,2026-08-31 17:24:46,1788197086435,0,0,0,1,4,901018,1896239471,0,4,0.01,0.0,4418.7,0.0,0.0,4418.7,0.0,XAUUSD,[sl 4418.70],
1896464992,2026-08-31 17:25:10,1788197110687,2026-08-31 17:25:10,1788197110785,0,0,0,1,4,901018,1896196103,0,4,0.01,0.0,4420.17,0.0,0.0,4420.17,0.0,XAUUSD,[sl 4420.17],
1896478301,2026-08-31 17:27:08,1788197228384,2026-08-31 17:28:21,1788197301259,0,5,0,2,4,901018,1896478301,0,3,0.01,0.0,4420.23,0.0,0.0,4419.96,0.0,XAUUSD,STR S2,
1896479828,2026-08-31 17:27:17,1788197237433,2026-08-31 17:27:18,1788197238967,0,5,0,2,4,901018,1896479828,0,3,0.01,0.0,4421.7,0.0,0.0,4421.54,0.0,XAUUSD,STR S1,
1896562143,2026-08-31 17:34:35,1788197675492,2026-08-31 17:34:35,1788197675509,0,1,0,1,4,901018,1896410747,0,4,0.01,0.0,4425.39,0.0,0.0,4425.39,0.0,XAUUSD,[sl 4425.39],
1896604707,2026-08-31 17:37:55,1788197875095,2026-08-31 17:37:55,1788197875132,0,1,0,1,4,901018,1896392581,0,4,0.01,0.0,4431.74,0.0,0.0,4431.74,0.0,XAUUSD,[sl 4431.74],
1896604710,2026-08-31 17:37:55,1788197875096,2026-08-31 17:37:55,1788197875135,0,1,0,1,4,901018,1896408237,0,4,0.01,0.0,4431.74,0.0,0.0,4431.74,0.0,XAUUSD,[sl 4431.74],
1896626644,2026-08-31 17:39:44,1788197984762,2026-08-31 17:39:44,1788197984767,0,1,0,1,4,901018,1895993104,0,4,0.01,0.0,4434.28,0.0,0.0,4434.28,0.0,XAUUSD,[sl 4434.28],
1896626646,2026-08-31 17:39:44,1788197984762,2026-08-31 17:39:44,1788197984770,0,1,0,1,4,901018,1896003920,0,4,0.01,0.0,4434.28,0.0,0.0,4434.28,0.0,XAUUSD,[sl 4434.28],
1896630953,2026-08-31 17:40:05,1788198005363,2026-08-31 17:40:05,1788198005370,0,1,0,1,4,901018,1895978678,0,4,0.01,0.0,4432.81,0.0,0.0,4432.81,0.0,XAUUSD,[sl 4432.81],
1896666694,2026-08-31 17:44:14,1788198254889,2026-08-31 17:44:15,1788198255459,0,4,0,2,4,901018,1896666694,0,3,0.01,0.0,4431.99,0.0,0.0,4432.03,0.0,XAUUSD,STR B6,
1896702135,2026-08-31 17:48:39,1788198519578,2026-08-31 17:48:47,1788198527836,0,1,0,1,4,901018,1896666694,0,4,0.01,0.0,4432.86,0.0,0.0,4432.86,0.0,XAUUSD,[sl 4432.86],
1896708645,2026-08-31 17:49:24,1788198564150,2026-08-31 17:54:37,1788198877265,0,4,0,2,4,901018,1896708645,0,3,0.01,0.0,4431.99,0.0,0.0,4432.01,0.0,XAUUSD,STR B6,
1896714092,2026-08-31 17:49:49,1788198589726,2026-08-31 17:51:46,1788198706377,0,4,0,2,4,901018,1896714092,0,3,0.01,0.0,4430.52,0.0,0.0,4430.55,0.0,XAUUSD,STR B5,
1896716652,2026-08-31 17:49:54,1788198594596,2026-08-31 17:50:16,1788198616360,0,4,0,2,4,901018,1896716652,0,3,0.01,0.0,4429.05,0.0,0.0,4429.15,0.0,XAUUSD,STR B4,
1896725507,2026-08-31 17:50:33,1788198633869,2026-08-31 17:50:43,1788198643556,0,4,0,2,4,901018,1896725507,0,3,0.01,0.0,4427.58,0.0,0.0,4427.74,0.0,XAUUSD,STR B3,
1896746335,2026-08-31 17:52:23,1788198743923,2026-08-31 17:52:23,1788198743926,0,1,0,1,4,901018,1896725507,0,4,0.01,0.0,4427.61,0.0,0.0,4427.61,0.0,XAUUSD,[sl 4427.61],
1896784148,2026-08-31 17:56:51,1788199011293,2026-08-31 17:56:51,1788199011302,0,1,0,1,4,901018,1896714092,0,4,0.01,0.0,4434.65,0.0,0.0,4434.65,0.0,XAUUSD,[sl 4434.65],
1896784151,2026-08-31 17:56:51,1788199011294,2026-08-31 17:56:51,1788199011304,0,1,0,1,4,901018,1896716652,0,4,0.01,0.0,4434.65,0.0,0.0,4434.65,0.0,XAUUSD,[sl 4434.65],
1896788563,2026-08-31 17:57:10,1788199030976,2026-08-31 17:57:11,1788199031003,0,1,0,1,4,901018,1896708645,0,4,0.01,0.0,4433.18,0.0,0.0,4433.18,0.0,XAUUSD,[sl 4433.18],
1896812376,2026-08-31 18:00:34,1788199234929,2026-08-31 18:00:37,1788199237126,0,1,0,1,4,901018,1895955002,0,4,0.01,0.0,4433.47,0.0,0.0,4433.47,0.0,XAUUSD,[sl 4433.47],
1896827562,2026-08-31 18:01:34,1788199294873,2026-08-31 18:01:34,1788199294879,0,4,0,2,4,901018,1896827562,0,3,0.01,0.0,4433.46,0.0,0.0,4436.43,0.0,XAUUSD,STR B7,
1896841526,2026-08-31 18:02:45,1788199365326,2026-08-31 18:02:52,1788199372680,0,4,0,2,4,901018,1896841526,0,3,0.01,0.0,4430.52,0.0,0.0,4430.57,0.0,XAUUSD,STR B5,
1896864835,2026-08-31 18:04:57,1788199497441,2026-08-31 18:05:04,1788199504015,0,4,0,2,4,901018,1896864835,0,3,0.01,0.0,4429.05,0.0,0.0,4429.13,0.0,XAUUSD,STR B4,
1896890789,2026-08-31 18:07:52,1788199672409,2026-08-31 18:07:57,1788199677585,0,1,0,1,4,901018,1896864835,0,4,0.01,0.0,4432.28,0.0,0.0,4432.28,0.0,XAUUSD,[sl 4432.28],
1896893004,2026-08-31 18:08:07,1788199687056,2026-08-31 18:08:07,1788199687113,0,1,0,1,4,901018,1896841526,0,4,0.01,0.0,4430.81,0.0,0.0,4430.81,0.0,XAUUSD,[sl 4430.81],
1896896458,2026-08-31 18:08:31,1788199711221,2026-08-31 18:08:59,1788199739701,0,4,0,2,4,901018,1896896458,0,3,0.01,0.0,4430.52,0.0,0.0,4430.52,0.0,XAUUSD,STR B5,
1896924495,2026-08-31 18:11:29,1788199889286,2026-08-31 18:11:29,1788199889289,0,1,0,1,4,901018,1896896458,0,4,0.01,0.0,4434.21,0.0,0.0,4434.21,0.0,XAUUSD,[sl 4434.21],
1896951051,2026-08-31 18:14:07,1788200047077,2026-08-31 18:14:07,1788200047083,0,1,0,1,4,901018,1896827562,0,4,0.01,0.0,4434.56,0.0,0.0,4434.56,0.0,XAUUSD,[sl 4434.56],
1896983464,2026-08-31 18:17:18,1788200238751,2026-08-31 18:21:52,1788200512636,0,4,0,2,4,901018,1896983464,0,3,0.01,0.0,4433.46,0.0,0.0,4434.32,0.0,XAUUSD,STR B7,
1896987867,2026-08-31 18:17:31,1788200251666,2026-08-31 18:17:37,1788200257400,0,4,0,2,4,901018,1896987867,0,3,0.01,0.0,4430.52,0.0,0.0,4430.63,0.0,XAUUSD,STR B5,
1897034046,2026-08-31 18:23:05,1788200585303,2026-08-31 18:23:05,1788200585331,0,1,0,1,4,901018,1896987867,0,4,0.01,0.0,4431.77,0.0,0.0,4431.77,0.0,XAUUSD,[sl 4431.77],
1897116052,2026-08-31 18:33:43,1788201223764,2026-08-31 18:33:47,1788201227016,0,4,0,2,4,901018,1897116052,0,3,0.01,0.0,4430.52,0.0,0.0,4430.52,0.0,XAUUSD,STR B5,
1897151628,2026-08-31 18:37:29,1788201449620,2026-08-31 18:37:49,1788201469490,0,4,0,2,4,901018,1897151628,0,3,0.01,0.0,4429.05,0.0,0.0,4429.05,0.0,XAUUSD,STR B4,
1897199369,2026-08-31 18:43:36,1788201816271,2026-08-31 18:43:43,1788201823026,0,4,0,2,4,901018,1897199369,0,3,0.01,0.0,4427.58,0.0,0.0,4427.78,0.0,XAUUSD,STR B3,
1897249256,2026-08-31 18:48:47,1788202127800,2026-08-31 18:48:47,1788202127807,0,1,0,1,4,901018,1897151628,0,4,0.01,0.0,4432.01,0.0,0.0,4432.01,0.0,XAUUSD,[sl 4432.01],
1897249258,2026-08-31 18:48:47,1788202127801,2026-08-31 18:48:47,1788202127809,0,1,0,1,4,901018,1897199369,0,4,0.01,0.0,4432.01,0.0,0.0,4432.01,0.0,XAUUSD,[sl 4432.01],
1897261052,2026-08-31 18:50:12,1788202212003,2026-08-31 18:50:12,1788202212004,0,1,0,1,4,901018,1897116052,0,4,0.01,0.0,4430.54,0.0,0.0,4430.54,0.0,XAUUSD,[sl 4430.54],
1897276310,2026-08-31 18:52:42,1788202362095,2026-08-31 18:53:00,1788202380113,0,4,0,2,4,901018,1897276310,0,3,0.01,0.0,4429.05,0.0,0.0,4429.05,0.0,XAUUSD,STR B4,
1897294220,2026-08-31 18:54:47,1788202487766,2026-08-31 18:54:49,1788202489160,0,4,0,2,4,901018,1897294220,0,3,0.01,0.0,4427.58,0.0,0.0,4427.6,0.0,XAUUSD,STR B3,
1897307050,2026-08-31 18:56:45,1788202605296,2026-08-31 18:56:46,1788202606614,0,4,0,2,4,901018,1897307050,0,3,0.01,0.0,4426.11,0.0,0.0,4427.57,0.0,XAUUSD,STR B2,
1897361699,2026-08-31 19:03:23,1788203003520,2026-08-31 19:03:23,1788203003528,0,1,0,1,4,901018,1897294220,0,4,0.01,0.0,4431.06,0.0,0.0,4431.06,0.0,XAUUSD,[sl 4431.06],
1897361701,2026-08-31 19:03:23,1788203003521,2026-08-31 19:03:23,1788203003533,0,1,0,1,4,901018,1897307050,0,4,0.01,0.0,4431.06,0.0,0.0,4431.06,0.0,XAUUSD,[sl 4431.06],
1897393931,2026-08-31 19:07:43,1788203263875,2026-08-31 19:07:44,1788203264266,0,1,0,1,4,901018,1897276310,0,4,0.01,0.0,4434.58,0.0,0.0,4434.58,0.0,XAUUSD,[sl 4434.58],
1897436626,2026-08-31 19:14:08,1788203648280,2026-08-31 19:14:08,1788203648281,0,1,0,1,4,901018,1896983464,0,4,0.01,0.0,4434.11,0.0,0.0,4434.11,0.0,XAUUSD,[sl 4434.11],
1897440633,2026-08-31 19:14:34,1788203674804,2026-08-31 19:14:36,1788203676296,0,4,0,2,4,901018,1897440633,0,3,0.01,0.0,4433.46,0.0,0.0,4433.46,0.0,XAUUSD,STR B7,
1897481958,2026-08-31 19:22:29,1788204149732,2026-08-31 19:22:29,1788204149837,0,1,0,1,4,901018,1897440633,0,4,0.01,0.0,4433.83,0.0,0.0,4433.83,0.0,XAUUSD,[sl 4433.83],
1897540467,2026-08-31 19:32:07,1788204727906,2026-08-31 19:32:07,1788204727917,0,1,0,1,4,901018,1895922316,0,4,0.01,0.0,4437.24,0.0,0.0,4437.24,0.0,XAUUSD,[sl 4437.24],
1897550262,2026-08-31 19:33:19,1788204799219,2026-08-31 19:33:24,1788204804694,0,4,0,2,4,901018,1897550262,0,3,0.01,0.0,4436.4,0.0,0.0,4436.43,0.0,XAUUSD,STR B9,
1897575889,2026-08-31 19:37:33,1788205053158,2026-08-31 19:41:00,1788205260434,0,4,0,2,4,901018,1897575889,0,3,0.01,0.0,4433.46,0.0,0.0,4433.46,0.0,XAUUSD,STR B7,
1897629653,2026-08-31 19:46:07,1788205567817,2026-08-31 19:46:07,1788205567840,0,1,0,1,4,901018,1897575889,0,4,0.01,0.0,4434.62,0.0,0.0,4434.62,0.0,XAUUSD,[sl 4434.62],
1897639721,2026-08-31 19:47:27,1788205647739,2026-08-31 19:47:39,1788205659889,0,4,0,2,4,901018,1897639721,0,3,0.01,0.0,4433.46,0.0,0.0,4433.51,0.0,XAUUSD,STR B7,
1897669761,2026-08-31 19:52:54,1788205974678,2026-08-31 19:52:54,1788205974688,0,1,0,1,4,901018,1897639721,0,4,0.01,0.0,4434.56,0.0,0.0,4434.56,0.0,XAUUSD,[sl 4434.56],
1897690629,2026-08-31 19:58:05,1788206285140,2026-08-31 19:58:36,1788206316035,0,4,0,2,4,901018,1897690629,0,3,0.01,0.0,4433.46,0.0,0.0,4433.53,0.0,XAUUSD,STR B7,
1897803600,2026-08-31 20:22:12,1788207732491,2026-08-31 20:22:12,1788207732495,0,1,0,1,4,901018,1897690629,0,4,0.01,0.0,4434.07,0.0,0.0,4434.07,0.0,XAUUSD,[sl 4434.07],
1897805366,2026-08-31 20:22:16,1788207736809,2026-08-31 20:22:30,1788207750654,0,4,0,2,4,901018,1897805366,0,3,0.01,0.0,4433.46,0.0,0.0,4433.54,0.0,XAUUSD,STR B7,
1897972396,2026-08-31 20:50:08,1788209408558,2026-08-31 20:50:08,1788209408560,0,1,0,1,4,901018,1897805366,0,4,0.01,0.0,4438.52,0.0,0.0,4438.52,0.0,XAUUSD,[sl 4438.52],
1897994822,2026-08-31 20:55:35,1788209735613,2026-08-31 20:55:35,1788209735619,0,1,0,1,4,901018,1897550262,0,4,0.01,0.0,4437.05,0.0,0.0,4437.05,0.0,XAUUSD,[sl 4437.05],
1898006296,2026-08-31 20:58:22,1788209902682,2026-08-31 20:58:53,1788209933379,0,4,0,2,4,901018,1898006296,0,3,0.01,0.0,4436.4,0.0,0.0,4436.4,0.0,XAUUSD,STR B9,
1898030738,2026-08-31 21:02:36,1788210156420,2026-08-31 21:14:50,1788210890904,0,4,0,2,4,901018,1898030738,0,3,0.01,0.0,4433.46,0.0,0.0,4433.49,0.0,XAUUSD,STR B7,
1898148727,2026-08-31 21:30:05,1788211805845,2026-08-31 21:40:16,1788212416309,0,4,0,2,4,901018,1898148727,0,3,0.01,0.0,4429.05,0.0,0.0,4429.11,0.0,XAUUSD,STR B4,
1898152723,2026-08-31 21:30:17,1788211817574,2026-08-31 21:30:19,1788211819770,0,4,0,2,4,901018,1898152723,0,3,0.01,0.0,4427.58,0.0,0.0,4427.62,0.0,XAUUSD,STR B3,
1898269168,2026-08-31 21:55:06,1788213306675,2026-08-31 21:55:06,1788213306756,0,1,0,1,4,901018,1898148727,0,4,0.01,0.0,4433.09,0.0,0.0,4433.09,0.0,XAUUSD,[sl 4433.09],
1898269169,2026-08-31 21:55:06,1788213306694,2026-08-31 21:55:06,1788213306776,0,1,0,1,4,901018,1898152723,0,4,0.01,0.0,4433.09,0.0,0.0,4433.09,0.0,XAUUSD,[sl 4433.09],
1898409845,2026-08-31 22:25:16,1788215116889,2026-08-31 22:25:16,1788215116955,0,1,0,1,4,901018,1898006296,0,4,0.01,0.0,4440.83,0.0,0.0,4440.83,0.0,XAUUSD,[sl 4440.83],
1898409848,2026-08-31 22:25:16,1788215116889,2026-08-31 22:25:16,1788215116961,0,1,0,1,4,901018,1898030738,0,4,0.01,0.0,4440.83,0.0,0.0,4440.83,0.0,XAUUSD,[sl 4440.83],
1898416963,2026-08-31 22:26:10,1788215170002,2026-08-31 22:26:10,1788215170136,0,1,0,1,4,901018,1895915695,0,4,0.01,0.0,4439.36,0.0,0.0,4439.36,0.0,XAUUSD,[sl 4439.36],
1898419752,2026-08-31 22:26:41,1788215201041,2026-08-31 22:26:43,1788215203932,0,4,0,2,4,901018,1898419752,0,3,0.01,0.0,4439.34,0.0,0.0,4439.34,0.0,XAUUSD,STR B11,
1898474788,2026-08-31 22:39:07,1788215947042,2026-08-31 22:39:07,1788215947540,0,1,0,1,4,901018,1898419752,0,4,0.01,0.0,4443.72,0.0,0.0,4443.72,0.0,XAUUSD,[sl 4443.72],
1898480982,2026-08-31 22:40:25,1788216025573,2026-08-31 22:40:25,1788216025636,0,1,0,1,4,901018,1895816968,0,4,0.01,0.0,4442.25,0.0,0.0,4442.25,0.0,XAUUSD,[sl 4442.25],
1898487771,2026-08-31 22:41:22,1788216082987,2026-08-31 22:42:47,1788216167180,0,4,0,2,4,901018,1898487771,0,3,0.01,0.0,4440.81,0.0,0.0,4440.84,0.0,XAUUSD,STR B12,
1898546817,2026-08-31 22:50:50,1788216650754,2026-08-31 22:50:50,1788216650759,0,1,0,1,4,901018,1895232949,0,4,0.03,0.0,4448.19,0.0,0.0,4448.19,0.0,XAUUSD,[sl 4448.19],
1898546819,2026-08-31 22:50:50,1788216650755,2026-08-31 22:50:50,1788216650763,0,1,0,1,4,901018,1895278684,0,4,0.03,0.0,4448.19,0.0,0.0,4448.19,0.0,XAUUSD,[sl 4448.19],
1898547507,2026-08-31 22:50:52,1788216652226,2026-08-31 22:50:52,1788216652242,0,1,0,1,4,901018,1895797536,0,4,0.01,0.0,4447.76,0.0,0.0,4447.76,0.0,XAUUSD,[sl 4447.76],
1898547509,2026-08-31 22:50:52,1788216652227,2026-08-31 22:50:52,1788216652269,0,1,0,1,4,901018,1898487771,0,4,0.01,0.0,4447.76,0.0,0.0,4447.76,0.0,XAUUSD,[sl 4447.76],
1898548236,2026-08-31 22:50:54,1788216654653,2026-08-31 22:50:57,1788216657984,0,4,0,2,4,901018,1898548236,0,3,0.03,0.0,4448.16,0.0,0.0,4448.22,0.0,XAUUSD,STR B17,
1898571148,2026-08-31 22:53:24,1788216804532,2026-08-31 22:53:24,1788216804550,0,1,0,1,4,901018,1895675024,0,4,0.01,0.0,4451.23,0.0,0.0,4451.23,0.0,XAUUSD,[sl 4451.23],
1898571149,2026-08-31 22:53:24,1788216804534,2026-08-31 22:53:24,1788216804565,0,1,0,1,4,901018,1898548236,0,4,0.03,0.0,4451.23,0.0,0.0,4451.23,0.0,XAUUSD,[sl 4451.23],
1898573209,2026-08-31 22:53:34,1788216814099,2026-08-31 22:53:34,1788216814299,0,1,0,1,4,901018,1895186196,0,4,0.03,0.0,4449.76,0.0,0.0,4449.76,0.0,XAUUSD,[sl 4449.76],
1898576470,2026-08-31 22:54:00,1788216840444,2026-08-31 22:54:21,1788216861045,0,4,0,2,4,901018,1898576470,0,3,0.03,0.0,4449.63,0.0,0.0,4449.63,0.0,XAUUSD,STR B18,
1898614729,2026-08-31 23:00:08,1788217208897,2026-08-31 23:00:09,1788217209103,0,1,0,1,4,901018,1898576470,0,4,0.03,0.0,4453.69,0.0,0.0,4453.69,0.0,XAUUSD,[sl 4453.69],
1898632606,2026-08-31 23:02:17,1788217337155,2026-08-31 23:02:17,1788217337158,0,1,0,1,4,901018,1895184664,0,4,0.03,0.0,4454.17,0.0,0.0,4454.17,0.0,XAUUSD,[sl 4454.17],
1898645046,2026-08-31 23:04:58,1788217498424,2026-08-31 23:04:58,1788217498428,0,1,0,1,4,901018,1895140256,0,4,0.03,0.0,4452.86,0.0,0.0,4452.86,0.0,XAUUSD,[sl 4452.86],
1898649199,2026-08-31 23:05:38,1788217538929,2026-08-31 23:05:42,1788217542359,0,4,0,2,4,901018,1898649199,0,3,0.03,0.0,4452.57,0.0,0.0,4452.57,0.0,XAUUSD,STR B20,
1898687807,2026-08-31 23:18:25,1788218305157,2026-08-31 23:18:47,1788218327326,0,4,0,2,4,901018,1898687807,0,3,0.03,0.0,4449.63,0.0,0.0,4449.65,0.0,XAUUSD,STR B18,
1898695477,2026-08-31 23:20:25,1788218425944,2026-08-31 23:20:37,1788218437659,0,4,0,2,4,901018,1898695477,0,3,0.03,0.0,4448.16,0.0,0.0,4448.25,0.0,XAUUSD,STR B17,
1898668092,2026-08-31 23:12:36,1788217956654,2026-09-01 02:58:04,1788231484301,0,4,0,2,4,901018,1898668092,0,3,0.03,0.0,4451.1,0.0,0.0,4451.35,0.0,XAUUSD,STR B19,
1898796098,2026-09-01 03:00:12,1788231612613,2026-09-01 03:00:12,1788231612619,0,1,0,1,4,901018,1898687807,0,4,0.03,0.0,4452.7,0.0,0.0,4452.7,0.0,XAUUSD,[sl 4452.70],
1898796100,2026-09-01 03:00:12,1788231612613,2026-09-01 03:00:12,1788231612620,0,1,0,1,4,901018,1898695477,0,4,0.03,0.0,4452.7,0.0,0.0,4452.7,0.0,XAUUSD,[sl 4452.70],
1898797283,2026-09-01 03:00:18,1788231618770,2026-09-01 03:00:18,1788231618772,0,1,0,1,4,901018,1898668092,0,4,0.03,0.0,4451.23,0.0,0.0,4451.23,0.0,XAUUSD,[sl 4451.23],
1898805641,2026-09-01 03:01:19,1788231679055,2026-09-01 03:01:27,1788231687728,0,4,0,2,4,901018,1898805641,0,3,0.03,0.0,4451.1,0.0,0.0,4451.1,0.0,XAUUSD,STR B19,
1898829736,2026-09-01 03:06:14,1788231974369,2026-09-01 03:06:14,1788231974396,0,1,0,1,4,901018,1898805641,0,4,0.03,0.0,4451.34,0.0,0.0,4451.34,0.0,XAUUSD,[sl 4451.34],
1898861387,2026-09-01 03:12:02,1788232322792,2026-09-01 03:12:03,1788232323039,0,1,0,1,4,901018,1898649199,0,4,0.03,0.0,4455.95,0.0,0.0,4455.95,0.0,XAUUSD,[sl 4455.95],
1898865038,2026-09-01 03:12:29,1788232349366,2026-09-01 03:12:29,1788232349581,0,1,0,1,4,901018,1895134893,0,4,0.03,0.0,4454.48,0.0,0.0,4454.48,0.0,XAUUSD,[sl 4454.48],
1898866307,2026-09-01 03:12:33,1788232353420,2026-09-01 03:12:49,1788232369441,0,4,0,2,4,901018,1898866307,0,3,0.03,0.0,4454.04,0.0,0.0,4454.88,0.0,XAUUSD,STR B21,
1898885550,2026-09-01 03:15:01,1788232501443,2026-09-01 03:15:01,1788232501469,0,1,0,1,4,901018,1898866307,0,4,0.03,0.0,4455.06,0.0,0.0,4455.06,0.0,XAUUSD,[sl 4455.06],
1898889588,2026-09-01 03:15:24,1788232524682,2026-09-01 03:15:26,1788232526872,0,4,0,2,4,901018,1898889588,0,3,0.03,0.0,4454.04,0.0,0.0,4454.07,0.0,XAUUSD,STR B21,
1898930750,2026-09-01 03:22:25,1788232945430,2026-09-01 03:22:25,1788232945491,0,1,0,1,4,901018,1895037358,0,4,0.03,0.0,4459.92,0.0,0.0,4459.92,0.0,XAUUSD,[sl 4459.92],
1898930751,2026-09-01 03:22:25,1788232945430,2026-09-01 03:22:25,1788232945492,0,1,0,1,4,901018,1895123318,0,4,0.03,0.0,4459.92,0.0,0.0,4459.92,0.0,XAUUSD,[sl 4459.92],
1898930752,2026-09-01 03:22:25,1788232945430,2026-09-01 03:22:25,1788232945492,0,1,0,1,4,901018,1898889588,0,4,0.03,0.0,4459.92,0.0,0.0,4459.92,0.0,XAUUSD,[sl 4459.92],
1898935647,2026-09-01 03:23:21,1788233001005,2026-09-01 03:23:21,1788233001010,0,1,0,1,4,901018,1894800458,0,4,0.03,0.0,4458.45,0.0,0.0,4458.45,0.0,XAUUSD,[sl 4458.45],
1898938690,2026-09-01 03:24:04,1788233044785,2026-09-01 03:24:05,1788233045665,0,4,0,2,4,901018,1898938690,0,3,0.03,0.0,4458.45,0.0,0.0,4458.56,0.0,XAUUSD,STR B24,
1898983379,2026-09-01 03:33:59,1788233639176,2026-09-01 03:34:05,1788233645435,0,4,0,2,4,901018,1898983379,0,3,0.03,0.0,4456.98,0.0,0.0,4457.08,0.0,XAUUSD,STR B23,
1898997137,2026-09-01 03:37:04,1788233824702,2026-09-01 03:37:12,1788233832787,0,4,0,2,4,901018,1898997137,0,3,0.03,0.0,4455.51,0.0,0.0,4455.52,0.0,XAUUSD,STR B22,
1899002067,2026-09-01 03:37:48,1788233868665,2026-09-01 03:37:54,1788233874055,0,4,0,2,4,901018,1899002067,0,3,0.03,0.0,4454.04,0.0,0.0,4454.07,0.0,XAUUSD,STR B21,
1899029881,2026-09-01 03:44:31,1788234271458,2026-09-01 03:44:33,1788234273125,0,4,0,2,4,901018,1899029881,0,3,0.03,0.0,4452.57,0.0,0.0,4452.57,0.0,XAUUSD,STR B20,
1899080320,2026-09-01 03:53:06,1788234786293,2026-09-01 03:53:06,1788234786423,0,1,0,1,4,901018,1898997137,0,4,0.03,0.0,4459.9,0.0,0.0,4459.9,0.0,XAUUSD,[sl 4459.90],
1899080321,2026-09-01 03:53:06,1788234786294,2026-09-01 03:53:06,1788234786425,0,1,0,1,4,901018,1899002067,0,4,0.03,0.0,4459.9,0.0,0.0,4459.9,0.0,XAUUSD,[sl 4459.90],
1899080322,2026-09-01 03:53:06,1788234786294,2026-09-01 03:53:06,1788234786426,0,1,0,1,4,901018,1899029881,0,4,0.03,0.0,4459.9,0.0,0.0,4459.9,0.0,XAUUSD,[sl 4459.90],
1899083969,2026-09-01 03:53:33,1788234813724,2026-09-01 03:53:33,1788234813740,0,1,0,1,4,901018,1898983379,0,4,0.03,0.0,4458.43,0.0,0.0,4458.43,0.0,XAUUSD,[sl 4458.43],
1899092464,2026-09-01 03:55:12,1788234912115,2026-09-01 03:55:44,1788234944643,0,4,0,2,4,901018,1899092464,0,3,0.03,0.0,4456.98,0.0,0.0,4457.04,0.0,XAUUSD,STR B23,
1899100197,2026-09-01 03:57:09,1788235029553,2026-09-01 04:01:08,1788235268170,0,4,0,2,4,901018,1899100197,0,3,0.03,0.0,4455.51,0.0,0.0,4455.58,0.0,XAUUSD,STR B22,
1899106848,2026-09-01 03:58:34,1788235114985,2026-09-01 03:59:32,1788235172810,0,4,0,2,4,901018,1899106848,0,3,0.03,0.0,4454.04,0.0,0.0,4454.08,0.0,XAUUSD,STR B21,
1899109776,2026-09-01 03:59:01,1788235141974,2026-09-01 03:59:05,1788235145288,0,4,0,2,4,901018,1899109776,0,3,0.03,0.0,4452.57,0.0,0.0,4452.81,0.0,XAUUSD,STR B20,
1899121325,2026-09-01 04:00:10,1788235210156,2026-09-01 04:00:25,1788235225288,0,4,0,2,4,901018,1899121325,0,3,0.03,0.0,4451.1,0.0,0.0,4451.2,0.0,XAUUSD,STR B19,
1899122395,2026-09-01 04:00:11,1788235211859,2026-09-01 04:00:12,1788235212212,0,4,0,2,4,901018,1899122395,0,3,0.03,0.0,4449.63,0.0,0.0,4449.65,0.0,XAUUSD,STR B18,
1899134439,2026-09-01 04:01:14,1788235274377,2026-09-01 04:01:14,1788235274380,0,1,0,1,4,901018,1899121325,0,4,0.03,0.0,4455.41,0.0,0.0,4455.41,0.0,XAUUSD,[sl 4455.41],
1899134441,2026-09-01 04:01:14,1788235274378,2026-09-01 04:01:14,1788235274382,0,1,0,1,4,901018,1899122395,0,4,0.03,0.0,4455.41,0.0,0.0,4455.41,0.0,XAUUSD,[sl 4455.41],
1899135921,2026-09-01 04:01:23,1788235283736,2026-09-01 04:01:23,1788235283749,0,1,0,1,4,901018,1899109776,0,4,0.03,0.0,4453.94,0.0,0.0,4453.94,0.0,XAUUSD,[sl 4453.94],
1899143192,2026-09-01 04:02:22,1788235342542,2026-09-01 04:02:22,1788235342851,0,4,0,2,4,901018,1899143192,0,3,0.03,0.0,4452.57,0.0,0.0,4452.76,0.0,XAUUSD,STR B20,
1899149755,2026-09-01 04:03:27,1788235407944,2026-09-01 04:03:32,1788235412707,0,4,0,2,4,901018,1899149755,0,3,0.03,0.0,4451.1,0.0,0.0,4451.11,0.0,XAUUSD,STR B19,
1899151264,2026-09-01 04:03:39,1788235419746,2026-09-01 04:03:59,1788235439022,0,4,0,2,4,901018,1899151264,0,3,0.03,0.0,4449.63,0.0,0.0,4449.63,0.0,XAUUSD,STR B18,
1899164945,2026-09-01 04:05:54,1788235554758,2026-09-01 04:06:17,1788235577454,0,4,0,2,4,901018,1899164945,0,3,0.03,0.0,4448.16,0.0,0.0,4448.17,0.0,XAUUSD,STR B17,
1899192039,2026-09-01 04:10:26,1788235826754,2026-09-01 04:10:28,1788235828220,0,4,0,2,4,901018,1899192039,0,3,0.03,0.0,4446.69,0.0,0.0,4446.79,0.0,XAUUSD,STR B16,
1899227508,2026-09-01 04:15:17,1788236117318,2026-09-01 04:15:27,1788236127458,0,4,0,2,4,901018,1899227508,0,3,0.01,0.0,4445.22,0.0,0.0,4445.23,0.0,XAUUSD,STR B15,
1899278421,2026-09-01 04:22:52,1788236572358,2026-09-01 04:22:56,1788236576415,0,4,0,2,4,901018,1899278421,0,3,0.01,0.0,4440.81,0.0,0.0,4441.33,0.0,XAUUSD,STR B12,
1899290971,2026-09-01 04:24:13,1788236653562,2026-09-01 04:24:16,1788236656830,0,4,0,2,4,901018,1899290971,0,3,0.01,0.0,4439.34,0.0,0.0,4439.38,0.0,XAUUSD,STR B11,
1899379269,2026-09-01 04:37:36,1788237456203,2026-09-01 04:37:36,1788237456206,0,1,0,1,4,901018,1899278421,0,4,0.01,0.0,4444.14,0.0,0.0,4444.14,0.0,XAUUSD,[sl 4444.14],
1899379270,2026-09-01 04:37:36,1788237456203,2026-09-01 04:37:36,1788237456208,0,1,0,1,4,901018,1899290971,0,4,0.01,0.0,4444.14,0.0,0.0,4444.14,0.0,XAUUSD,[sl 4444.14],
1899471663,2026-09-01 04:52:54,1788238374790,2026-09-01 04:52:56,1788238376338,0,4,0,2,4,901018,1899471663,0,3,0.01,0.0,4440.81,0.0,0.0,4440.81,0.0,XAUUSD,STR B12,
1899522346,2026-09-01 05:01:29,1788238889319,2026-09-01 05:01:29,1788238889348,0,1,0,1,4,901018,1899471663,0,4,0.01,0.0,4443.91,0.0,0.0,4443.91,0.0,XAUUSD,[sl 4443.91],
1899562137,2026-09-01 05:07:56,1788239276315,2026-09-01 05:07:56,1788239276324,0,1,0,1,4,901018,1899227508,0,4,0.01,0.0,4445.73,0.0,0.0,4445.73,0.0,XAUUSD,[sl 4445.73],
1899566406,2026-09-01 05:08:13,1788239293790,2026-09-01 05:10:49,1788239449342,0,4,0,2,4,901018,1899566406,0,3,0.01,0.0,4445.22,0.0,0.0,4445.32,0.0,XAUUSD,STR B15,
1899604993,2026-09-01 05:13:29,1788239609777,2026-09-01 05:13:29,1788239609898,0,1,0,1,4,901018,1899566406,0,4,0.01,0.0,4446.1,0.0,0.0,4446.1,0.0,XAUUSD,[sl 4446.10],
1899608317,2026-09-01 05:13:42,1788239622834,2026-09-01 05:14:35,1788239675031,0,4,0,2,4,901018,1899608317,0,3,0.01,0.0,4445.22,0.0,0.0,4445.22,0.0,XAUUSD,STR B15,
1899648734,2026-09-01 05:23:40,1788240220969,2026-09-01 05:23:40,1788240220975,0,1,0,1,4,901018,1899608317,0,4,0.01,0.0,4445.38,0.0,0.0,4445.38,0.0,XAUUSD,[sl 4445.38],
1899680872,2026-09-01 05:30:01,1788240601084,2026-09-01 05:30:01,1788240601968,0,4,0,2,4,901018,1899680872,0,3,0.01,0.0,4440.81,0.0,0.0,4440.93,0.0,XAUUSD,STR B12,
1899686993,2026-09-01 05:30:23,1788240623294,2026-09-01 05:31:56,1788240716851,0,4,0,2,4,901018,1899686993,0,3,0.01,0.0,4439.34,0.0,0.0,4439.52,0.0,XAUUSD,STR B11,
1899696842,2026-09-01 05:31:17,1788240677582,2026-09-01 05:31:25,1788240685715,0,4,0,2,4,901018,1899696842,0,3,0.01,0.0,4436.4,0.0,0.0,4436.55,0.0,XAUUSD,STR B9,
1899722615,2026-09-01 05:34:58,1788240898368,2026-09-01 05:34:58,1788240898372,0,1,0,1,4,901018,1899696842,0,4,0.01,0.0,4437.5,0.0,0.0,4437.5,0.0,XAUUSD,[sl 4437.50],
1899725743,2026-09-01 05:35:15,1788240915675,2026-09-01 05:41:36,1788241296044,0,4,0,2,4,901018,1899725743,0,3,0.01,0.0,4436.4,0.0,0.0,4436.43,0.0,XAUUSD,STR B9,
1899743735,2026-09-01 05:37:39,1788241059223,2026-09-01 05:38:24,1788241104040,0,4,0,2,4,901018,1899743735,0,3,0.01,0.0,4433.46,0.0,0.0,4433.49,0.0,XAUUSD,STR B7,
1899778318,2026-09-01 05:43:48,1788241428707,2026-09-01 05:43:48,1788241428745,0,1,0,1,4,901018,1899743735,0,4,0.01,0.0,4434.06,0.0,0.0,4434.06,0.0,XAUUSD,[sl 4434.06],
1899779346,2026-09-01 05:43:49,1788241429999,2026-09-01 05:48:19,1788241699761,0,4,0,2,4,901018,1899779346,0,3,0.01,0.0,4433.46,0.0,0.0,4433.86,0.0,XAUUSD,STR B7,
1899794901,2026-09-01 05:45:39,1788241539795,2026-09-01 05:45:52,1788241552206,0,4,0,2,4,901018,1899794901,0,3,0.01,0.0,4429.05,0.0,0.0,4429.08,0.0,XAUUSD,STR B4,
1899832230,2026-09-01 05:50:34,1788241834921,2026-09-01 05:50:34,1788241834923,0,1,0,1,4,901018,1899794901,0,4,0.01,0.0,4434.64,0.0,0.0,4434.64,0.0,XAUUSD,[sl 4434.64],
1899855405,2026-09-01 05:54:31,1788242071719,2026-09-01 05:54:31,1788242071733,0,1,0,1,4,901018,1899779346,0,4,0.01,0.0,4438.72,0.0,0.0,4438.72,0.0,XAUUSD,[sl 4438.72],
1899884431,2026-09-01 06:00:30,1788242430050,2026-09-01 06:00:30,1788242430191,0,1,0,1,4,901018,1899686993,0,4,0.01,0.0,4442.57,0.0,0.0,4442.57,0.0,XAUUSD,[sl 4442.57],
1899884432,2026-09-01 06:00:30,1788242430050,2026-09-01 06:00:30,1788242430191,0,1,0,1,4,901018,1899725743,0,4,0.01,0.0,4442.57,0.0,0.0,4442.57,0.0,XAUUSD,[sl 4442.57],
1899895074,2026-09-01 06:02:19,1788242539759,2026-09-01 06:02:19,1788242539765,0,1,0,1,4,901018,1899680872,0,4,0.01,0.0,4441.1,0.0,0.0,4441.1,0.0,XAUUSD,[sl 4441.10],
1899902950,2026-09-01 06:03:42,1788242622444,2026-09-01 06:04:48,1788242688979,0,4,0,2,4,901018,1899902950,0,3,0.01,0.0,4440.81,0.0,0.0,4440.83,0.0,XAUUSD,STR B12,
1899940949,2026-09-01 06:13:51,1788243231411,2026-09-01 06:13:53,1788243233166,0,4,0,2,4,901018,1899940949,0,3,0.01,0.0,4439.34,0.0,0.0,4439.4,0.0,XAUUSD,STR B11,
1899967884,2026-09-01 06:20:08,1788243608812,2026-09-01 06:20:13,1788243613206,0,4,0,2,4,901018,1899967884,0,3,0.01,0.0,4436.4,0.0,0.0,4436.46,0.0,XAUUSD,STR B9,
1899992235,2026-09-01 06:24:33,1788243873693,2026-09-01 06:27:00,1788244020815,0,4,0,2,4,901018,1899992235,0,3,0.01,0.0,4433.46,0.0,0.0,4433.49,0.0,XAUUSD,STR B7,
