ticket,order,time,time_msc,type,entry,magic,position_id,reason,volume,price,commission,swap,profit,fee,symbol,comment,external_id
3347105,0,2026-08-21 12:48:18,1787316498147,2,0,0,0,0,0.0,0.0,0.0,0.0,1000.0,0.0,,Deposit from #USDT TRC20,
3347335,9525735,2026-08-21 13:03:11,1787317391986,0,0,26011001,9525735,3,0.01,4592.61,0.0,0.0,0.0,0.0,XAUUSD.u,STR B1,
3347388,9525738,2026-08-21 13:03:49,1787317429402,0,0,26011001,9525738,3,0.01,4594.14,0.0,0.0,0.0,0.0,XAUUSD.u,STR B2,
3347652,9525737,2026-08-21 13:12:25,1787317945331,1,0,26011001,9525737,3,0.01,4589.55,0.0,0.0,0.0,0.0,XAUUSD.u,STR S1,
3347877,9525740,2026-08-21 13:18:21,1787318301702,0,0,26011001,9525740,3,0.01,4595.67,0.0,0.0,0.0,0.0,XAUUSD.u,STR B3,
3347914,9525742,2026-08-21 13:18:42,1787318322823,0,0,26011001,9525742,3,0.01,4597.2,0.0,0.0,0.0,0.0,XAUUSD.u,STR B4,
3347949,9527049,2026-08-21 13:19:14,1787318354728,1,1,26011001,9525735,4,0.01,4596.32,0.0,0.0,3.71,0.0,XAUUSD.u,[sl 4596.32],
3347998,9525744,2026-08-21 13:21:17,1787318477482,0,0,26011001,9525744,3,0.01,4598.73,0.0,0.0,0.0,0.0,XAUUSD.u,STR B5,
3348054,9525746,2026-08-21 13:22:26,1787318546307,0,0,26011001,9525746,3,0.01,4600.26,0.0,0.0,0.0,0.0,XAUUSD.u,STR B6,
3348075,9527287,2026-08-21 13:22:28,1787318548450,1,1,26011001,9525738,4,0.01,4599.62,0.0,0.0,5.48,0.0,XAUUSD.u,[sl 4599.62],
3348076,9527288,2026-08-21 13:22:28,1787318548450,1,1,26011001,9525740,4,0.01,4599.62,0.0,0.0,3.95,0.0,XAUUSD.u,[sl 4599.62],
3348078,9527293,2026-08-21 13:22:30,1787318550708,1,1,26011001,9525742,4,0.01,4598.08,0.0,0.0,0.88,0.0,XAUUSD.u,[sl 4598.08],
3348109,9527361,2026-08-21 13:23:17,1787318597271,0,0,26011001,9527361,3,0.01,4597.2,0.0,0.0,0.0,0.0,XAUUSD.u,STR B4,
3348229,9527558,2026-08-21 13:24:51,1787318691457,1,1,26011001,9527361,4,0.01,4597.39,0.0,0.0,0.19,0.0,XAUUSD.u,[sl 4597.39],
3348237,9527572,2026-08-21 13:25:02,1787318702393,0,0,26011001,9527572,3,0.01,4597.2,0.0,0.0,0.0,0.0,XAUUSD.u,STR B4,
3348635,9525748,2026-08-21 13:36:35,1787319395118,0,0,26011001,9525748,3,0.01,4601.79,0.0,0.0,0.0,0.0,XAUUSD.u,STR B7,
3348747,9525751,2026-08-21 13:37:19,1787319439494,0,0,26011001,9525751,3,0.01,4603.32,0.0,0.0,0.0,0.0,XAUUSD.u,STR B8,
3350098,9525739,2026-08-21 14:18:32,1787321912989,1,0,26011001,9525739,3,0.01,4588.02,0.0,0.0,0.0,0.0,XAUUSD.u,STR S2,
3350133,9525741,2026-08-21 14:18:58,1787321938850,1,0,26011001,9525741,3,0.01,4586.49,0.0,0.0,0.0,0.0,XAUUSD.u,STR S3,
3350195,9525743,2026-08-21 14:20:56,1787322056007,1,0,26011001,9525743,3,0.01,4584.96,0.0,0.0,0.0,0.0,XAUUSD.u,STR S4,
3350218,9525745,2026-08-21 14:21:06,1787322066953,1,0,26011001,9525745,3,0.01,4583.43,0.0,0.0,0.0,0.0,XAUUSD.u,STR S5,
3350417,9525747,2026-08-21 14:30:19,1787322619567,1,0,26011001,9525747,3,0.01,4581.9,0.0,0.0,0.0,0.0,XAUUSD.u,STR S6,
3350434,9525749,2026-08-21 14:30:26,1787322626498,1,0,26011001,9525749,3,0.01,4580.37,0.0,0.0,0.0,0.0,XAUUSD.u,STR S7,
3350519,9525755,2026-08-21 14:32:46,1787322766055,1,0,26011001,9525755,3,0.01,4578.84,0.0,0.0,0.0,0.0,XAUUSD.u,STR S8,
3350571,9525757,2026-08-21 14:32:49,1787322769308,1,0,26011001,9525757,3,0.01,4577.31,0.0,0.0,0.0,0.0,XAUUSD.u,STR S9,
3350669,9525759,2026-08-21 14:35:20,1787322920032,1,0,26011001,9525759,3,0.01,4575.78,0.0,0.0,0.0,0.0,XAUUSD.u,STR S10,
3350693,9525761,2026-08-21 14:35:29,1787322929023,1,0,26011001,9525761,3,0.05,4574.25,0.0,0.0,0.0,0.0,XAUUSD.u,STR S11,
3350710,9525763,2026-08-21 14:35:39,1787322939053,1,0,26011001,9525763,3,0.05,4572.72,0.0,0.0,0.0,0.0,XAUUSD.u,STR S12,
3350733,9525765,2026-08-21 14:35:54,1787322954466,1,0,26011001,9525765,3,0.05,4571.19,0.0,0.0,0.0,0.0,XAUUSD.u,STR S13,
3350740,9533636,2026-08-21 14:35:57,1787322957586,0,1,26011001,9525765,3,0.05,4571.15,0.0,0.0,0.2,0.0,XAUUSD.u,STR CLOSE,
3350741,9533637,2026-08-21 14:35:57,1787322957699,0,1,26011001,9525763,3,0.05,4571.15,0.0,0.0,7.85,0.0,XAUUSD.u,STR CLOSE,
3350742,9533638,2026-08-21 14:35:57,1787322957811,0,1,26011001,9525761,3,0.05,4571.09,0.0,0.0,15.8,0.0,XAUUSD.u,STR CLOSE,
3350743,9533639,2026-08-21 14:35:57,1787322957924,0,1,26011001,9525759,3,0.01,4571.09,0.0,0.0,4.6899999999999995,0.0,XAUUSD.u,STR CLOSE,
3350744,9533640,2026-08-21 14:35:58,1787322958037,0,1,26011001,9525757,3,0.01,4571.09,0.0,0.0,6.22,0.0,XAUUSD.u,STR CLOSE,
3350745,9533641,2026-08-21 14:35:58,1787322958150,0,1,26011001,9525755,3,0.01,4571.16,0.0,0.0,7.68,0.0,XAUUSD.u,STR CLOSE,
3350746,9533642,2026-08-21 14:35:58,1787322958264,0,1,26011001,9525749,3,0.01,4571.15,0.0,0.0,9.22,0.0,XAUUSD.u,STR CLOSE,
3350747,9533643,2026-08-21 14:35:58,1787322958377,0,1,26011001,9525747,3,0.01,4571.15,0.0,0.0,10.75,0.0,XAUUSD.u,STR CLOSE,
3350748,9533644,2026-08-21 14:35:58,1787322958490,0,1,26011001,9525745,3,0.01,4571.05,0.0,0.0,12.38,0.0,XAUUSD.u,STR CLOSE,
3350749,9533645,2026-08-21 14:35:58,1787322958602,0,1,26011001,9525743,3,0.01,4571.05,0.0,0.0,13.91,0.0,XAUUSD.u,STR CLOSE,
3350750,9533646,2026-08-21 14:35:58,1787322958715,0,1,26011001,9525741,3,0.01,4571.05,0.0,0.0,15.44,0.0,XAUUSD.u,STR CLOSE,
3350751,9533647,2026-08-21 14:35:58,1787322958828,0,1,26011001,9525739,3,0.01,4571.05,0.0,0.0,16.97,0.0,XAUUSD.u,STR CLOSE,
3350967,9533693,2026-08-21 14:38:52,1787323132769,1,0,26011001,9533693,3,0.01,4569.09,0.0,0.0,0.0,0.0,XAUUSD.u,STR S1,
3350984,9533698,2026-08-21 14:38:57,1787323137840,1,0,26011001,9533698,3,0.01,4567.57,0.0,0.0,0.0,0.0,XAUUSD.u,STR S2,
3351038,9533702,2026-08-21 14:39:26,1787323166719,1,0,26011001,9533702,3,0.01,4566.05,0.0,0.0,0.0,0.0,XAUUSD.u,STR S3,
3351085,9533707,2026-08-21 14:39:57,1787323197738,1,0,26011001,9533707,3,0.01,4564.53,0.0,0.0,0.0,0.0,XAUUSD.u,STR S4,
3351121,9534149,2026-08-21 14:40:21,1787323221975,0,1,26011001,9533693,4,0.01,4565.09,0.0,0.0,4.0,0.0,XAUUSD.u,[sl 4565.09],
3351139,9534167,2026-08-21 14:40:33,1787323233348,0,1,26011001,9533698,4,0.01,4566.6,0.0,0.0,0.97,0.0,XAUUSD.u,[sl 4566.60],
3351154,9534176,2026-08-21 14:40:47,1787323247240,1,0,26011001,9534176,3,0.01,4567.57,0.0,0.0,0.0,0.0,XAUUSD.u,STR S2,
3351178,9534205,2026-08-21 14:41:22,1787323282307,1,0,26011001,9534205,3,0.01,4569.09,0.0,0.0,0.0,0.0,XAUUSD.u,STR S1,
3351241,9533692,2026-08-21 14:42:17,1787323337472,0,0,26011001,9533692,3,0.01,4572.13,0.0,0.0,0.0,0.0,XAUUSD.u,STR B1,
3351307,9533694,2026-08-21 14:43:26,1787323406914,0,0,26011001,9533694,3,0.01,4573.65,0.0,0.0,0.0,0.0,XAUUSD.u,STR B2,
3351349,9533700,2026-08-21 14:43:40,1787323420492,0,0,26011001,9533700,3,0.01,4575.17,0.0,0.0,0.0,0.0,XAUUSD.u,STR B3,
3351403,9534515,2026-08-21 14:44:37,1787323477687,1,1,26011001,9533692,4,0.01,4572.85,0.0,0.0,0.72,0.0,XAUUSD.u,[sl 4572.85],
3351477,9533705,2026-08-21 14:46:00,1787323560437,0,0,26011001,9533705,3,0.01,4576.69,0.0,0.0,0.0,0.0,XAUUSD.u,STR B4,
3351559,9533709,2026-08-21 14:48:05,1787323685042,0,0,26011001,9533709,3,0.01,4578.21,0.0,0.0,0.0,0.0,XAUUSD.u,STR B5,
3351610,9534915,2026-08-21 14:49:25,1787323765324,1,1,26011001,9533694,4,0.01,4577.92,0.0,0.0,4.27,0.0,XAUUSD.u,[sl 4577.92],
3351714,9533712,2026-08-21 14:50:09,1787323809506,0,0,26011001,9533712,3,0.01,4579.73,0.0,0.0,0.0,0.0,XAUUSD.u,STR B6,
3351740,9535126,2026-08-21 14:51:02,1787323862292,1,1,26011001,9533700,4,0.01,4578.62,0.0,0.0,3.45,0.0,XAUUSD.u,[sl 4578.62],
3351778,9535256,2026-08-21 14:52:37,1787323957527,1,1,26011001,9533705,4,0.01,4577.08,0.0,0.0,0.39,0.0,XAUUSD.u,[sl 4577.08],
3351953,9535657,2026-08-21 14:57:14,1787324234851,0,0,26011001,9535657,3,0.01,4576.69,0.0,0.0,0.0,0.0,XAUUSD.u,STR B4,
3351991,9535795,2026-08-21 14:59:01,1787324341424,0,0,26011001,9535795,3,0.01,4575.17,0.0,0.0,0.0,0.0,XAUUSD.u,STR B3,
3352019,9533717,2026-08-21 15:00:35,1787324435577,0,0,26011001,9533717,3,0.01,4581.25,0.0,0.0,0.0,0.0,XAUUSD.u,STR B7,
3352068,9533721,2026-08-21 15:00:50,1787324450426,0,0,26011001,9533721,3,0.01,4582.77,0.0,0.0,0.0,0.0,XAUUSD.u,STR B8,
3352082,9535992,2026-08-21 15:01:10,1787324470529,1,1,26011001,9533709,4,0.01,4581.32,0.0,0.0,3.11,0.0,XAUUSD.u,[sl 4581.32],
3352083,9535993,2026-08-21 15:01:10,1787324470529,1,1,26011001,9535657,4,0.01,4581.32,0.0,0.0,4.63,0.0,XAUUSD.u,[sl 4581.32],
3352084,9535994,2026-08-21 15:01:10,1787324470529,1,1,26011001,9535795,4,0.01,4581.32,0.0,0.0,6.15,0.0,XAUUSD.u,[sl 4581.32],
3352086,9536001,2026-08-21 15:01:15,1787324475707,1,1,26011001,9533712,4,0.01,4579.79,0.0,0.0,0.06,0.0,XAUUSD.u,[sl 4579.79],
3352087,9536003,2026-08-21 15:01:16,1787324476524,0,0,26011001,9536003,3,0.01,4579.73,0.0,0.0,0.0,0.0,XAUUSD.u,STR B6,
3352146,9533726,2026-08-21 15:03:01,1787324581659,0,0,26011001,9533726,3,0.01,4584.29,0.0,0.0,0.0,0.0,XAUUSD.u,STR B9,
3352177,9536251,2026-08-21 15:03:20,1787324600235,1,1,26011001,9536003,4,0.01,4583.1,0.0,0.0,3.37,0.0,XAUUSD.u,[sl 4583.10],
3352188,9536279,2026-08-21 15:03:35,1787324615501,1,1,26011001,9533717,4,0.01,4581.56,0.0,0.0,0.31,0.0,XAUUSD.u,[sl 4581.56],
3352191,9536280,2026-08-21 15:03:37,1787324617223,0,0,26011001,9536280,3,0.01,4581.25,0.0,0.0,0.0,0.0,XAUUSD.u,STR B7,
3352258,9536561,2026-08-21 15:07:49,1787324869957,0,0,26011001,9536561,3,0.01,4579.73,0.0,0.0,0.0,0.0,XAUUSD.u,STR B6,
3352305,9536699,2026-08-21 15:09:40,1787324980817,1,1,26011001,9536561,4,0.01,4580.26,0.0,0.0,0.53,0.0,XAUUSD.u,[sl 4580.26],
3352306,9536700,2026-08-21 15:09:41,1787324981671,0,0,26011001,9536700,3,0.01,4579.73,0.0,0.0,0.0,0.0,XAUUSD.u,STR B6,
3352347,9536835,2026-08-21 15:11:23,1787325083925,1,1,26011001,9536700,3,0.01,4585.15,0.0,0.0,5.42,0.0,XAUUSD.u,STR CLOSE,
3352349,9536837,2026-08-21 15:11:24,1787325084038,1,1,26011001,9536280,3,0.01,4585.13,0.0,0.0,3.88,0.0,XAUUSD.u,STR CLOSE,
3352350,9536838,2026-08-21 15:11:24,1787325084150,0,1,26011001,9534205,3,0.01,4585.27,0.0,0.0,-16.18,0.0,XAUUSD.u,STR CLOSE,
3352351,9536839,2026-08-21 15:11:24,1787325084262,1,1,26011001,9533726,3,0.01,4585.35,0.0,0.0,1.06,0.0,XAUUSD.u,STR CLOSE,
3352352,9536841,2026-08-21 15:11:24,1787325084375,1,1,26011001,9533721,3,0.01,4585.35,0.0,0.0,2.58,0.0,XAUUSD.u,STR CLOSE,
3352388,9536857,2026-08-21 15:11:58,1787325118006,1,0,26011001,9536857,3,0.01,4585.1,0.0,0.0,0.0,0.0,XAUUSD.u,STR S1,
3352753,9536861,2026-08-21 15:14:16,1787325256769,1,0,26011001,9536861,3,0.01,4583.57,0.0,0.0,0.0,0.0,XAUUSD.u,STR S2,
3353096,9536868,2026-08-21 15:17:47,1787325467650,1,0,26011001,9536868,3,0.01,4582.04,0.0,0.0,0.0,0.0,XAUUSD.u,STR S3,
3353391,9536871,2026-08-21 15:19:03,1787325543455,1,0,26011001,9536871,3,0.01,4580.51,0.0,0.0,0.0,0.0,XAUUSD.u,STR S4,
3353581,9538067,2026-08-21 15:20:32,1787325632397,0,1,26011001,9536857,4,0.01,4580.82,0.0,0.0,4.28,0.0,XAUUSD.u,[sl 4580.82],
3353592,9538083,2026-08-21 15:20:38,1787325638453,0,1,26011001,9536861,4,0.01,4582.35,0.0,0.0,1.22,0.0,XAUUSD.u,[sl 4582.35],
3353674,9538127,2026-08-21 15:21:13,1787325673848,1,0,26011001,9538127,3,0.01,4583.57,0.0,0.0,0.0,0.0,XAUUSD.u,STR S2,
3353843,9538181,2026-08-21 15:22:38,1787325758363,1,0,26011001,9538181,3,0.01,4585.1,0.0,0.0,0.0,0.0,XAUUSD.u,STR S1,
3353994,9538744,2026-08-21 15:29:07,1787326147596,0,1,26011001,9538181,4,0.01,4584.7,0.0,0.0,0.4,0.0,XAUUSD.u,[sl 4584.70],
3353997,9538759,2026-08-21 15:29:20,1787326160902,1,0,26011001,9538759,3,0.01,4585.1,0.0,0.0,0.0,0.0,XAUUSD.u,STR S1,
3354049,9538920,2026-08-21 15:31:09,1787326269185,0,1,26011001,9538759,4,0.01,4584.62,0.0,0.0,0.48,0.0,XAUUSD.u,[sl 4584.62],
3354050,9538924,2026-08-21 15:31:11,1787326271783,1,0,26011001,9538924,3,0.01,4585.1,0.0,0.0,0.0,0.0,XAUUSD.u,STR S1,
3354112,9539052,2026-08-21 15:32:14,1787326334424,0,1,26011001,9538924,4,0.01,4584.8,0.0,0.0,0.3,0.0,XAUUSD.u,[sl 4584.80],
3354143,9539131,2026-08-21 15:32:59,1787326379125,1,0,26011001,9539131,3,0.01,4585.1,0.0,0.0,0.0,0.0,XAUUSD.u,STR S1,
3354196,9536874,2026-08-21 15:33:22,1787326402360,1,0,26011001,9536874,3,0.01,4578.98,0.0,0.0,0.0,0.0,XAUUSD.u,STR S5,
3354300,9539317,2026-08-21 15:33:33,1787326413521,0,1,26011001,9539131,3,0.01,4578.16,0.0,0.0,6.9399999999999995,0.0,XAUUSD.u,STR CLOSE,
3354302,9539318,2026-08-21 15:33:33,1787326413635,0,1,26011001,9538127,3,0.01,4578.09,0.0,0.0,5.48,0.0,XAUUSD.u,STR CLOSE,
3354303,9539319,2026-08-21 15:33:33,1787326413749,0,1,26011001,9536874,3,0.01,4578.09,0.0,0.0,0.89,0.0,XAUUSD.u,STR CLOSE,
3354304,9539320,2026-08-21 15:33:33,1787326413864,0,1,26011001,9536871,3,0.01,4578.09,0.0,0.0,2.42,0.0,XAUUSD.u,STR CLOSE,
3354305,9539321,2026-08-21 15:33:33,1787326413978,0,1,26011001,9536868,3,0.01,4578.09,0.0,0.0,3.95,0.0,XAUUSD.u,STR CLOSE,
3354342,9539327,2026-08-21 15:34:01,1787326441718,1,0,26011001,9539327,3,0.01,4576.12,0.0,0.0,0.0,0.0,XAUUSD.u,STR S1,
3354399,9539329,2026-08-21 15:34:48,1787326488465,1,0,26011001,9539329,3,0.01,4574.59,0.0,0.0,0.0,0.0,XAUUSD.u,STR S2,
3354485,9539326,2026-08-21 15:35:56,1787326556567,0,0,26011001,9539326,3,0.01,4579.18,0.0,0.0,0.0,0.0,XAUUSD.u,STR B1,
3354493,9539328,2026-08-21 15:35:59,1787326559189,0,0,26011001,9539328,3,0.01,4580.71,0.0,0.0,0.0,0.0,XAUUSD.u,STR B2,
3354528,9539330,2026-08-21 15:36:40,1787326600689,0,0,26011001,9539330,3,0.01,4582.24,0.0,0.0,0.0,0.0,XAUUSD.u,STR B3,
3354575,9539861,2026-08-21 15:37:21,1787326641205,1,1,26011001,9539326,4,0.01,4580.68,0.0,0.0,1.5,0.0,XAUUSD.u,[sl 4580.68],
3354615,9539332,2026-08-21 15:37:42,1787326662531,0,0,26011001,9539332,3,0.01,4583.77,0.0,0.0,0.0,0.0,XAUUSD.u,STR B4,
3354627,9539334,2026-08-21 15:37:47,1787326667215,0,0,26011001,9539334,3,0.01,4585.3,0.0,0.0,0.0,0.0,XAUUSD.u,STR B5,
3354647,9539337,2026-08-21 15:37:49,1787326669205,0,0,26011001,9539337,3,0.01,4586.83,0.0,0.0,0.0,0.0,XAUUSD.u,STR B6,
3354708,9539339,2026-08-21 15:38:14,1787326694179,0,0,26011001,9539339,3,0.01,4588.36,0.0,0.0,0.0,0.0,XAUUSD.u,STR B7,
3354798,9539341,2026-08-21 15:38:45,1787326725357,0,0,26011001,9539341,3,0.01,4589.89,0.0,0.0,0.0,0.0,XAUUSD.u,STR B8,
3354828,9540221,2026-08-21 15:38:55,1787326735731,1,1,26011001,9539328,4,0.01,4589.56,0.0,0.0,8.85,0.0,XAUUSD.u,[sl 4589.56],
3354829,9540222,2026-08-21 15:38:55,1787326735731,1,1,26011001,9539330,4,0.01,4589.47,0.0,0.0,7.23,0.0,XAUUSD.u,[sl 4589.47],
3354830,9540223,2026-08-21 15:38:55,1787326735731,1,1,26011001,9539332,4,0.01,4589.48,0.0,0.0,5.71,0.0,XAUUSD.u,[sl 4589.48],
3354831,9540224,2026-08-21 15:38:55,1787326735731,1,1,26011001,9539334,4,0.01,4589.5,0.0,0.0,4.2,0.0,XAUUSD.u,[sl 4589.50],
3354863,9540274,2026-08-21 15:39:16,1787326756001,1,1,26011001,9539337,4,0.01,4587.93,0.0,0.0,1.1,0.0,XAUUSD.u,[sl 4587.93],
3354897,9540323,2026-08-21 15:39:28,1787326768374,0,0,26011001,9540323,3,0.01,4586.83,0.0,0.0,0.0,0.0,XAUUSD.u,STR B6,
3354908,9540339,2026-08-21 15:39:35,1787326775253,0,0,26011001,9540339,3,0.01,4585.3,0.0,0.0,0.0,0.0,XAUUSD.u,STR B5,
3355015,9540508,2026-08-21 15:41:09,1787326869697,1,1,26011001,9540339,4,0.01,4588.47,0.0,0.0,3.17,0.0,XAUUSD.u,[sl 4588.47],
3355037,9540608,2026-08-21 15:42:27,1787326947918,1,1,26011001,9540323,4,0.01,4587.58,0.0,0.0,0.75,0.0,XAUUSD.u,[sl 4587.58],
3355040,9540615,2026-08-21 15:42:33,1787326953997,0,0,26011001,9540615,3,0.01,4586.83,0.0,0.0,0.0,0.0,XAUUSD.u,STR B6,
3355122,9540776,2026-08-21 15:44:27,1787327067291,0,0,26011001,9540776,3,0.01,4585.3,0.0,0.0,0.0,0.0,XAUUSD.u,STR B5,
3355163,9540883,2026-08-21 15:45:27,1787327127537,1,1,26011001,9540776,4,0.01,4585.54,0.0,0.0,0.24,0.0,XAUUSD.u,[sl 4585.54],
3355283,9539344,2026-08-21 15:48:20,1787327300574,0,0,26011001,9539344,3,0.01,4591.42,0.0,0.0,0.0,0.0,XAUUSD.u,STR B9,
3355306,9539346,2026-08-21 15:48:21,1787327301113,0,0,26011001,9539346,3,0.01,4592.95,0.0,0.0,0.0,0.0,XAUUSD.u,STR B10,
3355318,9541192,2026-08-21 15:48:22,1787327302736,1,1,26011001,9539339,4,0.01,4591.42,0.0,0.0,3.06,0.0,XAUUSD.u,[sl 4591.42],
3355319,9541193,2026-08-21 15:48:22,1787327302736,1,1,26011001,9540615,4,0.01,4591.29,0.0,0.0,4.46,0.0,XAUUSD.u,[sl 4591.29],
3355327,9541211,2026-08-21 15:48:30,1787327310232,1,1,26011001,9539341,4,0.01,4589.96,0.0,0.0,0.07,0.0,XAUUSD.u,[sl 4589.96],
3355328,9541213,2026-08-21 15:48:31,1787327311088,0,0,26011001,9541213,3,0.01,4589.89,0.0,0.0,0.0,0.0,XAUUSD.u,STR B8,
3355375,9541317,2026-08-21 15:49:39,1787327379407,0,0,26011001,9541317,3,0.01,4588.36,0.0,0.0,0.0,0.0,XAUUSD.u,STR B7,
3355477,9541518,2026-08-21 15:51:30,1787327490995,0,0,26011001,9541518,3,0.01,4586.83,0.0,0.0,0.0,0.0,XAUUSD.u,STR B6,
3355491,9541541,2026-08-21 15:51:43,1787327503137,0,0,26011001,9541541,3,0.01,4585.3,0.0,0.0,0.0,0.0,XAUUSD.u,STR B5,
3355591,9541687,2026-08-21 15:52:26,1787327546888,0,0,26011001,9541687,3,0.01,4582.24,0.0,0.0,0.0,0.0,XAUUSD.u,STR B3,
3355600,9541677,2026-08-21 15:52:30,1787327550592,0,0,26011001,9541677,3,0.01,4583.77,0.0,0.0,0.0,0.0,XAUUSD.u,STR B4,
3355610,9541732,2026-08-21 15:52:50,1787327570955,1,1,26011001,9541687,4,0.01,4582.56,0.0,0.0,0.32,0.0,XAUUSD.u,[sl 4582.56],
3355612,9541733,2026-08-21 15:52:51,1787327571498,0,0,26011001,9541733,3,0.01,4582.24,0.0,0.0,0.0,0.0,XAUUSD.u,STR B3,
3355666,9541849,2026-08-21 15:53:50,1787327630588,0,0,26011001,9541849,3,0.01,4580.71,0.0,0.0,0.0,0.0,XAUUSD.u,STR B2,
3355698,9541880,2026-08-21 15:54:06,1787327646270,0,0,26011001,9541880,3,0.01,4579.18,0.0,0.0,0.0,0.0,XAUUSD.u,STR B1,
3355875,9542184,2026-08-21 15:55:59,1787327759185,1,1,26011001,9541849,4,0.01,4583.89,0.0,0.0,3.18,0.0,XAUUSD.u,[sl 4583.89],
3355876,9542185,2026-08-21 15:55:59,1787327759185,1,1,26011001,9541880,4,0.01,4583.89,0.0,0.0,4.71,0.0,XAUUSD.u,[sl 4583.89],
3355912,9542309,2026-08-21 15:57:32,1787327852553,1,1,26011001,9541733,4,0.01,4582.67,0.0,0.0,0.43,0.0,XAUUSD.u,[sl 4582.67],
3355938,9542345,2026-08-21 15:57:58,1787327878878,0,0,26011001,9542345,3,0.01,4582.24,0.0,0.0,0.0,0.0,XAUUSD.u,STR B3,
3355953,9542398,2026-08-21 15:58:24,1787327904691,0,0,26011001,9542398,3,0.01,4580.71,0.0,0.0,0.0,0.0,XAUUSD.u,STR B2,
3356118,9542841,2026-08-21 16:02:59,1787328179951,1,1,26011001,9542398,3,0.01,4586.71,0.0,0.0,6.0,0.0,XAUUSD.u,STR CLOSE,
3356119,9542842,2026-08-21 16:03:00,1787328180063,1,1,26011001,9542345,3,0.01,4586.93,0.0,0.0,4.6899999999999995,0.0,XAUUSD.u,STR CLOSE,
3356121,9542844,2026-08-21 16:03:00,1787328180176,1,1,26011001,9541677,3,0.01,4587.05,0.0,0.0,3.2800000000000002,0.0,XAUUSD.u,STR CLOSE,
3356123,9542846,2026-08-21 16:03:00,1787328180288,1,1,26011001,9541541,3,0.01,4586.92,0.0,0.0,1.62,0.0,XAUUSD.u,STR CLOSE,
3356125,9542848,2026-08-21 16:03:00,1787328180400,1,1,26011001,9541518,3,0.01,4586.92,0.0,0.0,0.09,0.0,XAUUSD.u,STR CLOSE,
3356126,9542849,2026-08-21 16:03:00,1787328180512,1,1,26011001,9541317,3,0.01,4586.91,0.0,0.0,-1.45,0.0,XAUUSD.u,STR CLOSE,
3356128,9542851,2026-08-21 16:03:00,1787328180625,1,1,26011001,9541213,3,0.01,4586.91,0.0,0.0,-2.98,0.0,XAUUSD.u,STR CLOSE,
3356129,9542852,2026-08-21 16:03:00,1787328180738,1,1,26011001,9539346,3,0.01,4586.95,0.0,0.0,-6.0,0.0,XAUUSD.u,STR CLOSE,
3356130,9542853,2026-08-21 16:03:00,1787328180850,1,1,26011001,9539344,3,0.01,4586.91,0.0,0.0,-4.51,0.0,XAUUSD.u,STR CLOSE,
3356131,9542854,2026-08-21 16:03:00,1787328180966,0,1,26011001,9539329,3,0.01,4586.97,0.0,0.0,-12.38,0.0,XAUUSD.u,STR CLOSE,
3356132,9542855,2026-08-21 16:03:01,1787328181078,0,1,26011001,9539327,3,0.01,4586.96,0.0,0.0,-10.84,0.0,XAUUSD.u,STR CLOSE,
3356148,9542857,2026-08-21 16:03:27,1787328207572,0,0,26011001,9542857,3,0.01,4588.75,0.0,0.0,0.0,0.0,XAUUSD.u,STR B1,
3356170,9542858,2026-08-21 16:03:51,1787328231475,1,0,26011001,9542858,3,0.01,4585.69,0.0,0.0,0.0,0.0,XAUUSD.u,STR S1,
3356234,9542859,2026-08-21 16:05:43,1787328343437,0,0,26011001,9542859,3,0.01,4590.28,0.0,0.0,0.0,0.0,XAUUSD.u,STR B2,
3356389,9542860,2026-08-21 16:07:40,1787328460874,1,0,26011001,9542860,3,0.01,4584.16,0.0,0.0,0.0,0.0,XAUUSD.u,STR S2,
3356745,9542861,2026-08-21 16:20:29,1787329229883,0,0,26011001,9542861,3,0.01,4591.81,0.0,0.0,0.0,0.0,XAUUSD.u,STR B3,
3356799,9542864,2026-08-21 16:21:08,1787329268452,0,0,26011001,9542864,3,0.01,4593.34,0.0,0.0,0.0,0.0,XAUUSD.u,STR B4,
3356829,9542867,2026-08-21 16:21:16,1787329276452,0,0,26011001,9542867,3,0.01,4594.87,0.0,0.0,0.0,0.0,XAUUSD.u,STR B5,
3356892,9542869,2026-08-21 16:21:46,1787329306816,0,0,26011001,9542869,3,0.01,4596.4,0.0,0.0,0.0,0.0,XAUUSD.u,STR B6,
3357003,9543778,2026-08-21 16:22:57,1787329377659,1,1,26011001,9542857,4,0.01,4596.22,0.0,0.0,7.47,0.0,XAUUSD.u,[sl 4596.22],
3357004,9543779,2026-08-21 16:22:57,1787329377659,1,1,26011001,9542859,4,0.01,4596.22,0.0,0.0,5.9399999999999995,0.0,XAUUSD.u,[sl 4596.22],
3357005,9543780,2026-08-21 16:22:57,1787329377660,1,1,26011001,9542861,4,0.01,4596.22,0.0,0.0,4.41,0.0,XAUUSD.u,[sl 4596.22],
3357074,9542872,2026-08-21 16:24:07,1787329447569,0,0,26011001,9542872,3,0.01,4597.93,0.0,0.0,0.0,0.0,XAUUSD.u,STR B7,
3357128,9543901,2026-08-21 16:24:43,1787329483765,1,1,26011001,9542864,4,0.01,4596.84,0.0,0.0,3.5,0.0,XAUUSD.u,[sl 4596.84],
3357204,9542874,2026-08-21 16:25:21,1787329521901,0,0,26011001,9542874,3,0.01,4599.46,0.0,0.0,0.0,0.0,XAUUSD.u,STR B8,
3357279,9544049,2026-08-21 16:26:42,1787329602221,1,1,26011001,9542867,4,0.01,4599.26,0.0,0.0,4.39,0.0,XAUUSD.u,[sl 4599.26],
3357317,9542876,2026-08-21 16:27:42,1787329662359,0,0,26011001,9542876,3,0.01,4600.99,0.0,0.0,0.0,0.0,XAUUSD.u,STR B9,
3357335,9542878,2026-08-21 16:27:47,1787329667444,0,0,26011001,9542878,3,0.01,4602.52,0.0,0.0,0.0,0.0,XAUUSD.u,STR B10,
3357497,9544258,2026-08-21 16:30:31,1787329831960,1,1,26011001,9542869,4,0.01,4602.27,0.0,0.0,5.87,0.0,XAUUSD.u,[sl 4602.27],
3357498,9544259,2026-08-21 16:30:31,1787329831960,1,1,26011001,9542872,4,0.01,4602.27,0.0,0.0,4.34,0.0,XAUUSD.u,[sl 4602.27],
3357502,9544263,2026-08-21 16:30:36,1787329836897,1,1,26011001,9542874,4,0.01,4600.73,0.0,0.0,1.27,0.0,XAUUSD.u,[sl 4600.73],
3357541,9544302,2026-08-21 16:32:05,1787329925726,0,0,26011001,9544302,3,0.01,4599.46,0.0,0.0,0.0,0.0,XAUUSD.u,STR B8,
3357549,9544309,2026-08-21 16:32:14,1787329934176,0,0,26011001,9544309,3,0.01,4597.93,0.0,0.0,0.0,0.0,XAUUSD.u,STR B7,
3357625,9544388,2026-08-21 16:32:29,1787329949456,0,0,26011001,9544388,3,0.01,4596.4,0.0,0.0,0.0,0.0,XAUUSD.u,STR B6,
3357675,9544436,2026-08-21 16:33:29,1787330009857,0,0,26011001,9544436,3,0.01,4593.34,0.0,0.0,0.0,0.0,XAUUSD.u,STR B4,
3357767,9544526,2026-08-21 16:34:16,1787330056577,0,0,26011001,9544526,3,0.01,4591.81,0.0,0.0,0.0,0.0,XAUUSD.u,STR B3,
3357839,9544561,2026-08-21 16:35:02,1787330102999,0,0,26011001,9544561,3,0.01,4590.28,0.0,0.0,0.0,0.0,XAUUSD.u,STR B2,
3357864,9544616,2026-08-21 16:35:11,1787330111540,0,0,26011001,9544616,3,0.01,4588.75,0.0,0.0,0.0,0.0,XAUUSD.u,STR B1,
3357926,9544688,2026-08-21 16:36:49,1787330209234,1,1,26011001,9544616,4,0.01,4589.76,0.0,0.0,1.01,0.0,XAUUSD.u,[sl 4589.76],
3357972,9544694,2026-08-21 16:37:20,1787330240176,0,0,26011001,9544694,3,0.01,4588.75,0.0,0.0,0.0,0.0,XAUUSD.u,STR B1,
3358105,9542862,2026-08-21 16:38:40,1787330320662,1,0,26011001,9542862,3,0.01,4582.63,0.0,0.0,0.0,0.0,XAUUSD.u,STR S3,
3358219,9542866,2026-08-21 16:40:12,1787330412841,1,0,26011001,9542866,3,0.01,4581.1,0.0,0.0,0.0,0.0,XAUUSD.u,STR S4,
3358227,9544931,2026-08-21 16:40:16,1787330416905,0,1,26011001,9542858,4,0.01,4582.61,0.0,0.0,3.08,0.0,XAUUSD.u,[sl 4582.61],
3358244,9544949,2026-08-21 16:40:44,1787330444917,0,1,26011001,9542860,4,0.01,4583.76,0.0,0.0,0.4,0.0,XAUUSD.u,[sl 4583.76],
3358246,9544951,2026-08-21 16:40:49,1787330449764,1,0,26011001,9544951,3,0.01,4584.16,0.0,0.0,0.0,0.0,XAUUSD.u,STR S2,
3358249,9544955,2026-08-21 16:40:55,1787330455728,1,0,26011001,9544955,3,0.01,4585.69,0.0,0.0,0.0,0.0,XAUUSD.u,STR S1,
3358372,9545076,2026-08-21 16:42:29,1787330549356,0,1,26011001,9544955,4,0.01,4582.54,0.0,0.0,3.15,0.0,XAUUSD.u,[sl 4582.54],
3358376,9545080,2026-08-21 16:42:34,1787330554084,0,1,26011001,9544951,4,0.01,4584.08,0.0,0.0,0.08,0.0,XAUUSD.u,[sl 4584.08],
3358377,9545081,2026-08-21 16:42:35,1787330555564,1,0,26011001,9545081,3,0.01,4584.16,0.0,0.0,0.0,0.0,XAUUSD.u,STR S2,
3358382,9545088,2026-08-21 16:42:50,1787330570703,1,0,26011001,9545088,3,0.01,4585.69,0.0,0.0,0.0,0.0,XAUUSD.u,STR S1,
3358523,9545234,2026-08-21 16:44:58,1787330698462,0,1,26011001,9545088,4,0.01,4582.41,0.0,0.0,3.2800000000000002,0.0,XAUUSD.u,[sl 4582.41],
3358559,9545274,2026-08-21 16:45:54,1787330754573,0,1,26011001,9545081,4,0.01,4583.83,0.0,0.0,0.33,0.0,XAUUSD.u,[sl 4583.83],
3358582,9545278,2026-08-21 16:46:28,1787330788765,1,0,26011001,9545278,3,0.01,4584.16,0.0,0.0,0.0,0.0,XAUUSD.u,STR S2,
3358584,9545307,2026-08-21 16:46:34,1787330794856,1,0,26011001,9545307,3,0.01,4585.69,0.0,0.0,0.0,0.0,XAUUSD.u,STR S1,
3358776,9544424,2026-08-21 16:50:49,1787331049637,0,0,26011001,9544424,3,0.01,4594.87,0.0,0.0,0.0,0.0,XAUUSD.u,STR B5,
3358812,9545537,2026-08-21 16:51:29,1787331089946,1,1,26011001,9544561,4,0.01,4593.9,0.0,0.0,3.62,0.0,XAUUSD.u,[sl 4593.90],
3358813,9545539,2026-08-21 16:51:29,1787331089982,1,1,26011001,9544694,4,0.01,4593.87,0.0,0.0,5.12,0.0,XAUUSD.u,[sl 4593.87],
3358828,9545556,2026-08-21 16:52:02,1787331122580,1,1,26011001,9544526,4,0.01,4592.33,0.0,0.0,0.52,0.0,XAUUSD.u,[sl 4592.33],
3358834,9545560,2026-08-21 16:52:05,1787331125557,0,0,26011001,9545560,3,0.01,4591.81,0.0,0.0,0.0,0.0,XAUUSD.u,STR B3,
3358889,9545599,2026-08-21 16:53:14,1787331194714,0,0,26011001,9545599,3,0.01,4590.28,0.0,0.0,0.0,0.0,XAUUSD.u,STR B2,
3358917,9545644,2026-08-21 16:54:40,1787331280625,0,0,26011001,9545644,3,0.01,4588.75,0.0,0.0,0.0,0.0,XAUUSD.u,STR B1,
3359153,9545886,2026-08-21 17:00:21,1787331621104,1,1,26011001,9545644,4,0.01,4589.39,0.0,0.0,0.64,0.0,XAUUSD.u,[sl 4589.39],
3359165,9545898,2026-08-21 17:00:30,1787331630724,0,0,26011001,9545898,3,0.01,4588.75,0.0,0.0,0.0,0.0,XAUUSD.u,STR B1,
3359280,9546022,2026-08-21 17:04:30,1787331870780,1,1,26011001,9545898,4,0.01,4592.95,0.0,0.0,4.2,0.0,XAUUSD.u,[sl 4592.95],
3359399,9546143,2026-08-21 17:06:25,1787331985595,1,1,26011001,9545599,4,0.01,4594.57,0.0,0.0,4.29,0.0,XAUUSD.u,[sl 4594.57],
3359590,9546335,2026-08-21 17:08:49,1787332129011,1,1,26011001,9544436,4,0.01,4596.77,0.0,0.0,3.43,0.0,XAUUSD.u,[sl 4596.77],
3359591,9546336,2026-08-21 17:08:49,1787332129011,1,1,26011001,9545560,4,0.01,4596.77,0.0,0.0,4.96,0.0,XAUUSD.u,[sl 4596.77],
3359615,9546359,2026-08-21 17:09:34,1787332174890,1,1,26011001,9544424,4,0.01,4595.33,0.0,0.0,0.46,0.0,XAUUSD.u,[sl 4595.33],
3359627,9546365,2026-08-21 17:09:45,1787332185940,0,0,26011001,9546365,3,0.01,4594.87,0.0,0.0,0.0,0.0,XAUUSD.u,STR B5,
3359746,9546492,2026-08-21 17:11:55,1787332315661,1,1,26011001,9546365,4,0.01,4594.88,0.0,0.0,0.01,0.0,XAUUSD.u,[sl 4594.88],
3359747,9546493,2026-08-21 17:11:57,1787332317344,0,0,26011001,9546493,3,0.01,4594.87,0.0,0.0,0.0,0.0,XAUUSD.u,STR B5,
3359910,9546656,2026-08-21 17:19:50,1787332790635,1,1,26011001,9546493,4,0.01,4596.25,0.0,0.0,1.38,0.0,XAUUSD.u,[sl 4596.25],
3360020,9545446,2026-08-21 17:23:35,1787333015143,0,0,26011001,9545446,3,0.01,4600.99,0.0,0.0,0.0,0.0,XAUUSD.u,STR B9,
3360077,9545451,2026-08-21 17:24:41,1787333081828,0,0,26011001,9545451,3,0.01,4602.52,0.0,0.0,0.0,0.0,XAUUSD.u,STR B10,
3360110,9542881,2026-08-21 17:25:05,1787333105769,0,0,26011001,9542881,3,0.05,4604.05,0.0,0.0,0.0,0.0,XAUUSD.u,STR B11,
3360133,9542883,2026-08-21 17:25:06,1787333106309,0,0,26011001,9542883,3,0.05,4605.58,0.0,0.0,0.0,0.0,XAUUSD.u,STR B12,
3360151,9542886,2026-08-21 17:25:06,1787333106755,0,0,26011001,9542886,3,0.05,4607.11,0.0,0.0,0.0,0.0,XAUUSD.u,STR B13,
3360183,9546917,2026-08-21 17:25:11,1787333111800,1,1,26011001,9545451,3,0.01,4605.98,0.0,0.0,3.46,0.0,XAUUSD.u,STR CLOSE,
3360185,9546919,2026-08-21 17:25:11,1787333111912,1,1,26011001,9545446,3,0.01,4606.27,0.0,0.0,5.28,0.0,XAUUSD.u,STR CLOSE,
3360188,9546922,2026-08-21 17:25:12,1787333112025,0,1,26011001,9545307,3,0.01,4606.5,0.0,0.0,-20.81,0.0,XAUUSD.u,STR CLOSE,
3360190,9546924,2026-08-21 17:25:12,1787333112137,0,1,26011001,9545278,3,0.01,4606.57,0.0,0.0,-22.41,0.0,XAUUSD.u,STR CLOSE,
3360191,9546925,2026-08-21 17:25:12,1787333112251,1,1,26011001,9544388,3,0.01,4606.49,0.0,0.0,10.09,0.0,XAUUSD.u,STR CLOSE,
3360192,9546926,2026-08-21 17:25:12,1787333112364,1,1,26011001,9544309,3,0.01,4606.26,0.0,0.0,8.33,0.0,XAUUSD.u,STR CLOSE,
3360195,9546929,2026-08-21 17:25:12,1787333112476,1,1,26011001,9544302,3,0.01,4606.23,0.0,0.0,6.77,0.0,XAUUSD.u,STR CLOSE,
3360196,9546930,2026-08-21 17:25:12,1787333112588,1,1,26011001,9542886,3,0.05,4606.23,0.0,0.0,-4.4,0.0,XAUUSD.u,STR CLOSE,
3360198,9546932,2026-08-21 17:25:12,1787333112700,1,1,26011001,9542883,3,0.05,4606.04,0.0,0.0,2.3,0.0,XAUUSD.u,STR CLOSE,
3360200,9546934,2026-08-21 17:25:12,1787333112813,1,1,26011001,9542881,3,0.05,4606.07,0.0,0.0,10.1,0.0,XAUUSD.u,STR CLOSE,
3360201,9546935,2026-08-21 17:25:12,1787333112925,0,1,26011001,9542866,3,0.01,4605.99,0.0,0.0,-24.89,0.0,XAUUSD.u,STR CLOSE,
3360203,9546937,2026-08-21 17:25:13,1787333113041,0,1,26011001,9542862,3,0.01,4605.99,0.0,0.0,-23.36,0.0,XAUUSD.u,STR CLOSE,
3360228,9546944,2026-08-21 17:25:36,1787333136499,1,0,26011001,9546944,3,0.01,4604.03,0.0,0.0,0.0,0.0,XAUUSD.u,STR S1,
3360257,9546946,2026-08-21 17:25:44,1787333144738,1,0,26011001,9546946,3,0.01,4602.49,0.0,0.0,0.0,0.0,XAUUSD.u,STR S2,
3360263,9546948,2026-08-21 17:25:48,1787333148868,1,0,26011001,9546948,3,0.01,4600.95,0.0,0.0,0.0,0.0,XAUUSD.u,STR S3,
3360332,9547129,2026-08-21 17:28:09,1787333289568,0,1,26011001,9546944,4,0.01,4603.34,0.0,0.0,0.69,0.0,XAUUSD.u,[sl 4603.34],
3360355,9547154,2026-08-21 17:28:18,1787333298208,1,0,26011001,9547154,3,0.01,4604.03,0.0,0.0,0.0,0.0,XAUUSD.u,STR S1,
3360559,9547358,2026-08-21 17:33:18,1787333598137,0,1,26011001,9547154,4,0.01,4603.03,0.0,0.0,1.0,0.0,XAUUSD.u,[sl 4603.03],
3360566,9547365,2026-08-21 17:33:25,1787333605287,1,0,26011001,9547365,3,0.01,4604.03,0.0,0.0,0.0,0.0,XAUUSD.u,STR S1,
3360658,9546943,2026-08-21 17:35:09,1787333709846,0,0,26011001,9546943,3,0.01,4607.11,0.0,0.0,0.0,0.0,XAUUSD.u,STR B1,
3360859,9546945,2026-08-21 17:41:51,1787334111419,0,0,26011001,9546945,3,0.01,4608.65,0.0,0.0,0.0,0.0,XAUUSD.u,STR B2,
3360918,9546947,2026-08-21 17:42:51,1787334171736,0,0,26011001,9546947,3,0.01,4610.19,0.0,0.0,0.0,0.0,XAUUSD.u,STR B3,
3361077,9547884,2026-08-21 17:48:59,1787334539314,1,1,26011001,9546943,4,0.01,4608.0,0.0,0.0,0.89,0.0,XAUUSD.u,[sl 4608.00],
3361211,9546950,2026-08-21 17:52:36,1787334756820,0,0,26011001,9546950,3,0.01,4611.73,0.0,0.0,0.0,0.0,XAUUSD.u,STR B4,
3361257,9546953,2026-08-21 17:53:12,1787334792187,0,0,26011001,9546953,3,0.01,4613.27,0.0,0.0,0.0,0.0,XAUUSD.u,STR B5,
3361288,9546957,2026-08-21 17:53:19,1787334799128,0,0,26011001,9546957,3,0.01,4614.81,0.0,0.0,0.0,0.0,XAUUSD.u,STR B6,
3361307,9548113,2026-08-21 17:53:28,1787334808222,1,1,26011001,9546945,4,0.01,4613.55,0.0,0.0,4.9,0.0,XAUUSD.u,[sl 4613.55],
3361308,9548114,2026-08-21 17:53:28,1787334808222,1,1,26011001,9546947,4,0.01,4613.51,0.0,0.0,3.32,0.0,XAUUSD.u,[sl 4613.51],
3361424,9548233,2026-08-21 17:56:32,1787334992784,0,1,0,9547365,0,0.01,4614.13,0.0,0.0,-10.1,0.0,XAUUSD.u,,
3361479,9548290,2026-08-21 17:58:01,1787335081565,1,1,26011001,9546950,4,0.01,4612.34,0.0,0.0,0.61,0.0,XAUUSD.u,[sl 4612.34],
3361485,9548294,2026-08-21 17:58:07,1787335087008,0,0,26011001,9548294,3,0.01,4611.73,0.0,0.0,0.0,0.0,XAUUSD.u,STR B4,
3361702,9546961,2026-08-21 18:01:41,1787335301962,0,0,26011001,9546961,3,0.01,4616.35,0.0,0.0,0.0,0.0,XAUUSD.u,STR B7,
3361791,9548594,2026-08-21 18:03:19,1787335399961,1,1,26011001,9548294,3,0.01,4617.64,0.0,0.0,5.91,0.0,XAUUSD.u,STR CLOSE,
3361792,9548595,2026-08-21 18:03:20,1787335400074,1,1,26011001,9546961,3,0.01,4617.61,0.0,0.0,1.26,0.0,XAUUSD.u,STR CLOSE,
3361793,9548596,2026-08-21 18:03:20,1787335400186,1,1,26011001,9546957,3,0.01,4617.6,0.0,0.0,2.79,0.0,XAUUSD.u,STR CLOSE,
3361794,9548597,2026-08-21 18:03:20,1787335400298,1,1,26011001,9546953,3,0.01,4617.6,0.0,0.0,4.33,0.0,XAUUSD.u,STR CLOSE,
3361839,9548599,2026-08-21 18:05:30,1787335530007,1,0,26011001,9548599,3,0.01,4616.04,0.0,0.0,0.0,0.0,XAUUSD.u,STR S1,
3361865,9548601,2026-08-21 18:06:12,1787335572692,1,0,26011001,9548601,3,0.01,4614.5,0.0,0.0,0.0,0.0,XAUUSD.u,STR S2,
3362055,9548603,2026-08-21 18:08:22,1787335702367,1,0,26011001,9548603,3,0.01,4612.96,0.0,0.0,0.0,0.0,XAUUSD.u,STR S3,
3362158,9548605,2026-08-21 18:08:45,1787335725633,1,0,26011001,9548605,3,0.01,4611.42,0.0,0.0,0.0,0.0,XAUUSD.u,STR S4,
3362216,9548607,2026-08-21 18:09:04,1787335744015,1,0,26011001,9548607,3,0.01,4609.88,0.0,0.0,0.0,0.0,XAUUSD.u,STR S5,
3362287,9549150,2026-08-21 18:09:39,1787335779869,0,1,26011001,9548599,4,0.01,4610.86,0.0,0.0,5.18,0.0,XAUUSD.u,[sl 4610.86],
3362288,9549151,2026-08-21 18:09:39,1787335779869,0,1,26011001,9548601,4,0.01,4610.86,0.0,0.0,3.64,0.0,XAUUSD.u,[sl 4610.86],
3362315,9549180,2026-08-21 18:10:32,1787335832671,0,1,26011001,9548603,4,0.01,4612.4,0.0,0.0,0.56,0.0,XAUUSD.u,[sl 4612.40],
3362319,9549182,2026-08-21 18:10:38,1787335838348,1,0,26011001,9549182,3,0.01,4612.96,0.0,0.0,0.0,0.0,XAUUSD.u,STR S3,
3362381,9549245,2026-08-21 18:12:58,1787335978980,1,0,26011001,9549245,3,0.01,4614.5,0.0,0.0,0.0,0.0,XAUUSD.u,STR S2,
3362527,9549372,2026-08-21 18:17:19,1787336239722,1,0,26011001,9549372,3,0.01,4616.04,0.0,0.0,0.0,0.0,XAUUSD.u,STR S1,
3362589,9549438,2026-08-21 18:21:05,1787336465374,0,1,26011001,9549372,4,0.01,4614.6,0.0,0.0,1.44,0.0,XAUUSD.u,[sl 4614.60],
3362603,9548598,2026-08-21 18:21:07,1787336467435,0,0,26011001,9548598,3,0.01,4619.12,0.0,0.0,0.0,0.0,XAUUSD.u,STR B1,
3362619,9548600,2026-08-21 18:21:09,1787336469310,0,0,26011001,9548600,3,0.01,4620.66,0.0,0.0,0.0,0.0,XAUUSD.u,STR B2,
3362660,9549443,2026-08-21 18:21:42,1787336502358,1,0,26011001,9549443,3,0.01,4616.04,0.0,0.0,0.0,0.0,XAUUSD.u,STR S1,
3362811,9549654,2026-08-21 18:26:43,1787336803230,0,1,26011001,9549443,4,0.01,4612.3,0.0,0.0,3.74,0.0,XAUUSD.u,[sl 4612.30],
3362831,9549674,2026-08-21 18:28:18,1787336898748,0,1,26011001,9549245,4,0.01,4613.81,0.0,0.0,0.69,0.0,XAUUSD.u,[sl 4613.81],
3362847,9549689,2026-08-21 18:29:23,1787336963927,1,0,26011001,9549689,3,0.01,4614.5,0.0,0.0,0.0,0.0,XAUUSD.u,STR S2,
3362963,9549800,2026-08-21 18:34:18,1787337258883,1,0,26011001,9549800,3,0.01,4616.04,0.0,0.0,0.0,0.0,XAUUSD.u,STR S1,
3363294,9548602,2026-08-21 18:45:48,1787337948248,0,0,26011001,9548602,3,0.01,4622.2,0.0,0.0,0.0,0.0,XAUUSD.u,STR B3,
3363389,9548604,2026-08-21 18:47:47,1787338067178,0,0,26011001,9548604,3,0.01,4623.74,0.0,0.0,0.0,0.0,XAUUSD.u,STR B4,
3363486,9548606,2026-08-21 18:51:09,1787338269105,0,0,26011001,9548606,3,0.01,4625.28,0.0,0.0,0.0,0.0,XAUUSD.u,STR B5,
3363549,9550373,2026-08-21 18:52:27,1787338347728,1,1,26011001,9548598,4,0.01,4625.2,0.0,0.0,6.08,0.0,XAUUSD.u,[sl 4625.20],
3363550,9550374,2026-08-21 18:52:27,1787338347728,1,1,26011001,9548600,4,0.01,4625.2,0.0,0.0,4.54,0.0,XAUUSD.u,[sl 4625.20],
3363618,9548608,2026-08-21 18:53:55,1787338435366,0,0,26011001,9548608,3,0.01,4626.82,0.0,0.0,0.0,0.0,XAUUSD.u,STR B6,
3363707,9550530,2026-08-21 18:56:43,1787338603754,1,1,26011001,9548602,4,0.01,4626.16,0.0,0.0,3.96,0.0,XAUUSD.u,[sl 4626.16],
3363752,9548610,2026-08-21 18:58:24,1787338704849,0,0,26011001,9548610,3,0.01,4628.36,0.0,0.0,0.0,0.0,XAUUSD.u,STR B7,
3363934,9550763,2026-08-21 19:00:41,1787338841834,1,1,26011001,9548604,4,0.01,4627.72,0.0,0.0,3.98,0.0,XAUUSD.u,[sl 4627.72],
3364003,9548612,2026-08-21 19:03:26,1787339006615,0,0,26011001,9548612,3,0.01,4629.9,0.0,0.0,0.0,0.0,XAUUSD.u,STR B8,
3364035,9550859,2026-08-21 19:03:53,1787339033247,1,1,26011001,9548606,4,0.01,4629.46,0.0,0.0,4.18,0.0,XAUUSD.u,[sl 4629.46],
3364057,9550881,2026-08-21 19:04:27,1787339067366,1,1,26011001,9548608,4,0.01,4627.89,0.0,0.0,1.07,0.0,XAUUSD.u,[sl 4627.89],
3364327,9551150,2026-08-21 19:05:41,1787339141405,0,0,26011001,9551150,3,0.01,4626.82,0.0,0.0,0.0,0.0,XAUUSD.u,STR B6,
3364844,9548614,2026-08-21 19:08:37,1787339317158,0,0,26011001,9548614,3,0.01,4631.44,0.0,0.0,0.0,0.0,XAUUSD.u,STR B9,
3364903,9551725,2026-08-21 19:09:46,1787339386961,1,1,26011001,9551150,4,0.01,4630.62,0.0,0.0,3.8,0.0,XAUUSD.u,[sl 4630.62],
3364991,9551787,2026-08-21 19:11:03,1787339463810,1,1,26011001,9548610,4,0.01,4629.13,0.0,0.0,0.77,0.0,XAUUSD.u,[sl 4629.13],
3365197,9551995,2026-08-21 19:12:46,1787339566826,0,0,26011001,9551995,3,0.01,4626.82,0.0,0.0,0.0,0.0,XAUUSD.u,STR B6,
3365243,9552036,2026-08-21 19:13:42,1787339622425,0,0,26011001,9552036,3,0.01,4622.2,0.0,0.0,0.0,0.0,XAUUSD.u,STR B3,
3365262,9552026,2026-08-21 19:14:33,1787339673827,0,0,26011001,9552026,3,0.01,4623.74,0.0,0.0,0.0,0.0,XAUUSD.u,STR B4,
3365425,9552006,2026-08-21 19:18:34,1787339914020,0,0,26011001,9552006,3,0.01,4625.28,0.0,0.0,0.0,0.0,XAUUSD.u,STR B5,
3365443,9552234,2026-08-21 19:19:53,1787339993399,1,1,26011001,9552036,4,0.01,4622.89,0.0,0.0,0.69,0.0,XAUUSD.u,[sl 4622.89],
3365448,9552238,2026-08-21 19:20:05,1787340005511,0,0,26011001,9552238,3,0.01,4622.2,0.0,0.0,0.0,0.0,XAUUSD.u,STR B3,
3365505,9552273,2026-08-21 19:22:31,1787340151215,0,0,26011001,9552273,3,0.01,4620.66,0.0,0.0,0.0,0.0,XAUUSD.u,STR B2,
3365562,9552326,2026-08-21 19:23:07,1787340187471,0,0,26011001,9552326,3,0.01,4619.12,0.0,0.0,0.0,0.0,XAUUSD.u,STR B1,
3365939,9552725,2026-08-21 19:28:41,1787340521278,1,1,26011001,9552326,4,0.01,4622.93,0.0,0.0,3.81,0.0,XAUUSD.u,[sl 4622.93],
3365966,9552750,2026-08-21 19:30:15,1787340615934,1,1,26011001,9552273,4,0.01,4621.41,0.0,0.0,0.75,0.0,XAUUSD.u,[sl 4621.41],
3365985,9552767,2026-08-21 19:31:03,1787340663360,0,0,26011001,9552767,3,0.01,4620.66,0.0,0.0,0.0,0.0,XAUUSD.u,STR B2,
3366204,9553014,2026-08-21 19:44:27,1787341467902,1,1,26011001,9552767,4,0.01,4621.77,0.0,0.0,1.11,0.0,XAUUSD.u,[sl 4621.77],
3366209,9553018,2026-08-21 19:44:41,1787341481048,0,0,26011001,9553018,3,0.01,4620.66,0.0,0.0,0.0,0.0,XAUUSD.u,STR B2,
3366220,9553026,2026-08-21 19:44:53,1787341493166,0,0,26011001,9553026,3,0.01,4619.12,0.0,0.0,0.0,0.0,XAUUSD.u,STR B1,
3366486,9553299,2026-08-21 19:55:05,1787342105280,1,1,26011001,9553026,4,0.01,4619.48,0.0,0.0,0.36,0.0,XAUUSD.u,[sl 4619.48],
3366653,9553467,2026-08-21 20:05:44,1787342744774,1,1,26011001,9553018,4,0.01,4624.77,0.0,0.0,4.11,0.0,XAUUSD.u,[sl 4624.77],
3366710,9553524,2026-08-21 20:09:42,1787342982425,1,1,26011001,9552238,4,0.01,4626.17,0.0,0.0,3.9699999999999998,0.0,XAUUSD.u,[sl 4626.17],
3366751,9553563,2026-08-21 20:11:01,1787343061547,1,1,26011001,9552026,4,0.01,4624.63,0.0,0.0,0.89,0.0,XAUUSD.u,[sl 4624.63],
3366803,9553584,2026-08-21 20:11:49,1787343109741,0,0,26011001,9553584,3,0.01,4623.74,0.0,0.0,0.0,0.0,XAUUSD.u,STR B4,
3367152,9553960,2026-08-21 20:29:00,1787344140544,1,1,26011001,9553584,4,0.01,4624.7,0.0,0.0,0.96,0.0,XAUUSD.u,[sl 4624.70],
3367258,9554042,2026-08-21 20:31:11,1787344271850,0,0,26011001,9554042,3,0.01,4620.66,0.0,0.0,0.0,0.0,XAUUSD.u,STR B2,
3367313,9553994,2026-08-21 20:34:44,1787344484312,0,0,26011001,9553994,3,0.01,4622.2,0.0,0.0,0.0,0.0,XAUUSD.u,STR B3,
3367513,9553977,2026-08-21 20:48:20,1787345300658,0,0,26011001,9553977,3,0.01,4623.74,0.0,0.0,0.0,0.0,XAUUSD.u,STR B4,
3367536,9554346,2026-08-21 20:48:54,1787345334672,1,1,26011001,9554042,4,0.01,4624.33,0.0,0.0,3.67,0.0,XAUUSD.u,[sl 4624.33],
3367609,9554419,2026-08-21 21:01:53,1787346113809,1,1,26011001,9553994,4,0.01,4622.79,0.0,0.0,0.59,0.0,XAUUSD.u,[sl 4622.79],
3367613,9554422,2026-08-21 21:02:10,1787346130734,0,0,26011001,9554422,3,0.01,4622.2,0.0,0.0,0.0,0.0,XAUUSD.u,STR B3,
3367696,9554507,2026-08-21 21:05:16,1787346316634,0,0,26011001,9554507,3,0.01,4619.12,0.0,0.0,0.0,0.0,XAUUSD.u,STR B1,
3367729,9554495,2026-08-21 21:06:06,1787346366064,0,0,26011001,9554495,3,0.01,4620.66,0.0,0.0,0.0,0.0,XAUUSD.u,STR B2,
3367790,9554600,2026-08-21 21:16:44,1787347004440,1,1,26011001,9554507,4,0.01,4620.38,0.0,0.0,1.26,0.0,XAUUSD.u,[sl 4620.38],
3367941,9554688,2026-08-21 21:29:27,1787347767945,0,0,26011001,9554688,3,0.01,4619.12,0.0,0.0,0.0,0.0,XAUUSD.u,STR B1,
3368252,9555048,2026-08-21 21:54:01,1787349241243,1,1,26011001,9554688,4,0.01,4622.21,0.0,0.0,3.09,0.0,XAUUSD.u,[sl 4622.21],
3368261,9555057,2026-08-21 21:55:11,1787349311767,1,1,26011001,9554495,4,0.01,4620.67,0.0,0.0,0.01,0.0,XAUUSD.u,[sl 4620.67],
3368262,9555058,2026-08-21 21:55:12,1787349312234,0,0,26011001,9555058,3,0.01,4620.66,0.0,0.0,0.0,0.0,XAUUSD.u,STR B2,
3368291,9555080,2026-08-21 21:58:08,1787349488263,0,0,26011001,9555080,3,0.01,4619.12,0.0,0.0,0.0,0.0,XAUUSD.u,STR B1,
3368576,9555377,2026-08-21 22:28:05,1787351285675,0,1,26011001,9549800,4,0.01,4611.91,0.0,0.0,4.13,0.0,XAUUSD.u,[sl 4611.91],
3368649,9548609,2026-08-21 22:38:16,1787351896059,1,0,26011001,9548609,3,0.01,4608.34,0.0,0.0,0.0,0.0,XAUUSD.u,STR S6,
3368666,9555468,2026-08-21 22:40:26,1787352026506,0,1,26011001,9549182,4,0.01,4609.21,0.0,0.0,3.75,0.0,XAUUSD.u,[sl 4609.21],
3368667,9555469,2026-08-21 22:40:26,1787352026560,0,1,26011001,9549689,4,0.01,4609.32,0.0,0.0,5.18,0.0,XAUUSD.u,[sl 4609.32],
3368677,9548611,2026-08-21 22:47:39,1787352459184,1,0,26011001,9548611,3,0.01,4606.8,0.0,0.0,0.0,0.0,XAUUSD.u,STR S7,
3368709,9548613,2026-08-21 22:48:29,1787352509040,1,0,26011001,9548613,3,0.01,4605.26,0.0,0.0,0.0,0.0,XAUUSD.u,STR S8,
3368716,9548615,2026-08-21 22:48:32,1787352512765,1,0,26011001,9548615,3,0.01,4603.72,0.0,0.0,0.0,0.0,XAUUSD.u,STR S9,
3368728,9555526,2026-08-21 22:49:00,1787352540329,0,1,26011001,9548605,4,0.01,4604.95,0.0,0.0,6.47,0.0,XAUUSD.u,[sl 4604.95],
3368729,9555527,2026-08-21 22:49:00,1787352540329,0,1,26011001,9548607,4,0.01,4604.95,0.0,0.0,4.93,0.0,XAUUSD.u,[sl 4604.95],
3368730,9555528,2026-08-21 22:49:00,1787352540329,0,1,26011001,9548609,4,0.01,4604.95,0.0,0.0,3.39,0.0,XAUUSD.u,[sl 4604.95],
3368737,9555535,2026-08-21 22:49:50,1787352590655,0,1,26011001,9548611,4,0.01,4606.49,0.0,0.0,0.31,0.0,XAUUSD.u,[sl 4606.49],
3368743,9555541,2026-08-21 22:50:35,1787352635648,1,0,26011001,9555541,3,0.01,4606.8,0.0,0.0,0.0,0.0,XAUUSD.u,STR S7,
3392454,9577154,2026-08-24 01:01:00,1787533260187,0,1,26011001,9555541,4,0.01,4606.04,0.0,0.0,0.76,0.0,XAUUSD.u,[sl 4606.04],
3393439,9578167,2026-08-24 02:00:07,1787536807912,1,1,26011001,9555058,4,0.01,4623.98,0.0,0.0,3.32,0.0,XAUUSD.u,[sl 4623.98],
3393440,9578168,2026-08-24 02:00:07,1787536807912,1,1,26011001,9555080,4,0.01,4623.95,0.0,0.0,4.83,0.0,XAUUSD.u,[sl 4623.95],
3393446,9578175,2026-08-24 02:00:14,1787536814830,1,1,26011001,9554422,4,0.01,4622.43,0.0,0.0,0.23,0.0,XAUUSD.u,[sl 4622.43],
3393595,9551983,2026-08-24 02:05:08,1787537108385,0,0,26011001,9551983,3,0.01,4628.36,0.0,0.0,0.0,0.0,XAUUSD.u,STR B7,
3393615,9548616,2026-08-24 02:05:09,1787537109234,0,0,26011001,9548616,3,0.01,4632.98,0.0,0.0,0.0,0.0,XAUUSD.u,STR B10,
3393625,9548618,2026-08-24 02:05:09,1787537109368,0,0,26011001,9548618,3,0.05,4634.52,0.0,0.0,0.0,0.0,XAUUSD.u,STR B11,
3393634,9578356,2026-08-24 02:05:10,1787537110593,1,1,26011001,9552006,4,0.01,4634.14,0.0,0.0,8.86,0.0,XAUUSD.u,[sl 4634.14],
3393636,9578358,2026-08-24 02:05:10,1787537110639,1,1,26011001,9548612,4,0.01,4633.48,0.0,0.0,3.58,0.0,XAUUSD.u,[sl 4633.48],
3393637,9578359,2026-08-24 02:05:10,1787537110639,1,1,26011001,9551983,4,0.01,4633.96,0.0,0.0,5.6,0.0,XAUUSD.u,[sl 4633.96],
3393638,9578360,2026-08-24 02:05:10,1787537110639,1,1,26011001,9551995,4,0.01,4633.96,0.0,0.0,7.14,0.0,XAUUSD.u,[sl 4633.96],
3393639,9578362,2026-08-24 02:05:10,1787537110726,1,1,26011001,9548614,4,0.01,4632.14,0.0,0.0,0.7,0.0,XAUUSD.u,[sl 4632.14],
3393640,9578363,2026-08-24 02:05:10,1787537110727,1,1,26011001,9553977,4,0.01,4633.16,0.0,0.0,9.42,0.0,XAUUSD.u,[sl 4633.16],
3393646,9548620,2026-08-24 02:05:12,1787537112718,0,0,26011001,9548620,3,0.05,4636.06,0.0,0.0,0.0,0.0,XAUUSD.u,STR B12,
3393676,9578400,2026-08-24 02:05:24,1787537124917,1,1,26011001,9548616,4,0.01,4633.81,0.0,0.0,0.83,0.0,XAUUSD.u,[sl 4633.81],
3393775,9548622,2026-08-24 02:07:41,1787537261583,0,0,26011001,9548622,3,0.05,4637.6,0.0,0.0,0.0,0.0,XAUUSD.u,STR B13,
3393801,9548624,2026-08-24 02:08:02,1787537282604,0,0,26011001,9548624,3,0.05,4639.14,0.0,0.0,0.0,0.0,XAUUSD.u,STR B14,
3393804,9578528,2026-08-24 02:08:10,1787537290067,1,1,26011001,9548618,4,0.05,4637.7,0.0,0.0,15.9,0.0,XAUUSD.u,[sl 4637.70],
3393811,9578535,2026-08-24 02:08:15,1787537295502,1,1,26011001,9548620,4,0.05,4636.12,0.0,0.0,0.3,0.0,XAUUSD.u,[sl 4636.12],
3393941,9548626,2026-08-24 02:14:18,1787537658161,0,0,26011001,9548626,3,0.05,4640.68,0.0,0.0,0.0,0.0,XAUUSD.u,STR B15,
3393954,9578682,2026-08-24 02:14:48,1787537688177,1,1,26011001,9548622,4,0.05,4637.79,0.0,0.0,0.95,0.0,XAUUSD.u,[sl 4637.79],
3394497,9548617,2026-08-24 02:26:30,1787538390805,1,0,26011001,9548617,3,0.01,4602.18,0.0,0.0,0.0,0.0,XAUUSD.u,STR S10,
3394520,9548619,2026-08-24 02:26:37,1787538397676,1,0,26011001,9548619,3,0.05,4600.64,0.0,0.0,0.0,0.0,XAUUSD.u,STR S11,
3394549,9548621,2026-08-24 02:26:52,1787538412590,1,0,26011001,9548621,3,0.05,4599.1,0.0,0.0,0.0,0.0,XAUUSD.u,STR S12,
3394562,9548623,2026-08-24 02:26:56,1787538416455,1,0,26011001,9548623,3,0.05,4597.56,0.0,0.0,0.0,0.0,XAUUSD.u,STR S13,
3394574,9579307,2026-08-24 02:27:00,1787538420334,0,1,26011001,9548613,4,0.01,4597.97,0.0,0.0,7.29,0.0,XAUUSD.u,[sl 4597.97],
3394575,9579308,2026-08-24 02:27:00,1787538420334,0,1,26011001,9548615,4,0.01,4597.9,0.0,0.0,5.82,0.0,XAUUSD.u,[sl 4597.90],
3394576,9579309,2026-08-24 02:27:00,1787538420334,0,1,26011001,9548617,4,0.01,4598.02,0.0,0.0,4.16,0.0,XAUUSD.u,[sl 4598.02],
3394577,9579310,2026-08-24 02:27:01,1787538421387,0,1,26011001,9548619,4,0.05,4599.58,0.0,0.0,5.3,0.0,XAUUSD.u,[sl 4599.58],
3394584,9548625,2026-08-24 02:27:19,1787538439526,1,0,26011001,9548625,3,0.05,4596.02,0.0,0.0,0.0,0.0,XAUUSD.u,STR S14,
3394593,9579326,2026-08-24 02:27:23,1787538443248,0,1,26011001,9548621,4,0.05,4598.07,0.0,0.0,5.15,0.0,XAUUSD.u,[sl 4598.07],
3398073,9548628,2026-08-24 04:08:59,1787544539822,0,0,26011001,9548628,3,0.05,4642.22,0.0,0.0,0.0,0.0,XAUUSD.u,STR B16,
3398149,9548630,2026-08-24 04:10:06,1787544606452,0,0,26011001,9548630,3,0.05,4643.76,0.0,0.0,0.0,0.0,XAUUSD.u,STR B17,
3398165,9582939,2026-08-24 04:10:13,1787544613799,1,1,26011001,9548624,4,0.05,4643.39,0.0,0.0,21.25,0.0,XAUUSD.u,[sl 4643.39],
3398174,9548632,2026-08-24 04:10:33,1787544633696,0,0,26011001,9548632,3,0.05,4645.3,0.0,0.0,0.0,0.0,XAUUSD.u,STR B18,
3398195,9548634,2026-08-24 04:10:41,1787544641897,0,0,26011001,9548634,3,0.05,4646.84,0.0,0.0,0.0,0.0,XAUUSD.u,STR B19,
3398220,9548636,2026-08-24 04:10:49,1787544649511,0,0,26011001,9548636,3,0.05,4648.38,0.0,0.0,0.0,0.0,XAUUSD.u,STR B20,
3398237,9548638,2026-08-24 04:11:00,1787544660285,0,0,26011001,9548638,3,0.2,4649.92,0.0,0.0,0.0,0.0,XAUUSD.u,STR B21,
3398258,9548640,2026-08-24 04:11:11,1787544671519,0,0,26011001,9548640,3,0.2,4651.46,0.0,0.0,0.0,0.0,XAUUSD.u,STR B22,
3398283,9583052,2026-08-24 04:11:23,1787544683840,1,1,26011001,9548626,4,0.05,4650.29,0.0,0.0,48.05,0.0,XAUUSD.u,[sl 4650.29],
3398284,9583053,2026-08-24 04:11:23,1787544683840,1,1,26011001,9548628,4,0.05,4650.29,0.0,0.0,40.35,0.0,XAUUSD.u,[sl 4650.29],
3398285,9583054,2026-08-24 04:11:23,1787544683840,1,1,26011001,9548630,4,0.05,4650.38,0.0,0.0,33.1,0.0,XAUUSD.u,[sl 4650.38],
3398286,9583055,2026-08-24 04:11:23,1787544683840,1,1,26011001,9548632,4,0.05,4650.3,0.0,0.0,25.0,0.0,XAUUSD.u,[sl 4650.30],
3398287,9583056,2026-08-24 04:11:23,1787544683840,1,1,26011001,9548634,4,0.05,4650.29,0.0,0.0,17.25,0.0,XAUUSD.u,[sl 4650.29],
3398291,9583060,2026-08-24 04:11:35,1787544695979,1,1,26011001,9548636,4,0.05,4648.73,0.0,0.0,1.75,0.0,XAUUSD.u,[sl 4648.73],
3398448,9548643,2026-08-24 04:17:33,1787545053982,0,0,26011001,9548643,3,0.2,4653.0,0.0,0.0,0.0,0.0,XAUUSD.u,STR B23,
3398497,9548645,2026-08-24 04:18:36,1787545116077,0,0,26011001,9548645,3,0.2,4654.54,0.0,0.0,0.0,0.0,XAUUSD.u,STR B24,
3398504,9583272,2026-08-24 04:18:47,1787545127771,1,1,26011001,9548638,4,0.2,4653.59,0.0,0.0,73.4,0.0,XAUUSD.u,[sl 4653.59],
3398518,9583288,2026-08-24 04:20:01,1787545201360,1,1,26011001,9548640,4,0.2,4652.33,0.0,0.0,17.4,0.0,XAUUSD.u,[sl 4652.33],
3398671,9548647,2026-08-24 04:30:00,1787545800682,0,0,26011001,9548647,3,0.2,4656.08,0.0,0.0,0.0,0.0,XAUUSD.u,STR B25,
3398692,9583468,2026-08-24 04:30:10,1787545810335,1,1,26011001,9548643,4,0.2,4653.75,0.0,0.0,15.0,0.0,XAUUSD.u,[sl 4653.75],
3402037,9586858,2026-08-24 06:13:02,1787551982084,0,0,26011001,9586858,3,0.01,4637.63,0.0,0.0,0.0,0.0,XAUUSD.u,STR B1,
3402204,9586860,2026-08-24 06:17:51,1787552271041,0,0,26011001,9586860,3,0.01,4639.18,0.0,0.0,0.0,0.0,XAUUSD.u,STR B2,
3402284,9586862,2026-08-24 06:18:53,1787552333205,0,0,26011001,9586862,3,0.01,4640.73,0.0,0.0,0.0,0.0,XAUUSD.u,STR B3,
3402466,9587393,2026-08-24 06:22:36,1787552556467,1,1,26011001,9586858,4,0.01,4637.8,0.0,0.0,0.17,0.0,XAUUSD.u,[sl 4637.80],
3402537,9587468,2026-08-24 06:24:41,1787552681269,0,0,26011001,9587468,3,0.01,4637.63,0.0,0.0,0.0,0.0,XAUUSD.u,STR B1,
3402709,9587650,2026-08-24 06:30:57,1787553057652,1,1,26011001,9587468,4,0.01,4638.93,0.0,0.0,1.3,0.0,XAUUSD.u,[sl 4638.93],
3402779,9587716,2026-08-24 06:32:09,1787553129703,0,0,26011001,9587716,3,0.01,4637.63,0.0,0.0,0.0,0.0,XAUUSD.u,STR B1,
3402911,9586859,2026-08-24 06:33:46,1787553226221,1,0,26011001,9586859,3,0.01,4634.53,0.0,0.0,0.0,0.0,XAUUSD.u,STR S1,
3403886,9588839,2026-08-24 07:04:27,1787555067057,1,1,26011001,9587716,4,0.01,4638.71,0.0,0.0,1.08,0.0,XAUUSD.u,[sl 4638.71],
3404164,9586864,2026-08-24 07:07:01,1787555221341,0,0,26011001,9586864,3,0.01,4642.28,0.0,0.0,0.0,0.0,XAUUSD.u,STR B4,
3404346,9589297,2026-08-24 07:10:00,1787555400235,1,1,26011001,9586860,4,0.01,4639.79,0.0,0.0,0.61,0.0,XAUUSD.u,[sl 4639.79],
3404741,9586866,2026-08-24 07:15:41,1787555741390,0,0,26011001,9586866,3,0.01,4643.83,0.0,0.0,0.0,0.0,XAUUSD.u,STR B5,
3404760,9586868,2026-08-24 07:15:44,1787555744550,0,0,26011001,9586868,3,0.01,4645.38,0.0,0.0,0.0,0.0,XAUUSD.u,STR B6,
3404821,9589774,2026-08-24 07:16:20,1787555780963,1,1,26011001,9586862,4,0.01,4643.97,0.0,0.0,3.24,0.0,XAUUSD.u,[sl 4643.97],
3405053,9590004,2026-08-24 07:19:23,1787555963216,1,1,26011001,9586864,4,0.01,4643.5,0.0,0.0,1.22,0.0,XAUUSD.u,[sl 4643.50],
3405129,9590080,2026-08-24 07:21:01,1787556061218,0,0,26011001,9590080,3,0.01,4640.73,0.0,0.0,0.0,0.0,XAUUSD.u,STR B3,
3405205,9590160,2026-08-24 07:22:12,1787556132824,0,0,26011001,9590160,3,0.01,4639.18,0.0,0.0,0.0,0.0,XAUUSD.u,STR B2,
3405340,9590055,2026-08-24 07:27:42,1787556462519,0,0,26011001,9590055,3,0.01,4642.28,0.0,0.0,0.0,0.0,XAUUSD.u,STR B4,
3405406,9590363,2026-08-24 07:28:28,1787556508679,1,1,26011001,9590160,4,0.01,4639.27,0.0,0.0,0.09,0.0,XAUUSD.u,[sl 4639.27],
3405413,9590365,2026-08-24 07:28:29,1787556509467,0,0,26011001,9590365,3,0.01,4639.18,0.0,0.0,0.0,0.0,XAUUSD.u,STR B2,
3405655,9590493,2026-08-24 07:29:50,1787556590837,0,0,26011001,9590493,3,0.01,4637.63,0.0,0.0,0.0,0.0,XAUUSD.u,STR B1,
3405707,9586861,2026-08-24 07:30:01,1787556601660,1,0,26011001,9586861,3,0.01,4632.98,0.0,0.0,0.0,0.0,XAUUSD.u,STR S2,
3405726,9586863,2026-08-24 07:30:01,1787556601746,1,0,26011001,9586863,3,0.01,4631.43,0.0,0.0,0.0,0.0,XAUUSD.u,STR S3,
3406100,9586865,2026-08-24 07:34:19,1787556859939,1,0,26011001,9586865,3,0.01,4629.88,0.0,0.0,0.0,0.0,XAUUSD.u,STR S4,
3406103,9591052,2026-08-24 07:34:23,1787556863334,0,1,26011001,9586859,4,0.01,4631.32,0.0,0.0,3.21,0.0,XAUUSD.u,[sl 4631.32],
3406144,9591095,2026-08-24 07:35:00,1787556900081,0,1,26011001,9586861,4,0.01,4632.86,0.0,0.0,0.12,0.0,XAUUSD.u,[sl 4632.86],
3406150,9591099,2026-08-24 07:35:01,1787556901152,1,0,26011001,9591099,3,0.01,4632.98,0.0,0.0,0.0,0.0,XAUUSD.u,STR S2,
3406159,9591110,2026-08-24 07:35:22,1787556922648,1,0,26011001,9591110,3,0.01,4634.53,0.0,0.0,0.0,0.0,XAUUSD.u,STR S1,
3406371,9591325,2026-08-24 07:38:37,1787557117803,0,1,26011001,9591110,4,0.01,4634.0,0.0,0.0,0.53,0.0,XAUUSD.u,[sl 4634.00],
3406403,9591357,2026-08-24 07:40:14,1787557214199,1,0,26011001,9591357,3,0.01,4634.53,0.0,0.0,0.0,0.0,XAUUSD.u,STR S1,
3406827,9591780,2026-08-24 07:47:57,1787557677352,0,1,26011001,9591357,4,0.01,4633.38,0.0,0.0,1.15,0.0,XAUUSD.u,[sl 4633.38],
3406839,9591792,2026-08-24 07:48:34,1787557714249,1,0,26011001,9591792,3,0.01,4634.53,0.0,0.0,0.0,0.0,XAUUSD.u,STR S1,
3407076,9592031,2026-08-24 07:51:55,1787557915102,1,1,26011001,9590493,4,0.01,4641.04,0.0,0.0,3.41,0.0,XAUUSD.u,[sl 4641.04],
3407117,9592075,2026-08-24 07:54:13,1787558053004,1,1,26011001,9590365,4,0.01,4639.96,0.0,0.0,0.78,0.0,XAUUSD.u,[sl 4639.96],
3407171,9592127,2026-08-24 07:54:35,1787558075656,0,0,26011001,9592127,3,0.01,4639.18,0.0,0.0,0.0,0.0,XAUUSD.u,STR B2,
3407320,9592279,2026-08-24 08:03:20,1787558600566,1,1,26011001,9590080,4,0.01,4644.47,0.0,0.0,3.74,0.0,XAUUSD.u,[sl 4644.47],
3407321,9592280,2026-08-24 08:03:20,1787558600566,1,1,26011001,9592127,4,0.01,4644.47,0.0,0.0,5.29,0.0,XAUUSD.u,[sl 4644.47],
3407425,9586870,2026-08-24 08:06:12,1787558772608,0,0,26011001,9586870,3,0.01,4646.93,0.0,0.0,0.0,0.0,XAUUSD.u,STR B7,
3407461,9586872,2026-08-24 08:06:22,1787558782784,0,0,26011001,9586872,3,0.01,4648.48,0.0,0.0,0.0,0.0,XAUUSD.u,STR B8,
3407490,9592444,2026-08-24 08:06:47,1787558807227,1,1,26011001,9586866,4,0.01,4648.18,0.0,0.0,4.35,0.0,XAUUSD.u,[sl 4648.18],
3407491,9592445,2026-08-24 08:06:47,1787558807227,1,1,26011001,9590055,4,0.01,4648.18,0.0,0.0,5.9,0.0,XAUUSD.u,[sl 4648.18],
3407577,9592535,2026-08-24 08:07:56,1787558876630,1,1,26011001,9586868,4,0.01,4646.71,0.0,0.0,1.33,0.0,XAUUSD.u,[sl 4646.71],
3407661,9586874,2026-08-24 08:08:53,1787558933671,0,0,26011001,9586874,3,0.01,4650.03,0.0,0.0,0.0,0.0,XAUUSD.u,STR B9,
3407687,9586877,2026-08-24 08:09:04,1787558944472,0,0,26011001,9586877,3,0.01,4651.58,0.0,0.0,0.0,0.0,XAUUSD.u,STR B10,
3407732,9592690,2026-08-24 08:09:31,1787558971998,1,1,26011001,9586870,4,0.01,4650.22,0.0,0.0,3.29,0.0,XAUUSD.u,[sl 4650.22],
3407757,9592714,2026-08-24 08:10:23,1787559023792,1,1,26011001,9586872,4,0.01,4648.67,0.0,0.0,0.19,0.0,XAUUSD.u,[sl 4648.67],
3407758,9592715,2026-08-24 08:10:28,1787559028585,0,0,26011001,9592715,3,0.01,4648.48,0.0,0.0,0.0,0.0,XAUUSD.u,STR B8,
3407909,9586879,2026-08-24 08:15:03,1787559303525,0,0,26011001,9586879,3,0.05,4653.13,0.0,0.0,0.0,0.0,XAUUSD.u,STR B11,
3407950,9586881,2026-08-24 08:15:30,1787559330748,0,0,26011001,9586881,3,0.05,4654.68,0.0,0.0,0.0,0.0,XAUUSD.u,STR B12,
3408009,9586883,2026-08-24 08:15:38,1787559338058,0,0,26011001,9586883,3,0.05,4656.23,0.0,0.0,0.0,0.0,XAUUSD.u,STR B13,
3408045,9593063,2026-08-24 08:16:16,1787559376281,1,1,26011001,9586877,4,0.01,4655.46,0.0,0.0,3.88,0.0,XAUUSD.u,[sl 4655.46],
3408050,9593068,2026-08-24 08:16:25,1787559385029,1,1,26011001,9586874,4,0.01,4655.33,0.0,0.0,5.3,0.0,XAUUSD.u,[sl 4655.33],
3408052,9593070,2026-08-24 08:16:26,1787559386653,1,1,26011001,9592715,4,0.01,4655.22,0.0,0.0,6.74,0.0,XAUUSD.u,[sl 4655.22],
3408079,9586885,2026-08-24 08:17:03,1787559423299,0,0,26011001,9586885,3,0.05,4657.78,0.0,0.0,0.0,0.0,XAUUSD.u,STR B14,
3408142,9593217,2026-08-24 08:17:08,1787559428470,1,1,26011001,9586879,4,0.05,4657.67,0.0,0.0,22.7,0.0,XAUUSD.u,[sl 4657.67],
3408146,9593222,2026-08-24 08:17:13,1787559433905,1,1,26011001,9586881,4,0.05,4656.12,0.0,0.0,7.2,0.0,XAUUSD.u,[sl 4656.12],
3408210,9586887,2026-08-24 08:19:02,1787559542021,0,0,26011001,9586887,3,0.05,4659.33,0.0,0.0,0.0,0.0,XAUUSD.u,STR B15,
3408249,9593319,2026-08-24 08:19:53,1787559593062,1,1,26011001,9586883,4,0.05,4656.91,0.0,0.0,3.4,0.0,XAUUSD.u,[sl 4656.91],
3408252,9593322,2026-08-24 08:19:58,1787559598664,0,0,26011001,9593322,3,0.05,4656.23,0.0,0.0,0.0,0.0,XAUUSD.u,STR B13,
3408373,9593424,2026-08-24 08:22:11,1787559731161,0,0,26011001,9593424,3,0.05,4653.13,0.0,0.0,0.0,0.0,XAUUSD.u,STR B11,
3408389,9593443,2026-08-24 08:22:24,1787559744667,0,0,26011001,9593443,3,0.01,4651.58,0.0,0.0,0.0,0.0,XAUUSD.u,STR B10,
3408580,9593617,2026-08-24 08:22:57,1787559777653,0,0,26011001,9593617,3,0.01,4648.48,0.0,0.0,0.0,0.0,XAUUSD.u,STR B8,
3408645,9593677,2026-08-24 08:23:41,1787559821976,0,0,26011001,9593677,3,0.01,4646.93,0.0,0.0,0.0,0.0,XAUUSD.u,STR B7,
3408716,9593548,2026-08-24 08:24:59,1787559899427,0,0,26011001,9593548,3,0.01,4650.03,0.0,0.0,0.0,0.0,XAUUSD.u,STR B9,
3408748,9593785,2026-08-24 08:25:39,1787559939801,1,1,26011001,9593677,4,0.01,4647.18,0.0,0.0,0.25,0.0,XAUUSD.u,[sl 4647.18],
3408849,9593893,2026-08-24 08:26:14,1787559974589,0,0,26011001,9593893,3,0.01,4646.93,0.0,0.0,0.0,0.0,XAUUSD.u,STR B7,
3408912,9593941,2026-08-24 08:26:29,1787559989125,0,0,26011001,9593941,3,0.01,4643.83,0.0,0.0,0.0,0.0,XAUUSD.u,STR B5,
3408933,9593914,2026-08-24 08:26:52,1787560012210,0,0,26011001,9593914,3,0.01,4645.38,0.0,0.0,0.0,0.0,XAUUSD.u,STR B6,
3409084,9594070,2026-08-24 08:29:54,1787560194364,0,0,26011001,9594070,3,0.01,4642.28,0.0,0.0,0.0,0.0,XAUUSD.u,STR B4,
3409283,9594322,2026-08-24 08:32:36,1787560356184,1,1,26011001,9593941,4,0.01,4647.26,0.0,0.0,3.43,0.0,XAUUSD.u,[sl 4647.26],
3409284,9594323,2026-08-24 08:32:36,1787560356184,1,1,26011001,9594070,4,0.01,4647.26,0.0,0.0,4.98,0.0,XAUUSD.u,[sl 4647.26],
3409414,9594454,2026-08-24 08:34:09,1787560449787,1,1,26011001,9593893,4,0.01,4650.91,0.0,0.0,3.98,0.0,XAUUSD.u,[sl 4650.91],
3409415,9594455,2026-08-24 08:34:09,1787560449787,1,1,26011001,9593914,4,0.01,4650.91,0.0,0.0,5.53,0.0,XAUUSD.u,[sl 4650.91],
3409426,9594466,2026-08-24 08:34:20,1787560460466,1,1,26011001,9593617,4,0.01,4649.35,0.0,0.0,0.87,0.0,XAUUSD.u,[sl 4649.35],
3409646,9594689,2026-08-24 08:40:40,1787560840013,1,1,26011001,9593548,4,0.01,4650.6,0.0,0.0,0.57,0.0,XAUUSD.u,[sl 4650.60],
3409650,9594692,2026-08-24 08:40:44,1787560844687,0,0,26011001,9594692,3,0.01,4650.03,0.0,0.0,0.0,0.0,XAUUSD.u,STR B9,
3409694,9594737,2026-08-24 08:41:59,1787560919106,0,0,26011001,9594737,3,0.01,4648.48,0.0,0.0,0.0,0.0,XAUUSD.u,STR B8,
3409762,9594805,2026-08-24 08:43:00,1787560980493,0,0,26011001,9594805,3,0.01,4646.93,0.0,0.0,0.0,0.0,XAUUSD.u,STR B7,
3409814,9594859,2026-08-24 08:43:46,1787561026181,0,0,26011001,9594859,3,0.01,4645.38,0.0,0.0,0.0,0.0,XAUUSD.u,STR B6,
3409863,9594902,2026-08-24 08:44:05,1787561045618,0,0,26011001,9594902,3,0.01,4643.83,0.0,0.0,0.0,0.0,XAUUSD.u,STR B5,
3409884,9594925,2026-08-24 08:44:11,1787561051943,0,0,26011001,9594925,3,0.01,4642.28,0.0,0.0,0.0,0.0,XAUUSD.u,STR B4,
3410090,9595106,2026-08-24 08:47:41,1787561261221,1,1,26011001,9594925,4,0.01,4645.79,0.0,0.0,3.51,0.0,XAUUSD.u,[sl 4645.79],
3410315,9595333,2026-08-24 08:50:54,1787561454602,1,1,26011001,9594805,4,0.01,4650.47,0.0,0.0,3.54,0.0,XAUUSD.u,[sl 4650.47],
3410316,9595334,2026-08-24 08:50:54,1787561454602,1,1,26011001,9594859,4,0.01,4650.47,0.0,0.0,5.09,0.0,XAUUSD.u,[sl 4650.47],
3410317,9595335,2026-08-24 08:50:54,1787561454602,1,1,26011001,9594902,4,0.01,4650.47,0.0,0.0,6.64,0.0,XAUUSD.u,[sl 4650.47],
3410352,9595370,2026-08-24 08:51:03,1787561463441,1,1,26011001,9594737,4,0.01,4648.92,0.0,0.0,0.44,0.0,XAUUSD.u,[sl 4648.92],
3410412,9595430,2026-08-24 08:51:33,1787561493318,0,0,26011001,9595430,3,0.01,4646.93,0.0,0.0,0.0,0.0,XAUUSD.u,STR B7,
3410426,9595393,2026-08-24 08:51:46,1787561506182,0,0,26011001,9595393,3,0.01,4648.48,0.0,0.0,0.0,0.0,XAUUSD.u,STR B8,
3410571,9595577,2026-08-24 08:54:06,1787561646187,1,1,26011001,9595393,4,0.01,4652.54,0.0,0.0,4.06,0.0,XAUUSD.u,[sl 4652.54],
3410572,9595578,2026-08-24 08:54:06,1787561646251,1,1,26011001,9595430,4,0.01,4652.51,0.0,0.0,5.58,0.0,XAUUSD.u,[sl 4652.51],
3410606,9595612,2026-08-24 08:55:03,1787561703266,1,1,26011001,9594692,4,0.01,4650.96,0.0,0.0,0.93,0.0,XAUUSD.u,[sl 4650.96],
3410619,9595626,2026-08-24 08:55:15,1787561715168,0,0,26011001,9595626,3,0.01,4650.03,0.0,0.0,0.0,0.0,XAUUSD.u,STR B9,
3410719,9593412,2026-08-24 09:00:22,1787562022382,0,0,26011001,9593412,3,0.05,4654.68,0.0,0.0,0.0,0.0,XAUUSD.u,STR B12,
3410734,9595742,2026-08-24 09:00:31,1787562031247,1,1,26011001,9595626,4,0.01,4653.26,0.0,0.0,3.23,0.0,XAUUSD.u,[sl 4653.26],
3410739,9595749,2026-08-24 09:00:34,1787562034285,1,1,26011001,9593443,4,0.01,4651.71,0.0,0.0,0.13,0.0,XAUUSD.u,[sl 4651.71],
3410747,9595753,2026-08-24 09:00:41,1787562041283,0,0,26011001,9595753,3,0.01,4651.58,0.0,0.0,0.0,0.0,XAUUSD.u,STR B10,
3410778,9595788,2026-08-24 09:01:50,1787562110076,0,0,26011001,9595788,3,0.01,4648.48,0.0,0.0,0.0,0.0,XAUUSD.u,STR B8,
3410832,9595784,2026-08-24 09:03:15,1787562195808,0,0,26011001,9595784,3,0.01,4650.03,0.0,0.0,0.0,0.0,XAUUSD.u,STR B9,
3410906,9595901,2026-08-24 09:07:24,1787562444014,0,0,26011001,9595901,3,0.01,4646.93,0.0,0.0,0.0,0.0,XAUUSD.u,STR B7,
3410963,9595972,2026-08-24 09:09:11,1787562551432,0,0,26011001,9595972,3,0.01,4645.38,0.0,0.0,0.0,0.0,XAUUSD.u,STR B6,
3411053,9596072,2026-08-24 09:13:28,1787562808274,1,1,26011001,9595972,4,0.01,4646.42,0.0,0.0,1.04,0.0,XAUUSD.u,[sl 4646.42],
3411114,9596133,2026-08-24 09:15:59,1787562959828,1,1,26011001,9595901,4,0.01,4647.13,0.0,0.0,0.2,0.0,XAUUSD.u,[sl 4647.13],
3411119,9596138,2026-08-24 09:16:02,1787562962626,0,0,26011001,9596138,3,0.01,4646.93,0.0,0.0,0.0,0.0,XAUUSD.u,STR B7,
3411176,9596185,2026-08-24 09:16:28,1787562988279,0,0,26011001,9596185,3,0.01,4643.83,0.0,0.0,0.0,0.0,XAUUSD.u,STR B5,
3411281,9596165,2026-08-24 09:19:12,1787563152504,0,0,26011001,9596165,3,0.01,4645.38,0.0,0.0,0.0,0.0,XAUUSD.u,STR B6,
3411453,9596482,2026-08-24 09:23:31,1787563411200,1,1,26011001,9596185,4,0.01,4644.88,0.0,0.0,1.05,0.0,XAUUSD.u,[sl 4644.88],
3411546,9596553,2026-08-24 09:23:57,1787563437059,0,0,26011001,9596553,3,0.01,4643.83,0.0,0.0,0.0,0.0,XAUUSD.u,STR B5,
3411677,9596696,2026-08-24 09:26:54,1787563614298,1,1,26011001,9596553,4,0.01,4644.41,0.0,0.0,0.58,0.0,XAUUSD.u,[sl 4644.41],
3411763,9596787,2026-08-24 09:29:26,1787563766036,0,0,26011001,9596787,3,0.01,4643.83,0.0,0.0,0.0,0.0,XAUUSD.u,STR B5,
3411799,9596820,2026-08-24 09:30:27,1787563827886,0,0,26011001,9596820,3,0.01,4642.28,0.0,0.0,0.0,0.0,XAUUSD.u,STR B4,
3412051,9597085,2026-08-24 09:36:34,1787564194194,1,1,26011001,9596820,4,0.01,4646.51,0.0,0.0,4.23,0.0,XAUUSD.u,[sl 4646.51],
3412109,9597145,2026-08-24 09:38:22,1787564302915,1,1,26011001,9596787,4,0.01,4644.96,0.0,0.0,1.13,0.0,XAUUSD.u,[sl 4644.96],
3412129,9597159,2026-08-24 09:38:42,1787564322766,0,0,26011001,9597159,3,0.01,4643.83,0.0,0.0,0.0,0.0,XAUUSD.u,STR B5,
3412209,9597249,2026-08-24 09:41:48,1787564508762,0,0,26011001,9597249,3,0.01,4640.73,0.0,0.0,0.0,0.0,XAUUSD.u,STR B3,
3412267,9597306,2026-08-24 09:42:25,1787564545411,0,0,26011001,9597306,3,0.01,4639.18,0.0,0.0,0.0,0.0,XAUUSD.u,STR B2,
3412634,9597673,2026-08-24 09:47:58,1787564878466,0,1,26011001,9591792,4,0.01,4633.67,0.0,0.0,0.86,0.0,XAUUSD.u,[sl 4633.67],
3412674,9597707,2026-08-24 09:49:03,1787564943119,1,0,26011001,9597707,3,0.01,4634.53,0.0,0.0,0.0,0.0,XAUUSD.u,STR S1,
3412722,9597765,2026-08-24 09:50:40,1787565040766,0,1,26011001,9597707,4,0.01,4633.37,0.0,0.0,1.16,0.0,XAUUSD.u,[sl 4633.37],
3412732,9597775,2026-08-24 09:50:50,1787565050205,1,0,26011001,9597775,3,0.01,4634.53,0.0,0.0,0.0,0.0,XAUUSD.u,STR S1,
3412905,9597393,2026-08-24 09:55:46,1787565346973,0,0,26011001,9597393,3,0.01,4637.63,0.0,0.0,0.0,0.0,XAUUSD.u,STR B1,
3413120,9597219,2026-08-24 09:58:04,1787565484852,0,0,26011001,9597219,3,0.01,4642.28,0.0,0.0,0.0,0.0,XAUUSD.u,STR B4,
3413163,9598226,2026-08-24 09:59:45,1787565585604,1,1,26011001,9597306,4,0.01,4642.34,0.0,0.0,3.16,0.0,XAUUSD.u,[sl 4642.34],
3413164,9598227,2026-08-24 09:59:45,1787565585604,1,1,26011001,9597393,4,0.01,4642.34,0.0,0.0,4.71,0.0,XAUUSD.u,[sl 4642.34],
3413185,9598250,2026-08-24 10:00:23,1787565623534,1,1,26011001,9597249,4,0.01,4640.79,0.0,0.0,0.06,0.0,XAUUSD.u,[sl 4640.79],
3413195,9598259,2026-08-24 10:00:39,1787565639990,0,0,26011001,9598259,3,0.01,4640.73,0.0,0.0,0.0,0.0,XAUUSD.u,STR B3,
3413219,9598281,2026-08-24 10:01:30,1787565690179,0,0,26011001,9598281,3,0.01,4639.18,0.0,0.0,0.0,0.0,XAUUSD.u,STR B2,
3413246,9598303,2026-08-24 10:01:56,1787565716377,0,0,26011001,9598303,3,0.01,4637.63,0.0,0.0,0.0,0.0,XAUUSD.u,STR B1,
3413408,9598478,2026-08-24 10:05:59,1787565959003,1,1,26011001,9598303,4,0.01,4639.01,0.0,0.0,1.38,0.0,XAUUSD.u,[sl 4639.01],
3413413,9598482,2026-08-24 10:06:08,1787565968198,0,0,26011001,9598482,3,0.01,4637.63,0.0,0.0,0.0,0.0,XAUUSD.u,STR B1,
3413490,9598561,2026-08-24 10:07:27,1787566047534,1,1,26011001,9598259,4,0.01,4644.04,0.0,0.0,3.31,0.0,XAUUSD.u,[sl 4644.04],
3413491,9598562,2026-08-24 10:07:27,1787566047534,1,1,26011001,9598281,4,0.01,4644.04,0.0,0.0,4.86,0.0,XAUUSD.u,[sl 4644.04],
3413492,9598563,2026-08-24 10:07:27,1787566047534,1,1,26011001,9598482,4,0.01,4644.04,0.0,0.0,6.41,0.0,XAUUSD.u,[sl 4644.04],
3413503,9598575,2026-08-24 10:07:56,1787566076493,1,1,26011001,9597219,4,0.01,4642.5,0.0,0.0,0.22,0.0,XAUUSD.u,[sl 4642.50],
3413509,9598581,2026-08-24 10:07:59,1787566079728,0,0,26011001,9598581,3,0.01,4642.28,0.0,0.0,0.0,0.0,XAUUSD.u,STR B4,
3413523,9598590,2026-08-24 10:08:11,1787566091586,0,0,26011001,9598590,3,0.01,4640.73,0.0,0.0,0.0,0.0,XAUUSD.u,STR B3,
3413552,9598629,2026-08-24 10:08:59,1787566139465,0,0,26011001,9598629,3,0.01,4637.63,0.0,0.0,0.0,0.0,XAUUSD.u,STR B1,
3413607,9598614,2026-08-24 10:10:21,1787566221467,0,0,26011001,9598614,3,0.01,4639.18,0.0,0.0,0.0,0.0,XAUUSD.u,STR B2,
3414551,9599625,2026-08-24 10:30:17,1787567417638,0,1,26011001,9597775,4,0.01,4631.45,0.0,0.0,3.08,0.0,XAUUSD.u,[sl 4631.45],
3414681,9599713,2026-08-24 10:33:38,1787567618675,1,0,26011001,9599713,3,0.01,4631.69,0.0,0.0,0.0,0.0,XAUUSD.u,STR S1,
3414700,9599712,2026-08-24 10:35:02,1787567702651,0,0,26011001,9599712,3,0.01,4634.77,0.0,0.0,0.0,0.0,XAUUSD.u,STR B1,
3414736,9599714,2026-08-24 10:36:58,1787567818071,0,0,26011001,9599714,3,0.01,4636.31,0.0,0.0,0.0,0.0,XAUUSD.u,STR B2,
3414918,9599716,2026-08-24 10:41:35,1787568095846,0,0,26011001,9599716,3,0.01,4637.85,0.0,0.0,0.0,0.0,XAUUSD.u,STR B3,
3414957,9599718,2026-08-24 10:41:47,1787568107474,0,0,26011001,9599718,3,0.01,4639.39,0.0,0.0,0.0,0.0,XAUUSD.u,STR B4,
3414992,9599720,2026-08-24 10:42:28,1787568148261,0,0,26011001,9599720,3,0.01,4640.93,0.0,0.0,0.0,0.0,XAUUSD.u,STR B5,
3415056,9599722,2026-08-24 10:43:03,1787568183277,0,0,26011001,9599722,3,0.01,4642.47,0.0,0.0,0.0,0.0,XAUUSD.u,STR B6,
3415080,9599724,2026-08-24 10:43:20,1787568200888,0,0,26011001,9599724,3,0.01,4644.01,0.0,0.0,0.0,0.0,XAUUSD.u,STR B7,
3415116,9600221,2026-08-24 10:43:30,1787568210015,1,1,26011001,9599724,3,0.01,4644.15,0.0,0.0,0.14,0.0,XAUUSD.u,STR CLOSE,
3415118,9600223,2026-08-24 10:43:30,1787568210129,1,1,26011001,9599722,3,0.01,4644.15,0.0,0.0,1.6800000000000002,0.0,XAUUSD.u,STR CLOSE,
3415119,9600224,2026-08-24 10:43:30,1787568210242,1,1,26011001,9599720,3,0.01,4644.12,0.0,0.0,3.19,0.0,XAUUSD.u,STR CLOSE,
3415121,9600226,2026-08-24 10:43:30,1787568210354,1,1,26011001,9599718,3,0.01,4644.16,0.0,0.0,4.77,0.0,XAUUSD.u,STR CLOSE,
3415123,9600228,2026-08-24 10:43:30,1787568210465,1,1,26011001,9599716,3,0.01,4644.1,0.0,0.0,6.25,0.0,XAUUSD.u,STR CLOSE,
3415124,9600229,2026-08-24 10:43:30,1787568210578,1,1,26011001,9599714,3,0.01,4644.34,0.0,0.0,8.03,0.0,XAUUSD.u,STR CLOSE,
3415125,9600230,2026-08-24 10:43:30,1787568210704,0,1,26011001,9599713,3,0.01,4644.34,0.0,0.0,-12.65,0.0,XAUUSD.u,STR CLOSE,
3415126,9600231,2026-08-24 10:43:30,1787568210816,1,1,26011001,9599712,3,0.01,4644.38,0.0,0.0,9.61,0.0,XAUUSD.u,STR CLOSE,
3415250,9600235,2026-08-24 10:46:57,1787568417309,1,0,26011001,9600235,3,0.01,4643.42,0.0,0.0,0.0,0.0,XAUUSD.u,STR S1,
3415432,9600240,2026-08-24 10:52:42,1787568762175,1,0,26011001,9600240,3,0.01,4641.87,0.0,0.0,0.0,0.0,XAUUSD.u,STR S2,
3415471,9600243,2026-08-24 10:53:23,1787568803563,1,0,26011001,9600243,3,0.01,4640.32,0.0,0.0,0.0,0.0,XAUUSD.u,STR S3,
3415606,9600245,2026-08-24 10:56:56,1787569016198,1,0,26011001,9600245,3,0.01,4638.77,0.0,0.0,0.0,0.0,XAUUSD.u,STR S4,
3415660,9600247,2026-08-24 10:57:19,1787569039379,1,0,26011001,9600247,3,0.01,4637.22,0.0,0.0,0.0,0.0,XAUUSD.u,STR S5,
3415744,9600861,2026-08-24 10:58:45,1787569125891,0,1,26011001,9600235,4,0.01,4637.66,0.0,0.0,5.76,0.0,XAUUSD.u,[sl 4637.66],
3415745,9600862,2026-08-24 10:58:45,1787569125891,0,1,26011001,9600240,4,0.01,4637.66,0.0,0.0,4.21,0.0,XAUUSD.u,[sl 4637.66],
3415815,9600920,2026-08-24 11:00:15,1787569215703,0,1,26011001,9600243,4,0.01,4639.21,0.0,0.0,1.11,0.0,XAUUSD.u,[sl 4639.21],
3415846,9600950,2026-08-24 11:00:59,1787569259366,1,0,26011001,9600950,3,0.01,4640.32,0.0,0.0,0.0,0.0,XAUUSD.u,STR S3,
3415889,9600987,2026-08-24 11:01:15,1787569275513,1,0,26011001,9600987,3,0.01,4641.87,0.0,0.0,0.0,0.0,XAUUSD.u,STR S2,
3416061,9601125,2026-08-24 11:06:35,1787569595654,1,0,26011001,9601125,3,0.01,4643.42,0.0,0.0,0.0,0.0,XAUUSD.u,STR S1,
3416363,9601432,2026-08-24 11:12:30,1787569950398,0,1,26011001,9601125,4,0.01,4642.85,0.0,0.0,0.57,0.0,XAUUSD.u,[sl 4642.85],
3416385,9601454,2026-08-24 11:12:36,1787569956531,1,0,26011001,9601454,3,0.01,4643.42,0.0,0.0,0.0,0.0,XAUUSD.u,STR S1,
3416709,9601774,2026-08-24 11:16:57,1787570217782,0,1,26011001,9601454,3,0.01,4637.39,0.0,0.0,6.03,0.0,XAUUSD.u,STR CLOSE,
3416710,9601775,2026-08-24 11:16:57,1787570217894,0,1,26011001,9600987,3,0.01,4637.39,0.0,0.0,4.48,0.0,XAUUSD.u,STR CLOSE,
3416713,9601778,2026-08-24 11:16:58,1787570218012,0,1,26011001,9600950,3,0.01,4637.32,0.0,0.0,3.0,0.0,XAUUSD.u,STR CLOSE,
3416715,9601780,2026-08-24 11:16:58,1787570218125,0,1,26011001,9600247,3,0.01,4637.3,0.0,0.0,-0.08,0.0,XAUUSD.u,STR CLOSE,
3416716,9601781,2026-08-24 11:16:58,1787570218241,0,1,26011001,9600245,3,0.01,4637.35,0.0,0.0,1.42,0.0,XAUUSD.u,STR CLOSE,
3416832,9601791,2026-08-24 11:17:12,1787570232508,1,0,26011001,9601791,3,0.01,4635.72,0.0,0.0,0.0,0.0,XAUUSD.u,STR S1,
3416959,9601789,2026-08-24 11:20:39,1787570439731,0,0,26011001,9601789,3,0.01,4638.82,0.0,0.0,0.0,0.0,XAUUSD.u,STR B1,
3417678,9601793,2026-08-24 11:32:43,1787571163894,0,0,26011001,9601793,3,0.01,4640.37,0.0,0.0,0.0,0.0,XAUUSD.u,STR B2,
3417923,9601794,2026-08-24 11:35:58,1787571358970,1,0,26011001,9601794,3,0.01,4634.17,0.0,0.0,0.0,0.0,XAUUSD.u,STR S2,
3418832,9601795,2026-08-24 11:46:07,1787571967861,0,0,26011001,9601795,3,0.01,4641.92,0.0,0.0,0.0,0.0,XAUUSD.u,STR B3,
3419014,9601797,2026-08-24 11:47:09,1787572029107,0,0,26011001,9601797,3,0.01,4643.47,0.0,0.0,0.0,0.0,XAUUSD.u,STR B4,
3419173,9601799,2026-08-24 11:48:05,1787572085142,0,0,26011001,9601799,3,0.01,4645.02,0.0,0.0,0.0,0.0,XAUUSD.u,STR B5,
3419201,9604258,2026-08-24 11:48:48,1787572128642,1,1,26011001,9601789,4,0.01,4643.63,0.0,0.0,4.8100000000000005,0.0,XAUUSD.u,[sl 4643.63],
3419202,9604259,2026-08-24 11:48:48,1787572128643,1,1,26011001,9601793,4,0.01,4643.63,0.0,0.0,3.26,0.0,XAUUSD.u,[sl 4643.63],
3419298,9604346,2026-08-24 11:51:06,1787572266173,1,1,26011001,9601795,4,0.01,4642.31,0.0,0.0,0.39,0.0,XAUUSD.u,[sl 4642.31],
3419364,9604393,2026-08-24 11:52:21,1787572341239,0,0,26011001,9604393,3,0.01,4641.92,0.0,0.0,0.0,0.0,XAUUSD.u,STR B3,
3419552,9601801,2026-08-24 12:00:05,1787572805098,0,0,26011001,9601801,3,0.01,4646.57,0.0,0.0,0.0,0.0,XAUUSD.u,STR B6,
3419579,9601804,2026-08-24 12:00:12,1787572812660,0,0,26011001,9601804,3,0.01,4648.12,0.0,0.0,0.0,0.0,XAUUSD.u,STR B7,
3419638,9604675,2026-08-24 12:01:15,1787572875018,1,1,26011001,9601797,4,0.01,4646.8,0.0,0.0,3.33,0.0,XAUUSD.u,[sl 4646.80],
3419640,9604676,2026-08-24 12:01:15,1787572875019,1,1,26011001,9604393,4,0.01,4646.8,0.0,0.0,4.88,0.0,XAUUSD.u,[sl 4646.80],
3419747,9601806,2026-08-24 12:03:58,1787573038391,0,0,26011001,9601806,3,0.01,4649.67,0.0,0.0,0.0,0.0,XAUUSD.u,STR B8,
3419770,9604804,2026-08-24 12:04:24,1787573064175,1,1,26011001,9601799,4,0.01,4648.41,0.0,0.0,3.39,0.0,XAUUSD.u,[sl 4648.41],
3419828,9604864,2026-08-24 12:06:43,1787573203307,1,1,26011001,9601801,4,0.01,4647.08,0.0,0.0,0.51,0.0,XAUUSD.u,[sl 4647.08],
3419834,9604872,2026-08-24 12:06:51,1787573211797,0,0,26011001,9604872,3,0.01,4646.57,0.0,0.0,0.0,0.0,XAUUSD.u,STR B6,
3419909,9604947,2026-08-24 12:09:41,1787573381684,1,1,26011001,9604872,4,0.01,4646.76,0.0,0.0,0.19,0.0,XAUUSD.u,[sl 4646.76],
3419934,9604967,2026-08-24 12:11:08,1787573468722,0,0,26011001,9604967,3,0.01,4646.57,0.0,0.0,0.0,0.0,XAUUSD.u,STR B6,
3420121,9605149,2026-08-24 12:15:12,1787573712664,1,1,26011001,9604967,4,0.01,4647.0,0.0,0.0,0.43,0.0,XAUUSD.u,[sl 4647.00],
3420197,9605219,2026-08-24 12:18:18,1787573898038,0,0,26011001,9605219,3,0.01,4646.57,0.0,0.0,0.0,0.0,XAUUSD.u,STR B6,
3420249,9605269,2026-08-24 12:20:43,1787574043578,0,0,26011001,9605269,3,0.01,4645.02,0.0,0.0,0.0,0.0,XAUUSD.u,STR B5,
3420432,9605450,2026-08-24 12:22:45,1787574165075,0,0,26011001,9605450,3,0.01,4643.47,0.0,0.0,0.0,0.0,XAUUSD.u,STR B4,
3420948,9605984,2026-08-24 12:40:30,1787575230442,1,1,26011001,9605450,4,0.01,4647.51,0.0,0.0,4.04,0.0,XAUUSD.u,[sl 4647.51],
3420992,9606027,2026-08-24 12:42:03,1787575323919,1,1,26011001,9605269,4,0.01,4646.0,0.0,0.0,0.98,0.0,XAUUSD.u,[sl 4646.00],
3421035,9606064,2026-08-24 12:42:41,1787575361571,0,0,26011001,9606064,3,0.01,4645.02,0.0,0.0,0.0,0.0,XAUUSD.u,STR B5,
3421169,9606203,2026-08-24 12:47:43,1787575663357,0,0,26011001,9606203,3,0.01,4641.92,0.0,0.0,0.0,0.0,XAUUSD.u,STR B3,
3421188,9606171,2026-08-24 12:48:53,1787575733878,0,0,26011001,9606171,3,0.01,4643.47,0.0,0.0,0.0,0.0,XAUUSD.u,STR B4,
3421228,9606268,2026-08-24 12:50:42,1787575842486,1,1,26011001,9606203,4,0.01,4645.26,0.0,0.0,3.34,0.0,XAUUSD.u,[sl 4645.26],
3421312,9606351,2026-08-24 12:56:57,1787576217038,1,1,26011001,9606171,4,0.01,4644.04,0.0,0.0,0.57,0.0,XAUUSD.u,[sl 4644.04],
3421315,9606354,2026-08-24 12:57:03,1787576223173,0,0,26011001,9606354,3,0.01,4643.47,0.0,0.0,0.0,0.0,XAUUSD.u,STR B4,
3421389,9606424,2026-08-24 13:00:37,1787576437995,0,0,26011001,9606424,3,0.01,4641.92,0.0,0.0,0.0,0.0,XAUUSD.u,STR B3,
3421473,9606501,2026-08-24 13:01:29,1787576489082,0,0,26011001,9606501,3,0.01,4640.37,0.0,0.0,0.0,0.0,XAUUSD.u,STR B2,
3421604,9606642,2026-08-24 13:04:43,1787576683453,1,1,26011001,9606424,4,0.01,4645.41,0.0,0.0,3.49,0.0,XAUUSD.u,[sl 4645.41],
3421605,9606643,2026-08-24 13:04:43,1787576683453,1,1,26011001,9606501,4,0.01,4645.41,0.0,0.0,5.04,0.0,XAUUSD.u,[sl 4645.41],
3421628,9606667,2026-08-24 13:06:05,1787576765788,1,1,26011001,9606354,4,0.01,4643.85,0.0,0.0,0.38,0.0,XAUUSD.u,[sl 4643.85],
3421639,9606678,2026-08-24 13:06:17,1787576777748,0,0,26011001,9606678,3,0.01,4643.47,0.0,0.0,0.0,0.0,XAUUSD.u,STR B4,
3421672,9606711,2026-08-24 13:06:38,1787576798209,0,0,26011001,9606711,3,0.01,4640.37,0.0,0.0,0.0,0.0,XAUUSD.u,STR B2,
3421747,9606694,2026-08-24 13:08:20,1787576900312,0,0,26011001,9606694,3,0.01,4641.92,0.0,0.0,0.0,0.0,XAUUSD.u,STR B3,
3422047,9607066,2026-08-24 13:14:11,1787577251786,1,1,26011001,9606711,4,0.01,4641.75,0.0,0.0,1.38,0.0,XAUUSD.u,[sl 4641.75],
3422131,9607149,2026-08-24 13:18:21,1787577501491,1,1,26011001,9606694,4,0.01,4642.54,0.0,0.0,0.62,0.0,XAUUSD.u,[sl 4642.54],
3422332,9607335,2026-08-24 13:24:33,1787577873031,0,0,26011001,9607335,3,0.01,4641.92,0.0,0.0,0.0,0.0,XAUUSD.u,STR B3,
3422540,9607556,2026-08-24 13:30:11,1787578211312,1,1,26011001,9607335,3,0.01,4647.78,0.0,0.0,5.86,0.0,XAUUSD.u,STR CLOSE,
3422542,9607558,2026-08-24 13:30:11,1787578211436,1,1,26011001,9606678,3,0.01,4647.82,0.0,0.0,4.35,0.0,XAUUSD.u,STR CLOSE,
3422544,9607560,2026-08-24 13:30:11,1787578211549,1,1,26011001,9606064,3,0.01,4647.85,0.0,0.0,2.83,0.0,XAUUSD.u,STR CLOSE,
3422545,9607561,2026-08-24 13:30:11,1787578211661,1,1,26011001,9605219,3,0.01,4647.85,0.0,0.0,1.28,0.0,XAUUSD.u,STR CLOSE,
3422547,9607563,2026-08-24 13:30:11,1787578211773,1,1,26011001,9601806,3,0.01,4647.85,0.0,0.0,-1.8199999999999998,0.0,XAUUSD.u,STR CLOSE,
3422548,9607564,2026-08-24 13:30:11,1787578211887,1,1,26011001,9601804,3,0.01,4647.65,0.0,0.0,-0.47,0.0,XAUUSD.u,STR CLOSE,
3422549,9607565,2026-08-24 13:30:12,1787578212002,0,1,26011001,9601794,3,0.01,4647.69,0.0,0.0,-13.52,0.0,XAUUSD.u,STR CLOSE,
3422550,9607566,2026-08-24 13:30:12,1787578212115,0,1,26011001,9601791,3,0.01,4647.69,0.0,0.0,-11.97,0.0,XAUUSD.u,STR CLOSE,
3422561,9607570,2026-08-24 13:30:20,1787578220396,1,0,26011001,9607570,3,0.01,4645.01,0.0,0.0,0.0,0.0,XAUUSD.u,STR S1,
3422673,9607569,2026-08-24 13:32:13,1787578333727,0,0,26011001,9607569,3,0.01,4648.11,0.0,0.0,0.0,0.0,XAUUSD.u,STR B1,
3422715,9607571,2026-08-24 13:32:22,1787578342788,0,0,26011001,9607571,3,0.01,4649.66,0.0,0.0,0.0,0.0,XAUUSD.u,STR B2,
3422900,9607573,2026-08-24 13:34:58,1787578498869,0,0,26011001,9607573,3,0.01,4651.21,0.0,0.0,0.0,0.0,XAUUSD.u,STR B3,
3422946,9607575,2026-08-24 13:35:02,1787578502410,0,0,26011001,9607575,3,0.01,4652.76,0.0,0.0,0.0,0.0,XAUUSD.u,STR B4,
3422961,9607577,2026-08-24 13:35:02,1787578502851,0,0,26011001,9607577,3,0.01,4654.31,0.0,0.0,0.0,0.0,XAUUSD.u,STR B5,
3423019,9607579,2026-08-24 13:35:05,1787578505873,0,0,26011001,9607579,3,0.01,4655.86,0.0,0.0,0.0,0.0,XAUUSD.u,STR B6,
3423059,9607581,2026-08-24 13:35:07,1787578507805,0,0,26011001,9607581,3,0.01,4657.41,0.0,0.0,0.0,0.0,XAUUSD.u,STR B7,
3423070,9607583,2026-08-24 13:35:07,1787578507883,0,0,26011001,9607583,3,0.01,4658.96,0.0,0.0,0.0,0.0,XAUUSD.u,STR B8,
3423106,9607585,2026-08-24 13:35:08,1787578508163,0,0,26011001,9607585,3,0.01,4660.51,0.0,0.0,0.0,0.0,XAUUSD.u,STR B9,
3423153,9608198,2026-08-24 13:35:13,1787578513944,1,1,26011001,9607585,3,0.01,4658.09,0.0,0.0,-2.42,0.0,XAUUSD.u,STR CLOSE,
3423154,9608199,2026-08-24 13:35:14,1787578514056,1,1,26011001,9607583,3,0.01,4657.93,0.0,0.0,-1.03,0.0,XAUUSD.u,STR CLOSE,
3423156,9608201,2026-08-24 13:35:14,1787578514168,1,1,26011001,9607581,3,0.01,4657.43,0.0,0.0,0.02,0.0,XAUUSD.u,STR CLOSE,
3423157,9608202,2026-08-24 13:35:14,1787578514280,1,1,26011001,9607579,3,0.01,4657.54,0.0,0.0,1.6800000000000002,0.0,XAUUSD.u,STR CLOSE,
3423158,9608203,2026-08-24 13:35:14,1787578514393,1,1,26011001,9607577,3,0.01,4657.35,0.0,0.0,3.04,0.0,XAUUSD.u,STR CLOSE,
3423159,9608204,2026-08-24 13:35:14,1787578514505,1,1,26011001,9607575,3,0.01,4657.4,0.0,0.0,4.64,0.0,XAUUSD.u,STR CLOSE,
3423160,9608205,2026-08-24 13:35:14,1787578514618,1,1,26011001,9607573,3,0.01,4657.67,0.0,0.0,6.46,0.0,XAUUSD.u,STR CLOSE,
3423161,9608206,2026-08-24 13:35:14,1787578514729,1,1,26011001,9607571,3,0.01,4658.0,0.0,0.0,8.34,0.0,XAUUSD.u,STR CLOSE,
3423167,9608212,2026-08-24 13:35:14,1787578514841,0,1,26011001,9607570,3,0.01,4657.97,0.0,0.0,-12.96,0.0,XAUUSD.u,STR CLOSE,
3423168,9608213,2026-08-24 13:35:14,1787578514953,1,1,26011001,9607569,3,0.01,4658.06,0.0,0.0,9.95,0.0,XAUUSD.u,STR CLOSE,
3423177,9608218,2026-08-24 13:35:22,1787578522080,1,0,26011001,9608218,3,0.01,4656.03,0.0,0.0,0.0,0.0,XAUUSD.u,STR S1,
3423179,9608220,2026-08-24 13:35:23,1787578523299,1,0,26011001,9608220,3,0.01,4654.48,0.0,0.0,0.0,0.0,XAUUSD.u,STR S2,
3423251,9608217,2026-08-24 13:35:27,1787578527824,0,0,26011001,9608217,3,0.01,4659.13,0.0,0.0,0.0,0.0,XAUUSD.u,STR B1,
3423273,9608222,2026-08-24 13:35:45,1787578545207,1,0,26011001,9608222,3,0.01,4652.93,0.0,0.0,0.0,0.0,XAUUSD.u,STR S3,
3423329,9608225,2026-08-24 13:35:49,1787578549111,1,0,26011001,9608225,3,0.01,4651.38,0.0,0.0,0.0,0.0,XAUUSD.u,STR S4,
3423409,9608510,2026-08-24 13:36:14,1787578574262,0,1,26011001,9608218,4,0.01,4652.7,0.0,0.0,3.33,0.0,XAUUSD.u,[sl 4652.70],
3423422,9608522,2026-08-24 13:36:31,1787578591510,0,1,26011001,9608220,4,0.01,4654.29,0.0,0.0,0.19,0.0,XAUUSD.u,[sl 4654.29],
3423467,9608219,2026-08-24 13:36:44,1787578604737,0,0,26011001,9608219,3,0.01,4660.68,0.0,0.0,0.0,0.0,XAUUSD.u,STR B2,
3423490,9608221,2026-08-24 13:36:52,1787578612333,0,0,26011001,9608221,3,0.01,4662.23,0.0,0.0,0.0,0.0,XAUUSD.u,STR B3,
3423512,9608223,2026-08-24 13:36:56,1787578616333,0,0,26011001,9608223,3,0.01,4663.78,0.0,0.0,0.0,0.0,XAUUSD.u,STR B4,
3423538,9608635,2026-08-24 13:37:07,1787578627148,1,1,26011001,9608217,4,0.01,4660.54,0.0,0.0,1.41,0.0,XAUUSD.u,[sl 4660.54],
3423590,9608226,2026-08-24 13:37:38,1787578658395,0,0,26011001,9608226,3,0.01,4665.33,0.0,0.0,0.0,0.0,XAUUSD.u,STR B5,
3423633,9608725,2026-08-24 13:37:56,1787578676444,1,1,26011001,9608219,4,0.01,4665.1,0.0,0.0,4.42,0.0,XAUUSD.u,[sl 4665.10],
3423653,9608228,2026-08-24 13:38:09,1787578689389,0,0,26011001,9608228,3,0.01,4666.88,0.0,0.0,0.0,0.0,XAUUSD.u,STR B6,
3423667,9608230,2026-08-24 13:38:10,1787578690021,0,0,26011001,9608230,3,0.01,4668.43,0.0,0.0,0.0,0.0,XAUUSD.u,STR B7,
3423700,9608789,2026-08-24 13:38:24,1787578704021,1,1,26011001,9608221,4,0.01,4667.76,0.0,0.0,5.53,0.0,XAUUSD.u,[sl 4667.76],
3423702,9608790,2026-08-24 13:38:24,1787578704021,1,1,26011001,9608223,4,0.01,4667.76,0.0,0.0,3.98,0.0,XAUUSD.u,[sl 4667.76],
3423715,9608232,2026-08-24 13:38:32,1787578712183,0,0,26011001,9608232,3,0.01,4669.98,0.0,0.0,0.0,0.0,XAUUSD.u,STR B8,
3423742,9608831,2026-08-24 13:38:41,1787578721152,1,1,26011001,9608226,4,0.01,4668.48,0.0,0.0,3.15,0.0,XAUUSD.u,[sl 4668.48],
3423754,9608843,2026-08-24 13:38:54,1787578734865,1,1,26011001,9608228,4,0.01,4666.93,0.0,0.0,0.05,0.0,XAUUSD.u,[sl 4666.93],
3423909,9608863,2026-08-24 13:39:15,1787578755487,0,0,26011001,9608863,3,0.01,4665.33,0.0,0.0,0.0,0.0,XAUUSD.u,STR B5,
3423930,9609162,2026-08-24 13:39:36,1787578776512,0,0,26011001,9609162,3,0.01,4663.78,0.0,0.0,0.0,0.0,XAUUSD.u,STR B4,
3423945,9609259,2026-08-24 13:39:46,1787578786589,0,0,26011001,9609259,3,0.01,4662.23,0.0,0.0,0.0,0.0,XAUUSD.u,STR B3,
3423966,9609347,2026-08-24 13:39:58,1787578798158,0,0,26011001,9609347,3,0.01,4660.68,0.0,0.0,0.0,0.0,XAUUSD.u,STR B2,
3424027,9609541,2026-08-24 13:40:50,1787578850944,1,1,26011001,9609347,4,0.01,4664.09,0.0,0.0,3.41,0.0,XAUUSD.u,[sl 4664.09],
3424068,9609585,2026-08-24 13:41:39,1787578899534,1,1,26011001,9609259,4,0.01,4663.5,0.0,0.0,1.27,0.0,XAUUSD.u,[sl 4663.50],
3424096,9609608,2026-08-24 13:41:59,1787578919718,0,0,26011001,9609608,3,0.01,4659.13,0.0,0.0,0.0,0.0,XAUUSD.u,STR B1,
3424124,9609599,2026-08-24 13:42:18,1787578938125,0,0,26011001,9609599,3,0.01,4660.68,0.0,0.0,0.0,0.0,XAUUSD.u,STR B2,
3424136,9609597,2026-08-24 13:42:30,1787578950700,0,0,26011001,9609597,3,0.01,4662.23,0.0,0.0,0.0,0.0,XAUUSD.u,STR B3,
3424153,9609676,2026-08-24 13:42:58,1787578978289,1,1,26011001,9609608,4,0.01,4662.22,0.0,0.0,3.09,0.0,XAUUSD.u,[sl 4662.22],
3424179,9609701,2026-08-24 13:43:37,1787579017816,0,0,26011001,9609701,3,0.01,4659.13,0.0,0.0,0.0,0.0,XAUUSD.u,STR B1,
3424224,9608538,2026-08-24 13:44:08,1787579048023,1,0,26011001,9608538,3,0.01,4656.03,0.0,0.0,0.0,0.0,XAUUSD.u,STR S1,
3424265,9608528,2026-08-24 13:44:10,1787579050098,1,0,26011001,9608528,3,0.01,4654.48,0.0,0.0,0.0,0.0,XAUUSD.u,STR S2,
3424725,9608227,2026-08-24 13:48:37,1787579317093,1,0,26011001,9608227,3,0.01,4649.83,0.0,0.0,0.0,0.0,XAUUSD.u,STR S5,
3424733,9610258,2026-08-24 13:48:42,1787579322367,0,1,26011001,9608528,4,0.01,4651.24,0.0,0.0,3.24,0.0,XAUUSD.u,[sl 4651.24],
3424734,9610259,2026-08-24 13:48:42,1787579322367,0,1,26011001,9608538,4,0.01,4651.24,0.0,0.0,4.79,0.0,XAUUSD.u,[sl 4651.24],
3424829,9610358,2026-08-24 13:50:40,1787579440986,0,1,26011001,9608222,4,0.01,4651.42,0.0,0.0,1.51,0.0,XAUUSD.u,[sl 4651.42],
3424873,9610403,2026-08-24 13:52:25,1787579545636,1,0,26011001,9610403,3,0.01,4652.93,0.0,0.0,0.0,0.0,XAUUSD.u,STR S3,
3424946,9610452,2026-08-24 13:52:56,1787579576629,1,0,26011001,9610452,3,0.01,4654.48,0.0,0.0,0.0,0.0,XAUUSD.u,STR S2,
3425041,9610561,2026-08-24 13:54:01,1787579641468,1,0,26011001,9610561,3,0.01,4656.03,0.0,0.0,0.0,0.0,XAUUSD.u,STR S1,
3427618,9612651,2026-08-24 14:02:45,1787580165463,0,1,26011001,9610561,4,0.01,4652.66,0.0,0.0,3.37,0.0,XAUUSD.u,[sl 4652.66],
3427698,9612731,2026-08-24 14:04:35,1787580275805,0,1,26011001,9610452,4,0.01,4653.64,0.0,0.0,0.84,0.0,XAUUSD.u,[sl 4653.64],
3428157,9613189,2026-08-24 14:07:30,1787580450165,1,0,26011001,9613189,3,0.01,4654.48,0.0,0.0,0.0,0.0,XAUUSD.u,STR S2,
3428173,9613209,2026-08-24 14:07:53,1787580473986,1,0,26011001,9613209,3,0.01,4656.03,0.0,0.0,0.0,0.0,XAUUSD.u,STR S1,
3431865,9616308,2026-08-24 14:20:02,1787581202713,0,1,26011001,9613209,4,0.01,4654.96,0.0,0.0,1.07,0.0,XAUUSD.u,[sl 4654.96],
3431902,9616323,2026-08-24 14:20:05,1787581205064,1,0,26011001,9616323,3,0.01,4656.03,0.0,0.0,0.0,0.0,XAUUSD.u,STR S1,
3434774,9618318,2026-08-24 14:30:11,1787581811538,1,1,26011001,9609701,4,0.01,4659.76,0.0,0.0,0.63,0.0,XAUUSD.u,[sl 4659.76],
3434868,9618399,2026-08-24 14:30:23,1787581823148,0,0,26011001,9618399,3,0.01,4659.13,0.0,0.0,0.0,0.0,XAUUSD.u,STR B1,
3435158,9618705,2026-08-24 14:32:55,1787581975338,0,1,26011001,9613189,4,0.01,4654.2,0.0,0.0,0.28,0.0,XAUUSD.u,[sl 4654.20],
3435197,9608229,2026-08-24 14:32:57,1787581977282,1,0,26011001,9608229,3,0.01,4648.28,0.0,0.0,0.0,0.0,XAUUSD.u,STR S6,
3435204,9608231,2026-08-24 14:32:57,1787581977377,1,0,26011001,9608231,3,0.01,4646.73,0.0,0.0,0.0,0.0,XAUUSD.u,STR S7,
3435247,9618776,2026-08-24 14:32:58,1787581978233,0,1,26011001,9608225,4,0.01,4647.74,0.0,0.0,3.64,0.0,XAUUSD.u,[sl 4647.74],
3435261,9618792,2026-08-24 14:33:00,1787581980337,0,1,26011001,9610403,4,0.01,4649.37,0.0,0.0,3.56,0.0,XAUUSD.u,[sl 4649.37],
3435262,9618793,2026-08-24 14:33:00,1787581980338,0,1,26011001,9616323,4,0.01,4649.37,0.0,0.0,6.66,0.0,XAUUSD.u,[sl 4649.37],
3435264,9618794,2026-08-24 14:33:00,1787581980532,0,1,26011001,9608227,4,0.01,4649.67,0.0,0.0,0.16,0.0,XAUUSD.u,[sl 4649.67],
3435269,9618800,2026-08-24 14:33:01,1787581981330,1,0,26011001,9618800,3,0.01,4651.38,0.0,0.0,0.0,0.0,XAUUSD.u,STR S4,
3435282,9618801,2026-08-24 14:33:02,1787581982586,1,0,26011001,9618801,3,0.01,4649.83,0.0,0.0,0.0,0.0,XAUUSD.u,STR S5,
3435451,9618977,2026-08-24 14:33:36,1787582016195,1,0,26011001,9618977,3,0.01,4652.93,0.0,0.0,0.0,0.0,XAUUSD.u,STR S3,
3435482,9619010,2026-08-24 14:33:58,1787582038209,1,0,26011001,9619010,3,0.01,4654.48,0.0,0.0,0.0,0.0,XAUUSD.u,STR S2,
3435604,9619093,2026-08-24 14:35:15,1787582115717,1,0,26011001,9619093,3,0.01,4656.03,0.0,0.0,0.0,0.0,XAUUSD.u,STR S1,
3435914,9619441,2026-08-24 14:39:38,1787582378369,1,1,26011001,9618399,4,0.01,4662.5,0.0,0.0,3.37,0.0,XAUUSD.u,[sl 4662.50],
3435985,9619510,2026-08-24 14:41:06,1787582466095,1,1,26011001,9609599,4,0.01,4661.81,0.0,0.0,1.13,0.0,XAUUSD.u,[sl 4661.81],
3436028,9608844,2026-08-24 14:41:55,1787582515422,0,0,26011001,9608844,3,0.01,4666.88,0.0,0.0,0.0,0.0,XAUUSD.u,STR B6,
3436038,9619561,2026-08-24 14:41:57,1787582517917,1,1,26011001,9609597,4,0.01,4666.47,0.0,0.0,4.24,0.0,XAUUSD.u,[sl 4666.47],
3436044,9619565,2026-08-24 14:41:58,1787582518715,1,1,26011001,9609162,4,0.01,4664.92,0.0,0.0,1.1400000000000001,0.0,XAUUSD.u,[sl 4664.92],
3436066,9619589,2026-08-24 14:42:08,1787582528616,0,0,26011001,9619589,3,0.01,4663.78,0.0,0.0,0.0,0.0,XAUUSD.u,STR B4,
3436077,9619682,2026-08-24 14:42:21,1787582541188,0,0,26011001,9619682,3,0.01,4662.23,0.0,0.0,0.0,0.0,XAUUSD.u,STR B3,
3436123,9619729,2026-08-24 14:42:53,1787582573128,0,0,26011001,9619729,3,0.01,4660.68,0.0,0.0,0.0,0.0,XAUUSD.u,STR B2,
3436660,9619810,2026-08-24 14:48:07,1787582887402,0,0,26011001,9619810,3,0.01,4659.13,0.0,0.0,0.0,0.0,XAUUSD.u,STR B1,
3436975,9621074,2026-08-24 14:52:12,1787583132033,1,1,26011001,9619729,4,0.01,4664.51,0.0,0.0,3.83,0.0,XAUUSD.u,[sl 4664.51],
3436976,9621075,2026-08-24 14:52:12,1787583132033,1,1,26011001,9619810,4,0.01,4664.51,0.0,0.0,5.38,0.0,XAUUSD.u,[sl 4664.51],
3437084,9621185,2026-08-24 14:55:33,1787583333846,1,1,26011001,9619682,4,0.01,4665.95,0.0,0.0,3.7199999999999998,0.0,XAUUSD.u,[sl 4665.95],
3437115,9621216,2026-08-24 14:56:34,1787583394085,1,1,26011001,9619589,4,0.01,4664.41,0.0,0.0,0.63,0.0,XAUUSD.u,[sl 4664.41],
3437144,9621244,2026-08-24 14:57:21,1787583441100,0,0,26011001,9621244,3,0.01,4662.23,0.0,0.0,0.0,0.0,XAUUSD.u,STR B3,
3437182,9621231,2026-08-24 14:58:25,1787583505319,0,0,26011001,9621231,3,0.01,4663.78,0.0,0.0,0.0,0.0,XAUUSD.u,STR B4,
3437438,9621527,2026-08-24 15:03:19,1787583799348,1,1,26011001,9608863,4,0.01,4669.62,0.0,0.0,4.29,0.0,XAUUSD.u,[sl 4669.62],
3437439,9621528,2026-08-24 15:03:19,1787583799348,1,1,26011001,9621231,4,0.01,4669.66,0.0,0.0,5.88,0.0,XAUUSD.u,[sl 4669.66],
3437440,9621529,2026-08-24 15:03:19,1787583799348,1,1,26011001,9621244,4,0.01,4669.62,0.0,0.0,7.39,0.0,XAUUSD.u,[sl 4669.62],
3437445,9621534,2026-08-24 15:03:22,1787583802012,1,1,26011001,9608844,4,0.01,4668.06,0.0,0.0,1.18,0.0,XAUUSD.u,[sl 4668.06],
3437490,9621575,2026-08-24 15:04:24,1787583864131,0,0,26011001,9621575,3,0.01,4666.88,0.0,0.0,0.0,0.0,XAUUSD.u,STR B6,
3437547,9608234,2026-08-24 15:05:33,1787583933151,0,0,26011001,9608234,3,0.01,4671.53,0.0,0.0,0.0,0.0,XAUUSD.u,STR B9,
3437622,9608237,2026-08-24 15:06:10,1787583970159,0,0,26011001,9608237,3,0.01,4673.08,0.0,0.0,0.0,0.0,XAUUSD.u,STR B10,
3437661,9621742,2026-08-24 15:06:41,1787584001654,1,1,26011001,9608230,4,0.01,4672.37,0.0,0.0,3.94,0.0,XAUUSD.u,[sl 4672.37],
3437662,9621743,2026-08-24 15:06:41,1787584001654,1,1,26011001,9621575,4,0.01,4672.37,0.0,0.0,5.49,0.0,XAUUSD.u,[sl 4672.37],
3437694,9621773,2026-08-24 15:07:33,1787584053818,1,1,26011001,9608232,4,0.01,4671.04,0.0,0.0,1.06,0.0,XAUUSD.u,[sl 4671.04],
3437768,9608240,2026-08-24 15:10:17,1787584217916,0,0,26011001,9608240,3,0.06,4674.63,0.0,0.0,0.0,0.0,XAUUSD.u,STR B11,
3437871,9608242,2026-08-24 15:11:30,1787584290679,0,0,26011001,9608242,3,0.06,4676.18,0.0,0.0,0.0,0.0,XAUUSD.u,STR B12,
3437908,9608245,2026-08-24 15:11:42,1787584302433,0,0,26011001,9608245,3,0.06,4677.73,0.0,0.0,0.0,0.0,XAUUSD.u,STR B13,
3437957,9622030,2026-08-24 15:12:42,1787584362035,1,1,26011001,9608234,4,0.01,4676.29,0.0,0.0,4.76,0.0,XAUUSD.u,[sl 4676.29],
3437958,9622031,2026-08-24 15:12:42,1787584362035,1,1,26011001,9608237,4,0.01,4676.29,0.0,0.0,3.21,0.0,XAUUSD.u,[sl 4676.29],
3437968,9622042,2026-08-24 15:12:47,1787584367218,1,1,26011001,9608240,4,0.06,4674.73,0.0,0.0,0.6,0.0,XAUUSD.u,[sl 4674.73],
3438001,9622046,2026-08-24 15:13:16,1787584396311,0,0,26011001,9622046,3,0.06,4674.63,0.0,0.0,0.0,0.0,XAUUSD.u,STR B11,
3438205,9622281,2026-08-24 15:15:33,1787584533294,1,1,26011001,9622046,4,0.06,4674.89,0.0,0.0,1.56,0.0,XAUUSD.u,[sl 4674.89],
3438310,9622322,2026-08-24 15:17:34,1787584654905,0,0,26011001,9622322,3,0.01,4673.08,0.0,0.0,0.0,0.0,XAUUSD.u,STR B10,
3438336,9622316,2026-08-24 15:18:38,1787584718996,0,0,26011001,9622316,3,0.06,4674.63,0.0,0.0,0.0,0.0,XAUUSD.u,STR B11,
3438449,9622469,2026-08-24 15:20:29,1787584829935,0,0,26011001,9622469,3,0.01,4671.53,0.0,0.0,0.0,0.0,XAUUSD.u,STR B9,
3438495,9622562,2026-08-24 15:21:54,1787584914098,0,0,26011001,9622562,3,0.01,4669.98,0.0,0.0,0.0,0.0,XAUUSD.u,STR B8,
3438674,9622658,2026-08-24 15:23:57,1787585037845,0,0,26011001,9622658,3,0.01,4668.43,0.0,0.0,0.0,0.0,XAUUSD.u,STR B7,
3438836,9622903,2026-08-24 15:28:30,1787585310910,1,1,26011001,9622562,4,0.01,4673.17,0.0,0.0,3.19,0.0,XAUUSD.u,[sl 4673.17],
3438837,9622904,2026-08-24 15:28:30,1787585310911,1,1,26011001,9622658,4,0.01,4673.17,0.0,0.0,4.74,0.0,XAUUSD.u,[sl 4673.17],
3438863,9622930,2026-08-24 15:29:43,1787585383833,1,1,26011001,9622469,4,0.01,4671.62,0.0,0.0,0.09,0.0,XAUUSD.u,[sl 4671.62],
3438864,9622931,2026-08-24 15:29:46,1787585386370,0,0,26011001,9622931,3,0.01,4671.53,0.0,0.0,0.0,0.0,XAUUSD.u,STR B9,
3438995,9623061,2026-08-24 15:30:42,1787585442730,1,1,26011001,9622322,4,0.01,4676.87,0.0,0.0,3.79,0.0,XAUUSD.u,[sl 4676.87],
3438996,9623062,2026-08-24 15:30:42,1787585442730,1,1,26011001,9622931,4,0.01,4676.75,0.0,0.0,5.22,0.0,XAUUSD.u,[sl 4676.75],
3439019,9623084,2026-08-24 15:31:18,1787585478269,1,1,26011001,9622316,4,0.06,4675.19,0.0,0.0,3.36,0.0,XAUUSD.u,[sl 4675.19],
3439025,9623090,2026-08-24 15:31:20,1787585480924,0,0,26011001,9623090,3,0.06,4674.63,0.0,0.0,0.0,0.0,XAUUSD.u,STR B11,
3439050,9623108,2026-08-24 15:31:40,1787585500905,0,0,26011001,9623108,3,0.01,4673.08,0.0,0.0,0.0,0.0,XAUUSD.u,STR B10,
3439091,9623157,2026-08-24 15:31:56,1787585516249,0,0,26011001,9623157,3,0.01,4671.53,0.0,0.0,0.0,0.0,XAUUSD.u,STR B9,
3439139,9623205,2026-08-24 15:32:33,1787585553826,1,1,26011001,9623157,4,0.01,4671.87,0.0,0.0,0.34,0.0,XAUUSD.u,[sl 4671.87],
3439140,9623206,2026-08-24 15:32:34,1787585554440,0,0,26011001,9623206,3,0.01,4671.53,0.0,0.0,0.0,0.0,XAUUSD.u,STR B9,
3439221,9623287,2026-08-24 15:33:59,1787585639516,1,1,26011001,9623206,4,0.01,4674.97,0.0,0.0,3.44,0.0,XAUUSD.u,[sl 4674.97],
3439250,9623316,2026-08-24 15:34:21,1787585661389,1,1,26011001,9623108,4,0.01,4676.37,0.0,0.0,3.29,0.0,XAUUSD.u,[sl 4676.37],
3439280,9608247,2026-08-24 15:34:38,1787585678447,0,0,26011001,9608247,3,0.06,4679.28,0.0,0.0,0.0,0.0,XAUUSD.u,STR B14,
3439306,9623371,2026-08-24 15:34:52,1787585692879,1,1,26011001,9623090,3,0.06,4679.77,0.0,0.0,30.84,0.0,XAUUSD.u,STR CLOSE,
3439307,9623372,2026-08-24 15:34:52,1787585692997,0,1,26011001,9619093,3,0.01,4679.72,0.0,0.0,-23.69,0.0,XAUUSD.u,STR CLOSE,
3439308,9623373,2026-08-24 15:34:53,1787585693109,0,1,26011001,9619010,3,0.01,4679.51,0.0,0.0,-25.03,0.0,XAUUSD.u,STR CLOSE,
3439309,9623374,2026-08-24 15:34:53,1787585693221,0,1,26011001,9618977,3,0.01,4679.56,0.0,0.0,-26.63,0.0,XAUUSD.u,STR CLOSE,
3439310,9623375,2026-08-24 15:34:53,1787585693334,0,1,26011001,9618801,3,0.01,4679.68,0.0,0.0,-29.85,0.0,XAUUSD.u,STR CLOSE,
3439311,9623376,2026-08-24 15:34:53,1787585693446,0,1,26011001,9618800,3,0.01,4679.62,0.0,0.0,-28.24,0.0,XAUUSD.u,STR CLOSE,
3439312,9623377,2026-08-24 15:34:53,1787585693558,1,1,26011001,9608247,3,0.06,4679.5,0.0,0.0,1.32,0.0,XAUUSD.u,STR CLOSE,
3439313,9623378,2026-08-24 15:34:53,1787585693671,1,1,26011001,9608245,3,0.06,4679.34,0.0,0.0,9.66,0.0,XAUUSD.u,STR CLOSE,
3439314,9623379,2026-08-24 15:34:53,1787585693785,1,1,26011001,9608242,3,0.06,4679.46,0.0,0.0,19.68,0.0,XAUUSD.u,STR CLOSE,
3439315,9623380,2026-08-24 15:34:53,1787585693897,0,1,26011001,9608231,3,0.01,4679.47,0.0,0.0,-32.74,0.0,XAUUSD.u,STR CLOSE,
3439316,9623381,2026-08-24 15:34:54,1787585694015,0,1,26011001,9608229,3,0.01,4679.47,0.0,0.0,-31.19,0.0,XAUUSD.u,STR CLOSE,
3439399,9623384,2026-08-24 15:36:21,1787585781909,1,0,26011001,9623384,3,0.01,4678.11,0.0,0.0,0.0,0.0,XAUUSD.u,STR S1,
3439420,9623386,2026-08-24 15:36:36,1787585796133,1,0,26011001,9623386,3,0.01,4676.55,0.0,0.0,0.0,0.0,XAUUSD.u,STR S2,
3439501,9623388,2026-08-24 15:37:17,1787585837648,1,0,26011001,9623388,3,0.01,4674.99,0.0,0.0,0.0,0.0,XAUUSD.u,STR S3,
3439546,9623391,2026-08-24 15:37:19,1787585839813,1,0,26011001,9623391,3,0.01,4673.43,0.0,0.0,0.0,0.0,XAUUSD.u,STR S4,
3439562,9623393,2026-08-24 15:37:32,1787585852967,1,0,26011001,9623393,3,0.01,4671.87,0.0,0.0,0.0,0.0,XAUUSD.u,STR S5,
3439577,9623695,2026-08-24 15:37:42,1787585862174,0,1,26011001,9623386,4,0.01,4673.22,0.0,0.0,3.33,0.0,XAUUSD.u,[sl 4673.22],
3439578,9623696,2026-08-24 15:37:42,1787585862254,0,1,26011001,9623384,4,0.01,4673.24,0.0,0.0,4.87,0.0,XAUUSD.u,[sl 4673.24],
3439653,9623395,2026-08-24 15:38:27,1787585907143,1,0,26011001,9623395,3,0.01,4670.31,0.0,0.0,0.0,0.0,XAUUSD.u,STR S6,
3439661,9623778,2026-08-24 15:38:29,1787585909308,0,1,26011001,9623388,4,0.01,4670.42,0.0,0.0,4.57,0.0,XAUUSD.u,[sl 4670.42],
3439666,9623786,2026-08-24 15:38:32,1787585912423,0,1,26011001,9623391,4,0.01,4671.98,0.0,0.0,1.45,0.0,XAUUSD.u,[sl 4671.98],
3439726,9623397,2026-08-24 15:39:20,1787585960499,1,0,26011001,9623397,3,0.01,4668.75,0.0,0.0,0.0,0.0,XAUUSD.u,STR S7,
3439763,9623884,2026-08-24 15:39:45,1787585985981,0,1,26011001,9623393,4,0.01,4670.42,0.0,0.0,1.45,0.0,XAUUSD.u,[sl 4670.42],
3439768,9623399,2026-08-24 15:40:00,1787586000303,1,0,26011001,9623399,3,0.01,4667.19,0.0,0.0,0.0,0.0,XAUUSD.u,STR S8,
3439800,9623401,2026-08-24 15:40:05,1787586005995,1,0,26011001,9623401,3,0.01,4665.63,0.0,0.0,0.0,0.0,XAUUSD.u,STR S9,
3439809,9623930,2026-08-24 15:40:11,1787586011901,0,1,26011001,9623401,3,0.01,4666.72,0.0,0.0,-1.09,0.0,XAUUSD.u,STR CLOSE,
3439810,9623931,2026-08-24 15:40:12,1787586012013,0,1,26011001,9623399,3,0.01,4666.74,0.0,0.0,0.45,0.0,XAUUSD.u,STR CLOSE,
3439813,9623934,2026-08-24 15:40:12,1787586012125,0,1,26011001,9623397,3,0.01,4666.78,0.0,0.0,1.97,0.0,XAUUSD.u,STR CLOSE,
3439814,9623935,2026-08-24 15:40:12,1787586012237,0,1,26011001,9623395,3,0.01,4666.78,0.0,0.0,3.5300000000000002,0.0,XAUUSD.u,STR CLOSE,
3439834,9623937,2026-08-24 15:40:29,1787586029180,0,0,26011001,9623937,3,0.01,4668.69,0.0,0.0,0.0,0.0,XAUUSD.u,STR B1,
3439842,9623940,2026-08-24 15:40:42,1787586042670,0,0,26011001,9623940,3,0.01,4670.25,0.0,0.0,0.0,0.0,XAUUSD.u,STR B2,
3439858,9623942,2026-08-24 15:40:49,1787586049284,0,0,26011001,9623942,3,0.01,4671.81,0.0,0.0,0.0,0.0,XAUUSD.u,STR B3,
3439960,9623944,2026-08-24 15:41:38,1787586098477,0,0,26011001,9623944,3,0.01,4673.37,0.0,0.0,0.0,0.0,XAUUSD.u,STR B4,
3439986,9624161,2026-08-24 15:42:01,1787586121803,1,1,26011001,9623937,4,0.01,4672.91,0.0,0.0,4.22,0.0,XAUUSD.u,[sl 4672.91],
3440021,9624199,2026-08-24 15:42:42,1787586162940,1,1,26011001,9623940,4,0.01,4671.3,0.0,0.0,1.05,0.0,XAUUSD.u,[sl 4671.30],
3440040,9624218,2026-08-24 15:42:50,1787586170022,0,0,26011001,9624218,3,0.01,4670.25,0.0,0.0,0.0,0.0,XAUUSD.u,STR B2,
3440062,9624235,2026-08-24 15:43:04,1787586184669,0,0,26011001,9624235,3,0.01,4668.69,0.0,0.0,0.0,0.0,XAUUSD.u,STR B1,
3440117,9623938,2026-08-24 15:43:52,1787586232191,1,0,26011001,9623938,3,0.01,4665.57,0.0,0.0,0.0,0.0,XAUUSD.u,STR S1,
3440175,9623941,2026-08-24 15:44:25,1787586265749,1,0,26011001,9623941,3,0.01,4664.01,0.0,0.0,0.0,0.0,XAUUSD.u,STR S2,
3440196,9623943,2026-08-24 15:44:31,1787586271005,1,0,26011001,9623943,3,0.01,4662.45,0.0,0.0,0.0,0.0,XAUUSD.u,STR S3,
3440236,9623945,2026-08-24 15:44:37,1787586277148,1,0,26011001,9623945,3,0.01,4660.89,0.0,0.0,0.0,0.0,XAUUSD.u,STR S4,
3440248,9624419,2026-08-24 15:44:42,1787586282986,0,1,26011001,9623938,4,0.01,4661.62,0.0,0.0,3.95,0.0,XAUUSD.u,[sl 4661.62],
3440270,9623947,2026-08-24 15:44:55,1787586295168,1,0,26011001,9623947,3,0.01,4659.33,0.0,0.0,0.0,0.0,XAUUSD.u,STR S5,
3440295,9623949,2026-08-24 15:45:00,1787586300757,1,0,26011001,9623949,3,0.01,4657.77,0.0,0.0,0.0,0.0,XAUUSD.u,STR S6,
3440306,9623951,2026-08-24 15:45:04,1787586304165,1,0,26011001,9623951,3,0.01,4656.21,0.0,0.0,0.0,0.0,XAUUSD.u,STR S7,
3440310,9624477,2026-08-24 15:45:04,1787586304688,0,1,26011001,9623941,4,0.01,4657.79,0.0,0.0,6.22,0.0,XAUUSD.u,[sl 4657.79],
3440311,9624478,2026-08-24 15:45:04,1787586304689,0,1,26011001,9623943,4,0.01,4657.79,0.0,0.0,4.66,0.0,XAUUSD.u,[sl 4657.79],
3440312,9624479,2026-08-24 15:45:04,1787586304689,0,1,26011001,9623945,4,0.01,4657.79,0.0,0.0,3.1,0.0,XAUUSD.u,[sl 4657.79],
3440352,9624520,2026-08-24 15:45:36,1787586336520,1,0,26011001,9624520,3,0.01,4660.89,0.0,0.0,0.0,0.0,XAUUSD.u,STR S4,
3440363,9624530,2026-08-24 15:45:49,1787586349249,1,0,26011001,9624530,3,0.01,4662.45,0.0,0.0,0.0,0.0,XAUUSD.u,STR S3,
3440375,9624541,2026-08-24 15:45:57,1787586357920,1,0,26011001,9624541,3,0.01,4664.01,0.0,0.0,0.0,0.0,XAUUSD.u,STR S2,
3440468,9624611,2026-08-24 15:46:09,1787586369476,1,0,26011001,9624611,3,0.01,4665.57,0.0,0.0,0.0,0.0,XAUUSD.u,STR S1,
3440648,9623946,2026-08-24 15:47:30,1787586450329,0,0,26011001,9623946,3,0.01,4674.93,0.0,0.0,0.0,0.0,XAUUSD.u,STR B5,
3440676,9624841,2026-08-24 15:47:42,1787586462665,1,1,26011001,9624218,4,0.01,4674.83,0.0,0.0,4.58,0.0,XAUUSD.u,[sl 4674.83],
3440677,9624842,2026-08-24 15:47:42,1787586462665,1,1,26011001,9624235,4,0.01,4674.83,0.0,0.0,6.14,0.0,XAUUSD.u,[sl 4674.83],
3440702,9623948,2026-08-24 15:48:41,1787586521991,0,0,26011001,9623948,3,0.01,4676.49,0.0,0.0,0.0,0.0,XAUUSD.u,STR B6,
3440772,9623950,2026-08-24 15:49:18,1787586558973,0,0,26011001,9623950,3,0.01,4678.05,0.0,0.0,0.0,0.0,XAUUSD.u,STR B7,
3440778,9624940,2026-08-24 15:49:23,1787586563286,1,1,26011001,9623942,4,0.01,4676.66,0.0,0.0,4.85,0.0,XAUUSD.u,[sl 4676.66],
3440779,9624941,2026-08-24 15:49:24,1787586564039,1,1,26011001,9623944,4,0.01,4676.59,0.0,0.0,3.22,0.0,XAUUSD.u,[sl 4676.59],
3440793,9624955,2026-08-24 15:49:28,1787586568339,1,1,26011001,9623946,4,0.01,4675.04,0.0,0.0,0.11,0.0,XAUUSD.u,[sl 4675.04],
3440794,9624956,2026-08-24 15:49:28,1787586568654,0,0,26011001,9624956,3,0.01,4674.93,0.0,0.0,0.0,0.0,XAUUSD.u,STR B5,
3440845,9624962,2026-08-24 15:49:40,1787586580894,0,0,26011001,9624962,3,0.01,4673.37,0.0,0.0,0.0,0.0,XAUUSD.u,STR B4,
3440926,9625086,2026-08-24 15:50:48,1787586648798,0,0,26011001,9625086,3,0.01,4671.81,0.0,0.0,0.0,0.0,XAUUSD.u,STR B3,
3441028,9625190,2026-08-24 15:51:54,1787586714882,0,0,26011001,9625190,3,0.01,4668.69,0.0,0.0,0.0,0.0,XAUUSD.u,STR B1,
3441236,9625402,2026-08-24 15:53:21,1787586801660,0,1,26011001,9624611,4,0.01,4661.45,0.0,0.0,4.12,0.0,XAUUSD.u,[sl 4661.45],
3441257,9625424,2026-08-24 15:53:32,1787586812876,0,1,26011001,9624541,4,0.01,4660.0,0.0,0.0,4.01,0.0,XAUUSD.u,[sl 4660.00],
3441273,9625442,2026-08-24 15:53:36,1787586816835,0,1,26011001,9624530,4,0.01,4661.55,0.0,0.0,0.9,0.0,XAUUSD.u,[sl 4661.55],
3441303,9625468,2026-08-24 15:54:04,1787586844133,1,0,26011001,9625468,3,0.01,4664.01,0.0,0.0,0.0,0.0,XAUUSD.u,STR S2,
3441322,9625493,2026-08-24 15:54:37,1787586877328,1,0,26011001,9625493,3,0.01,4665.57,0.0,0.0,0.0,0.0,XAUUSD.u,STR S1,
3441524,9625451,2026-08-24 15:58:04,1787587084620,1,0,26011001,9625451,3,0.01,4662.45,0.0,0.0,0.0,0.0,XAUUSD.u,STR S3,
3441573,9625749,2026-08-24 15:58:40,1787587120712,0,1,26011001,9625493,4,0.01,4661.03,0.0,0.0,4.54,0.0,XAUUSD.u,[sl 4661.03],
3441577,9625753,2026-08-24 15:58:49,1787587129881,0,1,26011001,9625468,4,0.01,4662.58,0.0,0.0,1.43,0.0,XAUUSD.u,[sl 4662.58],
3441592,9625767,2026-08-24 15:59:10,1787587150549,1,0,26011001,9625767,3,0.01,4664.01,0.0,0.0,0.0,0.0,XAUUSD.u,STR S2,
3441623,9625796,2026-08-24 16:00:12,1787587212932,1,0,26011001,9625796,3,0.01,4665.57,0.0,0.0,0.0,0.0,XAUUSD.u,STR S1,
3441712,9625886,2026-08-24 16:01:00,1787587260602,0,1,26011001,9625796,4,0.01,4661.62,0.0,0.0,3.95,0.0,XAUUSD.u,[sl 4661.62],
3441718,9625894,2026-08-24 16:01:09,1787587269683,0,1,26011001,9625767,4,0.01,4663.17,0.0,0.0,0.84,0.0,XAUUSD.u,[sl 4663.17],
3441735,9625905,2026-08-24 16:01:31,1787587291189,1,0,26011001,9625905,3,0.01,4664.01,0.0,0.0,0.0,0.0,XAUUSD.u,STR S2,
3441738,9625915,2026-08-24 16:01:37,1787587297161,1,0,26011001,9625915,3,0.01,4665.57,0.0,0.0,0.0,0.0,XAUUSD.u,STR S1,
3441849,9626026,2026-08-24 16:04:21,1787587461671,0,1,26011001,9625915,4,0.01,4661.99,0.0,0.0,3.58,0.0,XAUUSD.u,[sl 4661.99],
3441864,9626041,2026-08-24 16:04:49,1787587489714,0,1,26011001,9625905,4,0.01,4663.46,0.0,0.0,0.55,0.0,XAUUSD.u,[sl 4663.46],
3441867,9626044,2026-08-24 16:04:50,1787587490718,1,0,26011001,9626044,3,0.01,4664.01,0.0,0.0,0.0,0.0,XAUUSD.u,STR S2,
3441952,9626130,2026-08-24 16:05:55,1787587555978,1,0,26011001,9626130,3,0.01,4665.57,0.0,0.0,0.0,0.0,XAUUSD.u,STR S1,
3442085,9625181,2026-08-24 16:09:57,1787587797177,0,0,26011001,9625181,3,0.01,4670.25,0.0,0.0,0.0,0.0,XAUUSD.u,STR B2,
3442163,9626339,2026-08-24 16:11:20,1787587880342,1,1,26011001,9625190,4,0.01,4669.06,0.0,0.0,0.37,0.0,XAUUSD.u,[sl 4669.06],
3442441,9626618,2026-08-24 16:13:27,1787588007572,0,1,26011001,9626130,4,0.01,4665.24,0.0,0.0,0.33,0.0,XAUUSD.u,[sl 4665.24],
3442444,9626620,2026-08-24 16:13:29,1787588009006,1,0,26011001,9626620,3,0.01,4665.57,0.0,0.0,0.0,0.0,XAUUSD.u,STR S1,
3442700,9626874,2026-08-24 16:16:38,1787588198917,0,1,26011001,9624520,4,0.01,4657.2,0.0,0.0,3.69,0.0,XAUUSD.u,[sl 4657.20],
3442702,9626876,2026-08-24 16:16:41,1787588201139,0,1,26011001,9625451,4,0.01,4657.78,0.0,0.0,4.67,0.0,XAUUSD.u,[sl 4657.78],
3442703,9626877,2026-08-24 16:16:41,1787588201139,0,1,26011001,9626044,4,0.01,4657.78,0.0,0.0,6.23,0.0,XAUUSD.u,[sl 4657.78],
3442704,9626878,2026-08-24 16:16:41,1787588201139,0,1,26011001,9626620,4,0.01,4657.78,0.0,0.0,7.79,0.0,XAUUSD.u,[sl 4657.78],
3442806,9626983,2026-08-24 16:18:30,1787588310225,0,1,26011001,9623947,4,0.01,4658.68,0.0,0.0,0.65,0.0,XAUUSD.u,[sl 4658.68],
3442826,9626992,2026-08-24 16:18:33,1787588313641,1,0,26011001,9626992,3,0.01,4659.33,0.0,0.0,0.0,0.0,XAUUSD.u,STR S5,
3442904,9627065,2026-08-24 16:19:24,1787588364678,1,0,26011001,9627065,3,0.01,4660.89,0.0,0.0,0.0,0.0,XAUUSD.u,STR S4,
3442941,9627107,2026-08-24 16:19:48,1787588388612,1,0,26011001,9627107,3,0.01,4664.01,0.0,0.0,0.0,0.0,XAUUSD.u,STR S2,
3442988,9627166,2026-08-24 16:19:57,1787588397972,1,0,26011001,9627166,3,0.01,4665.57,0.0,0.0,0.0,0.0,XAUUSD.u,STR S1,
3443051,9626341,2026-08-24 16:20:58,1787588458392,0,0,26011001,9626341,3,0.01,4668.69,0.0,0.0,0.0,0.0,XAUUSD.u,STR B1,
3443491,9627665,2026-08-24 16:29:32,1787588972005,1,1,26011001,9625181,4,0.01,4673.54,0.0,0.0,3.29,0.0,XAUUSD.u,[sl 4673.54],
3443492,9627666,2026-08-24 16:29:32,1787588972005,1,1,26011001,9626341,4,0.01,4673.54,0.0,0.0,4.85,0.0,XAUUSD.u,[sl 4673.54],
3443498,9627672,2026-08-24 16:29:55,1787588995720,1,1,26011001,9625086,4,0.01,4672.02,0.0,0.0,0.21,0.0,XAUUSD.u,[sl 4672.02],
3443519,9627690,2026-08-24 16:29:59,1787588999216,0,0,26011001,9627690,3,0.01,4671.81,0.0,0.0,0.0,0.0,XAUUSD.u,STR B3,
3443847,9628020,2026-08-24 16:35:15,1787589315952,1,1,26011001,9627690,4,0.01,4675.87,0.0,0.0,4.06,0.0,XAUUSD.u,[sl 4675.87],
3443937,9628226,2026-08-24 16:36:41,1787589401571,1,1,26011001,9624962,4,0.01,4677.33,0.0,0.0,3.96,0.0,XAUUSD.u,[sl 4677.33],
3444099,9628891,2026-08-24 16:38:13,1787589493689,1,1,26011001,9624956,4,0.01,4675.77,0.0,0.0,0.84,0.0,XAUUSD.u,[sl 4675.77],
3444100,9628899,2026-08-24 16:38:15,1787589495457,0,0,26011001,9628899,3,0.01,4674.93,0.0,0.0,0.0,0.0,XAUUSD.u,STR B5,
3444362,9630551,2026-08-24 16:42:29,1787589749266,1,1,26011001,9628899,3,0.01,4672.92,0.0,0.0,-2.01,0.0,XAUUSD.u,STR CLOSE,
3444363,9630552,2026-08-24 16:42:29,1787589749379,0,1,26011001,9627166,3,0.01,4672.93,0.0,0.0,-7.36,0.0,XAUUSD.u,STR CLOSE,
3444364,9630554,2026-08-24 16:42:29,1787589749491,0,1,26011001,9627107,3,0.01,4672.87,0.0,0.0,-8.86,0.0,XAUUSD.u,STR CLOSE,
3444365,9630556,2026-08-24 16:42:29,1787589749603,0,1,26011001,9627065,3,0.01,4672.87,0.0,0.0,-11.98,0.0,XAUUSD.u,STR CLOSE,
3444366,9630557,2026-08-24 16:42:29,1787589749715,0,1,26011001,9626992,3,0.01,4672.86,0.0,0.0,-13.53,0.0,XAUUSD.u,STR CLOSE,
3444367,9630559,2026-08-24 16:42:29,1787589749827,0,1,26011001,9623951,3,0.01,4672.86,0.0,0.0,-16.65,0.0,XAUUSD.u,STR CLOSE,
3444368,9630561,2026-08-24 16:42:29,1787589749939,1,1,26011001,9623950,3,0.01,4672.87,0.0,0.0,-5.18,0.0,XAUUSD.u,STR CLOSE,
3444369,9630562,2026-08-24 16:42:30,1787589750051,0,1,26011001,9623949,3,0.01,4672.94,0.0,0.0,-15.17,0.0,XAUUSD.u,STR CLOSE,
3444370,9630564,2026-08-24 16:42:30,1787589750164,1,1,26011001,9623948,3,0.01,4672.9,0.0,0.0,-3.59,0.0,XAUUSD.u,STR CLOSE,
3444379,9630578,2026-08-24 16:42:50,1787589770128,1,0,26011001,9630578,3,0.01,4670.92,0.0,0.0,0.0,0.0,XAUUSD.u,STR S1,
3444729,9630581,2026-08-24 16:48:27,1787590107649,1,0,26011001,9630581,3,0.01,4669.36,0.0,0.0,0.0,0.0,XAUUSD.u,STR S2,
3444810,9630584,2026-08-24 16:49:42,1787590182367,1,0,26011001,9630584,3,0.01,4667.8,0.0,0.0,0.0,0.0,XAUUSD.u,STR S3,
3444838,9630587,2026-08-24 16:49:52,1787590192770,1,0,26011001,9630587,3,0.01,4666.24,0.0,0.0,0.0,0.0,XAUUSD.u,STR S4,
3444893,9630591,2026-08-24 16:50:07,1787590207700,1,0,26011001,9630591,3,0.01,4664.68,0.0,0.0,0.0,0.0,XAUUSD.u,STR S5,
3444960,9630595,2026-08-24 16:50:23,1787590223426,1,0,26011001,9630595,3,0.01,4663.12,0.0,0.0,0.0,0.0,XAUUSD.u,STR S6,
3444979,9630598,2026-08-24 16:50:30,1787590230589,1,0,26011001,9630598,3,0.01,4661.56,0.0,0.0,0.0,0.0,XAUUSD.u,STR S7,
3444988,9632265,2026-08-24 16:50:34,1787590234757,0,1,26011001,9630598,3,0.01,4662.77,0.0,0.0,-1.21,0.0,XAUUSD.u,STR CLOSE,
3444989,9632266,2026-08-24 16:50:34,1787590234869,0,1,26011001,9630595,3,0.01,4662.9,0.0,0.0,0.22,0.0,XAUUSD.u,STR CLOSE,
3444990,9632267,2026-08-24 16:50:34,1787590234981,0,1,26011001,9630591,3,0.01,4662.95,0.0,0.0,1.73,0.0,XAUUSD.u,STR CLOSE,
3444991,9632268,2026-08-24 16:50:35,1787590235093,0,1,26011001,9630587,3,0.01,4662.95,0.0,0.0,3.29,0.0,XAUUSD.u,STR CLOSE,
3444992,9632269,2026-08-24 16:50:35,1787590235205,0,1,26011001,9630584,3,0.01,4662.84,0.0,0.0,4.96,0.0,XAUUSD.u,STR CLOSE,
3444993,9632270,2026-08-24 16:50:35,1787590235318,0,1,26011001,9630581,3,0.01,4662.9,0.0,0.0,6.46,0.0,XAUUSD.u,STR CLOSE,
3444994,9632271,2026-08-24 16:50:35,1787590235430,0,1,26011001,9630578,3,0.01,4662.95,0.0,0.0,7.97,0.0,XAUUSD.u,STR CLOSE,
3445005,9632279,2026-08-24 16:50:47,1787590247869,1,0,26011001,9632279,3,0.01,4661.45,0.0,0.0,0.0,0.0,XAUUSD.u,STR S1,
3445042,9632281,2026-08-24 16:51:16,1787590276104,1,0,26011001,9632281,3,0.01,4659.9,0.0,0.0,0.0,0.0,XAUUSD.u,STR S2,
3445070,9632283,2026-08-24 16:51:23,1787590283044,1,0,26011001,9632283,3,0.01,4658.35,0.0,0.0,0.0,0.0,XAUUSD.u,STR S3,
3445172,9632507,2026-08-24 16:52:16,1787590336491,0,1,26011001,9632279,4,0.01,4660.38,0.0,0.0,1.07,0.0,XAUUSD.u,[sl 4660.38],
3445281,9632613,2026-08-24 16:53:14,1787590394701,1,0,26011001,9632613,3,0.01,4661.45,0.0,0.0,0.0,0.0,XAUUSD.u,STR S1,
3445352,9632278,2026-08-24 16:53:32,1787590412856,0,0,26011001,9632278,3,0.01,4664.55,0.0,0.0,0.0,0.0,XAUUSD.u,STR B1,
3445417,9632280,2026-08-24 16:53:35,1787590415548,0,0,26011001,9632280,3,0.01,4666.1,0.0,0.0,0.0,0.0,XAUUSD.u,STR B2,
3445541,9632282,2026-08-24 16:54:50,1787590490148,0,0,26011001,9632282,3,0.01,4667.65,0.0,0.0,0.0,0.0,XAUUSD.u,STR B3,
3445682,9632284,2026-08-24 16:56:16,1787590576974,0,0,26011001,9632284,3,0.01,4669.2,0.0,0.0,0.0,0.0,XAUUSD.u,STR B4,
3445702,9632286,2026-08-24 16:56:31,1787590591341,0,0,26011001,9632286,3,0.01,4670.75,0.0,0.0,0.0,0.0,XAUUSD.u,STR B5,
3445744,9632288,2026-08-24 16:57:22,1787590642780,0,0,26011001,9632288,3,0.01,4672.3,0.0,0.0,0.0,0.0,XAUUSD.u,STR B6,
3445751,9632290,2026-08-24 16:57:35,1787590655651,0,0,26011001,9632290,3,0.01,4673.85,0.0,0.0,0.0,0.0,XAUUSD.u,STR B7,
3445766,9632292,2026-08-24 16:57:39,1787590659029,0,0,26011001,9632292,3,0.01,4675.4,0.0,0.0,0.0,0.0,XAUUSD.u,STR B8,
3445788,9633119,2026-08-24 16:57:55,1787590675583,1,1,26011001,9632278,4,0.01,4674.26,0.0,0.0,9.71,0.0,XAUUSD.u,[sl 4674.26],
3445789,9633120,2026-08-24 16:57:55,1787590675584,1,1,26011001,9632280,4,0.01,4674.26,0.0,0.0,8.16,0.0,XAUUSD.u,[sl 4674.26],
3445790,9633121,2026-08-24 16:57:55,1787590675584,1,1,26011001,9632282,4,0.01,4674.26,0.0,0.0,6.61,0.0,XAUUSD.u,[sl 4674.26],
3445791,9633122,2026-08-24 16:57:55,1787590675584,1,1,26011001,9632284,4,0.01,4674.26,0.0,0.0,5.06,0.0,XAUUSD.u,[sl 4674.26],
3445792,9633123,2026-08-24 16:57:55,1787590675584,1,1,26011001,9632286,4,0.01,4674.26,0.0,0.0,3.51,0.0,XAUUSD.u,[sl 4674.26],
3445825,9633156,2026-08-24 16:58:49,1787590729876,1,1,26011001,9632288,4,0.01,4672.71,0.0,0.0,0.41,0.0,XAUUSD.u,[sl 4672.71],
3445843,9633184,2026-08-24 16:59:06,1787590746887,0,0,26011001,9633184,3,0.01,4672.3,0.0,0.0,0.0,0.0,XAUUSD.u,STR B6,
3445865,9633205,2026-08-24 16:59:33,1787590773334,0,0,26011001,9633205,3,0.01,4670.75,0.0,0.0,0.0,0.0,XAUUSD.u,STR B5,
3445897,9633268,2026-08-24 17:00:31,1787590831509,0,0,26011001,9633268,3,0.01,4669.2,0.0,0.0,0.0,0.0,XAUUSD.u,STR B4,
3445956,9633328,2026-08-24 17:00:42,1787590842226,0,0,26011001,9633328,3,0.01,4667.65,0.0,0.0,0.0,0.0,XAUUSD.u,STR B3,
3446097,9633467,2026-08-24 17:02:02,1787590922830,0,0,26011001,9633467,3,0.01,4666.1,0.0,0.0,0.0,0.0,XAUUSD.u,STR B2,
3446282,9633657,2026-08-24 17:04:44,1787591084294,1,1,26011001,9633467,3,0.01,4676.13,0.0,0.0,10.03,0.0,XAUUSD.u,STR CLOSE,
3446283,9633658,2026-08-24 17:04:44,1787591084406,1,1,26011001,9633328,3,0.01,4676.12,0.0,0.0,8.47,0.0,XAUUSD.u,STR CLOSE,
3446284,9633659,2026-08-24 17:04:44,1787591084518,1,1,26011001,9633268,3,0.01,4676.13,0.0,0.0,6.93,0.0,XAUUSD.u,STR CLOSE,
3446285,9633660,2026-08-24 17:04:44,1787591084631,1,1,26011001,9633205,3,0.01,4676.05,0.0,0.0,5.3,0.0,XAUUSD.u,STR CLOSE,
3446286,9633661,2026-08-24 17:04:44,1787591084743,1,1,26011001,9633184,3,0.01,4676.0,0.0,0.0,3.7,0.0,XAUUSD.u,STR CLOSE,
3446287,9633662,2026-08-24 17:04:44,1787591084855,0,1,26011001,9632613,3,0.01,4675.99,0.0,0.0,-14.54,0.0,XAUUSD.u,STR CLOSE,
3446288,9633663,2026-08-24 17:04:44,1787591084970,1,1,26011001,9632292,3,0.01,4675.89,0.0,0.0,0.49,0.0,XAUUSD.u,STR CLOSE,
3446289,9633664,2026-08-24 17:04:45,1787591085083,1,1,26011001,9632290,3,0.01,4675.89,0.0,0.0,2.04,0.0,XAUUSD.u,STR CLOSE,
3446290,9633665,2026-08-24 17:04:45,1787591085195,0,1,26011001,9632283,3,0.01,4675.84,0.0,0.0,-17.49,0.0,XAUUSD.u,STR CLOSE,
3446291,9633666,2026-08-24 17:04:45,1787591085310,0,1,26011001,9632281,3,0.01,4675.85,0.0,0.0,-15.95,0.0,XAUUSD.u,STR CLOSE,
3446353,9633668,2026-08-24 17:05:31,1787591131168,1,0,26011001,9633668,3,0.01,4674.29,0.0,0.0,0.0,0.0,XAUUSD.u,STR S1,
3446526,9633670,2026-08-24 17:10:12,1787591412004,1,0,26011001,9633670,3,0.01,4672.73,0.0,0.0,0.0,0.0,XAUUSD.u,STR S2,
3446544,9633672,2026-08-24 17:11:17,1787591477424,1,0,26011001,9633672,3,0.01,4671.17,0.0,0.0,0.0,0.0,XAUUSD.u,STR S3,
3446811,9634224,2026-08-24 17:12:41,1787591561080,0,1,26011001,9633668,4,0.01,4674.25,0.0,0.0,0.04,0.0,XAUUSD.u,[sl 4674.25],
3446813,9634226,2026-08-24 17:12:41,1787591561293,1,0,26011001,9634226,3,0.01,4674.29,0.0,0.0,0.0,0.0,XAUUSD.u,STR S1,
3447219,9634624,2026-08-24 17:18:30,1787591910258,0,1,26011001,9634226,4,0.01,4672.94,0.0,0.0,1.35,0.0,XAUUSD.u,[sl 4672.94],
3447304,9633674,2026-08-24 17:23:12,1787592192431,1,0,26011001,9633674,3,0.01,4669.61,0.0,0.0,0.0,0.0,XAUUSD.u,STR S4,
3447383,9634785,2026-08-24 17:25:20,1787592320381,0,1,26011001,9633670,4,0.01,4671.43,0.0,0.0,1.3,0.0,XAUUSD.u,[sl 4671.43],
3447418,9634817,2026-08-24 17:26:53,1787592413856,1,0,26011001,9634817,3,0.01,4672.73,0.0,0.0,0.0,0.0,XAUUSD.u,STR S2,
3447450,9634838,2026-08-24 17:27:25,1787592445987,1,0,26011001,9634838,3,0.01,4674.29,0.0,0.0,0.0,0.0,XAUUSD.u,STR S1,
3447513,9633667,2026-08-24 17:29:04,1787592544266,0,0,26011001,9633667,3,0.01,4677.41,0.0,0.0,0.0,0.0,XAUUSD.u,STR B1,
3447531,9633669,2026-08-24 17:29:05,1787592545340,0,0,26011001,9633669,3,0.01,4678.97,0.0,0.0,0.0,0.0,XAUUSD.u,STR B2,
3447767,9635168,2026-08-24 17:33:24,1787592804156,0,1,26011001,9634838,4,0.01,4673.11,0.0,0.0,1.18,0.0,XAUUSD.u,[sl 4673.11],
3447888,9635288,2026-08-24 17:36:10,1787592970115,1,0,26011001,9635288,3,0.01,4674.29,0.0,0.0,0.0,0.0,XAUUSD.u,STR S1,
3448092,9633677,2026-08-24 17:39:15,1787593155483,1,0,26011001,9633677,3,0.01,4668.05,0.0,0.0,0.0,0.0,XAUUSD.u,STR S5,
3448158,9635559,2026-08-24 17:39:50,1787593190252,0,1,26011001,9634817,4,0.01,4669.12,0.0,0.0,3.61,0.0,XAUUSD.u,[sl 4669.12],
3448159,9635560,2026-08-24 17:39:50,1787593190252,0,1,26011001,9635288,4,0.01,4669.12,0.0,0.0,5.17,0.0,XAUUSD.u,[sl 4669.12],
3448167,9633679,2026-08-24 17:40:02,1787593202031,1,0,26011001,9633679,3,0.01,4666.49,0.0,0.0,0.0,0.0,XAUUSD.u,STR S6,
3448185,9635585,2026-08-24 17:40:12,1787593212294,0,1,26011001,9633672,4,0.01,4666.66,0.0,0.0,4.51,0.0,XAUUSD.u,[sl 4666.66],
3448205,9633681,2026-08-24 17:40:33,1787593233104,1,0,26011001,9633681,3,0.01,4664.93,0.0,0.0,0.0,0.0,XAUUSD.u,STR S7,
3448230,9635627,2026-08-24 17:40:43,1787593243055,0,1,26011001,9633674,4,0.01,4666.32,0.0,0.0,3.29,0.0,XAUUSD.u,[sl 4666.32],
3448294,9633683,2026-08-24 17:42:06,1787593326137,1,0,26011001,9633683,3,0.01,4663.37,0.0,0.0,0.0,0.0,XAUUSD.u,STR S8,
3448336,9635730,2026-08-24 17:43:05,1787593385992,0,1,26011001,9633677,4,0.01,4663.58,0.0,0.0,4.47,0.0,XAUUSD.u,[sl 4663.58],
3448342,9633685,2026-08-24 17:43:18,1787593398978,1,0,26011001,9633685,3,0.01,4661.81,0.0,0.0,0.0,0.0,XAUUSD.u,STR S9,
3448368,9633687,2026-08-24 17:43:39,1787593419840,1,0,26011001,9633687,3,0.01,4660.25,0.0,0.0,0.0,0.0,XAUUSD.u,STR S10,
3448375,9635985,2026-08-24 17:43:48,1787593428217,0,1,26011001,9633679,4,0.01,4661.67,0.0,0.0,4.82,0.0,XAUUSD.u,[sl 4661.67],
3448376,9635986,2026-08-24 17:43:48,1787593428218,0,1,26011001,9633681,4,0.01,4661.67,0.0,0.0,3.26,0.0,XAUUSD.u,[sl 4661.67],
3448450,9633689,2026-08-24 17:45:34,1787593534364,1,0,26011001,9633689,3,0.06,4658.69,0.0,0.0,0.0,0.0,XAUUSD.u,STR S11,
3448489,9633691,2026-08-24 17:45:58,1787593558079,1,0,26011001,9633691,3,0.06,4657.13,0.0,0.0,0.0,0.0,XAUUSD.u,STR S12,
3448502,9633693,2026-08-24 17:45:58,1787593558875,1,0,26011001,9633693,3,0.06,4655.57,0.0,0.0,0.0,0.0,XAUUSD.u,STR S13,
3448539,9636893,2026-08-24 17:46:03,1787593563982,0,1,26011001,9633693,3,0.06,4657.78,0.0,0.0,-13.26,0.0,XAUUSD.u,STR CLOSE,
3448540,9636895,2026-08-24 17:46:04,1787593564095,0,1,26011001,9633691,3,0.06,4657.81,0.0,0.0,-4.08,0.0,XAUUSD.u,STR CLOSE,
3448541,9636897,2026-08-24 17:46:04,1787593564207,0,1,26011001,9633689,3,0.06,4657.85,0.0,0.0,5.04,0.0,XAUUSD.u,STR CLOSE,
3448542,9636898,2026-08-24 17:46:04,1787593564321,0,1,26011001,9633687,3,0.01,4657.85,0.0,0.0,2.4,0.0,XAUUSD.u,STR CLOSE,
3448543,9636900,2026-08-24 17:46:04,1787593564433,0,1,26011001,9633685,3,0.01,4657.82,0.0,0.0,3.99,0.0,XAUUSD.u,STR CLOSE,
3448544,9636901,2026-08-24 17:46:04,1787593564545,0,1,26011001,9633683,3,0.01,4657.86,0.0,0.0,5.51,0.0,XAUUSD.u,STR CLOSE,
3448545,9636903,2026-08-24 17:46:04,1787593564658,1,1,26011001,9633669,3,0.01,4657.84,0.0,0.0,-21.13,0.0,XAUUSD.u,STR CLOSE,
3448546,9636905,2026-08-24 17:46:04,1787593564770,1,1,26011001,9633667,3,0.01,4657.81,0.0,0.0,-19.6,0.0,XAUUSD.u,STR CLOSE,
3448553,9636912,2026-08-24 17:46:23,1787593583918,0,0,26011001,9636912,3,0.01,4660.22,0.0,0.0,0.0,0.0,XAUUSD.u,STR B1,
3448563,9636916,2026-08-24 17:46:35,1787593595339,0,0,26011001,9636916,3,0.01,4661.77,0.0,0.0,0.0,0.0,XAUUSD.u,STR B2,
3448644,9636920,2026-08-24 17:47:16,1787593636066,0,0,26011001,9636920,3,0.01,4663.32,0.0,0.0,0.0,0.0,XAUUSD.u,STR B3,
3448695,9637759,2026-08-24 17:48:02,1787593682217,1,1,26011001,9636912,4,0.01,4660.26,0.0,0.0,0.04,0.0,XAUUSD.u,[sl 4660.26],
3448713,9636914,2026-08-24 17:48:08,1787593688957,1,0,26011001,9636914,3,0.01,4657.12,0.0,0.0,0.0,0.0,XAUUSD.u,STR S1,
3448724,9636917,2026-08-24 17:48:19,1787593699739,1,0,26011001,9636917,3,0.01,4655.57,0.0,0.0,0.0,0.0,XAUUSD.u,STR S2,
3448745,9636922,2026-08-24 17:48:23,1787593703944,1,0,26011001,9636922,3,0.01,4654.02,0.0,0.0,0.0,0.0,XAUUSD.u,STR S3,
3448787,9636926,2026-08-24 17:48:26,1787593706352,1,0,26011001,9636926,3,0.01,4652.47,0.0,0.0,0.0,0.0,XAUUSD.u,STR S4,
3448794,9636929,2026-08-24 17:48:26,1787593706674,1,0,26011001,9636929,3,0.01,4650.92,0.0,0.0,0.0,0.0,XAUUSD.u,STR S5,
3448868,9638117,2026-08-24 17:48:42,1787593722816,0,1,26011001,9636914,4,0.01,4652.33,0.0,0.0,4.79,0.0,XAUUSD.u,[sl 4652.33],
3448869,9638119,2026-08-24 17:48:42,1787593722816,0,1,26011001,9636917,4,0.01,4652.33,0.0,0.0,3.24,0.0,XAUUSD.u,[sl 4652.33],
3448915,9636934,2026-08-24 17:49:03,1787593743002,1,0,26011001,9636934,3,0.01,4649.37,0.0,0.0,0.0,0.0,XAUUSD.u,STR S6,
3448947,9636936,2026-08-24 17:49:05,1787593745810,1,0,26011001,9636936,3,0.01,4647.82,0.0,0.0,0.0,0.0,XAUUSD.u,STR S7,
3448959,9638316,2026-08-24 17:49:07,1787593747678,0,1,26011001,9636922,4,0.01,4649.24,0.0,0.0,4.78,0.0,XAUUSD.u,[sl 4649.24],
3448960,9638317,2026-08-24 17:49:07,1787593747678,0,1,26011001,9636926,4,0.01,4649.26,0.0,0.0,3.21,0.0,XAUUSD.u,[sl 4649.26],
3448978,9636938,2026-08-24 17:49:16,1787593756299,1,0,26011001,9636938,3,0.01,4646.27,0.0,0.0,0.0,0.0,XAUUSD.u,STR S8,
3448989,9638409,2026-08-24 17:49:18,1787593758899,0,1,26011001,9636929,4,0.01,4647.1,0.0,0.0,3.82,0.0,XAUUSD.u,[sl 4647.10],
3448996,9638458,2026-08-24 17:49:25,1787593765810,0,1,26011001,9636934,4,0.01,4648.66,0.0,0.0,0.71,0.0,XAUUSD.u,[sl 4648.66],
3449028,9638475,2026-08-24 17:49:30,1787593770369,1,0,26011001,9638475,3,0.01,4649.37,0.0,0.0,0.0,0.0,XAUUSD.u,STR S6,
3449152,9638864,2026-08-24 17:50:12,1787593812091,1,0,26011001,9638864,3,0.01,4650.92,0.0,0.0,0.0,0.0,XAUUSD.u,STR S5,
3449174,9638907,2026-08-24 17:50:17,1787593817413,1,0,26011001,9638907,3,0.01,4652.47,0.0,0.0,0.0,0.0,XAUUSD.u,STR S4,
3449289,9639500,2026-08-24 17:51:41,1787593901586,0,1,26011001,9638907,4,0.01,4651.55,0.0,0.0,0.92,0.0,XAUUSD.u,[sl 4651.55],
3449299,9639520,2026-08-24 17:51:43,1787593903834,1,0,26011001,9639520,3,0.01,4652.47,0.0,0.0,0.0,0.0,XAUUSD.u,STR S4,
3449509,9640402,2026-08-24 17:54:07,1787594047193,1,0,26011001,9640402,3,0.01,4655.57,0.0,0.0,0.0,0.0,XAUUSD.u,STR S2,
3449560,9640249,2026-08-24 17:54:54,1787594094807,1,0,26011001,9640249,3,0.01,4654.02,0.0,0.0,0.0,0.0,XAUUSD.u,STR S3,
3449729,9641284,2026-08-24 17:56:22,1787594182764,0,1,26011001,9640402,3,0.01,4645.4,0.0,0.0,10.17,0.0,XAUUSD.u,STR CLOSE,
3449730,9641286,2026-08-24 17:56:22,1787594182876,0,1,26011001,9640249,3,0.01,4645.4,0.0,0.0,8.62,0.0,XAUUSD.u,STR CLOSE,
3449732,9641289,2026-08-24 17:56:22,1787594182988,0,1,26011001,9639520,3,0.01,4645.43,0.0,0.0,7.04,0.0,XAUUSD.u,STR CLOSE,
3449733,9641290,2026-08-24 17:56:23,1787594183100,0,1,26011001,9638864,3,0.01,4645.43,0.0,0.0,5.49,0.0,XAUUSD.u,STR CLOSE,
3449734,9641292,2026-08-24 17:56:23,1787594183212,0,1,26011001,9638475,3,0.01,4645.13,0.0,0.0,4.24,0.0,XAUUSD.u,STR CLOSE,
3449735,9641294,2026-08-24 17:56:23,1787594183324,0,1,26011001,9636938,3,0.01,4645.04,0.0,0.0,1.23,0.0,XAUUSD.u,STR CLOSE,
3449736,9641296,2026-08-24 17:56:23,1787594183436,0,1,26011001,9636936,3,0.01,4645.14,0.0,0.0,2.68,0.0,XAUUSD.u,STR CLOSE,
3449738,9641298,2026-08-24 17:56:23,1787594183549,1,1,26011001,9636920,3,0.01,4645.13,0.0,0.0,-18.19,0.0,XAUUSD.u,STR CLOSE,
3449739,9641300,2026-08-24 17:56:23,1787594183661,1,1,26011001,9636916,3,0.01,4645.09,0.0,0.0,-16.68,0.0,XAUUSD.u,STR CLOSE,
3449836,9641313,2026-08-24 17:57:55,1787594275396,1,0,26011001,9641313,3,0.01,4643.76,0.0,0.0,0.0,0.0,XAUUSD.u,STR S1,
3449877,9641316,2026-08-24 17:58:00,1787594280608,1,0,26011001,9641316,3,0.01,4642.21,0.0,0.0,0.0,0.0,XAUUSD.u,STR S2,
3449918,9641319,2026-08-24 17:58:07,1787594287691,1,0,26011001,9641319,3,0.01,4640.66,0.0,0.0,0.0,0.0,XAUUSD.u,STR S3,
3449970,9642103,2026-08-24 17:58:25,1787594305586,0,1,26011001,9641313,4,0.01,4643.2,0.0,0.0,0.56,0.0,XAUUSD.u,[sl 4643.20],
3449980,9642160,2026-08-24 17:58:34,1787594314760,1,0,26011001,9642160,3,0.01,4643.76,0.0,0.0,0.0,0.0,XAUUSD.u,STR S1,
3450088,9641311,2026-08-24 17:59:16,1787594356050,0,0,26011001,9641311,3,0.01,4646.86,0.0,0.0,0.0,0.0,XAUUSD.u,STR B1,
3450173,9641315,2026-08-24 17:59:43,1787594383109,0,0,26011001,9641315,3,0.01,4648.41,0.0,0.0,0.0,0.0,XAUUSD.u,STR B2,
3450191,9641317,2026-08-24 18:00:00,1787594400275,0,0,26011001,9641317,3,0.01,4649.96,0.0,0.0,0.0,0.0,XAUUSD.u,STR B3,
3450224,9642730,2026-08-24 18:00:06,1787594406447,1,1,26011001,9641311,4,0.01,4646.93,0.0,0.0,0.07,0.0,XAUUSD.u,[sl 4646.93],
3450229,9642734,2026-08-24 18:00:06,1787594406746,0,0,26011001,9642734,3,0.01,4646.86,0.0,0.0,0.0,0.0,XAUUSD.u,STR B1,
3450263,9641321,2026-08-24 18:00:23,1787594423500,0,0,26011001,9641321,3,0.01,4651.51,0.0,0.0,0.0,0.0,XAUUSD.u,STR B4,
3450271,9642901,2026-08-24 18:00:34,1787594434795,1,1,26011001,9642734,4,0.01,4650.17,0.0,0.0,3.31,0.0,XAUUSD.u,[sl 4650.17],
3450293,9642971,2026-08-24 18:00:42,1787594442903,1,1,26011001,9641315,4,0.01,4648.62,0.0,0.0,0.21,0.0,XAUUSD.u,[sl 4648.62],
3450306,9642976,2026-08-24 18:00:55,1787594455142,0,0,26011001,9642976,3,0.01,4648.41,0.0,0.0,0.0,0.0,XAUUSD.u,STR B2,
3450319,9643148,2026-08-24 18:01:09,1787594469897,0,0,26011001,9643148,3,0.01,4646.86,0.0,0.0,0.0,0.0,XAUUSD.u,STR B1,
3450367,9641324,2026-08-24 18:01:42,1787594502581,0,0,26011001,9641324,3,0.01,4653.06,0.0,0.0,0.0,0.0,XAUUSD.u,STR B5,
3450371,9641327,2026-08-24 18:01:42,1787594502850,0,0,26011001,9641327,3,0.01,4654.61,0.0,0.0,0.0,0.0,XAUUSD.u,STR B6,
3450384,9641329,2026-08-24 18:01:43,1787594503170,0,0,26011001,9641329,3,0.01,4656.16,0.0,0.0,0.0,0.0,XAUUSD.u,STR B7,
3450482,9643473,2026-08-24 18:01:48,1787594508807,1,1,26011001,9641317,4,0.01,4655.96,0.0,0.0,6.0,0.0,XAUUSD.u,[sl 4655.96],
3450483,9643474,2026-08-24 18:01:48,1787594508807,1,1,26011001,9641321,4,0.01,4655.96,0.0,0.0,4.45,0.0,XAUUSD.u,[sl 4655.96],
3450484,9643475,2026-08-24 18:01:48,1787594508808,1,1,26011001,9642976,4,0.01,4655.96,0.0,0.0,7.55,0.0,XAUUSD.u,[sl 4655.96],
3450485,9643476,2026-08-24 18:01:48,1787594508808,1,1,26011001,9643148,4,0.01,4655.96,0.0,0.0,9.1,0.0,XAUUSD.u,[sl 4655.96],
3450488,9643487,2026-08-24 18:01:50,1787594510392,1,1,26011001,9641324,4,0.01,4654.41,0.0,0.0,1.35,0.0,XAUUSD.u,[sl 4654.41],
3450519,9643649,2026-08-24 18:02:14,1787594534944,0,0,26011001,9643649,3,0.01,4653.06,0.0,0.0,0.0,0.0,XAUUSD.u,STR B5,
3450548,9641332,2026-08-24 18:02:44,1787594564408,0,0,26011001,9641332,3,0.01,4657.71,0.0,0.0,0.0,0.0,XAUUSD.u,STR B8,
3450611,9643971,2026-08-24 18:02:57,1787594577922,1,1,26011001,9643649,4,0.01,4656.88,0.0,0.0,3.82,0.0,XAUUSD.u,[sl 4656.88],
3450674,9641337,2026-08-24 18:03:54,1787594634314,0,0,26011001,9641337,3,0.01,4659.26,0.0,0.0,0.0,0.0,XAUUSD.u,STR B9,
3450700,9641341,2026-08-24 18:04:10,1787594650690,0,0,26011001,9641341,3,0.01,4660.81,0.0,0.0,0.0,0.0,XAUUSD.u,STR B10,
3450720,9644271,2026-08-24 18:04:19,1787594659008,1,1,26011001,9641327,4,0.01,4660.17,0.0,0.0,5.5600000000000005,0.0,XAUUSD.u,[sl 4660.17],
3450721,9644272,2026-08-24 18:04:19,1787594659008,1,1,26011001,9641329,4,0.01,4660.17,0.0,0.0,4.01,0.0,XAUUSD.u,[sl 4660.17],
3450863,9644416,2026-08-24 18:06:07,1787594767185,1,1,26011001,9641332,4,0.01,4658.79,0.0,0.0,1.08,0.0,XAUUSD.u,[sl 4658.79],
3450864,9644417,2026-08-24 18:06:10,1787594770096,0,0,26011001,9644417,3,0.01,4657.71,0.0,0.0,0.0,0.0,XAUUSD.u,STR B8,
3450958,9644509,2026-08-24 18:08:27,1787594907831,0,0,26011001,9644509,3,0.01,4656.16,0.0,0.0,0.0,0.0,XAUUSD.u,STR B7,
3451011,9644562,2026-08-24 18:09:28,1787594968527,0,0,26011001,9644562,3,0.01,4654.61,0.0,0.0,0.0,0.0,XAUUSD.u,STR B6,
3451424,9644973,2026-08-24 18:19:35,1787595575187,1,1,26011001,9644562,4,0.01,4659.09,0.0,0.0,4.48,0.0,XAUUSD.u,[sl 4659.09],
3451528,9645077,2026-08-24 18:21:45,1787595705759,1,1,26011001,9644509,4,0.01,4657.54,0.0,0.0,1.38,0.0,XAUUSD.u,[sl 4657.54],
3452209,9645745,2026-08-24 18:40:29,1787596829449,1,1,26011001,9644417,4,0.01,4659.23,0.0,0.0,1.52,0.0,XAUUSD.u,[sl 4659.23],
3452350,9645893,2026-08-24 18:46:13,1787597173678,0,0,26011001,9645893,3,0.01,4657.71,0.0,0.0,0.0,0.0,XAUUSD.u,STR B8,
3452447,9645935,2026-08-24 18:47:51,1787597271671,0,0,26011001,9645935,3,0.01,4656.16,0.0,0.0,0.0,0.0,XAUUSD.u,STR B7,
3452577,9646109,2026-08-24 18:51:49,1787597509782,0,0,26011001,9646109,3,0.01,4654.61,0.0,0.0,0.0,0.0,XAUUSD.u,STR B6,
3452661,9646193,2026-08-24 18:52:23,1787597543553,0,0,26011001,9646193,3,0.01,4651.51,0.0,0.0,0.0,0.0,XAUUSD.u,STR B4,
3452712,9646148,2026-08-24 18:52:39,1787597559115,0,0,26011001,9646148,3,0.01,4653.06,0.0,0.0,0.0,0.0,XAUUSD.u,STR B5,
3452867,9646400,2026-08-24 18:55:58,1787597758729,0,0,26011001,9646400,3,0.01,4649.96,0.0,0.0,0.0,0.0,XAUUSD.u,STR B3,
3453211,9646477,2026-08-24 19:01:50,1787598110347,0,0,26011001,9646477,3,0.01,4646.86,0.0,0.0,0.0,0.0,XAUUSD.u,STR B1,
3453341,9646453,2026-08-24 19:07:40,1787598460291,0,0,26011001,9646453,3,0.01,4648.41,0.0,0.0,0.0,0.0,XAUUSD.u,STR B2,
3453464,9646987,2026-08-24 19:07:47,1787598467384,1,1,26011001,9646477,4,0.01,4649.97,0.0,0.0,3.11,0.0,XAUUSD.u,[sl 4649.97],
3453659,9647182,2026-08-24 19:09:38,1787598578448,1,1,26011001,9646400,4,0.01,4653.76,0.0,0.0,3.8,0.0,XAUUSD.u,[sl 4653.76],
3453660,9647183,2026-08-24 19:09:38,1787598578448,1,1,26011001,9646453,4,0.01,4653.76,0.0,0.0,5.35,0.0,XAUUSD.u,[sl 4653.76],
3453689,9647212,2026-08-24 19:10:00,1787598600199,1,1,26011001,9646193,4,0.01,4652.21,0.0,0.0,0.7,0.0,XAUUSD.u,[sl 4652.21],
3453699,9647220,2026-08-24 19:10:17,1787598617416,0,0,26011001,9647220,3,0.01,4651.51,0.0,0.0,0.0,0.0,XAUUSD.u,STR B4,
3453713,9647236,2026-08-24 19:10:52,1787598652686,0,0,26011001,9647236,3,0.01,4649.96,0.0,0.0,0.0,0.0,XAUUSD.u,STR B3,
3453830,9647351,2026-08-24 19:12:11,1787598731662,1,1,26011001,9647236,4,0.01,4653.21,0.0,0.0,3.25,0.0,XAUUSD.u,[sl 4653.21],
3453890,9647410,2026-08-24 19:13:45,1787598825001,1,1,26011001,9647220,4,0.01,4651.66,0.0,0.0,0.15,0.0,XAUUSD.u,[sl 4651.66],
3453896,9647414,2026-08-24 19:13:45,1787598825436,0,0,26011001,9647414,3,0.01,4651.51,0.0,0.0,0.0,0.0,XAUUSD.u,STR B4,
3453992,9647510,2026-08-24 19:16:18,1787598978386,0,0,26011001,9647510,3,0.01,4648.41,0.0,0.0,0.0,0.0,XAUUSD.u,STR B2,
3454061,9647488,2026-08-24 19:16:39,1787598999770,0,0,26011001,9647488,3,0.01,4649.96,0.0,0.0,0.0,0.0,XAUUSD.u,STR B3,
3454119,9647634,2026-08-24 19:17:26,1787599046390,1,1,26011001,9647510,3,0.01,4653.89,0.0,0.0,5.48,0.0,XAUUSD.u,STR CLOSE,
3454120,9647635,2026-08-24 19:17:26,1787599046502,1,1,26011001,9647488,3,0.01,4653.9,0.0,0.0,3.94,0.0,XAUUSD.u,STR CLOSE,
3454121,9647636,2026-08-24 19:17:26,1787599046616,1,1,26011001,9647414,3,0.01,4653.86,0.0,0.0,2.35,0.0,XAUUSD.u,STR CLOSE,
3454122,9647637,2026-08-24 19:17:26,1787599046728,1,1,26011001,9646148,3,0.01,4653.66,0.0,0.0,0.6,0.0,XAUUSD.u,STR CLOSE,
3454123,9647638,2026-08-24 19:17:26,1787599046840,1,1,26011001,9646109,3,0.01,4653.6,0.0,0.0,-1.01,0.0,XAUUSD.u,STR CLOSE,
3454124,9647639,2026-08-24 19:17:26,1787599046952,1,1,26011001,9645935,3,0.01,4653.57,0.0,0.0,-2.59,0.0,XAUUSD.u,STR CLOSE,
3454125,9647640,2026-08-24 19:17:27,1787599047064,1,1,26011001,9645893,3,0.01,4653.66,0.0,0.0,-4.05,0.0,XAUUSD.u,STR CLOSE,
3454126,9647641,2026-08-24 19:17:27,1787599047176,0,1,26011001,9642160,3,0.01,4653.58,0.0,0.0,-9.82,0.0,XAUUSD.u,STR CLOSE,
3454127,9647642,2026-08-24 19:17:27,1787599047289,1,1,26011001,9641341,3,0.01,4653.57,0.0,0.0,-7.24,0.0,XAUUSD.u,STR CLOSE,
3454128,9647643,2026-08-24 19:17:27,1787599047402,1,1,26011001,9641337,3,0.01,4653.64,0.0,0.0,-5.62,0.0,XAUUSD.u,STR CLOSE,
3454129,9647644,2026-08-24 19:17:27,1787599047514,0,1,26011001,9641319,3,0.01,4653.63,0.0,0.0,-12.97,0.0,XAUUSD.u,STR CLOSE,
3454130,9647645,2026-08-24 19:17:27,1787599047626,0,1,26011001,9641316,3,0.01,4653.63,0.0,0.0,-11.42,0.0,XAUUSD.u,STR CLOSE,
3454158,9647647,2026-08-24 19:18:50,1787599130625,1,0,26011001,9647647,3,0.01,4652.18,0.0,0.0,0.0,0.0,XAUUSD.u,STR S1,
3454298,9647649,2026-08-24 19:19:39,1787599179763,1,0,26011001,9647649,3,0.01,4650.63,0.0,0.0,0.0,0.0,XAUUSD.u,STR S2,
3454376,9647651,2026-08-24 19:19:57,1787599197001,1,0,26011001,9647651,3,0.01,4649.08,0.0,0.0,0.0,0.0,XAUUSD.u,STR S3,
3454491,9647653,2026-08-24 19:20:02,1787599202302,1,0,26011001,9647653,3,0.01,4647.53,0.0,0.0,0.0,0.0,XAUUSD.u,STR S4,
3454497,9647655,2026-08-24 19:20:02,1787599202336,1,0,26011001,9647655,3,0.01,4645.98,0.0,0.0,0.0,0.0,XAUUSD.u,STR S5,
3454580,9647657,2026-08-24 19:20:03,1787599203496,1,0,26011001,9647657,3,0.01,4644.43,0.0,0.0,0.0,0.0,XAUUSD.u,STR S6,
3454652,9647659,2026-08-24 19:20:06,1787599206877,1,0,26011001,9647659,3,0.01,4642.88,0.0,0.0,0.0,0.0,XAUUSD.u,STR S7,
3454677,9648243,2026-08-24 19:20:09,1787599209733,0,1,26011001,9647659,3,0.01,4643.23,0.0,0.0,-0.35,0.0,XAUUSD.u,STR CLOSE,
3454678,9648244,2026-08-24 19:20:09,1787599209845,0,1,26011001,9647657,3,0.01,4643.24,0.0,0.0,1.19,0.0,XAUUSD.u,STR CLOSE,
3454680,9648246,2026-08-24 19:20:09,1787599209957,0,1,26011001,9647655,3,0.01,4643.28,0.0,0.0,2.7,0.0,XAUUSD.u,STR CLOSE,
3454681,9648247,2026-08-24 19:20:10,1787599210070,0,1,26011001,9647653,3,0.01,4643.29,0.0,0.0,4.24,0.0,XAUUSD.u,STR CLOSE,
3454683,9648249,2026-08-24 19:20:10,1787599210182,0,1,26011001,9647651,3,0.01,4643.28,0.0,0.0,5.8,0.0,XAUUSD.u,STR CLOSE,
3454684,9648250,2026-08-24 19:20:10,1787599210294,0,1,26011001,9647649,3,0.01,4643.27,0.0,0.0,7.36,0.0,XAUUSD.u,STR CLOSE,
3454687,9648253,2026-08-24 19:20:10,1787599210406,0,1,26011001,9647647,3,0.01,4643.73,0.0,0.0,8.45,0.0,XAUUSD.u,STR CLOSE,
3454701,9648267,2026-08-24 19:20:14,1787599214319,1,0,26011001,9648267,3,0.01,4642.72,0.0,0.0,0.0,0.0,XAUUSD.u,STR S1,
3454730,9648269,2026-08-24 19:20:23,1787599223110,1,0,26011001,9648269,3,0.01,4641.17,0.0,0.0,0.0,0.0,XAUUSD.u,STR S2,
3454783,9648271,2026-08-24 19:20:59,1787599259845,1,0,26011001,9648271,3,0.01,4639.62,0.0,0.0,0.0,0.0,XAUUSD.u,STR S3,
3454795,9648273,2026-08-24 19:20:59,1787599259968,1,0,26011001,9648273,3,0.01,4638.07,0.0,0.0,0.0,0.0,XAUUSD.u,STR S4,
3454816,9648275,2026-08-24 19:21:00,1787599260537,1,0,26011001,9648275,3,0.01,4636.52,0.0,0.0,0.0,0.0,XAUUSD.u,STR S5,
3454820,9648437,2026-08-24 19:21:01,1787599261941,0,1,26011001,9648267,4,0.01,4637.7,0.0,0.0,5.02,0.0,XAUUSD.u,[sl 4637.70],
3454821,9648438,2026-08-24 19:21:01,1787599261941,0,1,26011001,9648269,4,0.01,4637.7,0.0,0.0,3.4699999999999998,0.0,XAUUSD.u,[sl 4637.70],
3454835,9648278,2026-08-24 19:21:12,1787599272517,1,0,26011001,9648278,3,0.01,4634.97,0.0,0.0,0.0,0.0,XAUUSD.u,STR S6,
3454858,9648470,2026-08-24 19:21:16,1787599276884,0,1,26011001,9648271,4,0.01,4635.43,0.0,0.0,4.19,0.0,XAUUSD.u,[sl 4635.43],
3454868,9648280,2026-08-24 19:21:22,1787599282343,1,0,26011001,9648280,3,0.01,4633.42,0.0,0.0,0.0,0.0,XAUUSD.u,STR S7,
3454874,9648484,2026-08-24 19:21:23,1787599283537,0,1,26011001,9648273,4,0.01,4634.2,0.0,0.0,3.87,0.0,XAUUSD.u,[sl 4634.20],
3454882,9648492,2026-08-24 19:21:27,1787599287807,0,1,26011001,9648275,4,0.01,4635.72,0.0,0.0,0.8,0.0,XAUUSD.u,[sl 4635.72],
3454896,9648505,2026-08-24 19:21:42,1787599302732,1,0,26011001,9648505,3,0.01,4636.52,0.0,0.0,0.0,0.0,XAUUSD.u,STR S5,
3454903,9648282,2026-08-24 19:21:54,1787599314800,1,0,26011001,9648282,3,0.01,4631.87,0.0,0.0,0.0,0.0,XAUUSD.u,STR S8,
3454917,9648525,2026-08-24 19:22:00,1787599320893,0,1,26011001,9648505,3,0.01,4631.28,0.0,0.0,5.24,0.0,XAUUSD.u,STR CLOSE,
3454920,9648528,2026-08-24 19:22:01,1787599321005,0,1,26011001,9648282,3,0.01,4631.2,0.0,0.0,0.67,0.0,XAUUSD.u,STR CLOSE,
3454921,9648529,2026-08-24 19:22:01,1787599321118,0,1,26011001,9648280,3,0.01,4631.35,0.0,0.0,2.07,0.0,XAUUSD.u,STR CLOSE,
3454922,9648530,2026-08-24 19:22:01,1787599321230,0,1,26011001,9648278,3,0.01,4631.29,0.0,0.0,3.68,0.0,XAUUSD.u,STR CLOSE,
3454936,9648536,2026-08-24 19:22:08,1787599328171,0,0,26011001,9648536,3,0.01,4632.97,0.0,0.0,0.0,0.0,XAUUSD.u,STR B1,
3455010,9648538,2026-08-24 19:23:34,1787599414810,0,0,26011001,9648538,3,0.01,4634.51,0.0,0.0,0.0,0.0,XAUUSD.u,STR B2,
3455024,9648540,2026-08-24 19:23:54,1787599434490,0,0,26011001,9648540,3,0.01,4636.05,0.0,0.0,0.0,0.0,XAUUSD.u,STR B3,
3455033,9648542,2026-08-24 19:24:00,1787599440232,0,0,26011001,9648542,3,0.01,4637.59,0.0,0.0,0.0,0.0,XAUUSD.u,STR B4,
3455093,9648756,2026-08-24 19:24:21,1787599461777,1,1,26011001,9648536,4,0.01,4637.38,0.0,0.0,4.41,0.0,XAUUSD.u,[sl 4637.38],
3455110,9648774,2026-08-24 19:24:41,1787599481616,1,1,26011001,9648538,4,0.01,4635.83,0.0,0.0,1.32,0.0,XAUUSD.u,[sl 4635.83],
3455135,9648802,2026-08-24 19:25:13,1787599513243,0,0,26011001,9648802,3,0.01,4634.51,0.0,0.0,0.0,0.0,XAUUSD.u,STR B2,
3455199,9648544,2026-08-24 19:27:18,1787599638184,0,0,26011001,9648544,3,0.01,4639.13,0.0,0.0,0.0,0.0,XAUUSD.u,STR B5,
3455212,9648548,2026-08-24 19:27:21,1787599641500,0,0,26011001,9648548,3,0.01,4640.67,0.0,0.0,0.0,0.0,XAUUSD.u,STR B6,
3455319,9648986,2026-08-24 19:28:02,1787599682509,1,1,26011001,9648540,4,0.01,4639.81,0.0,0.0,3.76,0.0,XAUUSD.u,[sl 4639.81],
3455320,9648987,2026-08-24 19:28:02,1787599682509,1,1,26011001,9648802,4,0.01,4639.81,0.0,0.0,5.3,0.0,XAUUSD.u,[sl 4639.81],
3455343,9648550,2026-08-24 19:28:58,1787599738065,0,0,26011001,9648550,3,0.01,4642.21,0.0,0.0,0.0,0.0,XAUUSD.u,STR B7,
3455363,9648553,2026-08-24 19:29:00,1787599740225,0,0,26011001,9648553,3,0.01,4643.75,0.0,0.0,0.0,0.0,XAUUSD.u,STR B8,
3455375,9649044,2026-08-24 19:29:04,1787599744092,1,1,26011001,9648553,3,0.01,4644.4,0.0,0.0,0.65,0.0,XAUUSD.u,STR CLOSE,
3455376,9649045,2026-08-24 19:29:04,1787599744207,1,1,26011001,9648550,3,0.01,4644.91,0.0,0.0,2.7,0.0,XAUUSD.u,STR CLOSE,
3455377,9649046,2026-08-24 19:29:04,1787599744319,1,1,26011001,9648548,3,0.01,4644.69,0.0,0.0,4.02,0.0,XAUUSD.u,STR CLOSE,
3455378,9649047,2026-08-24 19:29:04,1787599744431,1,1,26011001,9648544,3,0.01,4644.74,0.0,0.0,5.61,0.0,XAUUSD.u,STR CLOSE,
3455379,9649048,2026-08-24 19:29:04,1787599744543,1,1,26011001,9648542,3,0.01,4644.81,0.0,0.0,7.22,0.0,XAUUSD.u,STR CLOSE,
3455391,9649052,2026-08-24 19:29:12,1787599752896,1,0,26011001,9649052,3,0.01,4642.68,0.0,0.0,0.0,0.0,XAUUSD.u,STR S1,
3455396,9649055,2026-08-24 19:29:34,1787599774189,1,0,26011001,9649055,3,0.01,4641.13,0.0,0.0,0.0,0.0,XAUUSD.u,STR S2,
3455405,9649058,2026-08-24 19:29:46,1787599786217,1,0,26011001,9649058,3,0.01,4639.58,0.0,0.0,0.0,0.0,XAUUSD.u,STR S3,
3455413,9649060,2026-08-24 19:29:53,1787599793440,1,0,26011001,9649060,3,0.01,4638.03,0.0,0.0,0.0,0.0,XAUUSD.u,STR S4,
3455445,9649171,2026-08-24 19:30:18,1787599818523,0,1,26011001,9649052,4,0.01,4638.41,0.0,0.0,4.27,0.0,XAUUSD.u,[sl 4638.41],
3455453,9649179,2026-08-24 19:30:26,1787599826670,0,1,26011001,9649055,4,0.01,4639.96,0.0,0.0,1.17,0.0,XAUUSD.u,[sl 4639.96],
3455694,9649063,2026-08-24 19:32:53,1787599973943,1,0,26011001,9649063,3,0.01,4636.48,0.0,0.0,0.0,0.0,XAUUSD.u,STR S5,
3456017,9649745,2026-08-24 19:36:21,1787600181417,0,1,26011001,9649058,4,0.01,4638.82,0.0,0.0,0.76,0.0,XAUUSD.u,[sl 4638.82],
3456020,9649748,2026-08-24 19:36:26,1787600186160,1,0,26011001,9649748,3,0.01,4639.58,0.0,0.0,0.0,0.0,XAUUSD.u,STR S3,
3456041,9649769,2026-08-24 19:37:23,1787600243510,1,0,26011001,9649769,3,0.01,4642.68,0.0,0.0,0.0,0.0,XAUUSD.u,STR S1,
3456068,9649752,2026-08-24 19:39:18,1787600358227,1,0,26011001,9649752,3,0.01,4641.13,0.0,0.0,0.0,0.0,XAUUSD.u,STR S2,
3456259,9649985,2026-08-24 19:47:26,1787600846093,0,1,26011001,9649769,4,0.01,4638.47,0.0,0.0,4.21,0.0,XAUUSD.u,[sl 4638.47],
3456316,9649065,2026-08-24 19:49:10,1787600950620,1,0,26011001,9649065,3,0.01,4634.93,0.0,0.0,0.0,0.0,XAUUSD.u,STR S6,
3456326,9650052,2026-08-24 19:49:14,1787600954001,0,1,26011001,9649752,3,0.01,4634.71,0.0,0.0,6.42,0.0,XAUUSD.u,STR CLOSE,
3456327,9650053,2026-08-24 19:49:14,1787600954113,0,1,26011001,9649748,3,0.01,4634.73,0.0,0.0,4.85,0.0,XAUUSD.u,STR CLOSE,
3456328,9650054,2026-08-24 19:49:14,1787600954227,0,1,26011001,9649065,3,0.01,4634.77,0.0,0.0,0.16,0.0,XAUUSD.u,STR CLOSE,
3456329,9650055,2026-08-24 19:49:14,1787600954340,0,1,26011001,9649063,3,0.01,4634.81,0.0,0.0,1.67,0.0,XAUUSD.u,STR CLOSE,
3456330,9650056,2026-08-24 19:49:14,1787600954452,0,1,26011001,9649060,3,0.01,4634.81,0.0,0.0,3.22,0.0,XAUUSD.u,STR CLOSE,
3456352,9650059,2026-08-24 19:49:28,1787600968191,0,0,26011001,9650059,3,0.01,4636.38,0.0,0.0,0.0,0.0,XAUUSD.u,STR B1,
3456392,9650060,2026-08-24 19:50:00,1787601000443,1,0,26011001,9650060,3,0.01,4633.3,0.0,0.0,0.0,0.0,XAUUSD.u,STR S1,
3456486,9650061,2026-08-24 19:50:44,1787601044720,0,0,26011001,9650061,3,0.01,4637.92,0.0,0.0,0.0,0.0,XAUUSD.u,STR B2,
3457164,9650064,2026-08-24 20:02:27,1787601747256,0,0,26011001,9650064,3,0.01,4639.46,0.0,0.0,0.0,0.0,XAUUSD.u,STR B3,
3457580,9651357,2026-08-24 20:06:00,1787601960410,1,1,26011001,9650059,4,0.01,4637.84,0.0,0.0,1.46,0.0,XAUUSD.u,[sl 4637.84],
3457707,9650062,2026-08-24 20:08:32,1787602112888,1,0,26011001,9650062,3,0.01,4631.76,0.0,0.0,0.0,0.0,XAUUSD.u,STR S2,
3457730,9650066,2026-08-24 20:08:36,1787602116566,1,0,26011001,9650066,3,0.01,4630.22,0.0,0.0,0.0,0.0,XAUUSD.u,STR S3,
3457777,9650069,2026-08-24 20:08:58,1787602138563,1,0,26011001,9650069,3,0.01,4628.68,0.0,0.0,0.0,0.0,XAUUSD.u,STR S4,
3457789,9650071,2026-08-24 20:08:58,1787602138639,1,0,26011001,9650071,3,0.01,4627.14,0.0,0.0,0.0,0.0,XAUUSD.u,STR S5,
3457804,9651574,2026-08-24 20:09:00,1787602140284,0,1,26011001,9650060,4,0.01,4627.72,0.0,0.0,5.58,0.0,XAUUSD.u,[sl 4627.72],
3457805,9651575,2026-08-24 20:09:00,1787602140284,0,1,26011001,9650062,4,0.01,4627.75,0.0,0.0,4.01,0.0,XAUUSD.u,[sl 4627.75],
3457820,9650073,2026-08-24 20:09:05,1787602145082,1,0,26011001,9650073,3,0.01,4625.6,0.0,0.0,0.0,0.0,XAUUSD.u,STR S6,
3457830,9651598,2026-08-24 20:09:08,1787602148130,0,1,26011001,9650066,4,0.01,4626.72,0.0,0.0,3.5,0.0,XAUUSD.u,[sl 4626.72],
3457841,9651609,2026-08-24 20:09:10,1787602150559,0,1,26011001,9650069,4,0.01,4628.34,0.0,0.0,0.34,0.0,XAUUSD.u,[sl 4628.34],
3457854,9651622,2026-08-24 20:09:11,1787602151750,1,0,26011001,9651622,3,0.01,4628.68,0.0,0.0,0.0,0.0,XAUUSD.u,STR S4,
3457908,9651642,2026-08-24 20:10:01,1787602201922,1,0,26011001,9651642,3,0.01,4631.76,0.0,0.0,0.0,0.0,XAUUSD.u,STR S2,
3457924,9651688,2026-08-24 20:10:24,1787602224488,1,0,26011001,9651688,3,0.01,4633.3,0.0,0.0,0.0,0.0,XAUUSD.u,STR S1,
3458088,9651640,2026-08-24 20:13:23,1787602403541,1,0,26011001,9651640,3,0.01,4630.22,0.0,0.0,0.0,0.0,XAUUSD.u,STR S3,
3458114,9651887,2026-08-24 20:14:27,1787602467002,0,1,26011001,9651688,4,0.01,4633.24,0.0,0.0,0.06,0.0,XAUUSD.u,[sl 4633.24],
3458119,9651891,2026-08-24 20:14:43,1787602483132,1,0,26011001,9651891,3,0.01,4633.3,0.0,0.0,0.0,0.0,XAUUSD.u,STR S1,
3458339,9652107,2026-08-24 20:20:11,1787602811116,0,1,26011001,9651891,4,0.01,4628.88,0.0,0.0,4.42,0.0,XAUUSD.u,[sl 4628.88],
3458351,9652119,2026-08-24 20:20:26,1787602826446,0,1,26011001,9651642,4,0.01,4630.42,0.0,0.0,1.34,0.0,XAUUSD.u,[sl 4630.42],
3458388,9652147,2026-08-24 20:21:23,1787602883819,1,0,26011001,9652147,3,0.01,4631.76,0.0,0.0,0.0,0.0,XAUUSD.u,STR S2,
3458546,9651367,2026-08-24 20:22:46,1787602966121,0,0,26011001,9651367,3,0.01,4636.38,0.0,0.0,0.0,0.0,XAUUSD.u,STR B1,
3458726,9650067,2026-08-24 20:27:11,1787603231595,0,0,26011001,9650067,3,0.01,4641.0,0.0,0.0,0.0,0.0,XAUUSD.u,STR B4,
3458774,9652534,2026-08-24 20:28:14,1787603294914,1,1,26011001,9651367,4,0.01,4640.8,0.0,0.0,4.42,0.0,XAUUSD.u,[sl 4640.80],
3458780,9652540,2026-08-24 20:28:20,1787603300394,1,1,26011001,9650061,4,0.01,4639.29,0.0,0.0,1.37,0.0,XAUUSD.u,[sl 4639.29],
3458835,9652592,2026-08-24 20:31:44,1787603504378,0,0,26011001,9652592,3,0.01,4637.92,0.0,0.0,0.0,0.0,XAUUSD.u,STR B2,
3458945,9652178,2026-08-24 20:34:57,1787603697737,1,0,26011001,9652178,3,0.01,4633.3,0.0,0.0,0.0,0.0,XAUUSD.u,STR S1,
3459194,9652955,2026-08-24 20:38:44,1787603924158,0,1,26011001,9651640,4,0.01,4627.07,0.0,0.0,3.15,0.0,XAUUSD.u,[sl 4627.07],
3459195,9652956,2026-08-24 20:38:44,1787603924159,0,1,26011001,9652147,4,0.01,4627.07,0.0,0.0,4.6899999999999995,0.0,XAUUSD.u,[sl 4627.07],
3459196,9652957,2026-08-24 20:38:44,1787603924159,0,1,26011001,9652178,4,0.01,4627.07,0.0,0.0,6.23,0.0,XAUUSD.u,[sl 4627.07],
3459244,9653005,2026-08-24 20:39:39,1787603979999,0,1,26011001,9651622,4,0.01,4628.39,0.0,0.0,0.29,0.0,XAUUSD.u,[sl 4628.39],
3459320,9653082,2026-08-24 20:39:59,1787603999505,1,0,26011001,9653082,3,0.01,4630.22,0.0,0.0,0.0,0.0,XAUUSD.u,STR S3,
3459408,9653169,2026-08-24 20:41:10,1787604070353,1,0,26011001,9653169,3,0.01,4633.3,0.0,0.0,0.0,0.0,XAUUSD.u,STR S1,
3459579,9653140,2026-08-24 20:48:26,1787604506696,1,0,26011001,9653140,3,0.01,4631.76,0.0,0.0,0.0,0.0,XAUUSD.u,STR S2,
3459705,9652628,2026-08-24 20:57:21,1787605041529,0,0,26011001,9652628,3,0.01,4636.38,0.0,0.0,0.0,0.0,XAUUSD.u,STR B1,
3459885,9653640,2026-08-24 21:07:31,1787605651115,1,1,26011001,9652628,4,0.01,4637.75,0.0,0.0,1.37,0.0,XAUUSD.u,[sl 4637.75],
3460101,9653850,2026-08-24 21:14:12,1787606052183,0,0,26011001,9653850,3,0.01,4636.38,0.0,0.0,0.0,0.0,XAUUSD.u,STR B1,
3460388,9650070,2026-08-24 21:19:31,1787606371261,0,0,26011001,9650070,3,0.01,4642.54,0.0,0.0,0.0,0.0,XAUUSD.u,STR B5,
3460425,9650072,2026-08-24 21:20:53,1787606453646,0,0,26011001,9650072,3,0.01,4644.08,0.0,0.0,0.0,0.0,XAUUSD.u,STR B6,
3460472,9654218,2026-08-24 21:23:50,1787606630037,1,1,26011001,9650064,4,0.01,4643.46,0.0,0.0,4.0,0.0,XAUUSD.u,[sl 4643.46],
3460473,9654219,2026-08-24 21:23:50,1787606630037,1,1,26011001,9652592,4,0.01,4643.46,0.0,0.0,5.54,0.0,XAUUSD.u,[sl 4643.46],
3460474,9654220,2026-08-24 21:23:50,1787606630037,1,1,26011001,9653850,4,0.01,4643.46,0.0,0.0,7.08,0.0,XAUUSD.u,[sl 4643.46],
3460513,9654257,2026-08-24 21:25:19,1787606719897,1,1,26011001,9650067,4,0.01,4641.91,0.0,0.0,0.91,0.0,XAUUSD.u,[sl 4641.91],
3460524,9654266,2026-08-24 21:26:58,1787606818763,0,0,26011001,9654266,3,0.01,4641.0,0.0,0.0,0.0,0.0,XAUUSD.u,STR B4,
3460651,9650074,2026-08-24 21:37:01,1787607421314,0,0,26011001,9650074,3,0.01,4645.62,0.0,0.0,0.0,0.0,XAUUSD.u,STR B7,
3460667,9654410,2026-08-24 21:37:50,1787607470955,1,1,26011001,9654266,4,0.01,4644.41,0.0,0.0,3.41,0.0,XAUUSD.u,[sl 4644.41],
3460735,9650076,2026-08-24 21:41:26,1787607686606,0,0,26011001,9650076,3,0.01,4647.16,0.0,0.0,0.0,0.0,XAUUSD.u,STR B8,
3460790,9650078,2026-08-24 21:42:11,1787607731816,0,0,26011001,9650078,3,0.01,4648.7,0.0,0.0,0.0,0.0,XAUUSD.u,STR B9,
3460855,9654592,2026-08-24 21:42:32,1787607752749,1,1,26011001,9650070,4,0.01,4648.34,0.0,0.0,5.8,0.0,XAUUSD.u,[sl 4648.34],
3460856,9654593,2026-08-24 21:42:34,1787607754609,1,1,26011001,9650072,4,0.01,4648.3,0.0,0.0,4.22,0.0,XAUUSD.u,[sl 4648.30],
3460906,9650080,2026-08-24 21:43:41,1787607821024,0,0,26011001,9650080,3,0.01,4650.24,0.0,0.0,0.0,0.0,XAUUSD.u,STR B10,
3460995,9650082,2026-08-24 21:47:30,1787608050240,0,0,26011001,9650082,3,0.06,4651.78,0.0,0.0,0.0,0.0,XAUUSD.u,STR B11,
3461069,9650086,2026-08-24 21:48:17,1787608097351,0,0,26011001,9650086,3,0.06,4653.32,0.0,0.0,0.0,0.0,XAUUSD.u,STR B12,
3461154,9650090,2026-08-24 21:49:16,1787608156248,0,0,26011001,9650090,3,0.06,4654.86,0.0,0.0,0.0,0.0,XAUUSD.u,STR B13,
3461201,9654929,2026-08-24 21:50:35,1787608235694,1,1,26011001,9650076,4,0.01,4654.38,0.0,0.0,7.22,0.0,XAUUSD.u,[sl 4654.38],
3461202,9654930,2026-08-24 21:50:35,1787608235694,1,1,26011001,9650078,4,0.01,4654.42,0.0,0.0,5.72,0.0,XAUUSD.u,[sl 4654.42],
3461203,9654931,2026-08-24 21:50:37,1787608237393,1,1,26011001,9650080,4,0.01,4654.34,0.0,0.0,4.1,0.0,XAUUSD.u,[sl 4654.34],
3461205,9654933,2026-08-24 21:50:37,1787608237993,1,1,26011001,9650074,4,0.01,4654.26,0.0,0.0,8.64,0.0,XAUUSD.u,[sl 4654.26],
3461207,9654935,2026-08-24 21:50:38,1787608238023,1,1,26011001,9650082,4,0.06,4652.71,0.0,0.0,5.58,0.0,XAUUSD.u,[sl 4652.71],
3461279,9655007,2026-08-24 21:53:44,1787608424860,0,0,26011001,9655007,3,0.06,4651.78,0.0,0.0,0.0,0.0,XAUUSD.u,STR B11,
3461522,9655252,2026-08-24 22:11:58,1787609518745,1,1,26011001,9655007,4,0.06,4652.17,0.0,0.0,2.34,0.0,XAUUSD.u,[sl 4652.17],
3461579,9655255,2026-08-24 22:15:27,1787609727425,0,0,26011001,9655255,3,0.06,4651.78,0.0,0.0,0.0,0.0,XAUUSD.u,STR B11,
3461748,9655470,2026-08-24 22:26:06,1787610366395,0,0,26011001,9655470,3,0.01,4650.24,0.0,0.0,0.0,0.0,XAUUSD.u,STR B10,
3461823,9655546,2026-08-24 22:31:56,1787610716721,0,0,26011001,9655546,3,0.01,4648.7,0.0,0.0,0.0,0.0,XAUUSD.u,STR B9,
3462748,9650092,2026-08-25 01:01:00,1787619660158,0,0,26011001,9650092,3,0.06,4656.4,0.0,0.0,0.0,0.0,XAUUSD.u,STR B14,
3462749,9650095,2026-08-25 01:01:00,1787619660158,0,0,26011001,9650095,3,0.06,4657.94,0.0,0.0,0.0,0.0,XAUUSD.u,STR B15,
3462750,9650097,2026-08-25 01:01:00,1787619660158,0,0,26011001,9650097,3,0.06,4659.48,0.0,0.0,0.0,0.0,XAUUSD.u,STR B16,
3462751,9650099,2026-08-25 01:01:00,1787619660158,0,0,26011001,9650099,3,0.06,4661.02,0.0,0.0,0.0,0.0,XAUUSD.u,STR B17,
3462752,9650101,2026-08-25 01:01:00,1787619660158,0,0,26011001,9650101,3,0.06,4662.56,0.0,0.0,0.0,0.0,XAUUSD.u,STR B18,
3462753,9650103,2026-08-25 01:01:00,1787619660158,0,0,26011001,9650103,3,0.06,4664.1,0.0,0.0,0.0,0.0,XAUUSD.u,STR B19,
3462754,9650105,2026-08-25 01:01:00,1787619660158,0,0,26011001,9650105,3,0.06,4665.64,0.0,0.0,0.0,0.0,XAUUSD.u,STR B20,
3462755,9650107,2026-08-25 01:01:00,1787619660158,0,0,26011001,9650107,3,0.15,4667.18,0.0,0.0,0.0,0.0,XAUUSD.u,STR B21,
3462757,9650109,2026-08-25 01:01:00,1787619660158,0,0,26011001,9650109,3,0.15,4668.72,0.0,0.0,0.0,0.0,XAUUSD.u,STR B22,
3462808,9656518,2026-08-25 01:01:03,1787619663985,1,1,26011001,9655546,3,0.01,4669.01,0.0,0.0,20.31,0.0,XAUUSD.u,STR CLOSE,
3462809,9656519,2026-08-25 01:01:04,1787619664097,1,1,26011001,9655470,3,0.01,4669.01,0.0,0.0,18.77,0.0,XAUUSD.u,STR CLOSE,
3462810,9656520,2026-08-25 01:01:04,1787619664212,1,1,26011001,9655255,3,0.06,4668.99,0.0,0.0,103.26,0.0,XAUUSD.u,STR CLOSE,
3462811,9656521,2026-08-25 01:01:04,1787619664324,0,1,26011001,9653169,3,0.01,4669.32,0.0,0.0,-36.02,0.0,XAUUSD.u,STR CLOSE,
3462812,9656522,2026-08-25 01:01:04,1787619664436,0,1,26011001,9653140,3,0.01,4669.32,0.0,0.0,-37.56,0.0,XAUUSD.u,STR CLOSE,
3462813,9656523,2026-08-25 01:01:04,1787619664549,0,1,26011001,9653082,3,0.01,4669.32,0.0,0.0,-39.1,0.0,XAUUSD.u,STR CLOSE,
3462814,9656524,2026-08-25 01:01:04,1787619664661,1,1,26011001,9650109,3,0.15,4668.99,0.0,0.0,4.05,0.0,XAUUSD.u,STR CLOSE,
3462815,9656525,2026-08-25 01:01:04,1787619664774,1,1,26011001,9650107,3,0.15,4668.99,0.0,0.0,27.15,0.0,XAUUSD.u,STR CLOSE,
3462816,9656526,2026-08-25 01:01:04,1787619664886,1,1,26011001,9650105,3,0.06,4668.99,0.0,0.0,20.1,0.0,XAUUSD.u,STR CLOSE,
3462817,9656527,2026-08-25 01:01:04,1787619664998,1,1,26011001,9650103,3,0.06,4668.99,0.0,0.0,29.34,0.0,XAUUSD.u,STR CLOSE,
3462818,9656528,2026-08-25 01:01:05,1787619665111,1,1,26011001,9650101,3,0.06,4668.99,0.0,0.0,38.58,0.0,XAUUSD.u,STR CLOSE,
3462819,9656529,2026-08-25 01:01:05,1787619665223,1,1,26011001,9650099,3,0.06,4668.99,0.0,0.0,47.82,0.0,XAUUSD.u,STR CLOSE,
3462820,9656530,2026-08-25 01:01:05,1787619665335,1,1,26011001,9650097,3,0.06,4668.99,0.0,0.0,57.06,0.0,XAUUSD.u,STR CLOSE,
3462821,9656531,2026-08-25 01:01:05,1787619665448,1,1,26011001,9650095,3,0.06,4668.99,0.0,0.0,66.3,0.0,XAUUSD.u,STR CLOSE,
3462822,9656532,2026-08-25 01:01:05,1787619665560,1,1,26011001,9650092,3,0.06,4668.99,0.0,0.0,75.54,0.0,XAUUSD.u,STR CLOSE,
3462823,9656533,2026-08-25 01:01:05,1787619665672,1,1,26011001,9650090,3,0.06,4668.99,0.0,0.0,84.78,0.0,XAUUSD.u,STR CLOSE,
3462824,9656534,2026-08-25 01:01:05,1787619665785,1,1,26011001,9650086,3,0.06,4668.99,0.0,0.0,94.02,0.0,XAUUSD.u,STR CLOSE,
3462825,9656535,2026-08-25 01:01:05,1787619665897,0,1,26011001,9650073,3,0.01,4669.32,0.0,0.0,-43.72,0.0,XAUUSD.u,STR CLOSE,
3462826,9656536,2026-08-25 01:01:06,1787619666009,0,1,26011001,9650071,3,0.01,4669.32,0.0,0.0,-42.18,0.0,XAUUSD.u,STR CLOSE,
3462860,9656538,2026-08-25 01:06:50,1787620010932,1,0,26011001,9656538,3,0.01,4667.55,0.0,0.0,0.0,0.0,XAUUSD.u,STR S1,
3462901,9656537,2026-08-25 01:10:53,1787620253542,0,0,26011001,9656537,3,0.01,4670.67,0.0,0.0,0.0,0.0,XAUUSD.u,STR B1,
3462928,9656540,2026-08-25 01:11:10,1787620270714,0,0,26011001,9656540,3,0.01,4672.23,0.0,0.0,0.0,0.0,XAUUSD.u,STR B2,
3462978,9656543,2026-08-25 01:15:13,1787620513525,0,0,26011001,9656543,3,0.01,4673.79,0.0,0.0,0.0,0.0,XAUUSD.u,STR B3,
3463012,9656545,2026-08-25 01:15:24,1787620524613,0,0,26011001,9656545,3,0.01,4675.35,0.0,0.0,0.0,0.0,XAUUSD.u,STR B4,
3463038,9656547,2026-08-25 01:16:21,1787620581595,0,0,26011001,9656547,3,0.01,4676.91,0.0,0.0,0.0,0.0,XAUUSD.u,STR B5,
3463051,9656806,2026-08-25 01:16:49,1787620609947,1,1,26011001,9656537,4,0.01,4675.33,0.0,0.0,4.66,0.0,XAUUSD.u,[sl 4675.33],
3463112,9656868,2026-08-25 01:23:36,1787621016660,1,1,26011001,9656540,4,0.01,4673.73,0.0,0.0,1.5,0.0,XAUUSD.u,[sl 4673.73],
3463169,9656926,2026-08-25 01:27:48,1787621268141,0,0,26011001,9656926,3,0.01,4670.67,0.0,0.0,0.0,0.0,XAUUSD.u,STR B1,
3463234,9656904,2026-08-25 01:34:27,1787621667070,0,0,26011001,9656904,3,0.01,4672.23,0.0,0.0,0.0,0.0,XAUUSD.u,STR B2,
3463282,9657050,2026-08-25 01:39:44,1787621984875,1,1,26011001,9656926,4,0.01,4675.29,0.0,0.0,4.62,0.0,XAUUSD.u,[sl 4675.29],
3463353,9657121,2026-08-25 01:46:03,1787622363222,1,1,26011001,9656904,4,0.01,4675.48,0.0,0.0,3.25,0.0,XAUUSD.u,[sl 4675.48],
3463405,9656550,2026-08-25 01:50:12,1787622612203,0,0,26011001,9656550,3,0.01,4678.47,0.0,0.0,0.0,0.0,XAUUSD.u,STR B6,
3463433,9656552,2026-08-25 01:50:15,1787622615978,0,0,26011001,9656552,3,0.01,4680.03,0.0,0.0,0.0,0.0,XAUUSD.u,STR B7,
3463446,9656554,2026-08-25 01:50:16,1787622616236,0,0,26011001,9656554,3,0.01,4681.59,0.0,0.0,0.0,0.0,XAUUSD.u,STR B8,
3463469,9657231,2026-08-25 01:50:18,1787622618735,1,1,26011001,9656543,4,0.01,4681.09,0.0,0.0,7.3,0.0,XAUUSD.u,[sl 4681.09],
3463470,9657232,2026-08-25 01:50:18,1787622618735,1,1,26011001,9656545,4,0.01,4681.09,0.0,0.0,5.74,0.0,XAUUSD.u,[sl 4681.09],
3463471,9657233,2026-08-25 01:50:18,1787622618735,1,1,26011001,9656547,4,0.01,4681.1,0.0,0.0,4.19,0.0,XAUUSD.u,[sl 4681.10],
3463505,9657267,2026-08-25 01:51:36,1787622696925,1,1,26011001,9656550,4,0.01,4679.54,0.0,0.0,1.07,0.0,XAUUSD.u,[sl 4679.54],
3463515,9657278,2026-08-25 01:52:08,1787622728111,0,0,26011001,9657278,3,0.01,4678.47,0.0,0.0,0.0,0.0,XAUUSD.u,STR B6,
3463600,9656556,2026-08-25 02:00:24,1787623224002,0,0,26011001,9656556,3,0.01,4683.15,0.0,0.0,0.0,0.0,XAUUSD.u,STR B9,
3463609,9656558,2026-08-25 02:00:24,1787623224694,0,0,26011001,9656558,3,0.01,4684.71,0.0,0.0,0.0,0.0,XAUUSD.u,STR B10,
3463626,9656560,2026-08-25 02:00:27,1787623227890,0,0,26011001,9656560,3,0.06,4686.27,0.0,0.0,0.0,0.0,XAUUSD.u,STR B11,
3463631,9656562,2026-08-25 02:00:28,1787623228699,0,0,26011001,9656562,3,0.06,4687.83,0.0,0.0,0.0,0.0,XAUUSD.u,STR B12,
3463644,9657400,2026-08-25 02:00:37,1787623237726,1,1,26011001,9656552,4,0.01,4687.1,0.0,0.0,7.07,0.0,XAUUSD.u,[sl 4687.10],
3463645,9657401,2026-08-25 02:00:37,1787623237726,1,1,26011001,9656554,4,0.01,4687.1,0.0,0.0,5.51,0.0,XAUUSD.u,[sl 4687.10],
3463646,9657402,2026-08-25 02:00:37,1787623237727,1,1,26011001,9656556,4,0.01,4687.1,0.0,0.0,3.95,0.0,XAUUSD.u,[sl 4687.10],
3463647,9657403,2026-08-25 02:00:37,1787623237727,1,1,26011001,9657278,4,0.01,4687.1,0.0,0.0,8.63,0.0,XAUUSD.u,[sl 4687.10],
3463660,9656564,2026-08-25 02:00:57,1787623257374,0,0,26011001,9656564,3,0.06,4689.39,0.0,0.0,0.0,0.0,XAUUSD.u,STR B13,
3463669,9657424,2026-08-25 02:01:02,1787623262643,1,1,26011001,9656564,3,0.06,4688.94,0.0,0.0,-2.7,0.0,XAUUSD.u,STR CLOSE,
3463670,9657425,2026-08-25 02:01:02,1787623262755,1,1,26011001,9656562,3,0.06,4688.94,0.0,0.0,6.66,0.0,XAUUSD.u,STR CLOSE,
3463671,9657426,2026-08-25 02:01:02,1787623262867,1,1,26011001,9656560,3,0.06,4688.68,0.0,0.0,14.46,0.0,XAUUSD.u,STR CLOSE,
3463672,9657427,2026-08-25 02:01:02,1787623262979,1,1,26011001,9656558,3,0.01,4688.71,0.0,0.0,4.0,0.0,XAUUSD.u,STR CLOSE,
3463673,9657428,2026-08-25 02:01:03,1787623263091,0,1,26011001,9656538,3,0.01,4688.76,0.0,0.0,-21.21,0.0,XAUUSD.u,STR CLOSE,
3463675,9657430,2026-08-25 02:01:21,1787623281294,1,0,26011001,9657430,3,0.01,4687.28,0.0,0.0,0.0,0.0,XAUUSD.u,STR S1,
3463684,9657432,2026-08-25 02:01:37,1787623297621,1,0,26011001,9657432,3,0.01,4685.72,0.0,0.0,0.0,0.0,XAUUSD.u,STR S2,
3463702,9657434,2026-08-25 02:02:31,1787623351772,1,0,26011001,9657434,3,0.01,4684.16,0.0,0.0,0.0,0.0,XAUUSD.u,STR S3,
3463715,9657436,2026-08-25 02:03:08,1787623388888,1,0,26011001,9657436,3,0.01,4682.6,0.0,0.0,0.0,0.0,XAUUSD.u,STR S4,
3463723,9657537,2026-08-25 02:03:16,1787623396902,0,1,26011001,9657430,4,0.01,4682.76,0.0,0.0,4.52,0.0,XAUUSD.u,[sl 4682.76],
3463729,9657438,2026-08-25 02:03:45,1787623425459,1,0,26011001,9657438,3,0.01,4681.04,0.0,0.0,0.0,0.0,XAUUSD.u,STR S5,
3463742,9657440,2026-08-25 02:04:11,1787623451236,1,0,26011001,9657440,3,0.01,4679.48,0.0,0.0,0.0,0.0,XAUUSD.u,STR S6,
3463753,9657442,2026-08-25 02:04:50,1787623490520,1,0,26011001,9657442,3,0.01,4677.92,0.0,0.0,0.0,0.0,XAUUSD.u,STR S7,
3463759,9657572,2026-08-25 02:04:55,1787623495516,0,1,26011001,9657442,3,0.01,4678.01,0.0,0.0,-0.09,0.0,XAUUSD.u,STR CLOSE,
3463760,9657573,2026-08-25 02:04:55,1787623495629,0,1,26011001,9657440,3,0.01,4678.02,0.0,0.0,1.46,0.0,XAUUSD.u,STR CLOSE,
3463761,9657574,2026-08-25 02:04:55,1787623495741,0,1,26011001,9657438,3,0.01,4677.96,0.0,0.0,3.08,0.0,XAUUSD.u,STR CLOSE,
3463762,9657575,2026-08-25 02:04:55,1787623495853,0,1,26011001,9657436,3,0.01,4677.86,0.0,0.0,4.74,0.0,XAUUSD.u,STR CLOSE,
3463763,9657576,2026-08-25 02:04:55,1787623495965,0,1,26011001,9657434,3,0.01,4677.97,0.0,0.0,6.19,0.0,XAUUSD.u,STR CLOSE,
3463764,9657577,2026-08-25 02:04:56,1787623496077,0,1,26011001,9657432,3,0.01,4677.99,0.0,0.0,7.73,0.0,XAUUSD.u,STR CLOSE,
3463785,9657579,2026-08-25 02:05:17,1787623517084,1,0,26011001,9657579,3,0.01,4675.73,0.0,0.0,0.0,0.0,XAUUSD.u,STR S1,
3463792,9657578,2026-08-25 02:05:54,1787623554447,0,0,26011001,9657578,3,0.01,4678.85,0.0,0.0,0.0,0.0,XAUUSD.u,STR B1,
3463802,9657580,2026-08-25 02:06:25,1787623585042,0,0,26011001,9657580,3,0.01,4680.41,0.0,0.0,0.0,0.0,XAUUSD.u,STR B2,
3463813,9657582,2026-08-25 02:06:56,1787623616948,0,0,26011001,9657582,3,0.01,4681.97,0.0,0.0,0.0,0.0,XAUUSD.u,STR B3,
3463822,9657584,2026-08-25 02:07:02,1787623622555,0,0,26011001,9657584,3,0.01,4683.53,0.0,0.0,0.0,0.0,XAUUSD.u,STR B4,
3463842,9657586,2026-08-25 02:07:24,1787623644933,0,0,26011001,9657586,3,0.01,4685.09,0.0,0.0,0.0,0.0,XAUUSD.u,STR B5,
3463852,9657724,2026-08-25 02:07:29,1787623649448,1,1,26011001,9657578,4,0.01,4684.87,0.0,0.0,6.02,0.0,XAUUSD.u,[sl 4684.87],
3463853,9657725,2026-08-25 02:07:29,1787623649448,1,1,26011001,9657580,4,0.01,4684.91,0.0,0.0,4.5,0.0,XAUUSD.u,[sl 4684.91],
3463857,9657588,2026-08-25 02:07:38,1787623658595,0,0,26011001,9657588,3,0.01,4686.65,0.0,0.0,0.0,0.0,XAUUSD.u,STR B6,
3463859,9657733,2026-08-25 02:07:41,1787623661130,1,1,26011001,9657582,4,0.01,4686.0,0.0,0.0,4.03,0.0,XAUUSD.u,[sl 4686.00],
3463870,9657744,2026-08-25 02:08:16,1787623696480,1,1,26011001,9657584,4,0.01,4684.44,0.0,0.0,0.91,0.0,XAUUSD.u,[sl 4684.44],
3463871,9657745,2026-08-25 02:08:17,1787623697208,0,0,26011001,9657745,3,0.01,4683.53,0.0,0.0,0.0,0.0,XAUUSD.u,STR B4,
3463893,9657766,2026-08-25 02:09:44,1787623784863,0,0,26011001,9657766,3,0.01,4681.97,0.0,0.0,0.0,0.0,XAUUSD.u,STR B3,
3463922,9657796,2026-08-25 02:12:06,1787623926116,0,0,26011001,9657796,3,0.01,4680.41,0.0,0.0,0.0,0.0,XAUUSD.u,STR B2,
3463958,9657590,2026-08-25 02:14:17,1787624057578,0,0,26011001,9657590,3,0.01,4688.21,0.0,0.0,0.0,0.0,XAUUSD.u,STR B7,
3463967,9657843,2026-08-25 02:14:23,1787624063067,1,1,26011001,9657796,3,0.01,4686.71,0.0,0.0,6.3,0.0,XAUUSD.u,STR CLOSE,
3463968,9657844,2026-08-25 02:14:23,1787624063179,1,1,26011001,9657766,3,0.01,4686.78,0.0,0.0,4.8100000000000005,0.0,XAUUSD.u,STR CLOSE,
3463969,9657845,2026-08-25 02:14:23,1787624063291,1,1,26011001,9657745,3,0.01,4686.78,0.0,0.0,3.25,0.0,XAUUSD.u,STR CLOSE,
3463970,9657846,2026-08-25 02:14:23,1787624063404,1,1,26011001,9657590,3,0.01,4686.81,0.0,0.0,-1.4,0.0,XAUUSD.u,STR CLOSE,
3463971,9657847,2026-08-25 02:14:23,1787624063516,1,1,26011001,9657588,3,0.01,4686.81,0.0,0.0,0.16,0.0,XAUUSD.u,STR CLOSE,
3463972,9657848,2026-08-25 02:14:23,1787624063628,1,1,26011001,9657586,3,0.01,4687.22,0.0,0.0,2.13,0.0,XAUUSD.u,STR CLOSE,
3463973,9657849,2026-08-25 02:14:23,1787624063740,0,1,26011001,9657579,3,0.01,4687.27,0.0,0.0,-11.54,0.0,XAUUSD.u,STR CLOSE,
3463981,9657850,2026-08-25 02:14:39,1787624079352,0,0,26011001,9657850,3,0.01,4688.66,0.0,0.0,0.0,0.0,XAUUSD.u,STR B1,
3463998,9657852,2026-08-25 02:14:49,1787624089614,0,0,26011001,9657852,3,0.01,4690.22,0.0,0.0,0.0,0.0,XAUUSD.u,STR B2,
3464008,9657854,2026-08-25 02:14:52,1787624092285,0,0,26011001,9657854,3,0.01,4691.78,0.0,0.0,0.0,0.0,XAUUSD.u,STR B3,
3464021,9657958,2026-08-25 02:15:19,1787624119867,1,1,26011001,9657850,4,0.01,4688.73,0.0,0.0,0.07,0.0,XAUUSD.u,[sl 4688.73],
3464023,9657960,2026-08-25 02:15:21,1787624121812,0,0,26011001,9657960,3,0.01,4688.66,0.0,0.0,0.0,0.0,XAUUSD.u,STR B1,
3464036,9657851,2026-08-25 02:15:43,1787624143510,1,0,26011001,9657851,3,0.01,4685.54,0.0,0.0,0.0,0.0,XAUUSD.u,STR S1,
3464055,9657853,2026-08-25 02:16:14,1787624174454,1,0,26011001,9657853,3,0.01,4683.98,0.0,0.0,0.0,0.0,XAUUSD.u,STR S2,
3464081,9657855,2026-08-25 02:17:06,1787624226658,1,0,26011001,9657855,3,0.01,4682.42,0.0,0.0,0.0,0.0,XAUUSD.u,STR S3,
3464121,9657857,2026-08-25 02:20:07,1787624407339,1,0,26011001,9657857,3,0.01,4680.86,0.0,0.0,0.0,0.0,XAUUSD.u,STR S4,
3464132,9658065,2026-08-25 02:20:42,1787624442742,0,1,26011001,9657851,4,0.01,4680.93,0.0,0.0,4.61,0.0,XAUUSD.u,[sl 4680.93],
3464135,9658068,2026-08-25 02:20:53,1787624453895,0,1,26011001,9657853,4,0.01,4682.49,0.0,0.0,1.49,0.0,XAUUSD.u,[sl 4682.49],
3464173,9657859,2026-08-25 02:25:01,1787624701962,1,0,26011001,9657859,3,0.01,4679.3,0.0,0.0,0.0,0.0,XAUUSD.u,STR S5,
3464177,9657861,2026-08-25 02:25:13,1787624713260,1,0,26011001,9657861,3,0.01,4677.74,0.0,0.0,0.0,0.0,XAUUSD.u,STR S6,
3464199,9658135,2026-08-25 02:26:49,1787624809156,0,1,26011001,9657855,4,0.01,4678.38,0.0,0.0,4.04,0.0,XAUUSD.u,[sl 4678.38],
3464212,9658149,2026-08-25 02:28:37,1787624917028,0,1,26011001,9657857,4,0.01,4679.93,0.0,0.0,0.93,0.0,XAUUSD.u,[sl 4679.93],
3464215,9658152,2026-08-25 02:28:45,1787624925862,1,0,26011001,9658152,3,0.01,4680.86,0.0,0.0,0.0,0.0,XAUUSD.u,STR S4,
3464236,9658158,2026-08-25 02:29:15,1787624955070,1,0,26011001,9658158,3,0.01,4682.42,0.0,0.0,0.0,0.0,XAUUSD.u,STR S3,
3464245,9658181,2026-08-25 02:30:14,1787625014547,1,0,26011001,9658181,3,0.01,4683.98,0.0,0.0,0.0,0.0,XAUUSD.u,STR S2,
3464263,9658195,2026-08-25 02:30:54,1787625054589,1,0,26011001,9658195,3,0.01,4685.54,0.0,0.0,0.0,0.0,XAUUSD.u,STR S1,
3464327,9658263,2026-08-25 02:32:12,1787625132128,1,1,26011001,9657960,4,0.01,4689.97,0.0,0.0,1.31,0.0,XAUUSD.u,[sl 4689.97],
3464349,9658288,2026-08-25 02:33:03,1787625183154,0,0,26011001,9658288,3,0.01,4688.66,0.0,0.0,0.0,0.0,XAUUSD.u,STR B1,
3464399,9657856,2026-08-25 02:37:09,1787625429876,0,0,26011001,9657856,3,0.01,4693.34,0.0,0.0,0.0,0.0,XAUUSD.u,STR B4,
3464419,9658358,2026-08-25 02:37:55,1787625475231,1,1,26011001,9658288,4,0.01,4692.87,0.0,0.0,4.21,0.0,XAUUSD.u,[sl 4692.87],
3464436,9657858,2026-08-25 02:38:43,1787625523654,0,0,26011001,9657858,3,0.01,4694.9,0.0,0.0,0.0,0.0,XAUUSD.u,STR B5,
3464473,9658410,2026-08-25 02:39:21,1787625561984,1,1,26011001,9657852,4,0.01,4694.59,0.0,0.0,4.37,0.0,XAUUSD.u,[sl 4694.59],
3464485,9658424,2026-08-25 02:40:38,1787625638771,1,1,26011001,9657854,4,0.01,4693.04,0.0,0.0,1.26,0.0,XAUUSD.u,[sl 4693.04],
3464493,9657860,2026-08-25 02:42:08,1787625728654,0,0,26011001,9657860,3,0.01,4696.46,0.0,0.0,0.0,0.0,XAUUSD.u,STR B6,
3464524,9658465,2026-08-25 02:43:28,1787625808922,1,1,26011001,9657856,4,0.01,4693.83,0.0,0.0,0.49,0.0,XAUUSD.u,[sl 4693.83],
3464534,9658474,2026-08-25 02:44:24,1787625864443,0,0,26011001,9658474,3,0.01,4693.34,0.0,0.0,0.0,0.0,XAUUSD.u,STR B4,
3464558,9658499,2026-08-25 02:46:17,1787625977088,0,0,26011001,9658499,3,0.01,4691.78,0.0,0.0,0.0,0.0,XAUUSD.u,STR B3,
3464568,9658505,2026-08-25 02:46:23,1787625983644,0,0,26011001,9658505,3,0.01,4690.22,0.0,0.0,0.0,0.0,XAUUSD.u,STR B2,
3464592,9658531,2026-08-25 02:47:49,1787626069038,0,0,26011001,9658531,3,0.01,4688.66,0.0,0.0,0.0,0.0,XAUUSD.u,STR B1,
3464617,9658558,2026-08-25 02:48:38,1787626118403,1,1,26011001,9658531,4,0.01,4691.91,0.0,0.0,3.25,0.0,XAUUSD.u,[sl 4691.91],
3464644,9658587,2026-08-25 02:51:23,1787626283766,1,1,26011001,9658505,4,0.01,4691.35,0.0,0.0,1.13,0.0,XAUUSD.u,[sl 4691.35],
3464654,9658599,2026-08-25 02:52:24,1787626344251,0,0,26011001,9658599,3,0.01,4688.66,0.0,0.0,0.0,0.0,XAUUSD.u,STR B1,
3464764,9658709,2026-08-25 03:00:21,1787626821203,0,1,26011001,9658195,4,0.01,4681.38,0.0,0.0,4.16,0.0,XAUUSD.u,[sl 4681.38],
3464766,9658711,2026-08-25 03:00:23,1787626823130,0,1,26011001,9658181,4,0.01,4682.91,0.0,0.0,1.07,0.0,XAUUSD.u,[sl 4682.91],
3464797,9657864,2026-08-25 03:00:49,1787626849202,1,0,26011001,9657864,3,0.01,4676.18,0.0,0.0,0.0,0.0,XAUUSD.u,STR S7,
3464810,9658756,2026-08-25 03:00:57,1787626857317,0,1,26011001,9658152,4,0.01,4676.8,0.0,0.0,4.06,0.0,XAUUSD.u,[sl 4676.80],
3464811,9658757,2026-08-25 03:00:57,1787626857317,0,1,26011001,9658158,4,0.01,4676.8,0.0,0.0,5.62,0.0,XAUUSD.u,[sl 4676.80],
3464828,9657866,2026-08-25 03:01:06,1787626866785,1,0,26011001,9657866,3,0.01,4674.62,0.0,0.0,0.0,0.0,XAUUSD.u,STR S8,
3464859,9658805,2026-08-25 03:01:13,1787626873600,0,1,26011001,9657859,4,0.01,4674.92,0.0,0.0,4.38,0.0,XAUUSD.u,[sl 4674.92],
3464861,9658807,2026-08-25 03:01:16,1787626876968,0,1,26011001,9657861,4,0.01,4676.55,0.0,0.0,1.19,0.0,XAUUSD.u,[sl 4676.55],
3464879,9657868,2026-08-25 03:02:53,1787626973206,1,0,26011001,9657868,3,0.01,4673.06,0.0,0.0,0.0,0.0,XAUUSD.u,STR S9,
3464908,9657870,2026-08-25 03:03:08,1787626988284,1,0,26011001,9657870,3,0.01,4671.5,0.0,0.0,0.0,0.0,XAUUSD.u,STR S10,
3464912,9658857,2026-08-25 03:03:18,1787626998228,0,1,26011001,9657864,4,0.01,4672.71,0.0,0.0,3.4699999999999998,0.0,XAUUSD.u,[sl 4672.71],
3464914,9658859,2026-08-25 03:03:27,1787627007856,0,1,26011001,9657866,4,0.01,4674.26,0.0,0.0,0.36,0.0,XAUUSD.u,[sl 4674.26],
3464915,9658860,2026-08-25 03:03:29,1787627009938,1,0,26011001,9658860,3,0.01,4674.62,0.0,0.0,0.0,0.0,XAUUSD.u,STR S8,
3464931,9658873,2026-08-25 03:04:21,1787627061680,1,0,26011001,9658873,3,0.01,4676.18,0.0,0.0,0.0,0.0,XAUUSD.u,STR S7,
3464935,9658876,2026-08-25 03:04:37,1787627077709,1,0,26011001,9658876,3,0.01,4677.74,0.0,0.0,0.0,0.0,XAUUSD.u,STR S6,
3464961,9658903,2026-08-25 03:05:49,1787627149825,0,1,26011001,9658873,4,0.01,4672.79,0.0,0.0,3.39,0.0,XAUUSD.u,[sl 4672.79],
3464962,9658904,2026-08-25 03:05:49,1787627149825,0,1,26011001,9658876,4,0.01,4672.79,0.0,0.0,4.95,0.0,XAUUSD.u,[sl 4672.79],
3464973,9658918,2026-08-25 03:06:36,1787627196818,0,1,26011001,9658860,4,0.01,4674.34,0.0,0.0,0.28,0.0,XAUUSD.u,[sl 4674.34],
3464974,9658919,2026-08-25 03:06:40,1787627200232,1,0,26011001,9658919,3,0.01,4674.62,0.0,0.0,0.0,0.0,XAUUSD.u,STR S8,
3464975,9658920,2026-08-25 03:06:49,1787627209886,1,0,26011001,9658920,3,0.01,4676.18,0.0,0.0,0.0,0.0,XAUUSD.u,STR S7,
3464979,9658924,2026-08-25 03:07:01,1787627221261,1,0,26011001,9658924,3,0.01,4677.74,0.0,0.0,0.0,0.0,XAUUSD.u,STR S6,
3465003,9658928,2026-08-25 03:07:14,1787627234138,1,0,26011001,9658928,3,0.01,4679.3,0.0,0.0,0.0,0.0,XAUUSD.u,STR S5,
3465050,9658995,2026-08-25 03:08:50,1787627330169,0,1,26011001,9658928,4,0.01,4677.97,0.0,0.0,1.33,0.0,XAUUSD.u,[sl 4677.97],
3465061,9659003,2026-08-25 03:09:01,1787627341827,1,0,26011001,9659003,3,0.01,4679.3,0.0,0.0,0.0,0.0,XAUUSD.u,STR S5,
3465090,9659035,2026-08-25 03:12:10,1787627530179,0,1,26011001,9659003,4,0.01,4678.05,0.0,0.0,1.25,0.0,XAUUSD.u,[sl 4678.05],
3465102,9659043,2026-08-25 03:14:01,1787627641273,1,0,26011001,9659043,3,0.01,4679.3,0.0,0.0,0.0,0.0,XAUUSD.u,STR S5,
3465109,9659053,2026-08-25 03:14:45,1787627685581,0,1,26011001,9659043,4,0.01,4679.23,0.0,0.0,0.07,0.0,XAUUSD.u,[sl 4679.23],
3465164,9659111,2026-08-25 03:16:23,1787627783945,0,1,26011001,9658924,4,0.01,4676.44,0.0,0.0,1.3,0.0,XAUUSD.u,[sl 4676.44],
3465169,9659116,2026-08-25 03:17:19,1787627839437,1,0,26011001,9659116,3,0.01,4677.74,0.0,0.0,0.0,0.0,XAUUSD.u,STR S6,
3465173,9659119,2026-08-25 03:17:26,1787627846957,1,0,26011001,9659119,3,0.01,4679.3,0.0,0.0,0.0,0.0,XAUUSD.u,STR S5,
3465200,9659149,2026-08-25 03:18:06,1787627886727,0,1,26011001,9659119,4,0.01,4675.92,0.0,0.0,3.38,0.0,XAUUSD.u,[sl 4675.92],
3465206,9659155,2026-08-25 03:18:28,1787627908032,0,1,26011001,9659116,4,0.01,4677.45,0.0,0.0,0.29,0.0,XAUUSD.u,[sl 4677.45],
3465210,9659162,2026-08-25 03:18:42,1787627922670,1,0,26011001,9659162,3,0.01,4677.74,0.0,0.0,0.0,0.0,XAUUSD.u,STR S6,
3465216,9659168,2026-08-25 03:19:19,1787627959649,1,0,26011001,9659168,3,0.01,4679.3,0.0,0.0,0.0,0.0,XAUUSD.u,STR S5,
3465254,9659207,2026-08-25 03:21:54,1787628114269,0,1,26011001,9659168,4,0.01,4675.75,0.0,0.0,3.55,0.0,XAUUSD.u,[sl 4675.75],
3465280,9657872,2026-08-25 03:23:35,1787628215474,1,0,26011001,9657872,3,0.06,4669.94,0.0,0.0,0.0,0.0,XAUUSD.u,STR S11,
3465402,9657874,2026-08-25 03:23:57,1787628237663,1,0,26011001,9657874,3,0.06,4668.38,0.0,0.0,0.0,0.0,XAUUSD.u,STR S12,
3465467,9659418,2026-08-25 03:24:50,1787628290090,0,1,26011001,9657868,4,0.01,4669.04,0.0,0.0,4.02,0.0,XAUUSD.u,[sl 4669.04],
3465468,9659419,2026-08-25 03:24:50,1787628290090,0,1,26011001,9658919,4,0.01,4669.04,0.0,0.0,5.58,0.0,XAUUSD.u,[sl 4669.04],
3465469,9659420,2026-08-25 03:24:50,1787628290090,0,1,26011001,9658920,4,0.01,4669.04,0.0,0.0,7.14,0.0,XAUUSD.u,[sl 4669.04],
3465470,9659421,2026-08-25 03:24:50,1787628290091,0,1,26011001,9659162,4,0.01,4669.04,0.0,0.0,8.7,0.0,XAUUSD.u,[sl 4669.04],
3465476,9657876,2026-08-25 03:24:54,1787628294893,1,0,26011001,9657876,3,0.06,4666.82,0.0,0.0,0.0,0.0,XAUUSD.u,STR S13,
3465496,9659445,2026-08-25 03:25:12,1787628312129,0,1,26011001,9657870,4,0.01,4667.76,0.0,0.0,3.74,0.0,XAUUSD.u,[sl 4667.76],
3465611,9657878,2026-08-25 03:27:17,1787628437727,1,0,26011001,9657878,3,0.06,4665.26,0.0,0.0,0.0,0.0,XAUUSD.u,STR S14,
3465753,9659704,2026-08-25 03:27:28,1787628448596,1,1,26011001,9658599,3,0.01,4665.51,0.0,0.0,-23.15,0.0,XAUUSD.u,STR CLOSE,
3465755,9659706,2026-08-25 03:27:28,1787628448708,1,1,26011001,9658499,3,0.01,4665.63,0.0,0.0,-26.15,0.0,XAUUSD.u,STR CLOSE,
3465757,9659708,2026-08-25 03:27:28,1787628448821,1,1,26011001,9658474,3,0.01,4665.77,0.0,0.0,-27.57,0.0,XAUUSD.u,STR CLOSE,
3465759,9659710,2026-08-25 03:27:28,1787628448934,0,1,26011001,9657878,3,0.06,4665.8,0.0,0.0,-3.24,0.0,XAUUSD.u,STR CLOSE,
3465761,9659712,2026-08-25 03:27:29,1787628449048,0,1,26011001,9657876,3,0.06,4665.83,0.0,0.0,5.9399999999999995,0.0,XAUUSD.u,STR CLOSE,
3465762,9659713,2026-08-25 03:27:29,1787628449160,0,1,26011001,9657874,3,0.06,4665.86,0.0,0.0,15.12,0.0,XAUUSD.u,STR CLOSE,
3465764,9659715,2026-08-25 03:27:29,1787628449272,0,1,26011001,9657872,3,0.06,4665.86,0.0,0.0,24.48,0.0,XAUUSD.u,STR CLOSE,
3465765,9659716,2026-08-25 03:27:29,1787628449384,1,1,26011001,9657860,3,0.01,4665.96,0.0,0.0,-30.5,0.0,XAUUSD.u,STR CLOSE,
3465767,9659718,2026-08-25 03:27:29,1787628449498,1,1,26011001,9657858,3,0.01,4665.95,0.0,0.0,-28.95,0.0,XAUUSD.u,STR CLOSE,
3465793,9659728,2026-08-25 03:27:34,1787628454587,0,0,26011001,9659728,3,0.01,4667.83,0.0,0.0,0.0,0.0,XAUUSD.u,STR B1,
3465827,9659731,2026-08-25 03:27:52,1787628472578,0,0,26011001,9659731,3,0.01,4669.39,0.0,0.0,0.0,0.0,XAUUSD.u,STR B2,
3465845,9659734,2026-08-25 03:28:02,1787628482792,0,0,26011001,9659734,3,0.01,4670.95,0.0,0.0,0.0,0.0,XAUUSD.u,STR B3,
3465864,9659737,2026-08-25 03:28:43,1787628523448,0,0,26011001,9659737,3,0.01,4672.51,0.0,0.0,0.0,0.0,XAUUSD.u,STR B4,
3465872,9659879,2026-08-25 03:29:13,1787628553165,1,1,26011001,9659728,4,0.01,4671.21,0.0,0.0,3.38,0.0,XAUUSD.u,[sl 4671.21],
3465879,9659887,2026-08-25 03:29:40,1787628580916,1,1,26011001,9659731,4,0.01,4669.65,0.0,0.0,0.26,0.0,XAUUSD.u,[sl 4669.65],
3465880,9659888,2026-08-25 03:29:42,1787628582469,0,0,26011001,9659888,3,0.01,4669.39,0.0,0.0,0.0,0.0,XAUUSD.u,STR B2,
3465924,9659741,2026-08-25 03:32:45,1787628765192,0,0,26011001,9659741,3,0.01,4674.07,0.0,0.0,0.0,0.0,XAUUSD.u,STR B5,
3465955,9659966,2026-08-25 03:32:58,1787628778461,1,1,26011001,9659888,4,0.01,4673.12,0.0,0.0,3.73,0.0,XAUUSD.u,[sl 4673.12],
3465965,9659975,2026-08-25 03:33:50,1787628830319,1,1,26011001,9659734,4,0.01,4671.56,0.0,0.0,0.61,0.0,XAUUSD.u,[sl 4671.56],
3465971,9659983,2026-08-25 03:34:35,1787628875970,0,0,26011001,9659983,3,0.01,4670.95,0.0,0.0,0.0,0.0,XAUUSD.u,STR B3,
3466015,9659997,2026-08-25 03:34:55,1787628895183,0,0,26011001,9659997,3,0.01,4667.83,0.0,0.0,0.0,0.0,XAUUSD.u,STR B1,
3466038,9659987,2026-08-25 03:35:50,1787628950862,0,0,26011001,9659987,3,0.01,4669.39,0.0,0.0,0.0,0.0,XAUUSD.u,STR B2,
3466074,9660085,2026-08-25 03:36:51,1787629011892,1,1,26011001,9659997,3,0.01,4673.88,0.0,0.0,6.05,0.0,XAUUSD.u,STR CLOSE,
3466075,9660086,2026-08-25 03:36:52,1787629012004,1,1,26011001,9659987,3,0.01,4673.86,0.0,0.0,4.47,0.0,XAUUSD.u,STR CLOSE,
3466076,9660087,2026-08-25 03:36:52,1787629012116,1,1,26011001,9659983,3,0.01,4674.01,0.0,0.0,3.06,0.0,XAUUSD.u,STR CLOSE,
3466077,9660088,2026-08-25 03:36:52,1787629012228,1,1,26011001,9659741,3,0.01,4673.94,0.0,0.0,-0.13,0.0,XAUUSD.u,STR CLOSE,
3466078,9660089,2026-08-25 03:36:52,1787629012341,1,1,26011001,9659737,3,0.01,4673.94,0.0,0.0,1.43,0.0,XAUUSD.u,STR CLOSE,
3466094,9660091,2026-08-25 03:37:45,1787629065683,1,0,26011001,9660091,3,0.01,4671.28,0.0,0.0,0.0,0.0,XAUUSD.u,STR S1,
3466099,9660093,2026-08-25 03:38:18,1787629098538,1,0,26011001,9660093,3,0.01,4669.72,0.0,0.0,0.0,0.0,XAUUSD.u,STR S2,
3466130,9660095,2026-08-25 03:40:02,1787629202164,1,0,26011001,9660095,3,0.01,4668.16,0.0,0.0,0.0,0.0,XAUUSD.u,STR S3,
3466183,9660255,2026-08-25 03:41:11,1787629271977,0,1,26011001,9660091,4,0.01,4670.8,0.0,0.0,0.48,0.0,XAUUSD.u,[sl 4670.80],
3466188,9660259,2026-08-25 03:41:12,1787629272454,1,0,26011001,9660259,3,0.01,4671.28,0.0,0.0,0.0,0.0,XAUUSD.u,STR S1,
3466257,9660332,2026-08-25 03:46:43,1787629603221,0,1,26011001,9660259,4,0.01,4671.11,0.0,0.0,0.17,0.0,XAUUSD.u,[sl 4671.11],
3466258,9660333,2026-08-25 03:46:44,1787629604278,1,0,26011001,9660333,3,0.01,4671.28,0.0,0.0,0.0,0.0,XAUUSD.u,STR S1,
3466270,9660097,2026-08-25 03:47:13,1787629633373,1,0,26011001,9660097,3,0.01,4666.6,0.0,0.0,0.0,0.0,XAUUSD.u,STR S4,
3466325,9660401,2026-08-25 03:47:29,1787629649245,0,1,26011001,9660333,4,0.01,4666.79,0.0,0.0,4.49,0.0,XAUUSD.u,[sl 4666.79],
3466332,9660408,2026-08-25 03:47:35,1787629655196,0,1,26011001,9660093,4,0.01,4668.34,0.0,0.0,1.38,0.0,XAUUSD.u,[sl 4668.34],
3466390,9660090,2026-08-25 03:48:43,1787629723294,0,0,26011001,9660090,3,0.01,4674.4,0.0,0.0,0.0,0.0,XAUUSD.u,STR B1,
3466444,9660453,2026-08-25 03:50:19,1787629819160,1,0,26011001,9660453,3,0.01,4671.28,0.0,0.0,0.0,0.0,XAUUSD.u,STR S1,
3466453,9660418,2026-08-25 03:50:19,1787629819748,1,0,26011001,9660418,3,0.01,4669.72,0.0,0.0,0.0,0.0,XAUUSD.u,STR S2,
3466569,9660642,2026-08-25 03:51:13,1787629873270,0,1,26011001,9660453,4,0.01,4667.85,0.0,0.0,3.43,0.0,XAUUSD.u,[sl 4667.85],
3466575,9660648,2026-08-25 03:51:24,1787629884538,0,1,26011001,9660418,4,0.01,4669.38,0.0,0.0,0.34,0.0,XAUUSD.u,[sl 4669.38],
3466579,9660654,2026-08-25 03:51:26,1787629886432,1,0,26011001,9660654,3,0.01,4669.72,0.0,0.0,0.0,0.0,XAUUSD.u,STR S2,
3466668,9660099,2026-08-25 03:54:32,1787630072248,1,0,26011001,9660099,3,0.01,4665.04,0.0,0.0,0.0,0.0,XAUUSD.u,STR S5,
3466700,9660773,2026-08-25 03:54:42,1787630082170,0,1,26011001,9660654,4,0.01,4665.33,0.0,0.0,4.39,0.0,XAUUSD.u,[sl 4665.33],
3466726,9660101,2026-08-25 03:55:30,1787630130779,1,0,26011001,9660101,3,0.01,4663.48,0.0,0.0,0.0,0.0,XAUUSD.u,STR S6,
3466740,9660103,2026-08-25 03:55:34,1787630134188,1,0,26011001,9660103,3,0.01,4661.92,0.0,0.0,0.0,0.0,XAUUSD.u,STR S7,
3466758,9660826,2026-08-25 03:55:49,1787630149184,0,1,26011001,9660095,4,0.01,4662.87,0.0,0.0,5.29,0.0,XAUUSD.u,[sl 4662.87],
3466759,9660827,2026-08-25 03:55:49,1787630149184,0,1,26011001,9660097,4,0.01,4662.83,0.0,0.0,3.77,0.0,XAUUSD.u,[sl 4662.83],
3466828,9660105,2026-08-25 03:58:45,1787630325971,1,0,26011001,9660105,3,0.01,4660.36,0.0,0.0,0.0,0.0,XAUUSD.u,STR S8,
3466937,9660108,2026-08-25 03:58:56,1787630336552,1,0,26011001,9660108,3,0.01,4658.8,0.0,0.0,0.0,0.0,XAUUSD.u,STR S9,
3466960,9661025,2026-08-25 03:59:02,1787630342600,0,1,26011001,9660108,3,0.01,4658.23,0.0,0.0,0.57,0.0,XAUUSD.u,STR CLOSE,
3466961,9661026,2026-08-25 03:59:02,1787630342712,0,1,26011001,9660105,3,0.01,4658.01,0.0,0.0,2.35,0.0,XAUUSD.u,STR CLOSE,
3466962,9661027,2026-08-25 03:59:02,1787630342825,0,1,26011001,9660103,3,0.01,4658.01,0.0,0.0,3.91,0.0,XAUUSD.u,STR CLOSE,
3466963,9661028,2026-08-25 03:59:02,1787630342937,0,1,26011001,9660101,3,0.01,4658.08,0.0,0.0,5.4,0.0,XAUUSD.u,STR CLOSE,
3466964,9661029,2026-08-25 03:59:03,1787630343049,0,1,26011001,9660099,3,0.01,4658.16,0.0,0.0,6.88,0.0,XAUUSD.u,STR CLOSE,
3466965,9661030,2026-08-25 03:59:03,1787630343161,1,1,26011001,9660090,3,0.01,4658.15,0.0,0.0,-16.25,0.0,XAUUSD.u,STR CLOSE,
3467058,9661035,2026-08-25 04:00:23,1787630423355,1,0,26011001,9661035,3,0.01,4656.35,0.0,0.0,0.0,0.0,XAUUSD.u,STR S1,
3467081,9661034,2026-08-25 04:01:05,1787630465029,0,0,26011001,9661034,3,0.01,4659.45,0.0,0.0,0.0,0.0,XAUUSD.u,STR B1,
3467091,9661036,2026-08-25 04:01:17,1787630477849,0,0,26011001,9661036,3,0.01,4661.0,0.0,0.0,0.0,0.0,XAUUSD.u,STR B2,
3467233,9661037,2026-08-25 04:03:03,1787630583297,1,0,26011001,9661037,3,0.01,4654.8,0.0,0.0,0.0,0.0,XAUUSD.u,STR S2,
3467264,9661039,2026-08-25 04:03:34,1787630614796,1,0,26011001,9661039,3,0.01,4653.25,0.0,0.0,0.0,0.0,XAUUSD.u,STR S3,
3467295,9661041,2026-08-25 04:03:49,1787630629469,1,0,26011001,9661041,3,0.01,4651.7,0.0,0.0,0.0,0.0,XAUUSD.u,STR S4,
3467323,9661443,2026-08-25 04:04:14,1787630654214,0,1,26011001,9661035,4,0.01,4652.24,0.0,0.0,4.11,0.0,XAUUSD.u,[sl 4652.24],
3467340,9661043,2026-08-25 04:05:12,1787630712186,1,0,26011001,9661043,3,0.01,4650.15,0.0,0.0,0.0,0.0,XAUUSD.u,STR S5,
3467369,9661045,2026-08-25 04:05:22,1787630722825,1,0,26011001,9661045,3,0.01,4648.6,0.0,0.0,0.0,0.0,XAUUSD.u,STR S6,
3467391,9661047,2026-08-25 04:05:27,1787630727412,1,0,26011001,9661047,3,0.01,4647.05,0.0,0.0,0.0,0.0,XAUUSD.u,STR S7,
3467420,9661049,2026-08-25 04:05:55,1787630755725,1,0,26011001,9661049,3,0.01,4645.5,0.0,0.0,0.0,0.0,XAUUSD.u,STR S8,
3467430,9661051,2026-08-25 04:05:58,1787630758666,1,0,26011001,9661051,3,0.01,4643.95,0.0,0.0,0.0,0.0,XAUUSD.u,STR S9,
3467433,9661053,2026-08-25 04:05:58,1787630758666,1,0,26011001,9661053,3,0.01,4642.4,0.0,0.0,0.0,0.0,XAUUSD.u,STR S10,
3467456,9661563,2026-08-25 04:06:04,1787630764155,0,1,26011001,9661053,3,0.01,4643.29,0.0,0.0,-0.89,0.0,XAUUSD.u,STR CLOSE,
3467457,9661564,2026-08-25 04:06:04,1787630764268,0,1,26011001,9661051,3,0.01,4642.94,0.0,0.0,1.01,0.0,XAUUSD.u,STR CLOSE,
3467458,9661565,2026-08-25 04:06:04,1787630764381,0,1,26011001,9661049,3,0.01,4642.86,0.0,0.0,2.64,0.0,XAUUSD.u,STR CLOSE,
3467460,9661567,2026-08-25 04:06:04,1787630764493,0,1,26011001,9661047,3,0.01,4642.72,0.0,0.0,4.33,0.0,XAUUSD.u,STR CLOSE,
3467462,9661569,2026-08-25 04:06:04,1787630764605,0,1,26011001,9661045,3,0.01,4642.6,0.0,0.0,6.0,0.0,XAUUSD.u,STR CLOSE,
3467463,9661570,2026-08-25 04:06:04,1787630764718,0,1,26011001,9661043,3,0.01,4642.73,0.0,0.0,7.42,0.0,XAUUSD.u,STR CLOSE,
3467464,9661571,2026-08-25 04:06:04,1787630764830,0,1,26011001,9661041,3,0.01,4642.67,0.0,0.0,9.03,0.0,XAUUSD.u,STR CLOSE,
3467465,9661572,2026-08-25 04:06:04,1787630764942,0,1,26011001,9661039,3,0.01,4642.69,0.0,0.0,10.56,0.0,XAUUSD.u,STR CLOSE,
3467466,9661573,2026-08-25 04:06:05,1787630765054,0,1,26011001,9661037,3,0.01,4642.66,0.0,0.0,12.14,0.0,XAUUSD.u,STR CLOSE,
3467467,9661574,2026-08-25 04:06:05,1787630765167,1,1,26011001,9661036,3,0.01,4642.78,0.0,0.0,-18.22,0.0,XAUUSD.u,STR CLOSE,
3467468,9661575,2026-08-25 04:06:05,1787630765279,1,1,26011001,9661034,3,0.01,4642.56,0.0,0.0,-16.89,0.0,XAUUSD.u,STR CLOSE,
3467488,9661580,2026-08-25 04:06:39,1787630799193,0,0,26011001,9661580,3,0.01,4643.48,0.0,0.0,0.0,0.0,XAUUSD.u,STR B1,
3467497,9661581,2026-08-25 04:06:58,1787630818671,1,0,26011001,9661581,3,0.01,4640.38,0.0,0.0,0.0,0.0,XAUUSD.u,STR S1,
3467526,9661582,2026-08-25 04:07:34,1787630854106,0,0,26011001,9661582,3,0.01,4645.03,0.0,0.0,0.0,0.0,XAUUSD.u,STR B2,
3467802,9661583,2026-08-25 04:13:56,1787631236186,1,0,26011001,9661583,3,0.01,4638.83,0.0,0.0,0.0,0.0,XAUUSD.u,STR S2,
3467853,9661584,2026-08-25 04:16:59,1787631419441,0,0,26011001,9661584,3,0.01,4646.58,0.0,0.0,0.0,0.0,XAUUSD.u,STR B3,
3467904,9661586,2026-08-25 04:18:16,1787631496838,0,0,26011001,9661586,3,0.01,4648.13,0.0,0.0,0.0,0.0,XAUUSD.u,STR B4,
3468038,9661588,2026-08-25 04:19:27,1787631567860,0,0,26011001,9661588,3,0.01,4649.68,0.0,0.0,0.0,0.0,XAUUSD.u,STR B5,
3468166,9661590,2026-08-25 04:20:40,1787631640805,0,0,26011001,9661590,3,0.01,4651.23,0.0,0.0,0.0,0.0,XAUUSD.u,STR B6,
3468282,9661592,2026-08-25 04:21:06,1787631666545,0,0,26011001,9661592,3,0.01,4652.78,0.0,0.0,0.0,0.0,XAUUSD.u,STR B7,
3468372,9661594,2026-08-25 04:22:03,1787631723094,0,0,26011001,9661594,3,0.01,4654.33,0.0,0.0,0.0,0.0,XAUUSD.u,STR B8,
3468449,9662587,2026-08-25 04:22:43,1787631763931,1,1,26011001,9661580,4,0.01,4653.54,0.0,0.0,10.06,0.0,XAUUSD.u,[sl 4653.54],
3468450,9662588,2026-08-25 04:22:43,1787631763931,1,1,26011001,9661582,4,0.01,4653.54,0.0,0.0,8.51,0.0,XAUUSD.u,[sl 4653.54],
3468451,9662589,2026-08-25 04:22:43,1787631763931,1,1,26011001,9661584,4,0.01,4653.54,0.0,0.0,6.96,0.0,XAUUSD.u,[sl 4653.54],
3468452,9662590,2026-08-25 04:22:43,1787631763931,1,1,26011001,9661586,4,0.01,4653.54,0.0,0.0,5.41,0.0,XAUUSD.u,[sl 4653.54],
3468453,9662591,2026-08-25 04:22:43,1787631763931,1,1,26011001,9661588,4,0.01,4653.54,0.0,0.0,3.86,0.0,XAUUSD.u,[sl 4653.54],
3468487,9661597,2026-08-25 04:24:35,1787631875423,0,0,26011001,9661597,3,0.01,4655.88,0.0,0.0,0.0,0.0,XAUUSD.u,STR B9,
3468646,9662784,2026-08-25 04:30:01,1787632201206,1,1,26011001,9661590,4,0.01,4655.39,0.0,0.0,4.16,0.0,XAUUSD.u,[sl 4655.39],
3468652,9662790,2026-08-25 04:30:01,1787632201745,1,1,26011001,9661592,4,0.01,4653.84,0.0,0.0,1.06,0.0,XAUUSD.u,[sl 4653.84],
3468688,9662826,2026-08-25 04:30:07,1787632207658,0,0,26011001,9662826,3,0.01,4652.78,0.0,0.0,0.0,0.0,XAUUSD.u,STR B7,
3468727,9662864,2026-08-25 04:30:29,1787632229766,0,0,26011001,9662864,3,0.01,4651.23,0.0,0.0,0.0,0.0,XAUUSD.u,STR B6,
3468851,9662988,2026-08-25 04:31:28,1787632288219,1,1,26011001,9662864,4,0.01,4651.58,0.0,0.0,0.35,0.0,XAUUSD.u,[sl 4651.58],
3468951,9663087,2026-08-25 04:32:41,1787632361628,0,0,26011001,9663087,3,0.01,4651.23,0.0,0.0,0.0,0.0,XAUUSD.u,STR B6,
3468990,9663128,2026-08-25 04:32:47,1787632367841,0,0,26011001,9663128,3,0.01,4648.13,0.0,0.0,0.0,0.0,XAUUSD.u,STR B4,
3469050,9663178,2026-08-25 04:33:09,1787632389836,0,0,26011001,9663178,3,0.01,4646.58,0.0,0.0,0.0,0.0,XAUUSD.u,STR B3,
3469104,9663242,2026-08-25 04:33:48,1787632428677,0,0,26011001,9663242,3,0.01,4645.03,0.0,0.0,0.0,0.0,XAUUSD.u,STR B2,
3469122,9663260,2026-08-25 04:33:52,1787632432431,0,0,26011001,9663260,3,0.01,4643.48,0.0,0.0,0.0,0.0,XAUUSD.u,STR B1,
3469240,9663377,2026-08-25 04:35:47,1787632547264,1,1,26011001,9663260,4,0.01,4644.6,0.0,0.0,1.12,0.0,XAUUSD.u,[sl 4644.60],
3469253,9663390,2026-08-25 04:35:53,1787632553641,0,0,26011001,9663390,3,0.01,4643.48,0.0,0.0,0.0,0.0,XAUUSD.u,STR B1,
3469576,9663717,2026-08-25 04:43:15,1787632995175,1,1,26011001,9663390,4,0.01,4644.46,0.0,0.0,0.98,0.0,XAUUSD.u,[sl 4644.46],
3469586,9663723,2026-08-25 04:43:20,1787633000468,0,0,26011001,9663723,3,0.01,4643.48,0.0,0.0,0.0,0.0,XAUUSD.u,STR B1,
3469707,9661585,2026-08-25 04:44:39,1787633079297,1,0,26011001,9661585,3,0.01,4637.28,0.0,0.0,0.0,0.0,XAUUSD.u,STR S3,
3469726,9661587,2026-08-25 04:44:42,1787633082707,1,0,26011001,9661587,3,0.01,4635.73,0.0,0.0,0.0,0.0,XAUUSD.u,STR S4,
3469742,9661589,2026-08-25 04:44:43,1787633083982,1,0,26011001,9661589,3,0.01,4634.18,0.0,0.0,0.0,0.0,XAUUSD.u,STR S5,
3469752,9661591,2026-08-25 04:44:44,1787633084282,1,0,26011001,9661591,3,0.01,4632.63,0.0,0.0,0.0,0.0,XAUUSD.u,STR S6,
3469780,9663915,2026-08-25 04:44:50,1787633090984,0,1,26011001,9661581,4,0.01,4632.69,0.0,0.0,7.6899999999999995,0.0,XAUUSD.u,[sl 4632.69],
3469781,9663916,2026-08-25 04:44:50,1787633090984,0,1,26011001,9661583,4,0.01,4632.69,0.0,0.0,6.14,0.0,XAUUSD.u,[sl 4632.69],
3469782,9663917,2026-08-25 04:44:50,1787633090984,0,1,26011001,9661585,4,0.01,4632.69,0.0,0.0,4.59,0.0,XAUUSD.u,[sl 4632.69],
3469796,9661593,2026-08-25 04:45:00,1787633100004,1,0,26011001,9661593,3,0.01,4631.08,0.0,0.0,0.0,0.0,XAUUSD.u,STR S7,
3469823,9663956,2026-08-25 04:45:05,1787633105685,0,1,26011001,9661587,4,0.01,4631.82,0.0,0.0,3.91,0.0,XAUUSD.u,[sl 4631.82],
3469835,9663967,2026-08-25 04:45:20,1787633120218,0,1,26011001,9661589,4,0.01,4633.35,0.0,0.0,0.83,0.0,XAUUSD.u,[sl 4633.35],
3469864,9664000,2026-08-25 04:46:22,1787633182599,1,0,26011001,9664000,3,0.01,4634.18,0.0,0.0,0.0,0.0,XAUUSD.u,STR S5,
3469924,9664030,2026-08-25 04:47:36,1787633256533,1,0,26011001,9664030,3,0.01,4635.73,0.0,0.0,0.0,0.0,XAUUSD.u,STR S4,
3469953,9664085,2026-08-25 04:48:30,1787633310371,1,0,26011001,9664085,3,0.01,4637.28,0.0,0.0,0.0,0.0,XAUUSD.u,STR S3,
3470036,9664171,2026-08-25 04:49:49,1787633389039,0,1,26011001,9664030,4,0.01,4632.62,0.0,0.0,3.11,0.0,XAUUSD.u,[sl 4632.62],
3470037,9664172,2026-08-25 04:49:49,1787633389039,0,1,26011001,9664085,4,0.01,4632.65,0.0,0.0,4.63,0.0,XAUUSD.u,[sl 4632.65],
3470073,9664208,2026-08-25 04:50:21,1787633421156,1,0,26011001,9664208,3,0.01,4635.73,0.0,0.0,0.0,0.0,XAUUSD.u,STR S4,
3470116,9664253,2026-08-25 04:50:55,1787633455190,0,1,26011001,9664208,4,0.01,4635.23,0.0,0.0,0.5,0.0,XAUUSD.u,[sl 4635.23],
3470162,9661595,2026-08-25 04:51:25,1787633485760,1,0,26011001,9661595,3,0.01,4629.53,0.0,0.0,0.0,0.0,XAUUSD.u,STR S8,
3470178,9664314,2026-08-25 04:51:29,1787633489746,0,1,26011001,9664000,4,0.01,4630.07,0.0,0.0,4.11,0.0,XAUUSD.u,[sl 4630.07],
3470185,9661599,2026-08-25 04:51:34,1787633494147,1,0,26011001,9661599,3,0.01,4627.98,0.0,0.0,0.0,0.0,XAUUSD.u,STR S9,
3470192,9661601,2026-08-25 04:51:34,1787633494891,1,0,26011001,9661601,3,0.01,4626.43,0.0,0.0,0.0,0.0,XAUUSD.u,STR S10,
3470215,9661603,2026-08-25 04:51:35,1787633495919,1,0,26011001,9661603,3,0.06,4624.88,0.0,0.0,0.0,0.0,XAUUSD.u,STR S11,
3470244,9661605,2026-08-25 04:51:36,1787633496088,1,0,26011001,9661605,3,0.06,4623.33,0.0,0.0,0.0,0.0,XAUUSD.u,STR S12,
3470258,9661607,2026-08-25 04:51:36,1787633496501,1,0,26011001,9661607,3,0.06,4621.78,0.0,0.0,0.0,0.0,XAUUSD.u,STR S13,
3470261,9661609,2026-08-25 04:51:36,1787633496501,1,0,26011001,9661609,3,0.06,4620.23,0.0,0.0,0.0,0.0,XAUUSD.u,STR S14,
3470280,9664390,2026-08-25 04:51:36,1787633496979,0,1,26011001,9661593,4,0.01,4620.98,0.0,0.0,10.1,0.0,XAUUSD.u,[sl 4620.98],
3470281,9664391,2026-08-25 04:51:36,1787633496979,0,1,26011001,9661595,4,0.01,4620.66,0.0,0.0,8.87,0.0,XAUUSD.u,[sl 4620.66],
3470287,9661611,2026-08-25 04:51:37,1787633497199,1,0,26011001,9661611,3,0.06,4618.68,0.0,0.0,0.0,0.0,XAUUSD.u,STR S15,
3470295,9664403,2026-08-25 04:51:37,1787633497956,0,1,26011001,9661591,4,0.01,4620.03,0.0,0.0,12.6,0.0,XAUUSD.u,[sl 4620.03],
3470296,9664404,2026-08-25 04:51:37,1787633497956,0,1,26011001,9661599,4,0.01,4619.83,0.0,0.0,8.15,0.0,XAUUSD.u,[sl 4619.83],
3470297,9664405,2026-08-25 04:51:37,1787633497956,0,1,26011001,9661601,4,0.01,4620.08,0.0,0.0,6.35,0.0,XAUUSD.u,[sl 4620.08],
3470298,9664406,2026-08-25 04:51:37,1787633497956,0,1,26011001,9661603,4,0.06,4620.16,0.0,0.0,28.32,0.0,XAUUSD.u,[sl 4620.16],
3470307,9664415,2026-08-25 04:51:41,1787633501155,0,1,26011001,9661605,4,0.06,4622.0,0.0,0.0,7.98,0.0,XAUUSD.u,[sl 4622.00],
3470330,9664441,2026-08-25 04:51:52,1787633512253,1,0,26011001,9664441,3,0.06,4623.33,0.0,0.0,0.0,0.0,XAUUSD.u,STR S12,
3470371,9664483,2026-08-25 04:52:30,1787633550536,1,0,26011001,9664483,3,0.01,4626.43,0.0,0.0,0.0,0.0,XAUUSD.u,STR S10,
3470384,9664472,2026-08-25 04:52:50,1787633570096,1,0,26011001,9664472,3,0.06,4624.88,0.0,0.0,0.0,0.0,XAUUSD.u,STR S11,
3470394,9664505,2026-08-25 04:53:10,1787633590202,0,1,26011001,9664483,4,0.01,4623.2,0.0,0.0,3.23,0.0,XAUUSD.u,[sl 4623.20],
3470395,9664506,2026-08-25 04:53:10,1787633590242,0,1,26011001,9664472,4,0.06,4624.73,0.0,0.0,0.9,0.0,XAUUSD.u,[sl 4624.73],
3470414,9664509,2026-08-25 04:53:15,1787633595347,1,0,26011001,9664509,3,0.01,4626.43,0.0,0.0,0.0,0.0,XAUUSD.u,STR S10,
3470429,9664541,2026-08-25 04:53:38,1787633618673,1,0,26011001,9664541,3,0.01,4627.98,0.0,0.0,0.0,0.0,XAUUSD.u,STR S9,
3470505,9664507,2026-08-25 04:57:42,1787633862590,1,0,26011001,9664507,3,0.06,4624.88,0.0,0.0,0.0,0.0,XAUUSD.u,STR S11,
3470538,9664657,2026-08-25 04:58:12,1787633892424,0,1,26011001,9664509,4,0.01,4622.62,0.0,0.0,3.81,0.0,XAUUSD.u,[sl 4622.62],
3470539,9664658,2026-08-25 04:58:12,1787633892424,0,1,26011001,9664541,4,0.01,4622.62,0.0,0.0,5.36,0.0,XAUUSD.u,[sl 4622.62],
3470544,9664663,2026-08-25 04:58:17,1787633897061,0,1,26011001,9664507,4,0.06,4624.14,0.0,0.0,4.44,0.0,XAUUSD.u,[sl 4624.14],
3470557,9664677,2026-08-25 04:59:16,1787633956873,1,0,26011001,9664677,3,0.06,4624.88,0.0,0.0,0.0,0.0,XAUUSD.u,STR S11,
3470571,9664689,2026-08-25 04:59:52,1787633992157,1,0,26011001,9664689,3,0.01,4627.98,0.0,0.0,0.0,0.0,XAUUSD.u,STR S9,
3470576,9664693,2026-08-25 05:00:01,1787634001865,1,0,26011001,9664693,3,0.01,4629.53,0.0,0.0,0.0,0.0,XAUUSD.u,STR S8,
3470622,9664743,2026-08-25 05:00:55,1787634055332,1,0,26011001,9664743,3,0.01,4631.08,0.0,0.0,0.0,0.0,XAUUSD.u,STR S7,
3470650,9664688,2026-08-25 05:03:05,1787634185665,1,0,26011001,9664688,3,0.01,4626.43,0.0,0.0,0.0,0.0,XAUUSD.u,STR S10,
3470662,9664781,2026-08-25 05:03:11,1787634191324,0,1,26011001,9664743,4,0.01,4626.67,0.0,0.0,4.41,0.0,XAUUSD.u,[sl 4626.67],
3470695,9664816,2026-08-25 05:04:16,1787634256675,0,1,26011001,9664689,4,0.01,4623.91,0.0,0.0,4.07,0.0,XAUUSD.u,[sl 4623.91],
3470696,9664817,2026-08-25 05:04:16,1787634256676,0,1,26011001,9664693,4,0.01,4623.99,0.0,0.0,5.54,0.0,XAUUSD.u,[sl 4623.99],
3470749,9664870,2026-08-25 05:05:10,1787634310254,0,1,26011001,9664688,4,0.01,4625.48,0.0,0.0,0.95,0.0,XAUUSD.u,[sl 4625.48],
3470770,9664878,2026-08-25 05:05:22,1787634322101,1,0,26011001,9664878,3,0.01,4627.98,0.0,0.0,0.0,0.0,XAUUSD.u,STR S9,
3470781,9664902,2026-08-25 05:05:50,1787634350523,1,0,26011001,9664902,3,0.01,4629.53,0.0,0.0,0.0,0.0,XAUUSD.u,STR S8,
3470807,9664929,2026-08-25 05:06:44,1787634404089,1,0,26011001,9664929,3,0.01,4632.63,0.0,0.0,0.0,0.0,XAUUSD.u,STR S6,
3470889,9665008,2026-08-25 05:07:22,1787634442017,1,0,26011001,9665008,3,0.01,4634.18,0.0,0.0,0.0,0.0,XAUUSD.u,STR S5,
3470930,9665046,2026-08-25 05:08:00,1787634480176,1,0,26011001,9665046,3,0.01,4635.73,0.0,0.0,0.0,0.0,XAUUSD.u,STR S4,
3470963,9665080,2026-08-25 05:09:12,1787634552674,1,0,26011001,9665080,3,0.01,4637.28,0.0,0.0,0.0,0.0,XAUUSD.u,STR S3,
3471189,9665348,2026-08-25 05:13:30,1787634810670,0,1,26011001,9665080,4,0.01,4636.87,0.0,0.0,0.41,0.0,XAUUSD.u,[sl 4636.87],
3471251,9665411,2026-08-25 05:16:05,1787634965558,0,1,26011001,9665046,4,0.01,4635.05,0.0,0.0,0.68,0.0,XAUUSD.u,[sl 4635.05],
3471254,9665414,2026-08-25 05:16:08,1787634968706,1,0,26011001,9665414,3,0.01,4635.73,0.0,0.0,0.0,0.0,XAUUSD.u,STR S4,
3471665,9665826,2026-08-25 05:25:42,1787635542220,1,0,26011001,9665826,3,0.01,4637.28,0.0,0.0,0.0,0.0,XAUUSD.u,STR S3,
3471821,9666068,2026-08-25 05:33:09,1787635989070,1,0,26011001,9666068,3,0.01,4640.38,0.0,0.0,0.0,0.0,XAUUSD.u,STR S1,
3472086,9665971,2026-08-25 05:39:02,1787636342865,1,0,26011001,9665971,3,0.01,4638.83,0.0,0.0,0.0,0.0,XAUUSD.u,STR S2,
3472223,9666609,2026-08-25 05:41:16,1787636476328,0,1,26011001,9665971,4,0.01,4635.73,0.0,0.0,3.1,0.0,XAUUSD.u,[sl 4635.73],
3472224,9666610,2026-08-25 05:41:16,1787636476328,0,1,26011001,9666068,4,0.01,4635.73,0.0,0.0,4.65,0.0,XAUUSD.u,[sl 4635.73],
3472359,9666749,2026-08-25 05:47:29,1787636849657,0,1,26011001,9665826,4,0.01,4633.35,0.0,0.0,3.93,0.0,XAUUSD.u,[sl 4633.35],
3472361,9666752,2026-08-25 05:47:38,1787636858669,0,1,26011001,9665414,4,0.01,4634.89,0.0,0.0,0.84,0.0,XAUUSD.u,[sl 4634.89],
3472625,9667032,2026-08-25 05:56:12,1787637372885,1,0,26011001,9667032,3,0.01,4635.73,0.0,0.0,0.0,0.0,XAUUSD.u,STR S4,
3472786,9664917,2026-08-25 06:00:42,1787637642597,1,0,26011001,9664917,3,0.01,4631.08,0.0,0.0,0.0,0.0,XAUUSD.u,STR S7,
3472825,9667224,2026-08-25 06:01:16,1787637676219,0,1,26011001,9667032,4,0.01,4632.61,0.0,0.0,3.12,0.0,XAUUSD.u,[sl 4632.61],
3472869,9667271,2026-08-25 06:03:30,1787637810873,0,1,26011001,9665008,4,0.01,4634.15,0.0,0.0,0.03,0.0,XAUUSD.u,[sl 4634.15],
3472904,9667308,2026-08-25 06:04:12,1787637852410,1,0,26011001,9667308,3,0.01,4635.73,0.0,0.0,0.0,0.0,XAUUSD.u,STR S4,
3473210,9667616,2026-08-25 06:13:27,1787638407002,1,0,26011001,9667616,3,0.01,4637.28,0.0,0.0,0.0,0.0,XAUUSD.u,STR S3,
3473325,9667272,2026-08-25 06:18:35,1787638715943,1,0,26011001,9667272,3,0.01,4634.18,0.0,0.0,0.0,0.0,XAUUSD.u,STR S5,
3473527,9667952,2026-08-25 06:23:40,1787639020106,0,1,26011001,9667616,4,0.01,4632.71,0.0,0.0,4.57,0.0,XAUUSD.u,[sl 4632.71],
3473705,9668136,2026-08-25 06:27:00,1787639220532,0,1,26011001,9667308,4,0.01,4631.12,0.0,0.0,4.61,0.0,XAUUSD.u,[sl 4631.12],
3473757,9668184,2026-08-25 06:29:33,1787639373110,0,1,26011001,9667272,4,0.01,4630.61,0.0,0.0,3.57,0.0,XAUUSD.u,[sl 4630.61],
3473806,9668235,2026-08-25 06:32:14,1787639534743,0,1,26011001,9664929,4,0.01,4632.14,0.0,0.0,0.49,0.0,XAUUSD.u,[sl 4632.14],
3473810,9668239,2026-08-25 06:32:16,1787639536966,1,0,26011001,9668239,3,0.01,4632.63,0.0,0.0,0.0,0.0,XAUUSD.u,STR S6,
3473900,9664872,2026-08-25 06:34:26,1787639666210,1,0,26011001,9664872,3,0.01,4626.43,0.0,0.0,0.0,0.0,XAUUSD.u,STR S10,
3473941,9668363,2026-08-25 06:34:40,1787639680134,0,1,26011001,9664917,4,0.01,4627.89,0.0,0.0,3.19,0.0,XAUUSD.u,[sl 4627.89],
3473942,9668364,2026-08-25 06:34:40,1787639680134,0,1,26011001,9668239,4,0.01,4627.89,0.0,0.0,4.74,0.0,XAUUSD.u,[sl 4627.89],
3473956,9668378,2026-08-25 06:34:50,1787639690329,0,1,26011001,9664902,4,0.01,4629.43,0.0,0.0,0.1,0.0,XAUUSD.u,[sl 4629.43],
3473974,9668380,2026-08-25 06:35:08,1787639708588,1,0,26011001,9668380,3,0.01,4629.53,0.0,0.0,0.0,0.0,XAUUSD.u,STR S8,
3473984,9668399,2026-08-25 06:35:21,1787639721033,1,0,26011001,9668399,3,0.01,4631.08,0.0,0.0,0.0,0.0,XAUUSD.u,STR S7,
3474191,9668613,2026-08-25 06:42:11,1787640131047,0,1,26011001,9668380,4,0.01,4625.47,0.0,0.0,4.06,0.0,XAUUSD.u,[sl 4625.47],
3474192,9668614,2026-08-25 06:42:11,1787640131047,0,1,26011001,9668399,4,0.01,4625.47,0.0,0.0,5.61,0.0,XAUUSD.u,[sl 4625.47],
3474383,9668786,2026-08-25 06:43:46,1787640226178,0,1,26011001,9664878,4,0.01,4627.01,0.0,0.0,0.97,0.0,XAUUSD.u,[sl 4627.01],
3474852,9669264,2026-08-25 06:52:47,1787640767625,1,0,26011001,9669264,3,0.01,4627.98,0.0,0.0,0.0,0.0,XAUUSD.u,STR S9,
3475609,9670019,2026-08-25 07:01:37,1787641297768,0,1,26011001,9669264,4,0.01,4627.26,0.0,0.0,0.72,0.0,XAUUSD.u,[sl 4627.26],
3475625,9670031,2026-08-25 07:01:40,1787641300892,1,0,26011001,9670031,3,0.01,4627.98,0.0,0.0,0.0,0.0,XAUUSD.u,STR S9,
3476522,9670922,2026-08-25 07:06:08,1787641568966,1,0,26011001,9670922,3,0.01,4634.18,0.0,0.0,0.0,0.0,XAUUSD.u,STR S5,
3476569,9670979,2026-08-25 07:06:55,1787641615016,1,0,26011001,9670979,3,0.01,4635.73,0.0,0.0,0.0,0.0,XAUUSD.u,STR S4,
3476671,9671068,2026-08-25 07:07:43,1787641663179,1,0,26011001,9671068,3,0.01,4638.83,0.0,0.0,0.0,0.0,XAUUSD.u,STR S2,
3476732,9671033,2026-08-25 07:07:56,1787641676115,1,0,26011001,9671033,3,0.01,4637.28,0.0,0.0,0.0,0.0,XAUUSD.u,STR S3,
3476820,9671179,2026-08-25 07:11:11,1787641871223,0,1,26011001,9671068,4,0.01,4637.93,0.0,0.0,0.9,0.0,XAUUSD.u,[sl 4637.93],
3476845,9671207,2026-08-25 07:12:50,1787641970175,1,0,26011001,9671207,3,0.01,4638.83,0.0,0.0,0.0,0.0,XAUUSD.u,STR S2,
3476977,9671323,2026-08-25 07:16:02,1787642162351,1,0,26011001,9671323,3,0.01,4640.38,0.0,0.0,0.0,0.0,XAUUSD.u,STR S1,
3477326,9671687,2026-08-25 07:23:36,1787642616938,0,1,0,9661609,0,0.03,4643.93,0.0,0.0,-71.1,0.0,XAUUSD.u,,
3477328,9671690,2026-08-25 07:23:46,1787642626450,0,1,0,9664677,0,0.03,4644.01,0.0,0.0,-57.39,0.0,XAUUSD.u,,
3477550,9671911,2026-08-25 07:30:02,1787643002181,1,1,26011001,9663723,4,0.01,4644.89,0.0,0.0,1.41,0.0,XAUUSD.u,[sl 4644.89],
3477580,9671922,2026-08-25 07:30:13,1787643013666,0,0,26011001,9671922,3,0.01,4643.48,0.0,0.0,0.0,0.0,XAUUSD.u,STR B1,
3477812,9672173,2026-08-25 07:32:13,1787643133396,1,1,26011001,9671922,3,0.01,4639.74,0.0,0.0,-3.74,0.0,XAUUSD.u,STR CLOSE,
3477813,9672174,2026-08-25 07:32:13,1787643133508,0,1,26011001,9671323,3,0.01,4639.82,0.0,0.0,0.56,0.0,XAUUSD.u,STR CLOSE,
3477814,9672175,2026-08-25 07:32:13,1787643133620,0,1,26011001,9671207,3,0.01,4639.84,0.0,0.0,-1.01,0.0,XAUUSD.u,STR CLOSE,
3477815,9672176,2026-08-25 07:32:13,1787643133733,0,1,26011001,9671033,3,0.01,4639.78,0.0,0.0,-2.5,0.0,XAUUSD.u,STR CLOSE,
3477816,9672177,2026-08-25 07:32:13,1787643133846,0,1,26011001,9670979,3,0.01,4639.68,0.0,0.0,-3.95,0.0,XAUUSD.u,STR CLOSE,
3477817,9672178,2026-08-25 07:32:13,1787643133958,0,1,26011001,9670922,3,0.01,4639.68,0.0,0.0,-5.5,0.0,XAUUSD.u,STR CLOSE,
3477818,9672179,2026-08-25 07:32:14,1787643134070,0,1,26011001,9670031,3,0.01,4639.96,0.0,0.0,-11.98,0.0,XAUUSD.u,STR CLOSE,
3477819,9672180,2026-08-25 07:32:14,1787643134182,0,1,26011001,9664872,3,0.01,4639.94,0.0,0.0,-13.51,0.0,XAUUSD.u,STR CLOSE,
3477820,9672181,2026-08-25 07:32:14,1787643134295,0,1,26011001,9664677,3,0.03,4639.97,0.0,0.0,-45.27,0.0,XAUUSD.u,STR CLOSE,
3477821,9672182,2026-08-25 07:32:14,1787643134408,1,1,26011001,9663242,3,0.01,4639.91,0.0,0.0,-5.12,0.0,XAUUSD.u,STR CLOSE,
3477822,9672183,2026-08-25 07:32:14,1787643134521,1,1,26011001,9663178,3,0.01,4639.88,0.0,0.0,-6.7,0.0,XAUUSD.u,STR CLOSE,
3477823,9672184,2026-08-25 07:32:14,1787643134633,1,1,26011001,9663128,3,0.01,4639.9,0.0,0.0,-8.23,0.0,XAUUSD.u,STR CLOSE,
3477824,9672185,2026-08-25 07:32:14,1787643134745,1,1,26011001,9663087,3,0.01,4640.35,0.0,0.0,-10.88,0.0,XAUUSD.u,STR CLOSE,
3477825,9672186,2026-08-25 07:32:14,1787643134859,1,1,26011001,9662826,3,0.01,4640.26,0.0,0.0,-12.52,0.0,XAUUSD.u,STR CLOSE,
3477826,9672187,2026-08-25 07:32:14,1787643134971,0,1,26011001,9661609,3,0.03,4640.31,0.0,0.0,-60.24,0.0,XAUUSD.u,STR CLOSE,
3477827,9672188,2026-08-25 07:32:15,1787643135083,1,1,26011001,9661597,3,0.01,4640.19,0.0,0.0,-15.69,0.0,XAUUSD.u,STR CLOSE,
3477828,9672189,2026-08-25 07:32:15,1787643135196,1,1,26011001,9661594,3,0.01,4640.21,0.0,0.0,-14.12,0.0,XAUUSD.u,STR CLOSE,
3477878,9672210,2026-08-25 07:33:03,1787643183163,0,0,26011001,9672210,3,0.01,4642.03,0.0,0.0,0.0,0.0,XAUUSD.u,STR B1,
3477937,9672212,2026-08-25 07:34:02,1787643242372,0,0,26011001,9672212,3,0.01,4643.58,0.0,0.0,0.0,0.0,XAUUSD.u,STR B2,
3478005,9672216,2026-08-25 07:35:27,1787643327978,0,0,26011001,9672216,3,0.01,4645.13,0.0,0.0,0.0,0.0,XAUUSD.u,STR B3,
3478071,9672220,2026-08-25 07:36:19,1787643379828,0,0,26011001,9672220,3,0.01,4646.68,0.0,0.0,0.0,0.0,XAUUSD.u,STR B4,
3478089,9672506,2026-08-25 07:36:40,1787643400011,1,1,26011001,9672210,4,0.01,4643.52,0.0,0.0,1.49,0.0,XAUUSD.u,[sl 4643.52],
3478291,9672718,2026-08-25 07:40:31,1787643631061,0,0,26011001,9672718,3,0.01,4642.03,0.0,0.0,0.0,0.0,XAUUSD.u,STR B1,
3478486,9672211,2026-08-25 07:42:43,1787643763159,1,0,26011001,9672211,3,0.01,4638.93,0.0,0.0,0.0,0.0,XAUUSD.u,STR S1,
3478882,9672215,2026-08-25 07:49:07,1787644147829,1,0,26011001,9672215,3,0.01,4637.38,0.0,0.0,0.0,0.0,XAUUSD.u,STR S2,
3479800,9674184,2026-08-25 07:58:29,1787644709284,1,1,26011001,9672718,4,0.01,4643.0,0.0,0.0,0.97,0.0,XAUUSD.u,[sl 4643.00],
3479817,9674194,2026-08-25 07:58:38,1787644718160,0,0,26011001,9674194,3,0.01,4642.03,0.0,0.0,0.0,0.0,XAUUSD.u,STR B1,
3480365,9672222,2026-08-25 08:07:35,1787645255264,0,0,26011001,9672222,3,0.01,4648.23,0.0,0.0,0.0,0.0,XAUUSD.u,STR B5,
3480526,9674852,2026-08-25 08:08:41,1787645321653,1,1,26011001,9672212,4,0.01,4647.02,0.0,0.0,3.44,0.0,XAUUSD.u,[sl 4647.02],
3480527,9674853,2026-08-25 08:08:41,1787645321653,1,1,26011001,9674194,4,0.01,4647.02,0.0,0.0,4.99,0.0,XAUUSD.u,[sl 4647.02],
3481334,9672224,2026-08-25 08:10:25,1787645425865,0,0,26011001,9672224,3,0.01,4649.78,0.0,0.0,0.0,0.0,XAUUSD.u,STR B6,
3481492,9675805,2026-08-25 08:10:37,1787645437656,1,1,26011001,9672216,4,0.01,4648.55,0.0,0.0,3.42,0.0,XAUUSD.u,[sl 4648.55],
3481668,9675981,2026-08-25 08:15:40,1787645740850,1,1,26011001,9672220,4,0.01,4647.46,0.0,0.0,0.78,0.0,XAUUSD.u,[sl 4647.46],
3481843,9676156,2026-08-25 08:21:01,1787646061800,0,0,26011001,9676156,3,0.01,4646.68,0.0,0.0,0.0,0.0,XAUUSD.u,STR B4,
3482079,9672226,2026-08-25 08:23:47,1787646227148,0,0,26011001,9672226,3,0.01,4651.33,0.0,0.0,0.0,0.0,XAUUSD.u,STR B7,
3482101,9676404,2026-08-25 08:23:53,1787646233286,1,1,26011001,9676156,4,0.01,4650.0,0.0,0.0,3.32,0.0,XAUUSD.u,[sl 4650.00],
3482186,9672228,2026-08-25 08:25:38,1787646338277,0,0,26011001,9672228,3,0.01,4652.88,0.0,0.0,0.0,0.0,XAUUSD.u,STR B8,
3482272,9676563,2026-08-25 08:27:02,1787646422154,1,1,26011001,9672222,4,0.01,4651.96,0.0,0.0,3.73,0.0,XAUUSD.u,[sl 4651.96],
3482328,9676623,2026-08-25 08:29:00,1787646540406,1,1,26011001,9672224,4,0.01,4650.41,0.0,0.0,0.63,0.0,XAUUSD.u,[sl 4650.41],
3482387,9676678,2026-08-25 08:30:15,1787646615993,0,0,26011001,9676678,3,0.01,4649.78,0.0,0.0,0.0,0.0,XAUUSD.u,STR B6,
3482666,9676976,2026-08-25 08:36:57,1787647017843,1,1,26011001,9676678,4,0.01,4650.46,0.0,0.0,0.68,0.0,XAUUSD.u,[sl 4650.46],
3482701,9677014,2026-08-25 08:38:19,1787647099416,0,0,26011001,9677014,3,0.01,4649.78,0.0,0.0,0.0,0.0,XAUUSD.u,STR B6,
3482977,9677278,2026-08-25 08:44:02,1787647442176,0,0,26011001,9677278,3,0.01,4648.23,0.0,0.0,0.0,0.0,XAUUSD.u,STR B5,
3483078,9677383,2026-08-25 08:45:16,1787647516796,0,0,26011001,9677383,3,0.01,4646.68,0.0,0.0,0.0,0.0,XAUUSD.u,STR B4,
3483415,9677655,2026-08-25 08:52:35,1787647955490,0,0,26011001,9677655,3,0.01,4645.13,0.0,0.0,0.0,0.0,XAUUSD.u,STR B3,
3483508,9677806,2026-08-25 08:53:54,1787648034675,0,0,26011001,9677806,3,0.01,4643.58,0.0,0.0,0.0,0.0,XAUUSD.u,STR B2,
3483567,9677876,2026-08-25 08:54:33,1787648073776,0,0,26011001,9677876,3,0.01,4642.03,0.0,0.0,0.0,0.0,XAUUSD.u,STR B1,
3485806,9672217,2026-08-25 09:29:28,1787650168762,1,0,26011001,9672217,3,0.01,4635.83,0.0,0.0,0.0,0.0,XAUUSD.u,STR S3,
3486031,9680337,2026-08-25 09:30:34,1787650234856,0,1,26011001,9672211,4,0.01,4637.47,0.0,0.0,1.46,0.0,XAUUSD.u,[sl 4637.47],
3486102,9680418,2026-08-25 09:31:42,1787650302082,1,0,26011001,9680418,3,0.01,4638.93,0.0,0.0,0.0,0.0,XAUUSD.u,STR S1,
3486495,9672221,2026-08-25 09:33:57,1787650437674,1,0,26011001,9672221,3,0.01,4634.28,0.0,0.0,0.0,0.0,XAUUSD.u,STR S4,
3486557,9680874,2026-08-25 09:34:36,1787650476422,0,1,26011001,9680418,4,0.01,4635.79,0.0,0.0,3.14,0.0,XAUUSD.u,[sl 4635.79],
3486949,9681286,2026-08-25 09:40:10,1787650810237,0,1,26011001,9672215,4,0.01,4637.12,0.0,0.0,0.26,0.0,XAUUSD.u,[sl 4637.12],
3487022,9681380,2026-08-25 09:44:19,1787651059901,1,0,26011001,9681380,3,0.01,4638.93,0.0,0.0,0.0,0.0,XAUUSD.u,STR S1,
3487183,9681365,2026-08-25 09:47:33,1787651253364,1,0,26011001,9681365,3,0.01,4637.38,0.0,0.0,0.0,0.0,XAUUSD.u,STR S2,
3487459,9672223,2026-08-25 09:52:33,1787651553055,1,0,26011001,9672223,3,0.01,4632.73,0.0,0.0,0.0,0.0,XAUUSD.u,STR S5,
3487484,9681827,2026-08-25 09:52:42,1787651562696,0,1,26011001,9681365,4,0.01,4634.23,0.0,0.0,3.15,0.0,XAUUSD.u,[sl 4634.23],
3487485,9681828,2026-08-25 09:52:42,1787651562697,0,1,26011001,9681380,4,0.01,4634.23,0.0,0.0,4.7,0.0,XAUUSD.u,[sl 4634.23],
3487565,9672225,2026-08-25 09:54:59,1787651699172,1,0,26011001,9672225,3,0.01,4631.18,0.0,0.0,0.0,0.0,XAUUSD.u,STR S6,
3487687,9682049,2026-08-25 09:58:07,1787651887014,0,1,26011001,9672217,4,0.01,4631.47,0.0,0.0,4.36,0.0,XAUUSD.u,[sl 4631.47],
3487741,9672227,2026-08-25 10:00:39,1787652039751,1,0,26011001,9672227,3,0.01,4629.63,0.0,0.0,0.0,0.0,XAUUSD.u,STR S7,
3487806,9672229,2026-08-25 10:01:04,1787652064598,1,0,26011001,9672229,3,0.01,4628.08,0.0,0.0,0.0,0.0,XAUUSD.u,STR S8,
3487817,9682176,2026-08-25 10:01:06,1787652066307,0,1,26011001,9672221,4,0.01,4629.55,0.0,0.0,4.73,0.0,XAUUSD.u,[sl 4629.55],
3487818,9682177,2026-08-25 10:01:06,1787652066307,0,1,26011001,9672223,4,0.01,4629.55,0.0,0.0,3.18,0.0,XAUUSD.u,[sl 4629.55],
3488011,9672231,2026-08-25 10:02:42,1787652162229,1,0,26011001,9672231,3,0.01,4626.53,0.0,0.0,0.0,0.0,XAUUSD.u,STR S9,
3488023,9682372,2026-08-25 10:02:49,1787652169549,0,1,26011001,9672225,4,0.01,4627.96,0.0,0.0,3.22,0.0,XAUUSD.u,[sl 4627.96],
3488244,9682599,2026-08-25 10:06:25,1787652385484,0,1,26011001,9672227,4,0.01,4628.51,0.0,0.0,1.12,0.0,XAUUSD.u,[sl 4628.51],
3488425,9672233,2026-08-25 10:08:42,1787652522711,1,0,26011001,9672233,3,0.01,4624.98,0.0,0.0,0.0,0.0,XAUUSD.u,STR S10,
3488497,9672235,2026-08-25 10:08:51,1787652531299,1,0,26011001,9672235,3,0.06,4623.43,0.0,0.0,0.0,0.0,XAUUSD.u,STR S11,
3488580,9672237,2026-08-25 10:08:54,1787652534395,1,0,26011001,9672237,3,0.06,4621.88,0.0,0.0,0.0,0.0,XAUUSD.u,STR S12,
3488644,9672239,2026-08-25 10:09:03,1787652543147,1,0,26011001,9672239,3,0.06,4620.33,0.0,0.0,0.0,0.0,XAUUSD.u,STR S13,
3488692,9683038,2026-08-25 10:09:22,1787652562555,0,1,26011001,9672229,4,0.01,4621.78,0.0,0.0,6.3,0.0,XAUUSD.u,[sl 4621.78],
3488693,9683039,2026-08-25 10:09:22,1787652562555,0,1,26011001,9672231,4,0.01,4621.78,0.0,0.0,4.75,0.0,XAUUSD.u,[sl 4621.78],
3488694,9683040,2026-08-25 10:09:22,1787652562555,0,1,26011001,9672233,4,0.01,4621.78,0.0,0.0,3.2,0.0,XAUUSD.u,[sl 4621.78],
3488720,9683066,2026-08-25 10:09:28,1787652568420,0,1,26011001,9672235,4,0.06,4623.32,0.0,0.0,0.66,0.0,XAUUSD.u,[sl 4623.32],
3488742,9683085,2026-08-25 10:09:50,1787652590328,1,0,26011001,9683085,3,0.06,4623.43,0.0,0.0,0.0,0.0,XAUUSD.u,STR S11,
3488842,9683181,2026-08-25 10:11:27,1787652687727,1,0,26011001,9683181,3,0.01,4624.98,0.0,0.0,0.0,0.0,XAUUSD.u,STR S10,
3489077,9683429,2026-08-25 10:15:00,1787652900164,1,0,26011001,9683429,3,0.01,4626.53,0.0,0.0,0.0,0.0,XAUUSD.u,STR S9,
3489250,9683500,2026-08-25 10:15:50,1787652950127,1,0,26011001,9683500,3,0.01,4628.08,0.0,0.0,0.0,0.0,XAUUSD.u,STR S8,
3489368,9683725,2026-08-25 10:17:28,1787653048451,1,0,26011001,9683725,3,0.01,4629.63,0.0,0.0,0.0,0.0,XAUUSD.u,STR S7,
3489704,9684082,2026-08-25 10:22:07,1787653327858,1,0,26011001,9684082,3,0.01,4631.18,0.0,0.0,0.0,0.0,XAUUSD.u,STR S6,
3489839,9684214,2026-08-25 10:23:04,1787653384487,1,0,26011001,9684214,3,0.01,4634.28,0.0,0.0,0.0,0.0,XAUUSD.u,STR S4,
3489874,9684173,2026-08-25 10:23:18,1787653398435,1,0,26011001,9684173,3,0.01,4632.73,0.0,0.0,0.0,0.0,XAUUSD.u,STR S5,
3489988,9684352,2026-08-25 10:23:50,1787653430230,1,0,26011001,9684352,3,0.01,4638.93,0.0,0.0,0.0,0.0,XAUUSD.u,STR S1,
3489998,9684337,2026-08-25 10:23:51,1787653431273,1,0,26011001,9684337,3,0.01,4637.38,0.0,0.0,0.0,0.0,XAUUSD.u,STR S2,
3490295,9684663,2026-08-25 10:25:05,1787653505891,1,1,26011001,9677876,4,0.01,4642.38,0.0,0.0,0.35,0.0,XAUUSD.u,[sl 4642.38],
3490334,9684666,2026-08-25 10:25:10,1787653510988,0,0,26011001,9684666,3,0.01,4642.03,0.0,0.0,0.0,0.0,XAUUSD.u,STR B1,
3490706,9684327,2026-08-25 10:27:40,1787653660054,1,0,26011001,9684327,3,0.01,4635.83,0.0,0.0,0.0,0.0,XAUUSD.u,STR S3,
3490876,9685198,2026-08-25 10:29:03,1787653743087,0,1,26011001,9684337,4,0.01,4633.48,0.0,0.0,3.9,0.0,XAUUSD.u,[sl 4633.48],
3490877,9685199,2026-08-25 10:29:03,1787653743087,0,1,26011001,9684352,4,0.01,4633.48,0.0,0.0,5.45,0.0,XAUUSD.u,[sl 4633.48],
3491017,9685354,2026-08-25 10:31:48,1787653908922,0,1,26011001,9684327,4,0.01,4635.02,0.0,0.0,0.81,0.0,XAUUSD.u,[sl 4635.02],
3491806,9686149,2026-08-25 10:41:41,1787654501201,0,1,26011001,9684082,4,0.01,4627.51,0.0,0.0,3.67,0.0,XAUUSD.u,[sl 4627.51],
3491807,9686150,2026-08-25 10:41:41,1787654501201,0,1,26011001,9684173,4,0.01,4627.51,0.0,0.0,5.22,0.0,XAUUSD.u,[sl 4627.51],
3491808,9686151,2026-08-25 10:41:41,1787654501201,0,1,26011001,9684214,4,0.01,4627.51,0.0,0.0,6.77,0.0,XAUUSD.u,[sl 4627.51],
3491870,9686216,2026-08-25 10:42:33,1787654553102,0,1,26011001,9683725,4,0.01,4629.05,0.0,0.0,0.58,0.0,XAUUSD.u,[sl 4629.05],
3491939,9686289,2026-08-25 10:44:03,1787654643435,1,0,26011001,9686289,3,0.01,4631.18,0.0,0.0,0.0,0.0,XAUUSD.u,STR S6,
3492219,9686422,2026-08-25 10:46:34,1787654794937,1,0,26011001,9686422,3,0.01,4632.73,0.0,0.0,0.0,0.0,XAUUSD.u,STR S5,
3492333,9686260,2026-08-25 10:48:24,1787654904756,1,0,26011001,9686260,3,0.01,4629.63,0.0,0.0,0.0,0.0,XAUUSD.u,STR S7,
3492713,9687071,2026-08-25 10:52:18,1787655138911,0,1,26011001,9686289,4,0.01,4626.79,0.0,0.0,4.39,0.0,XAUUSD.u,[sl 4626.79],
3492714,9687072,2026-08-25 10:52:18,1787655138911,0,1,26011001,9686422,4,0.01,4626.79,0.0,0.0,5.9399999999999995,0.0,XAUUSD.u,[sl 4626.79],
3492890,9687219,2026-08-25 10:58:03,1787655483333,0,1,26011001,9686260,4,0.01,4628.33,0.0,0.0,1.3,0.0,XAUUSD.u,[sl 4628.33],
3492903,9687235,2026-08-25 10:58:26,1787655506139,1,0,26011001,9687235,3,0.01,4629.63,0.0,0.0,0.0,0.0,XAUUSD.u,STR S7,
3493115,9687459,2026-08-25 11:03:57,1787655837156,0,1,26011001,9687235,4,0.01,4626.51,0.0,0.0,3.12,0.0,XAUUSD.u,[sl 4626.51],
3493209,9687563,2026-08-25 11:07:05,1787656025196,0,1,26011001,9683500,4,0.01,4628.05,0.0,0.0,0.03,0.0,XAUUSD.u,[sl 4628.05],
3493224,9687579,2026-08-25 11:07:26,1787656046393,1,0,26011001,9687579,3,0.01,4629.63,0.0,0.0,0.0,0.0,XAUUSD.u,STR S7,
3493280,9687640,2026-08-25 11:07:55,1787656075969,1,0,26011001,9687640,3,0.01,4631.18,0.0,0.0,0.0,0.0,XAUUSD.u,STR S6,
3493404,9687748,2026-08-25 11:10:02,1787656202374,1,0,26011001,9687748,3,0.01,4632.73,0.0,0.0,0.0,0.0,XAUUSD.u,STR S5,
3493704,9688096,2026-08-25 11:17:12,1787656632085,0,1,26011001,9687748,4,0.01,4632.49,0.0,0.0,0.24,0.0,XAUUSD.u,[sl 4632.49],
3493809,9688166,2026-08-25 11:17:42,1787656662592,1,0,26011001,9688166,3,0.01,4632.73,0.0,0.0,0.0,0.0,XAUUSD.u,STR S5,
3494125,9687565,2026-08-25 11:26:12,1787657172072,1,0,26011001,9687565,3,0.01,4628.08,0.0,0.0,0.0,0.0,XAUUSD.u,STR S8,
3494281,9688696,2026-08-25 11:30:30,1787657430168,0,1,26011001,9687640,4,0.01,4627.37,0.0,0.0,3.81,0.0,XAUUSD.u,[sl 4627.37],
3494282,9688697,2026-08-25 11:30:30,1787657430168,0,1,26011001,9688166,4,0.01,4627.37,0.0,0.0,5.36,0.0,XAUUSD.u,[sl 4627.37],
3494358,9688770,2026-08-25 11:31:30,1787657490838,0,1,26011001,9687579,4,0.01,4625.78,0.0,0.0,3.85,0.0,XAUUSD.u,[sl 4625.78],
3494390,9688803,2026-08-25 11:31:54,1787657514080,0,1,26011001,9687565,4,0.01,4627.32,0.0,0.0,0.76,0.0,XAUUSD.u,[sl 4627.32],
3494424,9688838,2026-08-25 11:32:44,1787657564569,1,0,26011001,9688838,3,0.01,4628.08,0.0,0.0,0.0,0.0,XAUUSD.u,STR S8,
3494644,9688949,2026-08-25 11:34:02,1787657642972,1,0,26011001,9688949,3,0.01,4629.63,0.0,0.0,0.0,0.0,XAUUSD.u,STR S7,
3494688,9689099,2026-08-25 11:34:08,1787657648507,1,0,26011001,9689099,3,0.01,4635.83,0.0,0.0,0.0,0.0,XAUUSD.u,STR S3,
3494726,9689142,2026-08-25 11:34:10,1787657650980,1,0,26011001,9689142,3,0.01,4637.38,0.0,0.0,0.0,0.0,XAUUSD.u,STR S2,
3494856,9689271,2026-08-25 11:34:45,1787657685549,1,0,26011001,9689271,3,0.01,4638.93,0.0,0.0,0.0,0.0,XAUUSD.u,STR S1,
3494913,9689091,2026-08-25 11:35:21,1787657721557,1,0,26011001,9689091,3,0.01,4634.28,0.0,0.0,0.0,0.0,XAUUSD.u,STR S4,
3494916,9689338,2026-08-25 11:35:23,1787657723650,0,1,26011001,9689271,4,0.01,4635.51,0.0,0.0,3.42,0.0,XAUUSD.u,[sl 4635.51],
3495128,9689078,2026-08-25 11:38:40,1787657920541,1,0,26011001,9689078,3,0.01,4632.73,0.0,0.0,0.0,0.0,XAUUSD.u,STR S5,
3495184,9689061,2026-08-25 11:39:13,1787657953334,1,0,26011001,9689061,3,0.01,4631.18,0.0,0.0,0.0,0.0,XAUUSD.u,STR S6,
3495318,9689738,2026-08-25 11:40:09,1787658009991,0,1,26011001,9689091,4,0.01,4631.08,0.0,0.0,3.2,0.0,XAUUSD.u,[sl 4631.08],
3495319,9689739,2026-08-25 11:40:09,1787658009991,0,1,26011001,9689099,4,0.01,4631.08,0.0,0.0,4.75,0.0,XAUUSD.u,[sl 4631.08],
3495320,9689740,2026-08-25 11:40:09,1787658009991,0,1,26011001,9689142,4,0.01,4631.08,0.0,0.0,6.3,0.0,XAUUSD.u,[sl 4631.08],
3495338,9689763,2026-08-25 11:40:38,1787658038682,0,1,26011001,9689078,4,0.01,4632.62,0.0,0.0,0.11,0.0,XAUUSD.u,[sl 4632.62],
3495350,9689775,2026-08-25 11:40:58,1787658058905,1,0,26011001,9689775,3,0.01,4634.28,0.0,0.0,0.0,0.0,XAUUSD.u,STR S4,
3495370,9689794,2026-08-25 11:41:09,1787658069617,1,0,26011001,9689794,3,0.01,4635.83,0.0,0.0,0.0,0.0,XAUUSD.u,STR S3,
3495666,9690078,2026-08-25 11:43:41,1787658221535,1,0,26011001,9690078,3,0.01,4638.93,0.0,0.0,0.0,0.0,XAUUSD.u,STR S1,
3495692,9689985,2026-08-25 11:43:47,1787658227039,1,0,26011001,9689985,3,0.01,4637.38,0.0,0.0,0.0,0.0,XAUUSD.u,STR S2,
3497541,9692054,2026-08-25 12:05:02,1787659502492,0,1,26011001,9690078,4,0.01,4634.86,0.0,0.0,4.07,0.0,XAUUSD.u,[sl 4634.86],
3497625,9692151,2026-08-25 12:08:46,1787659726105,0,1,26011001,9689985,4,0.01,4636.4,0.0,0.0,0.98,0.0,XAUUSD.u,[sl 4636.40],
3497795,9692305,2026-08-25 12:11:48,1787659908458,1,0,26011001,9692305,3,0.01,4637.38,0.0,0.0,0.0,0.0,XAUUSD.u,STR S2,
3498108,9692650,2026-08-25 12:18:33,1787660313402,1,0,26011001,9692650,3,0.01,4638.93,0.0,0.0,0.0,0.0,XAUUSD.u,STR S1,
3498378,9692963,2026-08-25 12:30:58,1787661058149,0,1,26011001,9692650,4,0.01,4634.59,0.0,0.0,4.34,0.0,XAUUSD.u,[sl 4634.59],
3498385,9692971,2026-08-25 12:31:13,1787661073505,0,1,26011001,9692305,4,0.01,4636.11,0.0,0.0,1.27,0.0,XAUUSD.u,[sl 4636.11],
3498565,9693168,2026-08-25 12:37:39,1787661459748,1,0,26011001,9693168,3,0.01,4637.38,0.0,0.0,0.0,0.0,XAUUSD.u,STR S2,
3498661,9693268,2026-08-25 12:40:09,1787661609555,1,0,26011001,9693268,3,0.01,4638.93,0.0,0.0,0.0,0.0,XAUUSD.u,STR S1,
3500457,9695514,2026-08-25 13:22:48,1787664168488,1,1,26011001,9684666,4,0.01,4642.17,0.0,0.0,0.14,0.0,XAUUSD.u,[sl 4642.17],
3500498,9695520,2026-08-25 13:23:15,1787664195149,0,0,26011001,9695520,3,0.01,4642.03,0.0,0.0,0.0,0.0,XAUUSD.u,STR B1,
3501376,9696514,2026-08-25 13:41:32,1787665292986,1,1,26011001,9695520,4,0.01,4642.22,0.0,0.0,0.19,0.0,XAUUSD.u,[sl 4642.22],
3501378,9696516,2026-08-25 13:41:37,1787665297220,0,0,26011001,9696516,3,0.01,4642.03,0.0,0.0,0.0,0.0,XAUUSD.u,STR B1,
3501413,9696559,2026-08-25 13:43:46,1787665426439,0,1,0,9672239,0,0.02,4641.84,0.0,0.0,-43.02,0.0,XAUUSD.u,,
3501416,9696567,2026-08-25 13:43:58,1787665438943,0,1,0,9672237,0,0.01,4641.92,0.0,0.0,-20.04,0.0,XAUUSD.u,,
3501418,9696569,2026-08-25 13:44:09,1787665449648,0,1,0,9683085,0,0.01,4642.03,0.0,0.0,-18.6,0.0,XAUUSD.u,,
3501789,9697048,2026-08-25 13:51:06,1787665866425,1,1,26011001,9696516,4,0.01,4645.93,0.0,0.0,3.9,0.0,XAUUSD.u,[sl 4645.93],
3501838,9697184,2026-08-25 13:52:30,1787665950998,1,1,26011001,9677806,4,0.01,4644.38,0.0,0.0,0.8,0.0,XAUUSD.u,[sl 4644.38],
3501909,9697273,2026-08-25 13:52:45,1787665965944,0,0,26011001,9697273,3,0.01,4643.58,0.0,0.0,0.0,0.0,XAUUSD.u,STR B2,
3501983,9697459,2026-08-25 13:53:30,1787666010920,0,0,26011001,9697459,3,0.01,4642.03,0.0,0.0,0.0,0.0,XAUUSD.u,STR B1,
3502676,9698614,2026-08-25 13:59:43,1787666383844,0,1,0,9672237,0,0.02,4642.55,0.0,0.0,-41.34,0.0,XAUUSD.u,,
3502680,9698624,2026-08-25 13:59:53,1787666393544,0,1,0,9672239,0,0.01,4642.86,0.0,0.0,-22.53,0.0,XAUUSD.u,,
3502682,9698626,2026-08-25 14:00:00,1787666400964,0,1,0,9683085,0,0.03,4642.53,0.0,0.0,-57.3,0.0,XAUUSD.u,,
3502703,9698647,2026-08-25 14:00:06,1787666406464,0,1,0,9672239,0,0.01,4641.96,0.0,0.0,-21.63,0.0,XAUUSD.u,,
3502712,9698656,2026-08-25 14:00:13,1787666413189,0,1,0,9672237,0,0.01,4642.1,0.0,0.0,-20.22,0.0,XAUUSD.u,,
3502964,9698670,2026-08-25 14:02:36,1787666556394,1,0,26011001,9698670,3,0.01,4638.93,0.0,0.0,0.0,0.0,XAUUSD.u,STR S1,
3503215,9699297,2026-08-25 14:04:28,1787666668461,0,1,0,9672237,0,0.02,4636.64,0.0,0.0,-29.52,0.0,XAUUSD.u,,
3503219,9699301,2026-08-25 14:04:34,1787666674261,0,1,26011001,9698670,3,0.01,4636.27,0.0,0.0,2.66,0.0,XAUUSD.u,STR CLOSE,
3503220,9699302,2026-08-25 14:04:34,1787666674390,1,1,26011001,9697459,3,0.01,4636.27,0.0,0.0,-5.76,0.0,XAUUSD.u,STR CLOSE,
3503221,9699303,2026-08-25 14:04:34,1787666674520,1,1,26011001,9697273,3,0.01,4636.27,0.0,0.0,-7.31,0.0,XAUUSD.u,STR CLOSE,
3503222,9699304,2026-08-25 14:04:34,1787666674634,0,1,26011001,9693168,3,0.01,4636.27,0.0,0.0,1.11,0.0,XAUUSD.u,STR CLOSE,
3503223,9699305,2026-08-25 14:04:34,1787666674748,0,1,26011001,9689794,3,0.01,4636.27,0.0,0.0,-0.44,0.0,XAUUSD.u,STR CLOSE,
3503224,9699306,2026-08-25 14:04:34,1787666674862,0,1,26011001,9689775,3,0.01,4636.27,0.0,0.0,-1.99,0.0,XAUUSD.u,STR CLOSE,
3503225,9699307,2026-08-25 14:04:34,1787666674977,0,1,26011001,9689061,3,0.01,4636.27,0.0,0.0,-5.09,0.0,XAUUSD.u,STR CLOSE,
3503226,9699308,2026-08-25 14:04:35,1787666675091,0,1,26011001,9688838,3,0.01,4636.28,0.0,0.0,-8.2,0.0,XAUUSD.u,STR CLOSE,
3503227,9699309,2026-08-25 14:04:35,1787666675206,0,1,26011001,9683085,3,0.02,4636.46,0.0,0.0,-26.06,0.0,XAUUSD.u,STR CLOSE,
3503228,9699310,2026-08-25 14:04:35,1787666675329,1,1,26011001,9677655,3,0.01,4636.53,0.0,0.0,-8.6,0.0,XAUUSD.u,STR CLOSE,
3503229,9699311,2026-08-25 14:04:35,1787666675443,1,1,26011001,9677383,3,0.01,4636.59,0.0,0.0,-10.09,0.0,XAUUSD.u,STR CLOSE,
3503230,9699312,2026-08-25 14:04:35,1787666675558,1,1,26011001,9677278,3,0.01,4636.43,0.0,0.0,-11.8,0.0,XAUUSD.u,STR CLOSE,
3503231,9699313,2026-08-25 14:04:35,1787666675680,1,1,26011001,9677014,3,0.01,4636.38,0.0,0.0,-13.4,0.0,XAUUSD.u,STR CLOSE,
3503232,9699314,2026-08-25 14:04:35,1787666675794,0,1,26011001,9672239,3,0.02,4636.46,0.0,0.0,-32.26,0.0,XAUUSD.u,STR CLOSE,
3503305,9699315,2026-08-25 14:06:11,1787666771405,0,0,26011001,9699315,3,0.01,4637.94,0.0,0.0,0.0,0.0,XAUUSD.u,STR B1,
3503551,9699317,2026-08-25 14:11:39,1787667099345,0,0,26011001,9699317,3,0.01,4639.49,0.0,0.0,0.0,0.0,XAUUSD.u,STR B2,
3503637,9699319,2026-08-25 14:11:59,1787667119474,0,0,26011001,9699319,3,0.01,4641.04,0.0,0.0,0.0,0.0,XAUUSD.u,STR B3,
3503679,9700015,2026-08-25 14:12:17,1787667137936,1,1,26011001,9699315,4,0.01,4639.09,0.0,0.0,1.15,0.0,XAUUSD.u,[sl 4639.09],
3503774,9700115,2026-08-25 14:15:10,1787667310051,0,0,26011001,9700115,3,0.01,4637.94,0.0,0.0,0.0,0.0,XAUUSD.u,STR B1,
3503913,9699316,2026-08-25 14:18:39,1787667519440,1,0,26011001,9699316,3,0.01,4634.84,0.0,0.0,0.0,0.0,XAUUSD.u,STR S1,
3504004,9699318,2026-08-25 14:19:17,1787667557695,1,0,26011001,9699318,3,0.01,4633.29,0.0,0.0,0.0,0.0,XAUUSD.u,STR S2,
3504871,9699320,2026-08-25 14:39:33,1787668773742,1,0,26011001,9699320,3,0.01,4631.74,0.0,0.0,0.0,0.0,XAUUSD.u,STR S3,
3505022,9701716,2026-08-25 14:40:44,1787668844244,0,1,26011001,9699316,4,0.01,4633.32,0.0,0.0,1.52,0.0,XAUUSD.u,[sl 4633.32],
3505078,9701760,2026-08-25 14:41:37,1787668897922,1,0,26011001,9701760,3,0.01,4634.84,0.0,0.0,0.0,0.0,XAUUSD.u,STR S1,
3505749,9699321,2026-08-25 14:48:26,1787669306158,0,0,26011001,9699321,3,0.01,4642.59,0.0,0.0,0.0,0.0,XAUUSD.u,STR B4,
3505785,9702476,2026-08-25 14:49:18,1787669358309,1,1,26011001,9700115,4,0.01,4641.22,0.0,0.0,3.2800000000000002,0.0,XAUUSD.u,[sl 4641.22],
3505914,9699324,2026-08-25 14:51:33,1787669493867,0,0,26011001,9699324,3,0.01,4644.14,0.0,0.0,0.0,0.0,XAUUSD.u,STR B5,
3505945,9702642,2026-08-25 14:51:54,1787669514057,1,1,26011001,9699317,4,0.01,4642.76,0.0,0.0,3.27,0.0,XAUUSD.u,[sl 4642.76],
3506020,9702718,2026-08-25 14:53:42,1787669622009,1,1,26011001,9699319,4,0.01,4641.21,0.0,0.0,0.17,0.0,XAUUSD.u,[sl 4641.21],
3506026,9702721,2026-08-25 14:53:55,1787669635307,0,0,26011001,9702721,3,0.01,4641.04,0.0,0.0,0.0,0.0,XAUUSD.u,STR B3,
3506146,9702853,2026-08-25 14:57:32,1787669852654,0,0,26011001,9702853,3,0.01,4639.49,0.0,0.0,0.0,0.0,XAUUSD.u,STR B2,
3506724,9703415,2026-08-25 15:01:03,1787670063373,0,1,26011001,9701760,4,0.01,4634.34,0.0,0.0,0.5,0.0,XAUUSD.u,[sl 4634.34],
3506741,9703416,2026-08-25 15:01:08,1787670068156,1,0,26011001,9703416,3,0.01,4634.84,0.0,0.0,0.0,0.0,XAUUSD.u,STR S1,
3507139,9703831,2026-08-25 15:04:04,1787670244719,0,1,26011001,9703416,4,0.01,4633.37,0.0,0.0,1.47,0.0,XAUUSD.u,[sl 4633.37],
3507172,9703859,2026-08-25 15:04:38,1787670278499,1,0,26011001,9703859,3,0.01,4634.84,0.0,0.0,0.0,0.0,XAUUSD.u,STR S1,
3507350,9699323,2026-08-25 15:06:57,1787670417434,1,0,26011001,9699323,3,0.01,4630.19,0.0,0.0,0.0,0.0,XAUUSD.u,STR S4,
3507492,9704126,2026-08-25 15:07:32,1787670452789,0,1,26011001,9703859,4,0.01,4630.26,0.0,0.0,4.58,0.0,XAUUSD.u,[sl 4630.26],
3507515,9699325,2026-08-25 15:07:51,1787670471522,1,0,26011001,9699325,3,0.01,4628.64,0.0,0.0,0.0,0.0,XAUUSD.u,STR S5,
3507557,9704186,2026-08-25 15:08:05,1787670485329,0,1,26011001,9699318,4,0.01,4629.77,0.0,0.0,3.52,0.0,XAUUSD.u,[sl 4629.77],
3507618,9704248,2026-08-25 15:09:24,1787670564091,0,1,26011001,9699320,4,0.01,4631.31,0.0,0.0,0.43,0.0,XAUUSD.u,[sl 4631.31],
3507624,9704250,2026-08-25 15:09:26,1787670566129,1,0,26011001,9704250,3,0.01,4631.74,0.0,0.0,0.0,0.0,XAUUSD.u,STR S3,
3507794,9704406,2026-08-25 15:12:05,1787670725359,1,0,26011001,9704406,3,0.01,4633.29,0.0,0.0,0.0,0.0,XAUUSD.u,STR S2,
3508058,9699327,2026-08-25 15:14:11,1787670851991,1,0,26011001,9699327,3,0.01,4627.09,0.0,0.0,0.0,0.0,XAUUSD.u,STR S6,
3508103,9699329,2026-08-25 15:14:32,1787670872680,1,0,26011001,9699329,3,0.01,4625.54,0.0,0.0,0.0,0.0,XAUUSD.u,STR S7,
3508208,9699331,2026-08-25 15:14:50,1787670890178,1,0,26011001,9699331,3,0.01,4623.99,0.0,0.0,0.0,0.0,XAUUSD.u,STR S8,
3508280,9699333,2026-08-25 15:15:05,1787670905545,1,0,26011001,9699333,3,0.01,4622.44,0.0,0.0,0.0,0.0,XAUUSD.u,STR S9,
3508305,9704956,2026-08-25 15:15:21,1787670921122,0,1,26011001,9699323,4,0.01,4623.68,0.0,0.0,6.51,0.0,XAUUSD.u,[sl 4623.68],
3508306,9704957,2026-08-25 15:15:21,1787670921122,0,1,26011001,9699325,4,0.01,4623.67,0.0,0.0,4.97,0.0,XAUUSD.u,[sl 4623.67],
3508307,9704958,2026-08-25 15:15:21,1787670921122,0,1,26011001,9699327,4,0.01,4623.68,0.0,0.0,3.41,0.0,XAUUSD.u,[sl 4623.68],
3508308,9704959,2026-08-25 15:15:21,1787670921122,0,1,26011001,9704250,4,0.01,4623.68,0.0,0.0,8.06,0.0,XAUUSD.u,[sl 4623.68],
3508309,9704960,2026-08-25 15:15:21,1787670921122,0,1,26011001,9704406,4,0.01,4623.68,0.0,0.0,9.61,0.0,XAUUSD.u,[sl 4623.68],
3508386,9699335,2026-08-25 15:16:01,1787670961734,1,0,26011001,9699335,3,0.01,4620.89,0.0,0.0,0.0,0.0,XAUUSD.u,STR S10,
3508409,9705080,2026-08-25 15:16:06,1787670966708,0,1,26011001,9699329,4,0.01,4622.21,0.0,0.0,3.33,0.0,XAUUSD.u,[sl 4622.21],
3508426,9705178,2026-08-25 15:16:31,1787670991892,0,1,26011001,9699331,4,0.01,4623.76,0.0,0.0,0.23,0.0,XAUUSD.u,[sl 4623.76],
3508429,9705186,2026-08-25 15:16:33,1787670993897,1,0,26011001,9705186,3,0.01,4623.99,0.0,0.0,0.0,0.0,XAUUSD.u,STR S8,
3508490,9705379,2026-08-25 15:17:18,1787671038890,1,0,26011001,9705379,3,0.01,4625.54,0.0,0.0,0.0,0.0,XAUUSD.u,STR S7,
3508501,9705404,2026-08-25 15:17:31,1787671051551,1,0,26011001,9705404,3,0.01,4627.09,0.0,0.0,0.0,0.0,XAUUSD.u,STR S6,
3508849,9699337,2026-08-25 15:22:59,1787671379203,1,0,26011001,9699337,3,0.06,4619.34,0.0,0.0,0.0,0.0,XAUUSD.u,STR S11,
3508880,9699339,2026-08-25 15:23:01,1787671381713,1,0,26011001,9699339,3,0.06,4617.79,0.0,0.0,0.0,0.0,XAUUSD.u,STR S12,
3508920,9699341,2026-08-25 15:23:01,1787671381965,1,0,26011001,9699341,3,0.06,4616.24,0.0,0.0,0.0,0.0,XAUUSD.u,STR S13,
3508964,9699343,2026-08-25 15:23:02,1787671382129,1,0,26011001,9699343,3,0.06,4614.69,0.0,0.0,0.0,0.0,XAUUSD.u,STR S14,
3509024,9706467,2026-08-25 15:23:06,1787671386676,0,1,26011001,9705404,3,0.01,4615.29,0.0,0.0,11.8,0.0,XAUUSD.u,STR CLOSE,
3509026,9706469,2026-08-25 15:23:06,1787671386788,0,1,26011001,9705379,3,0.01,4615.13,0.0,0.0,10.41,0.0,XAUUSD.u,STR CLOSE,
3509029,9706472,2026-08-25 15:23:06,1787671386900,0,1,26011001,9705186,3,0.01,4614.78,0.0,0.0,9.21,0.0,XAUUSD.u,STR CLOSE,
3509031,9706474,2026-08-25 15:23:07,1787671387012,1,1,26011001,9702853,3,0.01,4614.58,0.0,0.0,-24.91,0.0,XAUUSD.u,STR CLOSE,
3509032,9706475,2026-08-25 15:23:07,1787671387125,1,1,26011001,9702721,3,0.01,4614.74,0.0,0.0,-26.3,0.0,XAUUSD.u,STR CLOSE,
3509035,9706478,2026-08-25 15:23:07,1787671387237,0,1,26011001,9699343,3,0.06,4614.03,0.0,0.0,3.96,0.0,XAUUSD.u,STR CLOSE,
3509037,9706480,2026-08-25 15:23:07,1787671387350,0,1,26011001,9699341,3,0.06,4613.96,0.0,0.0,13.68,0.0,XAUUSD.u,STR CLOSE,
3509039,9706482,2026-08-25 15:23:07,1787671387463,0,1,26011001,9699339,3,0.06,4613.95,0.0,0.0,23.04,0.0,XAUUSD.u,STR CLOSE,
3509040,9706483,2026-08-25 15:23:07,1787671387575,0,1,26011001,9699337,3,0.06,4613.94,0.0,0.0,32.4,0.0,XAUUSD.u,STR CLOSE,
3509042,9706485,2026-08-25 15:23:07,1787671387687,0,1,26011001,9699335,3,0.01,4614.17,0.0,0.0,6.72,0.0,XAUUSD.u,STR CLOSE,
3509045,9706489,2026-08-25 15:23:07,1787671387799,0,1,26011001,9699333,3,0.01,4614.15,0.0,0.0,8.29,0.0,XAUUSD.u,STR CLOSE,
3509047,9706491,2026-08-25 15:23:07,1787671387912,1,1,26011001,9699324,3,0.01,4614.08,0.0,0.0,-30.06,0.0,XAUUSD.u,STR CLOSE,
3509086,9706514,2026-08-25 15:23:26,1787671406838,1,0,26011001,9706514,3,0.01,4613.94,0.0,0.0,0.0,0.0,XAUUSD.u,STR S1,
3509128,9706512,2026-08-25 15:23:37,1787671417578,0,0,26011001,9706512,3,0.01,4617.02,0.0,0.0,0.0,0.0,XAUUSD.u,STR B1,
3509269,9706519,2026-08-25 15:25:25,1787671525640,1,0,26011001,9706519,3,0.01,4612.4,0.0,0.0,0.0,0.0,XAUUSD.u,STR S2,
3509299,9706524,2026-08-25 15:25:28,1787671528157,1,0,26011001,9706524,3,0.01,4610.86,0.0,0.0,0.0,0.0,XAUUSD.u,STR S3,
3509318,9706530,2026-08-25 15:25:28,1787671528835,1,0,26011001,9706530,3,0.01,4609.32,0.0,0.0,0.0,0.0,XAUUSD.u,STR S4,
3509368,9707014,2026-08-25 15:25:37,1787671537135,0,1,26011001,9706514,4,0.01,4610.64,0.0,0.0,3.3,0.0,XAUUSD.u,[sl 4610.64],
3509433,9707178,2026-08-25 15:26:40,1787671600649,0,1,26011001,9706519,4,0.01,4612.21,0.0,0.0,0.19,0.0,XAUUSD.u,[sl 4612.21],
3509435,9707181,2026-08-25 15:26:41,1787671601867,1,0,26011001,9707181,3,0.01,4612.4,0.0,0.0,0.0,0.0,XAUUSD.u,STR S2,
3509449,9707223,2026-08-25 15:26:50,1787671610993,1,0,26011001,9707223,3,0.01,4613.94,0.0,0.0,0.0,0.0,XAUUSD.u,STR S1,
3509766,9708059,2026-08-25 15:30:04,1787671804175,0,1,26011001,9707223,4,0.01,4610.8,0.0,0.0,3.14,0.0,XAUUSD.u,[sl 4610.80],
3509769,9708062,2026-08-25 15:30:04,1787671804701,0,1,26011001,9707181,4,0.01,4612.34,0.0,0.0,0.06,0.0,XAUUSD.u,[sl 4612.34],
3509774,9708063,2026-08-25 15:30:05,1787671805403,1,0,26011001,9708063,3,0.01,4612.4,0.0,0.0,0.0,0.0,XAUUSD.u,STR S2,
3509800,9708079,2026-08-25 15:30:08,1787671808768,1,0,26011001,9708079,3,0.01,4613.94,0.0,0.0,0.0,0.0,XAUUSD.u,STR S1,
3509922,9706515,2026-08-25 15:31:34,1787671894640,0,0,26011001,9706515,3,0.01,4618.56,0.0,0.0,0.0,0.0,XAUUSD.u,STR B2,
3510007,9706522,2026-08-25 15:31:48,1787671908928,0,0,26011001,9706522,3,0.01,4620.1,0.0,0.0,0.0,0.0,XAUUSD.u,STR B3,
3510038,9706527,2026-08-25 15:32:04,1787671924495,0,0,26011001,9706527,3,0.01,4621.64,0.0,0.0,0.0,0.0,XAUUSD.u,STR B4,
3510071,9708478,2026-08-25 15:32:14,1787671934966,1,1,26011001,9706512,4,0.01,4621.22,0.0,0.0,4.2,0.0,XAUUSD.u,[sl 4621.22],
3510102,9708537,2026-08-25 15:32:22,1787671942700,1,1,26011001,9706515,4,0.01,4619.68,0.0,0.0,1.12,0.0,XAUUSD.u,[sl 4619.68],
3510169,9706531,2026-08-25 15:33:46,1787672026590,0,0,26011001,9706531,3,0.01,4623.18,0.0,0.0,0.0,0.0,XAUUSD.u,STR B5,
3510262,9708721,2026-08-25 15:34:25,1787672065225,1,1,26011001,9706522,4,0.01,4620.58,0.0,0.0,0.48,0.0,XAUUSD.u,[sl 4620.58],
3510264,9708725,2026-08-25 15:34:25,1787672065994,0,0,26011001,9708725,3,0.01,4620.1,0.0,0.0,0.0,0.0,XAUUSD.u,STR B3,
3510334,9708794,2026-08-25 15:35:41,1787672141758,0,0,26011001,9708794,3,0.01,4618.56,0.0,0.0,0.0,0.0,XAUUSD.u,STR B2,
3510387,9708846,2026-08-25 15:36:13,1787672173434,0,0,26011001,9708846,3,0.01,4617.02,0.0,0.0,0.0,0.0,XAUUSD.u,STR B1,
3510666,9709128,2026-08-25 15:37:05,1787672225867,0,1,26011001,9708079,4,0.01,4612.81,0.0,0.0,1.13,0.0,XAUUSD.u,[sl 4612.81],
3510952,9709417,2026-08-25 15:39:42,1787672382308,1,1,26011001,9708846,4,0.01,4617.31,0.0,0.0,0.29,0.0,XAUUSD.u,[sl 4617.31],
3510981,9709168,2026-08-25 15:39:48,1787672388215,1,0,26011001,9709168,3,0.01,4613.94,0.0,0.0,0.0,0.0,XAUUSD.u,STR S1,
3511013,9709423,2026-08-25 15:40:07,1787672407566,0,0,26011001,9709423,3,0.01,4617.02,0.0,0.0,0.0,0.0,XAUUSD.u,STR B1,
3511233,9709693,2026-08-25 15:41:16,1787672476016,1,1,26011001,9709423,4,0.01,4618.42,0.0,0.0,1.4,0.0,XAUUSD.u,[sl 4618.42],
3511239,9709699,2026-08-25 15:41:18,1787672478298,0,0,26011001,9709699,3,0.01,4617.02,0.0,0.0,0.0,0.0,XAUUSD.u,STR B1,
3511768,9706532,2026-08-25 15:47:33,1787672853567,1,0,26011001,9706532,3,0.01,4607.78,0.0,0.0,0.0,0.0,XAUUSD.u,STR S5,
3511817,9706534,2026-08-25 15:47:39,1787672859018,1,0,26011001,9706534,3,0.01,4606.24,0.0,0.0,0.0,0.0,XAUUSD.u,STR S6,
3511855,9710681,2026-08-25 15:47:43,1787672863767,0,1,26011001,9706524,4,0.01,4607.21,0.0,0.0,3.65,0.0,XAUUSD.u,[sl 4607.21],
3511856,9710682,2026-08-25 15:47:43,1787672863767,0,1,26011001,9708063,4,0.01,4607.23,0.0,0.0,5.17,0.0,XAUUSD.u,[sl 4607.23],
3511857,9710683,2026-08-25 15:47:43,1787672863846,0,1,26011001,9709168,4,0.01,4607.3,0.0,0.0,6.64,0.0,XAUUSD.u,[sl 4607.30],
3511894,9710760,2026-08-25 15:48:11,1787672891324,0,1,26011001,9706530,4,0.01,4608.47,0.0,0.0,0.85,0.0,XAUUSD.u,[sl 4608.47],
3511940,9710783,2026-08-25 15:48:15,1787672895255,1,0,26011001,9710783,3,0.01,4609.32,0.0,0.0,0.0,0.0,XAUUSD.u,STR S4,
3512162,9711636,2026-08-25 15:53:53,1787673233823,0,1,26011001,9710783,4,0.01,4608.91,0.0,0.0,0.41,0.0,XAUUSD.u,[sl 4608.91],
3512166,9711642,2026-08-25 15:53:56,1787673236180,1,0,26011001,9711642,3,0.01,4609.32,0.0,0.0,0.0,0.0,XAUUSD.u,STR S4,
3512281,9711657,2026-08-25 15:54:10,1787673250990,1,0,26011001,9711657,3,0.01,4610.86,0.0,0.0,0.0,0.0,XAUUSD.u,STR S3,
3512341,9711986,2026-08-25 15:55:13,1787673313677,0,1,26011001,9711657,4,0.01,4607.4,0.0,0.0,3.46,0.0,XAUUSD.u,[sl 4607.40],
3512353,9712015,2026-08-25 15:55:27,1787673327190,0,1,26011001,9711642,4,0.01,4608.94,0.0,0.0,0.38,0.0,XAUUSD.u,[sl 4608.94],
3512366,9712068,2026-08-25 15:55:56,1787673356607,1,0,26011001,9712068,3,0.01,4610.86,0.0,0.0,0.0,0.0,XAUUSD.u,STR S3,
3512408,9712164,2026-08-25 15:56:29,1787673389571,1,0,26011001,9712164,3,0.01,4612.4,0.0,0.0,0.0,0.0,XAUUSD.u,STR S2,
3512450,9712064,2026-08-25 15:57:56,1787673476048,1,0,26011001,9712064,3,0.01,4609.32,0.0,0.0,0.0,0.0,XAUUSD.u,STR S4,
3512472,9712554,2026-08-25 15:58:16,1787673496722,0,1,26011001,9712164,4,0.01,4611.37,0.0,0.0,1.03,0.0,XAUUSD.u,[sl 4611.37],
3512476,9712605,2026-08-25 15:58:33,1787673513858,1,0,26011001,9712605,3,0.01,4612.4,0.0,0.0,0.0,0.0,XAUUSD.u,STR S2,
3512495,9712702,2026-08-25 15:59:01,1787673541096,1,0,26011001,9712702,3,0.01,4613.94,0.0,0.0,0.0,0.0,XAUUSD.u,STR S1,
3512682,9713095,2026-08-25 16:00:37,1787673637587,1,1,26011001,9709699,4,0.01,4617.68,0.0,0.0,0.66,0.0,XAUUSD.u,[sl 4617.68],
3512699,9713118,2026-08-25 16:00:39,1787673639925,0,0,26011001,9713118,3,0.01,4617.02,0.0,0.0,0.0,0.0,XAUUSD.u,STR B1,
3512761,9713310,2026-08-25 16:01:40,1787673700968,1,1,26011001,9713118,4,0.01,4617.75,0.0,0.0,0.73,0.0,XAUUSD.u,[sl 4617.75],
3512848,9713456,2026-08-25 16:03:10,1787673790715,0,0,26011001,9713456,3,0.01,4617.02,0.0,0.0,0.0,0.0,XAUUSD.u,STR B1,
3512974,9713828,2026-08-25 16:06:03,1787673963027,1,1,26011001,9713456,4,0.01,4620.6,0.0,0.0,3.58,0.0,XAUUSD.u,[sl 4620.60],
3513108,9706533,2026-08-25 16:06:44,1787674004672,0,0,26011001,9706533,3,0.01,4624.72,0.0,0.0,0.0,0.0,XAUUSD.u,STR B6,
3513200,9713998,2026-08-25 16:06:57,1787674017971,1,1,26011001,9708725,4,0.01,4623.33,0.0,0.0,3.23,0.0,XAUUSD.u,[sl 4623.33],
3513201,9713999,2026-08-25 16:06:57,1787674017971,1,1,26011001,9708794,4,0.01,4623.33,0.0,0.0,4.77,0.0,XAUUSD.u,[sl 4623.33],
3513214,9714008,2026-08-25 16:07:07,1787674027748,1,1,26011001,9706527,4,0.01,4621.85,0.0,0.0,0.21,0.0,XAUUSD.u,[sl 4621.85],
3513220,9714013,2026-08-25 16:07:11,1787674031403,0,0,26011001,9714013,3,0.01,4621.64,0.0,0.0,0.0,0.0,XAUUSD.u,STR B4,
3513294,9714092,2026-08-25 16:08:33,1787674113859,0,0,26011001,9714092,3,0.01,4620.1,0.0,0.0,0.0,0.0,XAUUSD.u,STR B3,
3513398,9706535,2026-08-25 16:10:51,1787674251019,0,0,26011001,9706535,3,0.01,4626.26,0.0,0.0,0.0,0.0,XAUUSD.u,STR B7,
3513419,9714214,2026-08-25 16:10:57,1787674257409,1,1,26011001,9714013,4,0.01,4624.73,0.0,0.0,3.09,0.0,XAUUSD.u,[sl 4624.73],
3513421,9714216,2026-08-25 16:10:58,1787674258915,1,1,26011001,9714092,4,0.01,4624.66,0.0,0.0,4.5600000000000005,0.0,XAUUSD.u,[sl 4624.66],
3513476,9714268,2026-08-25 16:11:59,1787674319129,1,1,26011001,9706531,4,0.01,4623.46,0.0,0.0,0.28,0.0,XAUUSD.u,[sl 4623.46],
3513551,9714346,2026-08-25 16:14:07,1787674447458,0,0,26011001,9714346,3,0.01,4623.18,0.0,0.0,0.0,0.0,XAUUSD.u,STR B5,
3513606,9714403,2026-08-25 16:15:28,1787674528737,0,0,26011001,9714403,3,0.01,4620.1,0.0,0.0,0.0,0.0,XAUUSD.u,STR B3,
3513659,9714393,2026-08-25 16:15:46,1787674546991,0,0,26011001,9714393,3,0.01,4621.64,0.0,0.0,0.0,0.0,XAUUSD.u,STR B4,
3513792,9714594,2026-08-25 16:18:57,1787674737140,1,1,26011001,9714403,4,0.01,4623.39,0.0,0.0,3.29,0.0,XAUUSD.u,[sl 4623.39],
3513796,9714598,2026-08-25 16:19:04,1787674744159,1,1,26011001,9714393,4,0.01,4621.85,0.0,0.0,0.21,0.0,XAUUSD.u,[sl 4621.85],
3513798,9714600,2026-08-25 16:19:04,1787674744762,0,0,26011001,9714600,3,0.01,4621.64,0.0,0.0,0.0,0.0,XAUUSD.u,STR B4,
3513829,9714632,2026-08-25 16:19:46,1787674786775,0,0,26011001,9714632,3,0.01,4620.1,0.0,0.0,0.0,0.0,XAUUSD.u,STR B3,
3513958,9714763,2026-08-25 16:22:04,1787674924621,1,1,26011001,9714632,4,0.01,4621.44,0.0,0.0,1.34,0.0,XAUUSD.u,[sl 4621.44],
3513979,9714784,2026-08-25 16:22:19,1787674939130,0,0,26011001,9714784,3,0.01,4620.1,0.0,0.0,0.0,0.0,XAUUSD.u,STR B3,
3514145,9706537,2026-08-25 16:25:25,1787675125263,0,0,26011001,9706537,3,0.01,4627.8,0.0,0.0,0.0,0.0,XAUUSD.u,STR B8,
3514234,9715035,2026-08-25 16:25:58,1787675158562,1,1,26011001,9714346,4,0.01,4626.73,0.0,0.0,3.55,0.0,XAUUSD.u,[sl 4626.73],
3514235,9715036,2026-08-25 16:25:58,1787675158562,1,1,26011001,9714600,4,0.01,4626.73,0.0,0.0,5.09,0.0,XAUUSD.u,[sl 4626.73],
3514236,9715037,2026-08-25 16:25:58,1787675158562,1,1,26011001,9714784,4,0.01,4626.73,0.0,0.0,6.63,0.0,XAUUSD.u,[sl 4626.73],
3514300,9715104,2026-08-25 16:28:19,1787675299561,1,1,26011001,9706533,4,0.01,4625.43,0.0,0.0,0.71,0.0,XAUUSD.u,[sl 4625.43],
3514338,9715140,2026-08-25 16:29:37,1787675377064,0,0,26011001,9715140,3,0.01,4624.72,0.0,0.0,0.0,0.0,XAUUSD.u,STR B6,
3514378,9715176,2026-08-25 16:30:17,1787675417377,0,0,26011001,9715176,3,0.01,4623.18,0.0,0.0,0.0,0.0,XAUUSD.u,STR B5,
3514500,9715246,2026-08-25 16:30:32,1787675432545,0,0,26011001,9715246,3,0.01,4617.02,0.0,0.0,0.0,0.0,XAUUSD.u,STR B1,
3514562,9715242,2026-08-25 16:30:37,1787675437255,0,0,26011001,9715242,3,0.01,4618.56,0.0,0.0,0.0,0.0,XAUUSD.u,STR B2,
3514567,9715223,2026-08-25 16:30:38,1787675438277,0,0,26011001,9715223,3,0.01,4620.1,0.0,0.0,0.0,0.0,XAUUSD.u,STR B3,
3514579,9715199,2026-08-25 16:30:42,1787675442052,0,0,26011001,9715199,3,0.01,4621.64,0.0,0.0,0.0,0.0,XAUUSD.u,STR B4,
3514599,9715399,2026-08-25 16:30:49,1787675449186,1,1,26011001,9715246,4,0.01,4620.71,0.0,0.0,3.69,0.0,XAUUSD.u,[sl 4620.71],
3514654,9715456,2026-08-25 16:31:16,1787675476091,1,1,26011001,9715242,4,0.01,4622.04,0.0,0.0,3.48,0.0,XAUUSD.u,[sl 4622.04],
3514837,9706539,2026-08-25 16:32:18,1787675538155,0,0,26011001,9706539,3,0.01,4629.34,0.0,0.0,0.0,0.0,XAUUSD.u,STR B9,
3514878,9715671,2026-08-25 16:32:41,1787675561923,1,1,26011001,9715140,4,0.01,4628.21,0.0,0.0,3.49,0.0,XAUUSD.u,[sl 4628.21],
3514879,9715672,2026-08-25 16:32:41,1787675561923,1,1,26011001,9715176,4,0.01,4628.21,0.0,0.0,5.03,0.0,XAUUSD.u,[sl 4628.21],
3514880,9715673,2026-08-25 16:32:41,1787675561923,1,1,26011001,9715199,4,0.01,4628.21,0.0,0.0,6.57,0.0,XAUUSD.u,[sl 4628.21],
3514881,9715674,2026-08-25 16:32:41,1787675561923,1,1,26011001,9715223,4,0.01,4628.21,0.0,0.0,8.11,0.0,XAUUSD.u,[sl 4628.21],
3514970,9706542,2026-08-25 16:34:01,1787675641825,0,0,26011001,9706542,3,0.01,4630.88,0.0,0.0,0.0,0.0,XAUUSD.u,STR B10,
3514995,9715768,2026-08-25 16:34:19,1787675659881,1,1,26011001,9706535,4,0.01,4629.75,0.0,0.0,3.49,0.0,XAUUSD.u,[sl 4629.75],
3515021,9715795,2026-08-25 16:34:47,1787675687215,0,1,26011001,9712702,3,0.01,4631.14,0.0,0.0,-17.2,0.0,XAUUSD.u,STR CLOSE,
3515022,9715796,2026-08-25 16:34:47,1787675687328,0,1,26011001,9712605,3,0.01,4631.14,0.0,0.0,-18.74,0.0,XAUUSD.u,STR CLOSE,
3515023,9715797,2026-08-25 16:34:47,1787675687443,0,1,26011001,9712068,3,0.01,4631.14,0.0,0.0,-20.28,0.0,XAUUSD.u,STR CLOSE,
3515024,9715798,2026-08-25 16:34:47,1787675687557,0,1,26011001,9712064,3,0.01,4631.16,0.0,0.0,-21.84,0.0,XAUUSD.u,STR CLOSE,
3515025,9715799,2026-08-25 16:34:47,1787675687673,1,1,26011001,9706542,3,0.01,4631.36,0.0,0.0,0.48,0.0,XAUUSD.u,STR CLOSE,
3515027,9715801,2026-08-25 16:34:47,1787675687786,1,1,26011001,9706539,3,0.01,4631.4,0.0,0.0,2.06,0.0,XAUUSD.u,STR CLOSE,
3515029,9715803,2026-08-25 16:34:47,1787675687899,1,1,26011001,9706537,3,0.01,4631.4,0.0,0.0,3.6,0.0,XAUUSD.u,STR CLOSE,
3515030,9715804,2026-08-25 16:34:48,1787675688013,0,1,26011001,9706534,3,0.01,4631.43,0.0,0.0,-25.19,0.0,XAUUSD.u,STR CLOSE,
3515086,9715807,2026-08-25 16:34:57,1787675697744,1,0,26011001,9715807,3,0.01,4629.8,0.0,0.0,0.0,0.0,XAUUSD.u,STR S1,
3515432,9715806,2026-08-25 16:37:53,1787675873549,0,0,26011001,9715806,3,0.01,4632.88,0.0,0.0,0.0,0.0,XAUUSD.u,STR B1,
3515487,9715808,2026-08-25 16:38:05,1787675885058,0,0,26011001,9715808,3,0.01,4634.42,0.0,0.0,0.0,0.0,XAUUSD.u,STR B2,
3515530,9716335,2026-08-25 16:38:35,1787675915690,1,1,26011001,9715806,4,0.01,4634.4,0.0,0.0,1.52,0.0,XAUUSD.u,[sl 4634.40],
3515573,9715810,2026-08-25 16:39:25,1787675965881,0,0,26011001,9715810,3,0.01,4635.96,0.0,0.0,0.0,0.0,XAUUSD.u,STR B3,
3515621,9715812,2026-08-25 16:39:42,1787675982594,0,0,26011001,9715812,3,0.01,4637.5,0.0,0.0,0.0,0.0,XAUUSD.u,STR B4,
3515667,9716461,2026-08-25 16:40:30,1787676030829,1,1,26011001,9715810,4,0.01,4637.15,0.0,0.0,1.19,0.0,XAUUSD.u,[sl 4637.15],
3515668,9716462,2026-08-25 16:40:31,1787676031259,1,1,26011001,9715808,4,0.01,4637.0,0.0,0.0,2.58,0.0,XAUUSD.u,[sl 4637.00],
3515679,9716473,2026-08-25 16:40:44,1787676044079,0,0,26011001,9716473,3,0.01,4635.96,0.0,0.0,0.0,0.0,XAUUSD.u,STR B3,
3515796,9716581,2026-08-25 16:42:23,1787676143081,0,0,26011001,9716581,3,0.01,4634.42,0.0,0.0,0.0,0.0,XAUUSD.u,STR B2,
3515851,9716609,2026-08-25 16:43:10,1787676190126,0,0,26011001,9716609,3,0.01,4632.88,0.0,0.0,0.0,0.0,XAUUSD.u,STR B1,
3515932,9715816,2026-08-25 16:45:05,1787676305927,0,0,26011001,9715816,3,0.01,4639.04,0.0,0.0,0.0,0.0,XAUUSD.u,STR B5,
3515974,9716775,2026-08-25 16:45:40,1787676340381,1,1,26011001,9716473,4,0.01,4638.66,0.0,0.0,2.7,0.0,XAUUSD.u,[sl 4638.66],
3515975,9716776,2026-08-25 16:45:40,1787676340883,1,1,26011001,9716581,4,0.01,4638.6,0.0,0.0,4.18,0.0,XAUUSD.u,[sl 4638.60],
3515976,9716777,2026-08-25 16:45:40,1787676340883,1,1,26011001,9716609,4,0.01,4638.6,0.0,0.0,5.72,0.0,XAUUSD.u,[sl 4638.60],
3516098,9716893,2026-08-25 16:48:08,1787676488382,0,0,26011001,9716893,3,0.01,4635.96,0.0,0.0,0.0,0.0,XAUUSD.u,STR B3,
3516137,9716930,2026-08-25 16:49:38,1787676578652,1,1,26011001,9716893,3,0.01,4637.28,0.0,0.0,1.32,0.0,XAUUSD.u,STR CLOSE,
3516138,9716931,2026-08-25 16:49:38,1787676578766,1,1,26011001,9715816,3,0.01,4637.29,0.0,0.0,-1.75,0.0,XAUUSD.u,STR CLOSE,
3516139,9716932,2026-08-25 16:49:38,1787676578879,1,1,26011001,9715812,3,0.01,4637.29,0.0,0.0,-0.21,0.0,XAUUSD.u,STR CLOSE,
3516140,9716933,2026-08-25 16:49:38,1787676578993,0,1,26011001,9715807,3,0.01,4637.3,0.0,0.0,-7.5,0.0,XAUUSD.u,STR CLOSE,
3516156,9716935,2026-08-25 16:50:39,1787676639711,1,0,26011001,9716935,3,0.01,4635.55,0.0,0.0,0.0,0.0,XAUUSD.u,STR S1,
3516189,9716937,2026-08-25 16:51:19,1787676679218,1,0,26011001,9716937,3,0.01,4634.0,0.0,0.0,0.0,0.0,XAUUSD.u,STR S2,
3516791,9716939,2026-08-25 17:03:52,1787677432696,1,0,26011001,9716939,3,0.01,4632.45,0.0,0.0,0.0,0.0,XAUUSD.u,STR S3,
3516841,9717675,2026-08-25 17:04:43,1787677483163,0,1,26011001,9716939,3,0.01,4632.09,0.0,0.0,0.36,0.0,XAUUSD.u,STR CLOSE,
3516842,9717676,2026-08-25 17:04:43,1787677483283,0,1,26011001,9716937,3,0.01,4632.09,0.0,0.0,1.9100000000000001,0.0,XAUUSD.u,STR CLOSE,
3516843,9717677,2026-08-25 17:04:43,1787677483396,0,1,26011001,9716935,3,0.01,4632.09,0.0,0.0,3.46,0.0,XAUUSD.u,STR CLOSE,
3516862,9717678,2026-08-25 17:05:06,1787677506148,0,0,26011001,9717678,3,0.01,4633.13,0.0,0.0,0.0,0.0,XAUUSD.u,STR B1,
3517139,9717680,2026-08-25 17:12:07,1787677927083,0,0,26011001,9717680,3,0.01,4634.67,0.0,0.0,0.0,0.0,XAUUSD.u,STR B2,
3517377,9717679,2026-08-25 17:15:27,1787678127298,1,0,26011001,9717679,3,0.01,4630.05,0.0,0.0,0.0,0.0,XAUUSD.u,STR S1,
3517556,9717682,2026-08-25 17:16:43,1787678203957,0,0,26011001,9717682,3,0.01,4636.21,0.0,0.0,0.0,0.0,XAUUSD.u,STR B3,
3517602,9717684,2026-08-25 17:17:01,1787678221712,0,0,26011001,9717684,3,0.01,4637.75,0.0,0.0,0.0,0.0,XAUUSD.u,STR B4,
3517656,9718434,2026-08-25 17:17:13,1787678233194,1,1,26011001,9717678,4,0.01,4636.8,0.0,0.0,3.67,0.0,XAUUSD.u,[sl 4636.80],
3517788,9717686,2026-08-25 17:19:42,1787678382402,0,0,26011001,9717686,3,0.01,4639.29,0.0,0.0,0.0,0.0,XAUUSD.u,STR B5,
3518009,9717688,2026-08-25 17:20:59,1787678459299,0,0,26011001,9717688,3,0.01,4640.83,0.0,0.0,0.0,0.0,XAUUSD.u,STR B6,
3518070,9718799,2026-08-25 17:21:04,1787678464653,1,1,26011001,9717688,3,0.01,4642.47,0.0,0.0,1.6400000000000001,0.0,XAUUSD.u,STR CLOSE,
3518073,9718802,2026-08-25 17:21:04,1787678464767,1,1,26011001,9717686,3,0.01,4642.57,0.0,0.0,3.2800000000000002,0.0,XAUUSD.u,STR CLOSE,
3518074,9718803,2026-08-25 17:21:04,1787678464881,1,1,26011001,9717684,3,0.01,4642.62,0.0,0.0,4.87,0.0,XAUUSD.u,STR CLOSE,
3518076,9718805,2026-08-25 17:21:05,1787678465007,1,1,26011001,9717682,3,0.01,4642.54,0.0,0.0,6.33,0.0,XAUUSD.u,STR CLOSE,
3518078,9718807,2026-08-25 17:21:05,1787678465126,1,1,26011001,9717680,3,0.01,4642.63,0.0,0.0,7.96,0.0,XAUUSD.u,STR CLOSE,
3518079,9718808,2026-08-25 17:21:05,1787678465250,0,1,26011001,9717679,3,0.01,4642.53,0.0,0.0,-12.48,0.0,XAUUSD.u,STR CLOSE,
3518111,9718814,2026-08-25 17:21:35,1787678495558,1,0,26011001,9718814,3,0.01,4641.01,0.0,0.0,0.0,0.0,XAUUSD.u,STR S1,
3518156,9718813,2026-08-25 17:21:53,1787678513008,0,0,26011001,9718813,3,0.01,4644.11,0.0,0.0,0.0,0.0,XAUUSD.u,STR B1,
3518473,9718817,2026-08-25 17:26:33,1787678793351,1,0,26011001,9718817,3,0.01,4639.46,0.0,0.0,0.0,0.0,XAUUSD.u,STR S2,
3518612,9718821,2026-08-25 17:27:01,1787678821656,1,0,26011001,9718821,3,0.01,4637.91,0.0,0.0,0.0,0.0,XAUUSD.u,STR S3,
3518673,9719420,2026-08-25 17:27:48,1787678868477,0,1,26011001,9718814,4,0.01,4640.29,0.0,0.0,0.72,0.0,XAUUSD.u,[sl 4640.29],
3518709,9719454,2026-08-25 17:28:01,1787678881433,1,0,26011001,9719454,3,0.01,4641.01,0.0,0.0,0.0,0.0,XAUUSD.u,STR S1,
3519142,9718815,2026-08-25 17:33:32,1787679212227,0,0,26011001,9718815,3,0.01,4645.66,0.0,0.0,0.0,0.0,XAUUSD.u,STR B2,
3519197,9718818,2026-08-25 17:33:40,1787679220192,0,0,26011001,9718818,3,0.01,4647.21,0.0,0.0,0.0,0.0,XAUUSD.u,STR B3,
3519294,9718823,2026-08-25 17:33:56,1787679236667,0,0,26011001,9718823,3,0.01,4648.76,0.0,0.0,0.0,0.0,XAUUSD.u,STR B4,
3519331,9718825,2026-08-25 17:33:57,1787679237548,0,0,26011001,9718825,3,0.01,4650.31,0.0,0.0,0.0,0.0,XAUUSD.u,STR B5,
3519418,9720130,2026-08-25 17:34:07,1787679247798,1,1,26011001,9718813,4,0.01,4649.47,0.0,0.0,5.36,0.0,XAUUSD.u,[sl 4649.47],
3519419,9720131,2026-08-25 17:34:07,1787679247798,1,1,26011001,9718815,4,0.01,4649.46,0.0,0.0,3.8,0.0,XAUUSD.u,[sl 4649.46],
3519438,9720147,2026-08-25 17:34:12,1787679252449,1,1,26011001,9718818,4,0.01,4647.91,0.0,0.0,0.7,0.0,XAUUSD.u,[sl 4647.91],
3519617,9718828,2026-08-25 17:35:21,1787679321270,0,0,26011001,9718828,3,0.01,4651.86,0.0,0.0,0.0,0.0,XAUUSD.u,STR B6,
3519781,9718830,2026-08-25 17:35:58,1787679358689,0,0,26011001,9718830,3,0.01,4653.41,0.0,0.0,0.0,0.0,XAUUSD.u,STR B7,
3519829,9718832,2026-08-25 17:36:02,1787679362674,0,0,26011001,9718832,3,0.01,4654.96,0.0,0.0,0.0,0.0,XAUUSD.u,STR B8,
3519888,9720572,2026-08-25 17:36:16,1787679376171,1,1,26011001,9718823,4,0.01,4654.38,0.0,0.0,5.62,0.0,XAUUSD.u,[sl 4654.38],
3519889,9720573,2026-08-25 17:36:16,1787679376171,1,1,26011001,9718825,4,0.01,4654.34,0.0,0.0,4.03,0.0,XAUUSD.u,[sl 4654.34],
3519907,9718835,2026-08-25 17:36:21,1787679381240,0,0,26011001,9718835,3,0.01,4656.51,0.0,0.0,0.0,0.0,XAUUSD.u,STR B9,
3519951,9720629,2026-08-25 17:36:27,1787679387964,1,1,26011001,9718828,4,0.01,4655.75,0.0,0.0,3.89,0.0,XAUUSD.u,[sl 4655.75],
3519992,9720669,2026-08-25 17:36:50,1787679410914,1,1,26011001,9718830,4,0.01,4654.2,0.0,0.0,0.79,0.0,XAUUSD.u,[sl 4654.20],
3520153,9718838,2026-08-25 17:38:28,1787679508308,0,0,26011001,9718838,3,0.01,4658.06,0.0,0.0,0.0,0.0,XAUUSD.u,STR B10,
3520336,9720985,2026-08-25 17:39:23,1787679563184,1,1,26011001,9718832,4,0.01,4655.41,0.0,0.0,0.45,0.0,XAUUSD.u,[sl 4655.41],
3520363,9720990,2026-08-25 17:39:26,1787679566822,0,0,26011001,9720990,3,0.01,4654.96,0.0,0.0,0.0,0.0,XAUUSD.u,STR B8,
3520619,9718841,2026-08-25 17:41:40,1787679700848,0,0,26011001,9718841,3,0.06,4659.61,0.0,0.0,0.0,0.0,XAUUSD.u,STR B11,
3520758,9721373,2026-08-25 17:42:41,1787679761634,1,1,26011001,9720990,4,0.01,4656.37,0.0,0.0,1.41,0.0,XAUUSD.u,[sl 4656.37],
3520799,9721415,2026-08-25 17:43:33,1787679813754,0,0,26011001,9721415,3,0.01,4654.96,0.0,0.0,0.0,0.0,XAUUSD.u,STR B8,
3521275,9721855,2026-08-25 17:48:24,1787680104524,0,0,26011001,9721855,3,0.01,4651.86,0.0,0.0,0.0,0.0,XAUUSD.u,STR B6,
3521383,9721651,2026-08-25 17:49:24,1787680164961,0,0,26011001,9721651,3,0.01,4653.41,0.0,0.0,0.0,0.0,XAUUSD.u,STR B7,
3521502,9722074,2026-08-25 17:50:17,1787680217933,0,0,26011001,9722074,3,0.01,4650.31,0.0,0.0,0.0,0.0,XAUUSD.u,STR B5,
3522303,9722790,2026-08-25 17:58:35,1787680715167,1,1,26011001,9722074,4,0.01,4650.96,0.0,0.0,0.65,0.0,XAUUSD.u,[sl 4650.96],
3522605,9723069,2026-08-25 18:03:15,1787680995747,0,0,26011001,9723069,3,0.01,4650.31,0.0,0.0,0.0,0.0,XAUUSD.u,STR B5,
3522701,9723131,2026-08-25 18:04:09,1787681049108,0,0,26011001,9723131,3,0.01,4648.76,0.0,0.0,0.0,0.0,XAUUSD.u,STR B4,
3522929,9723330,2026-08-25 18:05:34,1787681134158,0,0,26011001,9723330,3,0.01,4647.21,0.0,0.0,0.0,0.0,XAUUSD.u,STR B3,
3523246,9723650,2026-08-25 18:09:50,1787681390224,0,0,26011001,9723650,3,0.01,4645.66,0.0,0.0,0.0,0.0,XAUUSD.u,STR B2,
3523340,9723733,2026-08-25 18:10:35,1787681435177,0,0,26011001,9723733,3,0.01,4644.11,0.0,0.0,0.0,0.0,XAUUSD.u,STR B1,
3524036,9724427,2026-08-25 18:19:20,1787681960981,1,1,26011001,9723733,4,0.01,4644.29,0.0,0.0,0.18,0.0,XAUUSD.u,[sl 4644.29],
3524048,9724433,2026-08-25 18:19:27,1787681967427,0,0,26011001,9724433,3,0.01,4644.11,0.0,0.0,0.0,0.0,XAUUSD.u,STR B1,
3524809,9727066,2026-08-25 18:36:05,1787682965234,0,1,26011001,9719454,4,0.01,4640.25,0.0,0.0,0.76,0.0,XAUUSD.u,[sl 4640.25],
3524832,9727087,2026-08-25 18:36:21,1787682981376,1,0,26011001,9727087,3,0.01,4641.01,0.0,0.0,0.0,0.0,XAUUSD.u,STR S1,
3526129,9718824,2026-08-25 19:08:39,1787684919774,1,0,26011001,9718824,3,0.01,4636.36,0.0,0.0,0.0,0.0,XAUUSD.u,STR S4,
3526257,9731685,2026-08-25 19:10:37,1787685037671,0,1,26011001,9727087,4,0.01,4636.82,0.0,0.0,4.19,0.0,XAUUSD.u,[sl 4636.82],
3526294,9718826,2026-08-25 19:11:25,1787685085195,1,0,26011001,9718826,3,0.01,4634.81,0.0,0.0,0.0,0.0,XAUUSD.u,STR S5,
3526334,9731966,2026-08-25 19:11:45,1787685105682,0,1,26011001,9718817,4,0.01,4635.8,0.0,0.0,3.66,0.0,XAUUSD.u,[sl 4635.80],
3526379,9732156,2026-08-25 19:12:31,1787685151270,0,1,26011001,9718821,4,0.01,4637.34,0.0,0.0,0.57,0.0,XAUUSD.u,[sl 4637.34],
3526387,9732193,2026-08-25 19:12:40,1787685160826,1,0,26011001,9732193,3,0.01,4637.91,0.0,0.0,0.0,0.0,XAUUSD.u,STR S3,
3526438,9732491,2026-08-25 19:14:32,1787685272686,1,0,26011001,9732491,3,0.01,4639.46,0.0,0.0,0.0,0.0,XAUUSD.u,STR S2,
3526474,9732708,2026-08-25 19:15:39,1787685339846,0,1,26011001,9732491,4,0.01,4636.07,0.0,0.0,3.39,0.0,XAUUSD.u,[sl 4636.07],
3526495,9732806,2026-08-25 19:16:22,1787685382365,0,1,26011001,9732193,4,0.01,4637.61,0.0,0.0,0.3,0.0,XAUUSD.u,[sl 4637.61],
3526499,9732808,2026-08-25 19:16:24,1787685384635,1,0,26011001,9732808,3,0.01,4637.91,0.0,0.0,0.0,0.0,XAUUSD.u,STR S3,
3526607,9733204,2026-08-25 19:18:47,1787685527205,1,0,26011001,9733204,3,0.01,4641.01,0.0,0.0,0.0,0.0,XAUUSD.u,STR S1,
3526983,9733004,2026-08-25 19:23:59,1787685839594,1,0,26011001,9733004,3,0.01,4639.46,0.0,0.0,0.0,0.0,XAUUSD.u,STR S2,
3527301,9735430,2026-08-25 19:29:02,1787686142839,0,1,26011001,9733204,4,0.01,4637.74,0.0,0.0,3.27,0.0,XAUUSD.u,[sl 4637.74],
3527389,9735946,2026-08-25 19:31:52,1787686312658,0,1,26011001,9733004,4,0.01,4639.29,0.0,0.0,0.17,0.0,XAUUSD.u,[sl 4639.29],
3527391,9735949,2026-08-25 19:31:53,1787686313024,1,0,26011001,9735949,3,0.01,4639.46,0.0,0.0,0.0,0.0,XAUUSD.u,STR S2,
3528211,9740540,2026-08-25 20:02:01,1787688121947,1,1,26011001,9724433,4,0.01,4645.45,0.0,0.0,1.34,0.0,XAUUSD.u,[sl 4645.45],
3528579,9741664,2026-08-25 20:12:51,1787688771585,1,1,26011001,9723650,4,0.01,4648.8,0.0,0.0,3.14,0.0,XAUUSD.u,[sl 4648.80],
3528598,9741683,2026-08-25 20:13:24,1787688804261,1,1,26011001,9723330,4,0.01,4647.25,0.0,0.0,0.04,0.0,XAUUSD.u,[sl 4647.25],
3528626,9741685,2026-08-25 20:13:37,1787688817807,0,0,26011001,9741685,3,0.01,4647.21,0.0,0.0,0.0,0.0,XAUUSD.u,STR B3,
3531117,9742705,2026-08-25 20:31:33,1787689893692,1,1,26011001,9741685,4,0.01,4647.52,0.0,0.0,0.31,0.0,XAUUSD.u,[sl 4647.52],
3531312,9742914,2026-08-25 20:33:14,1787689994761,0,0,26011001,9742914,3,0.01,4647.21,0.0,0.0,0.0,0.0,XAUUSD.u,STR B3,
3531882,9745174,2026-08-25 20:49:23,1787690963922,1,1,26011001,9742914,4,0.01,4650.67,0.0,0.0,3.46,0.0,XAUUSD.u,[sl 4650.67],
3532352,9746821,2026-08-25 21:01:19,1787691679128,1,1,26011001,9721855,4,0.01,4656.43,0.0,0.0,4.57,0.0,XAUUSD.u,[sl 4656.43],
3532353,9746822,2026-08-25 21:01:19,1787691679128,1,1,26011001,9723069,4,0.01,4656.43,0.0,0.0,6.12,0.0,XAUUSD.u,[sl 4656.43],
3532354,9746823,2026-08-25 21:01:19,1787691679128,1,1,26011001,9723131,4,0.01,4656.43,0.0,0.0,7.67,0.0,XAUUSD.u,[sl 4656.43],
3532408,9747039,2026-08-25 21:03:07,1787691787785,1,1,26011001,9721651,4,0.01,4654.88,0.0,0.0,1.47,0.0,XAUUSD.u,[sl 4654.88],
3532839,9723494,2026-08-25 21:07:58,1787692078451,0,0,26011001,9723494,3,0.06,4659.61,0.0,0.0,0.0,0.0,XAUUSD.u,STR B11,
3533056,9718843,2026-08-25 21:10:18,1787692218829,0,0,26011001,9718843,3,0.06,4661.16,0.0,0.0,0.0,0.0,XAUUSD.u,STR B12,
3533122,9718845,2026-08-25 21:10:19,1787692219918,0,0,26011001,9718845,3,0.06,4662.71,0.0,0.0,0.0,0.0,XAUUSD.u,STR B13,
3533246,9748854,2026-08-25 21:11:27,1787692287918,0,1,26011001,9735949,3,0.01,4662.79,0.0,0.0,-23.33,0.0,XAUUSD.u,STR CLOSE,
3533247,9748855,2026-08-25 21:11:28,1787692288032,0,1,26011001,9732808,3,0.01,4662.79,0.0,0.0,-24.88,0.0,XAUUSD.u,STR CLOSE,
3533248,9748857,2026-08-25 21:11:28,1787692288145,1,1,26011001,9723494,3,0.06,4662.66,0.0,0.0,18.3,0.0,XAUUSD.u,STR CLOSE,
3533249,9748858,2026-08-25 21:11:28,1787692288258,1,1,26011001,9721415,3,0.01,4662.66,0.0,0.0,7.7,0.0,XAUUSD.u,STR CLOSE,
3533250,9748859,2026-08-25 21:11:28,1787692288373,1,1,26011001,9718845,3,0.06,4662.66,0.0,0.0,-0.3,0.0,XAUUSD.u,STR CLOSE,
3533251,9748861,2026-08-25 21:11:28,1787692288487,1,1,26011001,9718843,3,0.06,4662.66,0.0,0.0,9.0,0.0,XAUUSD.u,STR CLOSE,
3533252,9748862,2026-08-25 21:11:28,1787692288601,1,1,26011001,9718838,3,0.01,4662.66,0.0,0.0,4.6,0.0,XAUUSD.u,STR CLOSE,
3533253,9748864,2026-08-25 21:11:28,1787692288717,1,1,26011001,9718835,3,0.01,4662.66,0.0,0.0,6.15,0.0,XAUUSD.u,STR CLOSE,
3533254,9748866,2026-08-25 21:11:28,1787692288831,0,1,26011001,9718826,3,0.01,4662.77,0.0,0.0,-27.96,0.0,XAUUSD.u,STR CLOSE,
3533255,9748867,2026-08-25 21:11:28,1787692288960,0,1,26011001,9718824,3,0.01,4662.72,0.0,0.0,-26.36,0.0,XAUUSD.u,STR CLOSE,
3533324,9748874,2026-08-25 21:12:37,1787692357279,1,0,26011001,9748874,3,0.01,4661.33,0.0,0.0,0.0,0.0,XAUUSD.u,STR S1,
3533665,9748873,2026-08-25 21:16:23,1787692583700,0,0,26011001,9748873,3,0.01,4664.43,0.0,0.0,0.0,0.0,XAUUSD.u,STR B1,
3534108,9748875,2026-08-25 21:17:13,1787692633363,0,0,26011001,9748875,3,0.01,4665.98,0.0,0.0,0.0,0.0,XAUUSD.u,STR B2,
3534208,9748878,2026-08-25 21:19:29,1787692769887,0,0,26011001,9748878,3,0.01,4667.53,0.0,0.0,0.0,0.0,XAUUSD.u,STR B3,
3534323,9751258,2026-08-25 21:22:46,1787692966229,1,1,26011001,9748873,4,0.01,4664.92,0.0,0.0,0.49,0.0,XAUUSD.u,[sl 4664.92],
3534379,9751324,2026-08-25 21:24:55,1787693095888,0,0,26011001,9751324,3,0.01,4664.43,0.0,0.0,0.0,0.0,XAUUSD.u,STR B1,
3534603,9748877,2026-08-25 21:31:04,1787693464342,1,0,26011001,9748877,3,0.01,4659.78,0.0,0.0,0.0,0.0,XAUUSD.u,STR S2,
3534789,9748880,2026-08-25 21:37:18,1787693838523,1,0,26011001,9748880,3,0.01,4658.23,0.0,0.0,0.0,0.0,XAUUSD.u,STR S3,
3535220,9754750,2026-08-25 21:42:59,1787694179265,0,1,26011001,9748874,4,0.01,4661.21,0.0,0.0,0.12,0.0,XAUUSD.u,[sl 4661.21],
3535318,9754803,2026-08-25 21:43:41,1787694221488,1,0,26011001,9754803,3,0.01,4661.33,0.0,0.0,0.0,0.0,XAUUSD.u,STR S1,
3535795,9757914,2026-08-25 22:02:45,1787695365945,1,1,26011001,9751324,4,0.01,4664.54,0.0,0.0,0.11,0.0,XAUUSD.u,[sl 4664.54],
3535839,9758415,2026-08-25 22:08:10,1787695690482,0,0,26011001,9758415,3,0.01,4664.43,0.0,0.0,0.0,0.0,XAUUSD.u,STR B1,
3535889,9748882,2026-08-25 22:10:06,1787695806322,0,0,26011001,9748882,3,0.01,4669.08,0.0,0.0,0.0,0.0,XAUUSD.u,STR B4,
3535936,9759559,2026-08-25 22:14:59,1787696099788,1,1,26011001,9758415,4,0.01,4665.93,0.0,0.0,1.5,0.0,XAUUSD.u,[sl 4665.93],
3535995,9760783,2026-08-25 22:25:37,1787696737254,0,0,26011001,9760783,3,0.01,4664.43,0.0,0.0,0.0,0.0,XAUUSD.u,STR B1,
3538731,9781833,2026-08-26 01:01:00,1787706060289,0,1,26011001,9754803,4,0.01,4660.91,0.0,0.0,0.42,0.0,XAUUSD.u,[sl 4660.91],
3538733,9748885,2026-08-26 01:01:00,1787706060289,0,0,26011001,9748885,3,0.01,4670.63,0.0,0.0,0.0,0.0,XAUUSD.u,STR B5,
3538735,9748888,2026-08-26 01:01:00,1787706060290,0,0,26011001,9748888,3,0.01,4672.18,0.0,0.0,0.0,0.0,XAUUSD.u,STR B6,
3538769,9781897,2026-08-26 01:01:20,1787706080515,1,1,26011001,9748875,4,0.01,4671.46,0.0,0.0,5.48,0.0,XAUUSD.u,[sl 4671.46],
3538770,9781898,2026-08-26 01:01:20,1787706080515,1,1,26011001,9748878,4,0.01,4671.46,0.0,0.0,3.93,0.0,XAUUSD.u,[sl 4671.46],
3538771,9781899,2026-08-26 01:01:20,1787706080515,1,1,26011001,9760783,4,0.01,4671.46,0.0,0.0,7.03,0.0,XAUUSD.u,[sl 4671.46],
3538967,9782826,2026-08-26 01:09:16,1787706556983,1,1,26011001,9748882,4,0.01,4669.9,0.0,0.0,0.82,0.0,XAUUSD.u,[sl 4669.90],
3539276,9783367,2026-08-26 01:12:05,1787706725346,0,0,26011001,9783367,3,0.01,4667.53,0.0,0.0,0.0,0.0,XAUUSD.u,STR B3,
3539597,9784645,2026-08-26 01:21:22,1787707282167,0,0,26011001,9784645,3,0.01,4665.98,0.0,0.0,0.0,0.0,XAUUSD.u,STR B2,
3539730,9784842,2026-08-26 01:22:23,1787707343802,0,0,26011001,9784842,3,0.01,4664.43,0.0,0.0,0.0,0.0,XAUUSD.u,STR B1,
3539925,9781854,2026-08-26 01:25:13,1787707513606,1,0,26011001,9781854,3,0.01,4661.33,0.0,0.0,0.0,0.0,XAUUSD.u,STR S1,
3540726,9748883,2026-08-26 01:42:27,1787708547369,1,0,26011001,9748883,3,0.01,4656.68,0.0,0.0,0.0,0.0,XAUUSD.u,STR S4,
3540993,9788381,2026-08-26 01:45:51,1787708751485,0,1,26011001,9781854,4,0.01,4657.45,0.0,0.0,3.88,0.0,XAUUSD.u,[sl 4657.45],
3541068,9788720,2026-08-26 01:47:21,1787708841284,0,1,26011001,9748877,4,0.01,4659.0,0.0,0.0,0.78,0.0,XAUUSD.u,[sl 4659.00],
3541198,9748887,2026-08-26 01:50:20,1787709020394,1,0,26011001,9748887,3,0.01,4655.13,0.0,0.0,0.0,0.0,XAUUSD.u,STR S5,
3541307,9748891,2026-08-26 01:58:42,1787709522429,1,0,26011001,9748891,3,0.01,4653.58,0.0,0.0,0.0,0.0,XAUUSD.u,STR S6,
3541342,9790371,2026-08-26 01:59:47,1787709587994,0,1,26011001,9748880,4,0.01,4655.03,0.0,0.0,3.2,0.0,XAUUSD.u,[sl 4655.03],
3541352,9790430,2026-08-26 02:00:12,1787709612518,0,1,26011001,9748883,4,0.01,4656.58,0.0,0.0,0.1,0.0,XAUUSD.u,[sl 4656.58],
3541358,9790438,2026-08-26 02:00:13,1787709613617,1,0,26011001,9790438,3,0.01,4656.68,0.0,0.0,0.0,0.0,XAUUSD.u,STR S4,
3541455,9790876,2026-08-26 02:02:37,1787709757535,0,1,26011001,9790438,4,0.01,4655.67,0.0,0.0,1.01,0.0,XAUUSD.u,[sl 4655.67],
3541459,9790903,2026-08-26 02:02:48,1787709768097,1,0,26011001,9790903,3,0.01,4656.68,0.0,0.0,0.0,0.0,XAUUSD.u,STR S4,
3541483,9748894,2026-08-26 02:04:09,1787709849900,1,0,26011001,9748894,3,0.01,4652.03,0.0,0.0,0.0,0.0,XAUUSD.u,STR S7,
3541542,9791168,2026-08-26 02:04:16,1787709856326,0,1,26011001,9790903,4,0.01,4653.34,0.0,0.0,3.34,0.0,XAUUSD.u,[sl 4653.34],
3542125,9793004,2026-08-26 02:12:38,1787710358461,0,1,26011001,9748887,4,0.01,4654.85,0.0,0.0,0.28,0.0,XAUUSD.u,[sl 4654.85],
3542274,9748899,2026-08-26 02:15:14,1787710514995,1,0,26011001,9748899,3,0.01,4650.48,0.0,0.0,0.0,0.0,XAUUSD.u,STR S8,
3542804,9748902,2026-08-26 02:21:51,1787710911957,1,0,26011001,9748902,3,0.01,4648.93,0.0,0.0,0.0,0.0,XAUUSD.u,STR S9,
3542847,9748907,2026-08-26 02:22:04,1787710924858,1,0,26011001,9748907,3,0.01,4647.38,0.0,0.0,0.0,0.0,XAUUSD.u,STR S10,
3542961,9748911,2026-08-26 02:23:10,1787710990172,1,0,26011001,9748911,3,0.06,4645.83,0.0,0.0,0.0,0.0,XAUUSD.u,STR S11,
3543124,9748914,2026-08-26 02:25:40,1787711140368,1,0,26011001,9748914,3,0.06,4644.28,0.0,0.0,0.0,0.0,XAUUSD.u,STR S12,
3543168,9796033,2026-08-26 02:26:20,1787711180769,0,1,26011001,9748891,4,0.01,4644.68,0.0,0.0,8.9,0.0,XAUUSD.u,[sl 4644.68],
3543169,9796034,2026-08-26 02:26:20,1787711180769,0,1,26011001,9748894,4,0.01,4644.68,0.0,0.0,7.35,0.0,XAUUSD.u,[sl 4644.68],
3543170,9796035,2026-08-26 02:26:20,1787711180987,0,1,26011001,9748899,4,0.01,4644.74,0.0,0.0,5.74,0.0,XAUUSD.u,[sl 4644.74],
3543171,9796037,2026-08-26 02:26:21,1787711181335,0,1,26011001,9748902,4,0.01,4644.76,0.0,0.0,4.17,0.0,XAUUSD.u,[sl 4644.76],
3543220,9796309,2026-08-26 02:28:03,1787711283381,0,1,26011001,9748907,4,0.01,4646.32,0.0,0.0,1.06,0.0,XAUUSD.u,[sl 4646.32],
3543247,9796433,2026-08-26 02:28:37,1787711317730,1,0,26011001,9796433,3,0.01,4647.38,0.0,0.0,0.0,0.0,XAUUSD.u,STR S10,
3543453,9797143,2026-08-26 02:33:45,1787711625253,1,0,26011001,9797143,3,0.01,4648.93,0.0,0.0,0.0,0.0,XAUUSD.u,STR S9,
3543516,9748917,2026-08-26 02:36:02,1787711762083,1,0,26011001,9748917,3,0.06,4642.73,0.0,0.0,0.0,0.0,XAUUSD.u,STR S13,
3543533,9748922,2026-08-26 02:36:03,1787711763871,1,0,26011001,9748922,3,0.06,4641.18,0.0,0.0,0.0,0.0,XAUUSD.u,STR S14,
3543545,9797837,2026-08-26 02:36:04,1787711764785,0,1,26011001,9748911,4,0.06,4641.7,0.0,0.0,24.78,0.0,XAUUSD.u,[sl 4641.70],
3543546,9797838,2026-08-26 02:36:04,1787711764785,0,1,26011001,9796433,4,0.01,4641.72,0.0,0.0,5.66,0.0,XAUUSD.u,[sl 4641.72],
3543547,9797839,2026-08-26 02:36:04,1787711764785,0,1,26011001,9797143,4,0.01,4641.74,0.0,0.0,7.19,0.0,XAUUSD.u,[sl 4641.74],
3543555,9797892,2026-08-26 02:36:28,1787711788480,0,1,26011001,9748914,4,0.06,4643.29,0.0,0.0,5.9399999999999995,0.0,XAUUSD.u,[sl 4643.29],
3543560,9797896,2026-08-26 02:36:31,1787711791503,1,0,26011001,9797896,3,0.06,4644.28,0.0,0.0,0.0,0.0,XAUUSD.u,STR S12,
3543616,9748924,2026-08-26 02:38:37,1787711917600,1,0,26011001,9748924,3,0.06,4639.63,0.0,0.0,0.0,0.0,XAUUSD.u,STR S15,
3543642,9798351,2026-08-26 02:38:57,1787711937706,0,1,26011001,9797896,3,0.06,4640.34,0.0,0.0,23.64,0.0,XAUUSD.u,STR CLOSE,
3543643,9798353,2026-08-26 02:38:57,1787711937820,1,1,26011001,9784842,3,0.01,4640.29,0.0,0.0,-24.14,0.0,XAUUSD.u,STR CLOSE,
3543644,9798354,2026-08-26 02:38:57,1787711937934,1,1,26011001,9784645,3,0.01,4640.29,0.0,0.0,-25.69,0.0,XAUUSD.u,STR CLOSE,
3543645,9798355,2026-08-26 02:38:58,1787711938046,1,1,26011001,9783367,3,0.01,4640.2,0.0,0.0,-27.33,0.0,XAUUSD.u,STR CLOSE,
3543646,9798356,2026-08-26 02:38:58,1787711938159,0,1,26011001,9748924,3,0.06,4640.24,0.0,0.0,-3.66,0.0,XAUUSD.u,STR CLOSE,
3543647,9798358,2026-08-26 02:38:58,1787711938293,0,1,26011001,9748922,3,0.06,4640.27,0.0,0.0,5.46,0.0,XAUUSD.u,STR CLOSE,
3543648,9798359,2026-08-26 02:38:58,1787711938412,0,1,26011001,9748917,3,0.06,4640.25,0.0,0.0,14.88,0.0,XAUUSD.u,STR CLOSE,
3543649,9798360,2026-08-26 02:38:58,1787711938526,1,1,26011001,9748888,3,0.01,4640.2,0.0,0.0,-31.98,0.0,XAUUSD.u,STR CLOSE,
3543650,9798362,2026-08-26 02:38:58,1787711938646,1,1,26011001,9748885,3,0.01,4640.2,0.0,0.0,-30.43,0.0,XAUUSD.u,STR CLOSE,
3543750,9798369,2026-08-26 02:40:39,1787712039046,1,0,26011001,9798369,3,0.01,4638.49,0.0,0.0,0.0,0.0,XAUUSD.u,STR S1,
3543894,9798371,2026-08-26 02:43:10,1787712190367,1,0,26011001,9798371,3,0.01,4636.94,0.0,0.0,0.0,0.0,XAUUSD.u,STR S2,
3544427,9798373,2026-08-26 02:53:51,1787712831314,1,0,26011001,9798373,3,0.01,4635.39,0.0,0.0,0.0,0.0,XAUUSD.u,STR S3,
3544479,9802059,2026-08-26 02:56:29,1787712989490,0,1,26011001,9798369,4,0.01,4637.61,0.0,0.0,0.88,0.0,XAUUSD.u,[sl 4637.61],
3544486,9802122,2026-08-26 02:57:03,1787713023649,1,0,26011001,9802122,3,0.01,4638.49,0.0,0.0,0.0,0.0,XAUUSD.u,STR S1,
3544544,9798376,2026-08-26 03:00:01,1787713201805,1,0,26011001,9798376,3,0.01,4633.84,0.0,0.0,0.0,0.0,XAUUSD.u,STR S4,
3544564,9798380,2026-08-26 03:00:02,1787713202509,1,0,26011001,9798380,3,0.01,4632.29,0.0,0.0,0.0,0.0,XAUUSD.u,STR S5,
3544581,9798384,2026-08-26 03:00:02,1787713202799,1,0,26011001,9798384,3,0.01,4630.74,0.0,0.0,0.0,0.0,XAUUSD.u,STR S6,
3544599,9802570,2026-08-26 03:00:03,1787713203670,0,1,26011001,9798371,4,0.01,4632.85,0.0,0.0,4.09,0.0,XAUUSD.u,[sl 4632.85],
3544600,9802574,2026-08-26 03:00:04,1787713204025,0,1,26011001,9802122,4,0.01,4634.28,0.0,0.0,4.21,0.0,XAUUSD.u,[sl 4634.28],
3544601,9802575,2026-08-26 03:00:04,1787713204056,0,1,26011001,9798373,4,0.01,4634.37,0.0,0.0,1.02,0.0,XAUUSD.u,[sl 4634.37],
3544629,9802615,2026-08-26 03:00:09,1787713209062,0,1,26011001,9798384,3,0.01,4634.54,0.0,0.0,-3.8,0.0,XAUUSD.u,STR CLOSE,
3544630,9802616,2026-08-26 03:00:09,1787713209176,0,1,26011001,9798380,3,0.01,4634.69,0.0,0.0,-2.4,0.0,XAUUSD.u,STR CLOSE,
3544632,9802618,2026-08-26 03:00:09,1787713209289,0,1,26011001,9798376,3,0.01,4634.51,0.0,0.0,-0.67,0.0,XAUUSD.u,STR CLOSE,
3544713,9802635,2026-08-26 03:00:17,1787713217869,0,0,26011001,9802635,3,0.01,4635.65,0.0,0.0,0.0,0.0,XAUUSD.u,STR B1,
3544725,9802638,2026-08-26 03:00:21,1787713221231,0,0,26011001,9802638,3,0.01,4637.19,0.0,0.0,0.0,0.0,XAUUSD.u,STR B2,
3544795,9802643,2026-08-26 03:00:24,1787713224441,0,0,26011001,9802643,3,0.01,4638.73,0.0,0.0,0.0,0.0,XAUUSD.u,STR B3,
3544877,9802648,2026-08-26 03:00:48,1787713248678,0,0,26011001,9802648,3,0.01,4640.27,0.0,0.0,0.0,0.0,XAUUSD.u,STR B4,
3544935,9803074,2026-08-26 03:01:18,1787713278111,1,1,26011001,9802635,4,0.01,4639.6,0.0,0.0,3.95,0.0,XAUUSD.u,[sl 4639.60],
3544943,9803122,2026-08-26 03:01:34,1787713294427,1,1,26011001,9802638,4,0.01,4638.05,0.0,0.0,0.86,0.0,XAUUSD.u,[sl 4638.05],
3544946,9803133,2026-08-26 03:01:36,1787713296803,0,0,26011001,9803133,3,0.01,4637.19,0.0,0.0,0.0,0.0,XAUUSD.u,STR B2,
3544975,9802651,2026-08-26 03:03:00,1787713380890,0,0,26011001,9802651,3,0.01,4641.81,0.0,0.0,0.0,0.0,XAUUSD.u,STR B5,
3544988,9803396,2026-08-26 03:03:24,1787713404153,1,1,26011001,9803133,4,0.01,4641.09,0.0,0.0,3.9,0.0,XAUUSD.u,[sl 4641.09],
3544994,9803427,2026-08-26 03:03:41,1787713421422,1,1,26011001,9802643,4,0.01,4639.54,0.0,0.0,0.81,0.0,XAUUSD.u,[sl 4639.54],
3545011,9802659,2026-08-26 03:04:21,1787713461385,0,0,26011001,9802659,3,0.01,4643.35,0.0,0.0,0.0,0.0,XAUUSD.u,STR B6,
3545117,9802662,2026-08-26 03:04:25,1787713465214,0,0,26011001,9802662,3,0.01,4644.89,0.0,0.0,0.0,0.0,XAUUSD.u,STR B7,
3545147,9803680,2026-08-26 03:04:32,1787713472391,1,1,26011001,9802662,3,0.01,4645.0,0.0,0.0,0.11,0.0,XAUUSD.u,STR CLOSE,
3545149,9803682,2026-08-26 03:04:32,1787713472515,1,1,26011001,9802659,3,0.01,4645.0,0.0,0.0,1.65,0.0,XAUUSD.u,STR CLOSE,
3545150,9803684,2026-08-26 03:04:32,1787713472628,1,1,26011001,9802651,3,0.01,4645.03,0.0,0.0,3.22,0.0,XAUUSD.u,STR CLOSE,
3545152,9803686,2026-08-26 03:04:32,1787713472742,1,1,26011001,9802648,3,0.01,4645.08,0.0,0.0,4.8100000000000005,0.0,XAUUSD.u,STR CLOSE,
3545248,9803697,2026-08-26 03:04:58,1787713498803,0,0,26011001,9803697,3,0.01,4646.39,0.0,0.0,0.0,0.0,XAUUSD.u,STR B1,
3545353,9803699,2026-08-26 03:07:46,1787713666984,1,0,26011001,9803699,3,0.01,4643.29,0.0,0.0,0.0,0.0,XAUUSD.u,STR S1,
3545378,9803702,2026-08-26 03:08:01,1787713681167,1,0,26011001,9803702,3,0.01,4641.74,0.0,0.0,0.0,0.0,XAUUSD.u,STR S2,
3545638,9803700,2026-08-26 03:16:26,1787714186171,0,0,26011001,9803700,3,0.01,4647.94,0.0,0.0,0.0,0.0,XAUUSD.u,STR B2,
3545732,9803703,2026-08-26 03:16:33,1787714193796,0,0,26011001,9803703,3,0.01,4649.49,0.0,0.0,0.0,0.0,XAUUSD.u,STR B3,
3545896,9806247,2026-08-26 03:18:50,1787714330633,1,1,26011001,9803697,4,0.01,4647.34,0.0,0.0,0.95,0.0,XAUUSD.u,[sl 4647.34],
3545945,9806385,2026-08-26 03:19:43,1787714383032,0,0,26011001,9806385,3,0.01,4646.39,0.0,0.0,0.0,0.0,XAUUSD.u,STR B1,
3546330,9803704,2026-08-26 03:33:50,1787715230240,1,0,26011001,9803704,3,0.01,4640.19,0.0,0.0,0.0,0.0,XAUUSD.u,STR S3,
3546388,9808527,2026-08-26 03:35:37,1787715337026,0,1,26011001,9803699,4,0.01,4642.21,0.0,0.0,1.08,0.0,XAUUSD.u,[sl 4642.21],
3546416,9808680,2026-08-26 03:36:26,1787715386404,1,0,26011001,9808680,3,0.01,4643.29,0.0,0.0,0.0,0.0,XAUUSD.u,STR S1,
3546640,9809555,2026-08-26 03:42:25,1787715745300,0,1,26011001,9808680,4,0.01,4643.04,0.0,0.0,0.25,0.0,XAUUSD.u,[sl 4643.04],
3546642,9809561,2026-08-26 03:42:26,1787715746628,1,0,26011001,9809561,3,0.01,4643.29,0.0,0.0,0.0,0.0,XAUUSD.u,STR S1,
3546872,9803706,2026-08-26 03:49:51,1787716191670,0,0,26011001,9803706,3,0.01,4651.04,0.0,0.0,0.0,0.0,XAUUSD.u,STR B4,
3546994,9803709,2026-08-26 03:50:31,1787716231942,0,0,26011001,9803709,3,0.01,4652.59,0.0,0.0,0.0,0.0,XAUUSD.u,STR B5,
3547051,9810904,2026-08-26 03:51:10,1787716270480,1,1,26011001,9803700,4,0.01,4651.42,0.0,0.0,3.48,0.0,XAUUSD.u,[sl 4651.42],
3547052,9810905,2026-08-26 03:51:10,1787716270480,1,1,26011001,9806385,4,0.01,4651.42,0.0,0.0,5.03,0.0,XAUUSD.u,[sl 4651.42],
3547752,9803712,2026-08-26 03:55:57,1787716557492,0,0,26011001,9803712,3,0.01,4654.14,0.0,0.0,0.0,0.0,XAUUSD.u,STR B6,
3547903,9803715,2026-08-26 03:57:16,1787716636681,0,0,26011001,9803715,3,0.01,4655.69,0.0,0.0,0.0,0.0,XAUUSD.u,STR B7,
3548149,9803718,2026-08-26 03:57:37,1787716657708,0,0,26011001,9803718,3,0.01,4657.24,0.0,0.0,0.0,0.0,XAUUSD.u,STR B8,
3548183,9803721,2026-08-26 03:57:48,1787716668113,0,0,26011001,9803721,3,0.01,4658.79,0.0,0.0,0.0,0.0,XAUUSD.u,STR B9,
3548209,9803724,2026-08-26 03:58:02,1787716682673,0,0,26011001,9803724,3,0.01,4660.34,0.0,0.0,0.0,0.0,XAUUSD.u,STR B10,
3548243,9812794,2026-08-26 03:58:44,1787716724612,1,1,26011001,9803709,4,0.01,4659.38,0.0,0.0,6.79,0.0,XAUUSD.u,[sl 4659.38],
3548244,9812795,2026-08-26 03:58:44,1787716724612,1,1,26011001,9803712,4,0.01,4659.38,0.0,0.0,5.24,0.0,XAUUSD.u,[sl 4659.38],
3548245,9812797,2026-08-26 03:58:44,1787716724710,1,1,26011001,9803703,4,0.01,4659.37,0.0,0.0,9.88,0.0,XAUUSD.u,[sl 4659.37],
3548246,9812798,2026-08-26 03:58:44,1787716724710,1,1,26011001,9803706,4,0.01,4659.37,0.0,0.0,8.33,0.0,XAUUSD.u,[sl 4659.37],
3548247,9812799,2026-08-26 03:58:44,1787716724710,1,1,26011001,9803715,4,0.01,4659.37,0.0,0.0,3.68,0.0,XAUUSD.u,[sl 4659.37],
3548278,9812900,2026-08-26 03:59:21,1787716761164,1,1,26011001,9803718,4,0.01,4657.81,0.0,0.0,0.57,0.0,XAUUSD.u,[sl 4657.81],
3548289,9812942,2026-08-26 03:59:35,1787716775169,0,0,26011001,9812942,3,0.01,4657.24,0.0,0.0,0.0,0.0,XAUUSD.u,STR B8,
3548327,9813041,2026-08-26 04:00:16,1787716816481,0,0,26011001,9813041,3,0.01,4655.69,0.0,0.0,0.0,0.0,XAUUSD.u,STR B7,
3548424,9813675,2026-08-26 04:05:05,1787717105596,1,1,26011001,9813041,4,0.01,4658.97,0.0,0.0,3.2800000000000002,0.0,XAUUSD.u,[sl 4658.97],
3548574,9814540,2026-08-26 04:11:48,1787717508288,1,1,26011001,9812942,4,0.01,4658.71,0.0,0.0,1.47,0.0,XAUUSD.u,[sl 4658.71],
3548836,9816575,2026-08-26 04:27:59,1787718479413,0,0,26011001,9816575,3,0.01,4657.24,0.0,0.0,0.0,0.0,XAUUSD.u,STR B8,
3548984,9803728,2026-08-26 04:30:48,1787718648663,0,0,26011001,9803728,3,0.06,4661.89,0.0,0.0,0.0,0.0,XAUUSD.u,STR B11,
3549096,9817365,2026-08-26 04:31:32,1787718692028,1,1,26011001,9816575,4,0.01,4661.02,0.0,0.0,3.7800000000000002,0.0,XAUUSD.u,[sl 4661.02],
3549098,9817371,2026-08-26 04:31:36,1787718696162,1,1,26011001,9803721,4,0.01,4659.47,0.0,0.0,0.68,0.0,XAUUSD.u,[sl 4659.47],
3549122,9803731,2026-08-26 04:33:21,1787718801223,0,0,26011001,9803731,3,0.06,4663.44,0.0,0.0,0.0,0.0,XAUUSD.u,STR B12,
3549194,9803735,2026-08-26 04:35:11,1787718911502,0,0,26011001,9803735,3,0.06,4664.99,0.0,0.0,0.0,0.0,XAUUSD.u,STR B13,
3549219,9817933,2026-08-26 04:35:18,1787718918080,0,1,26011001,9809561,3,0.01,4665.38,0.0,0.0,-22.09,0.0,XAUUSD.u,STR CLOSE,
3549220,9817934,2026-08-26 04:35:18,1787718918193,1,1,26011001,9803735,3,0.06,4665.33,0.0,0.0,2.04,0.0,XAUUSD.u,STR CLOSE,
3549221,9817935,2026-08-26 04:35:18,1787718918306,1,1,26011001,9803731,3,0.06,4665.32,0.0,0.0,11.28,0.0,XAUUSD.u,STR CLOSE,
3549222,9817937,2026-08-26 04:35:18,1787718918419,1,1,26011001,9803728,3,0.06,4665.32,0.0,0.0,20.58,0.0,XAUUSD.u,STR CLOSE,
3549223,9817938,2026-08-26 04:35:18,1787718918536,1,1,26011001,9803724,3,0.01,4665.25,0.0,0.0,4.91,0.0,XAUUSD.u,STR CLOSE,
3549224,9817939,2026-08-26 04:35:18,1787718918650,0,1,26011001,9803704,3,0.01,4665.35,0.0,0.0,-25.16,0.0,XAUUSD.u,STR CLOSE,
3549226,9817941,2026-08-26 04:35:18,1787718918772,0,1,26011001,9803702,3,0.01,4665.36,0.0,0.0,-23.62,0.0,XAUUSD.u,STR CLOSE,
3549250,9817948,2026-08-26 04:36:12,1787718972755,1,0,26011001,9817948,3,0.01,4663.69,0.0,0.0,0.0,0.0,XAUUSD.u,STR S1,
3549251,9817952,2026-08-26 04:36:14,1787718974529,1,0,26011001,9817952,3,0.01,4662.13,0.0,0.0,0.0,0.0,XAUUSD.u,STR S2,
3549273,9817956,2026-08-26 04:37:15,1787719035912,1,0,26011001,9817956,3,0.01,4660.57,0.0,0.0,0.0,0.0,XAUUSD.u,STR S3,
3549298,9818402,2026-08-26 04:38:35,1787719115921,0,1,26011001,9817948,4,0.01,4662.67,0.0,0.0,1.02,0.0,XAUUSD.u,[sl 4662.67],
3549307,9818439,2026-08-26 04:38:55,1787719135953,1,0,26011001,9818439,3,0.01,4663.69,0.0,0.0,0.0,0.0,XAUUSD.u,STR S1,
3549417,9817947,2026-08-26 04:41:37,1787719297361,0,0,26011001,9817947,3,0.01,4666.81,0.0,0.0,0.0,0.0,XAUUSD.u,STR B1,
3549464,9817950,2026-08-26 04:42:13,1787719333911,0,0,26011001,9817950,3,0.01,4668.37,0.0,0.0,0.0,0.0,XAUUSD.u,STR B2,
3549534,9817955,2026-08-26 04:43:24,1787719404940,0,0,26011001,9817955,3,0.01,4669.93,0.0,0.0,0.0,0.0,XAUUSD.u,STR B3,
3549605,9819210,2026-08-26 04:44:22,1787719462400,1,1,26011001,9817947,4,0.01,4667.69,0.0,0.0,0.88,0.0,XAUUSD.u,[sl 4667.69],
3549777,9819790,2026-08-26 04:48:29,1787719709872,0,0,26011001,9819790,3,0.01,4666.81,0.0,0.0,0.0,0.0,XAUUSD.u,STR B1,
3550377,9817959,2026-08-26 04:57:11,1787720231830,1,0,26011001,9817959,3,0.01,4659.01,0.0,0.0,0.0,0.0,XAUUSD.u,STR S4,
3550448,9821378,2026-08-26 04:58:38,1787720318353,0,1,26011001,9818439,4,0.01,4659.63,0.0,0.0,4.06,0.0,XAUUSD.u,[sl 4659.63],
3550488,9817961,2026-08-26 05:00:04,1787720404591,1,0,26011001,9817961,3,0.01,4657.45,0.0,0.0,0.0,0.0,XAUUSD.u,STR S5,
3550526,9817963,2026-08-26 05:00:30,1787720430268,1,0,26011001,9817963,3,0.01,4655.89,0.0,0.0,0.0,0.0,XAUUSD.u,STR S6,
3550551,9817965,2026-08-26 05:00:30,1787720430739,1,0,26011001,9817965,3,0.01,4654.33,0.0,0.0,0.0,0.0,XAUUSD.u,STR S7,
3550652,9821750,2026-08-26 05:00:52,1787720452154,0,1,26011001,9817952,4,0.01,4655.16,0.0,0.0,6.97,0.0,XAUUSD.u,[sl 4655.16],
3550653,9821751,2026-08-26 05:00:52,1787720452154,0,1,26011001,9817956,4,0.01,4655.16,0.0,0.0,5.41,0.0,XAUUSD.u,[sl 4655.16],
3550654,9821752,2026-08-26 05:00:52,1787720452155,0,1,26011001,9817959,4,0.01,4655.16,0.0,0.0,3.85,0.0,XAUUSD.u,[sl 4655.16],
3550668,9821834,2026-08-26 05:01:33,1787720493575,0,1,26011001,9817961,4,0.01,4656.71,0.0,0.0,0.74,0.0,XAUUSD.u,[sl 4656.71],
3550693,9821944,2026-08-26 05:02:25,1787720545671,1,0,26011001,9821944,3,0.01,4657.45,0.0,0.0,0.0,0.0,XAUUSD.u,STR S5,
3550825,9817967,2026-08-26 05:07:15,1787720835260,1,0,26011001,9817967,3,0.01,4652.77,0.0,0.0,0.0,0.0,XAUUSD.u,STR S8,
3550881,9817969,2026-08-26 05:07:30,1787720850770,1,0,26011001,9817969,3,0.01,4651.21,0.0,0.0,0.0,0.0,XAUUSD.u,STR S9,
3551008,9817972,2026-08-26 05:09:36,1787720976621,1,0,26011001,9817972,3,0.01,4649.65,0.0,0.0,0.0,0.0,XAUUSD.u,STR S10,
3551115,9817974,2026-08-26 05:11:09,1787721069201,1,0,26011001,9817974,3,0.06,4648.09,0.0,0.0,0.0,0.0,XAUUSD.u,STR S11,
3551150,9823140,2026-08-26 05:11:20,1787721080162,0,1,26011001,9817963,4,0.01,4648.92,0.0,0.0,6.97,0.0,XAUUSD.u,[sl 4648.92],
3551151,9823141,2026-08-26 05:11:20,1787721080162,0,1,26011001,9817965,4,0.01,4648.92,0.0,0.0,5.41,0.0,XAUUSD.u,[sl 4648.92],
3551152,9823142,2026-08-26 05:11:20,1787721080162,0,1,26011001,9817967,4,0.01,4648.92,0.0,0.0,3.85,0.0,XAUUSD.u,[sl 4648.92],
3551153,9823143,2026-08-26 05:11:20,1787721080162,0,1,26011001,9821944,4,0.01,4648.92,0.0,0.0,8.53,0.0,XAUUSD.u,[sl 4648.92],
3551250,9817977,2026-08-26 05:17:29,1787721449394,1,0,26011001,9817977,3,0.06,4646.53,0.0,0.0,0.0,0.0,XAUUSD.u,STR S12,
3551275,9823836,2026-08-26 05:18:52,1787721532691,0,1,26011001,9817969,4,0.01,4647.76,0.0,0.0,3.45,0.0,XAUUSD.u,[sl 4647.76],
3551326,9824121,2026-08-26 05:21:20,1787721680741,0,1,26011001,9817972,4,0.01,4649.13,0.0,0.0,0.52,0.0,XAUUSD.u,[sl 4649.13],
3551334,9824148,2026-08-26 05:21:31,1787721691628,1,0,26011001,9824148,3,0.01,4649.65,0.0,0.0,0.0,0.0,XAUUSD.u,STR S10,
3551772,9825323,2026-08-26 05:30:31,1787722231144,1,0,26011001,9825323,3,0.01,4651.21,0.0,0.0,0.0,0.0,XAUUSD.u,STR S9,
3552142,9817981,2026-08-26 05:45:02,1787723102308,1,0,26011001,9817981,3,0.06,4644.97,0.0,0.0,0.0,0.0,XAUUSD.u,STR S13,
3552154,9827129,2026-08-26 05:45:07,1787723107642,0,1,26011001,9825323,3,0.01,4644.99,0.0,0.0,6.22,0.0,XAUUSD.u,STR CLOSE,
3552155,9827130,2026-08-26 05:45:07,1787723107768,0,1,26011001,9824148,3,0.01,4645.03,0.0,0.0,4.62,0.0,XAUUSD.u,STR CLOSE,
3552156,9827131,2026-08-26 05:45:07,1787723107882,1,1,26011001,9819790,3,0.01,4644.94,0.0,0.0,-21.87,0.0,XAUUSD.u,STR CLOSE,
3552157,9827133,2026-08-26 05:45:07,1787723107995,0,1,26011001,9817981,3,0.06,4644.96,0.0,0.0,0.06,0.0,XAUUSD.u,STR CLOSE,
3552158,9827135,2026-08-26 05:45:08,1787723108128,0,1,26011001,9817977,3,0.06,4644.96,0.0,0.0,9.42,0.0,XAUUSD.u,STR CLOSE,
3552159,9827136,2026-08-26 05:45:08,1787723108244,0,1,26011001,9817974,3,0.06,4644.97,0.0,0.0,18.72,0.0,XAUUSD.u,STR CLOSE,
3552160,9827138,2026-08-26 05:45:08,1787723108357,1,1,26011001,9817955,3,0.01,4644.92,0.0,0.0,-25.01,0.0,XAUUSD.u,STR CLOSE,
3552161,9827140,2026-08-26 05:45:08,1787723108474,1,1,26011001,9817950,3,0.01,4644.92,0.0,0.0,-23.45,0.0,XAUUSD.u,STR CLOSE,
3552216,9827146,2026-08-26 05:45:53,1787723153211,1,0,26011001,9827146,3,0.01,4643.28,0.0,0.0,0.0,0.0,XAUUSD.u,STR S1,
3553172,9827149,2026-08-26 06:15:20,1787724920866,1,0,26011001,9827149,3,0.01,4641.73,0.0,0.0,0.0,0.0,XAUUSD.u,STR S2,
3553897,9827151,2026-08-26 06:40:11,1787726411495,1,0,26011001,9827151,3,0.01,4640.18,0.0,0.0,0.0,0.0,XAUUSD.u,STR S3,
3554451,9836168,2026-08-26 07:01:41,1787727701678,0,1,26011001,9827146,4,0.01,4642.04,0.0,0.0,1.24,0.0,XAUUSD.u,[sl 4642.04],
3554506,9836374,2026-08-26 07:02:58,1787727778977,1,0,26011001,9836374,3,0.01,4643.28,0.0,0.0,0.0,0.0,XAUUSD.u,STR S1,
3555391,9827145,2026-08-26 07:30:15,1787729415704,0,0,26011001,9827145,3,0.01,4646.38,0.0,0.0,0.0,0.0,XAUUSD.u,STR B1,
3555596,9827147,2026-08-26 07:30:26,1787729426909,0,0,26011001,9827147,3,0.01,4647.93,0.0,0.0,0.0,0.0,XAUUSD.u,STR B2,
3555637,9827150,2026-08-26 07:30:42,1787729442171,0,0,26011001,9827150,3,0.01,4649.48,0.0,0.0,0.0,0.0,XAUUSD.u,STR B3,
3555668,9840754,2026-08-26 07:31:07,1787729467496,1,1,26011001,9827145,4,0.01,4646.48,0.0,0.0,0.1,0.0,XAUUSD.u,[sl 4646.48],
3555691,9840797,2026-08-26 07:31:37,1787729497877,0,0,26011001,9840797,3,0.01,4646.38,0.0,0.0,0.0,0.0,XAUUSD.u,STR B1,
3556233,9842183,2026-08-26 07:40:00,1787730000737,0,1,26011001,9836374,4,0.01,4641.84,0.0,0.0,1.44,0.0,XAUUSD.u,[sl 4641.84],
3556325,9842262,2026-08-26 07:40:51,1787730051382,1,0,26011001,9842262,3,0.01,4643.28,0.0,0.0,0.0,0.0,XAUUSD.u,STR S1,
3556548,9827154,2026-08-26 07:44:41,1787730281693,1,0,26011001,9827154,3,0.01,4638.63,0.0,0.0,0.0,0.0,XAUUSD.u,STR S4,
3556649,9827156,2026-08-26 07:45:03,1787730303176,1,0,26011001,9827156,3,0.01,4637.08,0.0,0.0,0.0,0.0,XAUUSD.u,STR S5,
3556706,9843035,2026-08-26 07:45:16,1787730316229,0,1,26011001,9827149,4,0.01,4637.88,0.0,0.0,3.85,0.0,XAUUSD.u,[sl 4637.88],
3556707,9843036,2026-08-26 07:45:16,1787730316229,0,1,26011001,9842262,4,0.01,4637.88,0.0,0.0,5.4,0.0,XAUUSD.u,[sl 4637.88],
3556845,9843394,2026-08-26 07:48:07,1787730487769,0,1,26011001,9827151,4,0.01,4638.7,0.0,0.0,1.48,0.0,XAUUSD.u,[sl 4638.70],
3556860,9843427,2026-08-26 07:48:26,1787730506678,1,0,26011001,9843427,3,0.01,4640.18,0.0,0.0,0.0,0.0,XAUUSD.u,STR S3,
3557378,9845384,2026-08-26 08:04:01,1787731441596,0,1,26011001,9843427,4,0.01,4639.42,0.0,0.0,0.76,0.0,XAUUSD.u,[sl 4639.42],
3557392,9845407,2026-08-26 08:04:14,1787731454757,1,0,26011001,9845407,3,0.01,4640.18,0.0,0.0,0.0,0.0,XAUUSD.u,STR S3,
3557647,9846446,2026-08-26 08:12:17,1787731937344,0,1,26011001,9845407,4,0.01,4639.35,0.0,0.0,0.83,0.0,XAUUSD.u,[sl 4639.35],
3557710,9827158,2026-08-26 08:15:21,1787732121828,1,0,26011001,9827158,3,0.01,4635.53,0.0,0.0,0.0,0.0,XAUUSD.u,STR S6,
3557858,9827161,2026-08-26 08:16:34,1787732194640,1,0,26011001,9827161,3,0.01,4633.98,0.0,0.0,0.0,0.0,XAUUSD.u,STR S7,
3557972,9827164,2026-08-26 08:18:04,1787732284449,1,0,26011001,9827164,3,0.01,4632.43,0.0,0.0,0.0,0.0,XAUUSD.u,STR S8,
3558046,9847446,2026-08-26 08:18:31,1787732311409,0,1,26011001,9827154,4,0.01,4632.94,0.0,0.0,5.6899999999999995,0.0,XAUUSD.u,[sl 4632.94],
3558047,9847447,2026-08-26 08:18:31,1787732311409,0,1,26011001,9827156,4,0.01,4632.94,0.0,0.0,4.14,0.0,XAUUSD.u,[sl 4632.94],
3558123,9847647,2026-08-26 08:20:01,1787732401303,0,1,26011001,9827158,4,0.01,4634.48,0.0,0.0,1.05,0.0,XAUUSD.u,[sl 4634.48],
3558158,9827166,2026-08-26 08:21:35,1787732495738,1,0,26011001,9827166,3,0.01,4630.88,0.0,0.0,0.0,0.0,XAUUSD.u,STR S9,
3558252,9827168,2026-08-26 08:22:23,1787732543487,1,0,26011001,9827168,3,0.01,4629.33,0.0,0.0,0.0,0.0,XAUUSD.u,STR S10,
3558303,9848073,2026-08-26 08:22:32,1787732552669,0,1,26011001,9827161,4,0.01,4630.51,0.0,0.0,3.4699999999999998,0.0,XAUUSD.u,[sl 4630.51],
3558366,9827170,2026-08-26 08:23:21,1787732601423,1,0,26011001,9827170,3,0.06,4627.78,0.0,0.0,0.0,0.0,XAUUSD.u,STR S11,
3558428,9827172,2026-08-26 08:23:29,1787732609237,1,0,26011001,9827172,3,0.06,4626.23,0.0,0.0,0.0,0.0,XAUUSD.u,STR S12,
3558466,9848375,2026-08-26 08:24:08,1787732648186,0,1,26011001,9827164,4,0.01,4627.73,0.0,0.0,4.7,0.0,XAUUSD.u,[sl 4627.73],
3558467,9848376,2026-08-26 08:24:08,1787732648186,0,1,26011001,9827166,4,0.01,4627.73,0.0,0.0,3.15,0.0,XAUUSD.u,[sl 4627.73],
3558640,9848765,2026-08-26 08:26:00,1787732760031,0,1,26011001,9827168,4,0.01,4628.06,0.0,0.0,1.27,0.0,XAUUSD.u,[sl 4628.06],
3558889,9849656,2026-08-26 08:31:51,1787733111232,1,0,26011001,9849656,3,0.01,4629.33,0.0,0.0,0.0,0.0,XAUUSD.u,STR S10,
3559024,9850172,2026-08-26 08:35:00,1787733300140,1,0,26011001,9850172,3,0.01,4630.88,0.0,0.0,0.0,0.0,XAUUSD.u,STR S9,
3559180,9850874,2026-08-26 08:39:41,1787733581076,0,1,26011001,9850172,4,0.01,4630.47,0.0,0.0,0.41,0.0,XAUUSD.u,[sl 4630.47],
3559197,9850920,2026-08-26 08:40:04,1787733604422,1,0,26011001,9850920,3,0.01,4630.88,0.0,0.0,0.0,0.0,XAUUSD.u,STR S9,
3559249,9851140,2026-08-26 08:41:39,1787733699683,1,0,26011001,9851140,3,0.01,4632.43,0.0,0.0,0.0,0.0,XAUUSD.u,STR S8,
3559489,9851638,2026-08-26 08:44:11,1787733851087,1,0,26011001,9851638,3,0.01,4633.98,0.0,0.0,0.0,0.0,XAUUSD.u,STR S7,
3559711,9852033,2026-08-26 08:47:25,1787734045965,1,0,26011001,9852033,3,0.01,4635.53,0.0,0.0,0.0,0.0,XAUUSD.u,STR S6,
3560397,9853678,2026-08-26 08:56:50,1787734610914,0,1,26011001,9852033,4,0.01,4632.22,0.0,0.0,3.31,0.0,XAUUSD.u,[sl 4632.22],
3560471,9853959,2026-08-26 08:59:02,1787734742195,0,1,26011001,9851638,4,0.01,4633.76,0.0,0.0,0.22,0.0,XAUUSD.u,[sl 4633.76],
3560498,9853994,2026-08-26 08:59:12,1787734752173,1,0,26011001,9853994,3,0.01,4633.98,0.0,0.0,0.0,0.0,XAUUSD.u,STR S7,
3560576,9854167,2026-08-26 09:00:10,1787734810953,1,0,26011001,9854167,3,0.01,4635.53,0.0,0.0,0.0,0.0,XAUUSD.u,STR S6,
3560695,9854525,2026-08-26 09:01:59,1787734919168,1,0,26011001,9854525,3,0.01,4637.08,0.0,0.0,0.0,0.0,XAUUSD.u,STR S5,
3560763,9854621,2026-08-26 09:02:20,1787734940953,1,0,26011001,9854621,3,0.01,4638.63,0.0,0.0,0.0,0.0,XAUUSD.u,STR S4,
3561391,9856071,2026-08-26 09:09:15,1787735355989,0,1,26011001,9854621,4,0.01,4634.86,0.0,0.0,3.77,0.0,XAUUSD.u,[sl 4634.86],
3561517,9856400,2026-08-26 09:11:22,1787735482585,0,1,26011001,9854525,4,0.01,4636.4,0.0,0.0,0.68,0.0,XAUUSD.u,[sl 4636.40],
3561784,9857320,2026-08-26 09:17:23,1787735843848,1,0,26011001,9857320,3,0.01,4637.08,0.0,0.0,0.0,0.0,XAUUSD.u,STR S5,
3562003,9857911,2026-08-26 09:21:14,1787736074648,0,1,26011001,9857320,4,0.01,4633.79,0.0,0.0,3.29,0.0,XAUUSD.u,[sl 4633.79],
3562159,9858418,2026-08-26 09:24:31,1787736271061,0,1,26011001,9854167,4,0.01,4635.33,0.0,0.0,0.2,0.0,XAUUSD.u,[sl 4635.33],
3562238,9858588,2026-08-26 09:25:43,1787736343815,1,0,26011001,9858588,3,0.01,4635.53,0.0,0.0,0.0,0.0,XAUUSD.u,STR S6,
3562602,9859649,2026-08-26 09:32:42,1787736762165,0,1,26011001,9858588,4,0.01,4634.09,0.0,0.0,1.44,0.0,XAUUSD.u,[sl 4634.09],
3562668,9859841,2026-08-26 09:34:11,1787736851857,1,0,26011001,9859841,3,0.01,4635.53,0.0,0.0,0.0,0.0,XAUUSD.u,STR S6,
3563014,9860785,2026-08-26 09:41:20,1787737280507,0,1,26011001,9851140,4,0.01,4630.0,0.0,0.0,2.43,0.0,XAUUSD.u,[sl 4630.00],
3563015,9860786,2026-08-26 09:41:20,1787737280507,0,1,26011001,9853994,4,0.01,4630.0,0.0,0.0,3.98,0.0,XAUUSD.u,[sl 4630.00],
3563016,9860787,2026-08-26 09:41:20,1787737280508,0,1,26011001,9859841,4,0.01,4630.0,0.0,0.0,5.53,0.0,XAUUSD.u,[sl 4630.00],
3563198,9861505,2026-08-26 09:48:18,1787737698789,1,0,26011001,9861505,3,0.01,4632.43,0.0,0.0,0.0,0.0,XAUUSD.u,STR S8,
3563242,9861580,2026-08-26 09:49:21,1787737761146,1,0,26011001,9861580,3,0.01,4633.98,0.0,0.0,0.0,0.0,XAUUSD.u,STR S7,
3563374,9862034,2026-08-26 09:52:18,1787737938373,0,1,26011001,9861580,4,0.01,4629.45,0.0,0.0,4.53,0.0,XAUUSD.u,[sl 4629.45],
3563558,9862538,2026-08-26 09:55:58,1787738158855,0,1,26011001,9861505,3,0.01,4626.82,0.0,0.0,5.61,0.0,XAUUSD.u,STR CLOSE,
3563559,9862539,2026-08-26 09:55:58,1787738158968,0,1,26011001,9850920,3,0.01,4626.82,0.0,0.0,4.06,0.0,XAUUSD.u,STR CLOSE,
3563560,9862540,2026-08-26 09:55:59,1787738159081,0,1,26011001,9849656,3,0.01,4626.87,0.0,0.0,2.46,0.0,XAUUSD.u,STR CLOSE,
3563561,9862541,2026-08-26 09:55:59,1787738159193,1,1,26011001,9840797,3,0.01,4626.86,0.0,0.0,-19.52,0.0,XAUUSD.u,STR CLOSE,
3563562,9862542,2026-08-26 09:55:59,1787738159307,0,1,26011001,9827172,3,0.06,4626.87,0.0,0.0,-3.84,0.0,XAUUSD.u,STR CLOSE,
3563563,9862543,2026-08-26 09:55:59,1787738159422,0,1,26011001,9827170,3,0.06,4626.87,0.0,0.0,5.46,0.0,XAUUSD.u,STR CLOSE,
3563564,9862545,2026-08-26 09:55:59,1787738159537,1,1,26011001,9827150,3,0.01,4626.86,0.0,0.0,-22.62,0.0,XAUUSD.u,STR CLOSE,
3563565,9862546,2026-08-26 09:55:59,1787738159650,1,1,26011001,9827147,3,0.01,4626.86,0.0,0.0,-21.07,0.0,XAUUSD.u,STR CLOSE,
3563579,9862548,2026-08-26 09:56:31,1787738191710,0,0,26011001,9862548,3,0.01,4628.48,0.0,0.0,0.0,0.0,XAUUSD.u,STR B1,
3563688,9862553,2026-08-26 09:59:51,1787738391640,0,0,26011001,9862553,3,0.01,4630.02,0.0,0.0,0.0,0.0,XAUUSD.u,STR B2,
3564216,9862551,2026-08-26 10:15:02,1787739302180,1,0,26011001,9862551,3,0.01,4625.4,0.0,0.0,0.0,0.0,XAUUSD.u,STR S1,
3564285,9862554,2026-08-26 10:15:05,1787739305151,1,0,26011001,9862554,3,0.01,4623.86,0.0,0.0,0.0,0.0,XAUUSD.u,STR S2,
3565000,9862556,2026-08-26 10:23:24,1787739804618,1,0,26011001,9862556,3,0.01,4622.32,0.0,0.0,0.0,0.0,XAUUSD.u,STR S3,
3565090,9867432,2026-08-26 10:24:35,1787739875120,0,1,26011001,9862551,4,0.01,4625.38,0.0,0.0,0.02,0.0,XAUUSD.u,[sl 4625.38],
3565092,9867433,2026-08-26 10:24:35,1787739875325,1,0,26011001,9867433,3,0.01,4625.4,0.0,0.0,0.0,0.0,XAUUSD.u,STR S1,
3567610,9862559,2026-08-26 11:20:12,1787743212545,1,0,26011001,9862559,3,0.01,4620.78,0.0,0.0,0.0,0.0,XAUUSD.u,STR S4,
3567695,9862561,2026-08-26 11:21:07,1787743267911,1,0,26011001,9862561,3,0.01,4619.24,0.0,0.0,0.0,0.0,XAUUSD.u,STR S5,
3567722,9876734,2026-08-26 11:21:11,1787743271839,0,1,26011001,9862554,4,0.01,4620.27,0.0,0.0,3.59,0.0,XAUUSD.u,[sl 4620.27],
3567723,9876735,2026-08-26 11:21:11,1787743271840,0,1,26011001,9867433,4,0.01,4620.29,0.0,0.0,5.11,0.0,XAUUSD.u,[sl 4620.29],
3567990,9862563,2026-08-26 11:25:16,1787743516473,1,0,26011001,9862563,3,0.01,4617.7,0.0,0.0,0.0,0.0,XAUUSD.u,STR S6,
3568248,9878038,2026-08-26 11:26:00,1787743560389,0,1,26011001,9862556,4,0.01,4617.91,0.0,0.0,4.41,0.0,XAUUSD.u,[sl 4617.91],
3568272,9878148,2026-08-26 11:26:34,1787743594669,0,1,26011001,9862559,4,0.01,4619.45,0.0,0.0,1.33,0.0,XAUUSD.u,[sl 4619.45],
3568598,9879147,2026-08-26 11:33:26,1787744006133,1,0,26011001,9879147,3,0.01,4620.78,0.0,0.0,0.0,0.0,XAUUSD.u,STR S4,
3568612,9879554,2026-08-26 11:33:45,1787744025009,1,0,26011001,9879554,3,0.01,4622.32,0.0,0.0,0.0,0.0,XAUUSD.u,STR S3,
3569145,9881658,2026-08-26 11:46:45,1787744805001,1,0,26011001,9881658,3,0.01,4623.86,0.0,0.0,0.0,0.0,XAUUSD.u,STR S2,
3569316,9882125,2026-08-26 11:48:30,1787744910138,1,0,26011001,9882125,3,0.01,4625.4,0.0,0.0,0.0,0.0,XAUUSD.u,STR S1,
3569925,9884670,2026-08-26 12:03:28,1787745808498,0,1,26011001,9882125,4,0.01,4621.94,0.0,0.0,3.46,0.0,XAUUSD.u,[sl 4621.94],
3569962,9884766,2026-08-26 12:03:59,1787745839434,0,1,26011001,9881658,4,0.01,4623.49,0.0,0.0,0.37,0.0,XAUUSD.u,[sl 4623.49],
3569977,9884780,2026-08-26 12:04:01,1787745841074,1,0,26011001,9884780,3,0.01,4623.86,0.0,0.0,0.0,0.0,XAUUSD.u,STR S2,
3571902,9886450,2026-08-26 12:14:14,1787746454542,0,1,26011001,9884780,4,0.01,4619.28,0.0,0.0,4.58,0.0,XAUUSD.u,[sl 4619.28],
3572640,9887675,2026-08-26 12:21:03,1787746863656,0,1,26011001,9879554,4,0.01,4617.84,0.0,0.0,4.48,0.0,XAUUSD.u,[sl 4617.84],
3572749,9888070,2026-08-26 12:23:25,1787747005755,0,1,26011001,9879147,4,0.01,4619.3,0.0,0.0,1.48,0.0,XAUUSD.u,[sl 4619.30],
3572887,9862565,2026-08-26 12:25:52,1787747152615,1,0,26011001,9862565,3,0.01,4616.16,0.0,0.0,0.0,0.0,XAUUSD.u,STR S7,
3572983,9862567,2026-08-26 12:26:02,1787747162211,1,0,26011001,9862567,3,0.01,4614.62,0.0,0.0,0.0,0.0,XAUUSD.u,STR S8,
3573128,9888907,2026-08-26 12:27:46,1787747266351,0,1,26011001,9862561,4,0.01,4615.01,0.0,0.0,4.23,0.0,XAUUSD.u,[sl 4615.01],
3573283,9889418,2026-08-26 12:31:39,1787747499395,0,1,26011001,9862563,4,0.01,4616.55,0.0,0.0,1.15,0.0,XAUUSD.u,[sl 4616.55],
3573358,9889531,2026-08-26 12:32:05,1787747525649,1,0,26011001,9889531,3,0.01,4617.7,0.0,0.0,0.0,0.0,XAUUSD.u,STR S6,
3573415,9889748,2026-08-26 12:33:46,1787747626414,1,0,26011001,9889748,3,0.01,4619.24,0.0,0.0,0.0,0.0,XAUUSD.u,STR S5,
3573640,9890373,2026-08-26 12:37:35,1787747855128,1,0,26011001,9890373,3,0.01,4620.78,0.0,0.0,0.0,0.0,XAUUSD.u,STR S4,
3573758,9890626,2026-08-26 12:38:21,1787747901881,1,0,26011001,9890626,3,0.01,4622.32,0.0,0.0,0.0,0.0,XAUUSD.u,STR S3,
3573842,9890789,2026-08-26 12:39:23,1787747963137,1,0,26011001,9890789,3,0.01,4623.86,0.0,0.0,0.0,0.0,XAUUSD.u,STR S2,
3574515,9893880,2026-08-26 12:58:49,1787749129270,0,1,26011001,9890789,3,0.01,4619.31,0.0,0.0,4.55,0.0,XAUUSD.u,STR CLOSE,
3574516,9893881,2026-08-26 12:58:49,1787749129382,0,1,26011001,9890626,3,0.01,4619.31,0.0,0.0,3.01,0.0,XAUUSD.u,STR CLOSE,
3574517,9893882,2026-08-26 12:58:49,1787749129496,0,1,26011001,9890373,3,0.01,4619.24,0.0,0.0,1.54,0.0,XAUUSD.u,STR CLOSE,
3574518,9893883,2026-08-26 12:58:49,1787749129609,0,1,26011001,9889748,3,0.01,4619.24,0.0,0.0,0.0,0.0,XAUUSD.u,STR CLOSE,
3574519,9893884,2026-08-26 12:58:49,1787749129722,0,1,26011001,9889531,3,0.01,4619.24,0.0,0.0,-1.54,0.0,XAUUSD.u,STR CLOSE,
3574520,9893885,2026-08-26 12:58:49,1787749129836,0,1,26011001,9862567,3,0.01,4619.21,0.0,0.0,-4.59,0.0,XAUUSD.u,STR CLOSE,
3574525,9893890,2026-08-26 12:58:49,1787749129948,0,1,26011001,9862565,3,0.01,4619.24,0.0,0.0,-3.08,0.0,XAUUSD.u,STR CLOSE,
3574527,9893892,2026-08-26 12:58:50,1787749130061,1,1,26011001,9862553,3,0.01,4619.23,0.0,0.0,-10.79,0.0,XAUUSD.u,STR CLOSE,
3574528,9893893,2026-08-26 12:58:50,1787749130176,1,1,26011001,9862548,3,0.01,4619.23,0.0,0.0,-9.25,0.0,XAUUSD.u,STR CLOSE,
3574554,9893897,2026-08-26 12:59:29,1787749169969,0,0,26011001,9893897,3,0.01,4620.9,0.0,0.0,0.0,0.0,XAUUSD.u,STR B1,
3574941,9893898,2026-08-26 13:08:45,1787749725655,1,0,26011001,9893898,3,0.01,4617.82,0.0,0.0,0.0,0.0,XAUUSD.u,STR S1,
3575390,9893899,2026-08-26 13:18:30,1787750310016,0,0,26011001,9893899,3,0.01,4622.44,0.0,0.0,0.0,0.0,XAUUSD.u,STR B2,
3577192,9893902,2026-08-26 13:57:19,1787752639853,0,0,26011001,9893902,3,0.01,4623.98,0.0,0.0,0.0,0.0,XAUUSD.u,STR B3,
3577429,9893904,2026-08-26 14:00:56,1787752856816,0,0,26011001,9893904,3,0.01,4625.52,0.0,0.0,0.0,0.0,XAUUSD.u,STR B4,
3577544,9893906,2026-08-26 14:01:22,1787752882052,0,0,26011001,9893906,3,0.01,4627.06,0.0,0.0,0.0,0.0,XAUUSD.u,STR B5,
3577681,9893910,2026-08-26 14:02:45,1787752965941,0,0,26011001,9893910,3,0.01,4628.6,0.0,0.0,0.0,0.0,XAUUSD.u,STR B6,
3577688,9904990,2026-08-26 14:02:52,1787752972059,1,1,26011001,9893910,3,0.01,4628.42,0.0,0.0,-0.18,0.0,XAUUSD.u,STR CLOSE,
3577689,9904991,2026-08-26 14:02:52,1787752972179,1,1,26011001,9893906,3,0.01,4628.6,0.0,0.0,1.54,0.0,XAUUSD.u,STR CLOSE,
3577691,9904993,2026-08-26 14:02:52,1787752972293,1,1,26011001,9893904,3,0.01,4628.6,0.0,0.0,3.08,0.0,XAUUSD.u,STR CLOSE,
3577692,9904994,2026-08-26 14:02:52,1787752972407,1,1,26011001,9893902,3,0.01,4628.6,0.0,0.0,4.62,0.0,XAUUSD.u,STR CLOSE,
3577693,9904995,2026-08-26 14:02:52,1787752972521,1,1,26011001,9893899,3,0.01,4628.6,0.0,0.0,6.16,0.0,XAUUSD.u,STR CLOSE,
3577694,9904996,2026-08-26 14:02:52,1787752972637,0,1,26011001,9893898,3,0.01,4628.51,0.0,0.0,-10.69,0.0,XAUUSD.u,STR CLOSE,
3577695,9904997,2026-08-26 14:02:52,1787752972752,1,1,26011001,9893897,3,0.01,4628.59,0.0,0.0,7.6899999999999995,0.0,XAUUSD.u,STR CLOSE,
3577748,9905004,2026-08-26 14:03:25,1787753005364,1,0,26011001,9905004,3,0.01,4627.17,0.0,0.0,0.0,0.0,XAUUSD.u,STR S1,
3577766,9905006,2026-08-26 14:03:42,1787753022277,1,0,26011001,9905006,3,0.01,4625.63,0.0,0.0,0.0,0.0,XAUUSD.u,STR S2,
3579058,9905003,2026-08-26 14:27:31,1787754451576,0,0,26011001,9905003,3,0.01,4630.25,0.0,0.0,0.0,0.0,XAUUSD.u,STR B1,
3579274,9905005,2026-08-26 14:30:00,1787754600453,0,0,26011001,9905005,3,0.01,4631.79,0.0,0.0,0.0,0.0,XAUUSD.u,STR B2,
3579360,9905007,2026-08-26 14:30:02,1787754602552,0,0,26011001,9905007,3,0.01,4633.33,0.0,0.0,0.0,0.0,XAUUSD.u,STR B3,
3579384,9909935,2026-08-26 14:30:04,1787754604593,1,1,26011001,9905003,4,0.01,4630.31,0.0,0.0,0.06,0.0,XAUUSD.u,[sl 4630.31],
3579407,9909964,2026-08-26 14:30:05,1787754605436,0,0,26011001,9909964,3,0.01,4630.25,0.0,0.0,0.0,0.0,XAUUSD.u,STR B1,
3579486,9905008,2026-08-26 14:30:08,1787754608277,1,0,26011001,9905008,3,0.01,4624.09,0.0,0.0,0.0,0.0,XAUUSD.u,STR S3,
3579507,9905010,2026-08-26 14:30:08,1787754608318,1,0,26011001,9905010,3,0.01,4622.55,0.0,0.0,0.0,0.0,XAUUSD.u,STR S4,
3579526,9905012,2026-08-26 14:30:08,1787754608723,1,0,26011001,9905012,3,0.01,4621.01,0.0,0.0,0.0,0.0,XAUUSD.u,STR S5,
3579636,9905018,2026-08-26 14:30:09,1787754609853,1,0,26011001,9905018,3,0.01,4619.47,0.0,0.0,0.0,0.0,XAUUSD.u,STR S6,
3579678,9905021,2026-08-26 14:30:10,1787754610157,1,0,26011001,9905021,3,0.01,4617.93,0.0,0.0,0.0,0.0,XAUUSD.u,STR S7,
3579695,9910243,2026-08-26 14:30:10,1787754610707,0,1,26011001,9905004,4,0.01,4618.92,0.0,0.0,8.25,0.0,XAUUSD.u,[sl 4618.92],
3579696,9910244,2026-08-26 14:30:10,1787754610707,0,1,26011001,9905006,4,0.01,4618.67,0.0,0.0,6.96,0.0,XAUUSD.u,[sl 4618.67],
3579697,9910245,2026-08-26 14:30:10,1787754610707,0,1,26011001,9905008,4,0.01,4619.26,0.0,0.0,4.83,0.0,XAUUSD.u,[sl 4619.26],
3579698,9910246,2026-08-26 14:30:10,1787754610736,0,1,26011001,9905012,4,0.01,4620.35,0.0,0.0,0.66,0.0,XAUUSD.u,[sl 4620.35],
3579787,9905023,2026-08-26 14:30:17,1787754617712,1,0,26011001,9905023,3,0.01,4616.39,0.0,0.0,0.0,0.0,XAUUSD.u,STR S8,
3579826,9910494,2026-08-26 14:30:20,1787754620357,0,1,26011001,9905010,4,0.01,4616.89,0.0,0.0,5.66,0.0,XAUUSD.u,[sl 4616.89],
3579867,9910582,2026-08-26 14:30:22,1787754622941,0,1,26011001,9905018,4,0.01,4618.58,0.0,0.0,0.89,0.0,XAUUSD.u,[sl 4618.58],
3579920,9910687,2026-08-26 14:30:28,1787754628191,1,0,26011001,9910687,3,0.01,4619.47,0.0,0.0,0.0,0.0,XAUUSD.u,STR S6,
3580021,9910816,2026-08-26 14:30:53,1787754653108,1,0,26011001,9910816,3,0.01,4621.01,0.0,0.0,0.0,0.0,XAUUSD.u,STR S5,
3580064,9910888,2026-08-26 14:31:10,1787754670055,0,1,26011001,9910816,4,0.01,4620.85,0.0,0.0,0.16,0.0,XAUUSD.u,[sl 4620.85],
3580072,9910896,2026-08-26 14:31:11,1787754671771,1,0,26011001,9910896,3,0.01,4621.01,0.0,0.0,0.0,0.0,XAUUSD.u,STR S5,
3580120,9905026,2026-08-26 14:31:25,1787754685817,1,0,26011001,9905026,3,0.01,4614.85,0.0,0.0,0.0,0.0,XAUUSD.u,STR S9,
3580147,9911098,2026-08-26 14:31:27,1787754687675,0,1,26011001,9910687,4,0.01,4615.46,0.0,0.0,4.01,0.0,XAUUSD.u,[sl 4615.46],
3580148,9911099,2026-08-26 14:31:27,1787754687675,0,1,26011001,9910896,4,0.01,4615.5,0.0,0.0,5.51,0.0,XAUUSD.u,[sl 4615.50],
3580241,9905032,2026-08-26 14:31:37,1787754697241,1,0,26011001,9905032,3,0.01,4613.31,0.0,0.0,0.0,0.0,XAUUSD.u,STR S10,
3580254,9911406,2026-08-26 14:31:37,1787754697828,0,1,26011001,9905021,4,0.01,4614.65,0.0,0.0,3.2800000000000002,0.0,XAUUSD.u,[sl 4614.65],
3580359,9911853,2026-08-26 14:31:55,1787754715837,0,1,26011001,9905023,4,0.01,4615.63,0.0,0.0,0.76,0.0,XAUUSD.u,[sl 4615.63],
3580448,9912328,2026-08-26 14:32:27,1787754747415,1,0,26011001,9912328,3,0.01,4619.47,0.0,0.0,0.0,0.0,XAUUSD.u,STR S6,
3580492,9912298,2026-08-26 14:32:32,1787754752459,1,0,26011001,9912298,3,0.01,4617.93,0.0,0.0,0.0,0.0,XAUUSD.u,STR S7,
3580495,9912270,2026-08-26 14:32:33,1787754753260,1,0,26011001,9912270,3,0.01,4616.39,0.0,0.0,0.0,0.0,XAUUSD.u,STR S8,
3580592,9913051,2026-08-26 14:33:05,1787754785627,0,1,26011001,9912328,4,0.01,4618.6,0.0,0.0,0.87,0.0,XAUUSD.u,[sl 4618.60],
3580662,9913428,2026-08-26 14:33:32,1787754812570,1,0,26011001,9913428,3,0.01,4619.47,0.0,0.0,0.0,0.0,XAUUSD.u,STR S6,
3580731,9913568,2026-08-26 14:33:51,1787754831038,1,0,26011001,9913568,3,0.01,4621.01,0.0,0.0,0.0,0.0,XAUUSD.u,STR S5,
3580783,9913748,2026-08-26 14:34:22,1787754862850,1,0,26011001,9913748,3,0.01,4622.55,0.0,0.0,0.0,0.0,XAUUSD.u,STR S4,
3580813,9913816,2026-08-26 14:34:33,1787754873560,1,0,26011001,9913816,3,0.01,4625.63,0.0,0.0,0.0,0.0,XAUUSD.u,STR S2,
3580892,9913798,2026-08-26 14:34:47,1787754887720,1,0,26011001,9913798,3,0.01,4624.09,0.0,0.0,0.0,0.0,XAUUSD.u,STR S3,
3580921,9914003,2026-08-26 14:35:06,1787754906156,0,1,26011001,9913816,4,0.01,4624.73,0.0,0.0,0.9,0.0,XAUUSD.u,[sl 4624.73],
3581037,9914262,2026-08-26 14:35:56,1787754956669,0,1,26011001,9913798,4,0.01,4619.77,0.0,0.0,4.32,0.0,XAUUSD.u,[sl 4619.77],
3581080,9914440,2026-08-26 14:36:41,1787755001820,0,1,26011001,9913748,4,0.01,4621.1,0.0,0.0,1.45,0.0,XAUUSD.u,[sl 4621.10],
3581134,9914581,2026-08-26 14:37:15,1787755035341,1,0,26011001,9914581,3,0.01,4622.55,0.0,0.0,0.0,0.0,XAUUSD.u,STR S4,
3581147,9914618,2026-08-26 14:37:26,1787755046207,1,0,26011001,9914618,3,0.01,4624.09,0.0,0.0,0.0,0.0,XAUUSD.u,STR S3,
3581163,9914652,2026-08-26 14:37:35,1787755055040,1,0,26011001,9914652,3,0.01,4625.63,0.0,0.0,0.0,0.0,XAUUSD.u,STR S2,
3581314,9914984,2026-08-26 14:39:08,1787755148866,0,1,26011001,9914652,4,0.01,4621.15,0.0,0.0,4.48,0.0,XAUUSD.u,[sl 4621.15],
3581334,9915041,2026-08-26 14:39:29,1787755169283,0,1,26011001,9914618,4,0.01,4622.0,0.0,0.0,2.09,0.0,XAUUSD.u,[sl 4622.00],
3581409,9915324,2026-08-26 14:40:35,1787755235674,0,1,26011001,9914581,3,0.01,4618.07,0.0,0.0,4.48,0.0,XAUUSD.u,STR CLOSE,
3581410,9915329,2026-08-26 14:40:35,1787755235788,0,1,26011001,9913568,3,0.01,4617.38,0.0,0.0,3.63,0.0,XAUUSD.u,STR CLOSE,
3581411,9915333,2026-08-26 14:40:35,1787755235901,0,1,26011001,9913428,3,0.01,4617.42,0.0,0.0,2.05,0.0,XAUUSD.u,STR CLOSE,
3581428,9915343,2026-08-26 14:40:36,1787755236013,0,1,26011001,9912298,3,0.01,4617.42,0.0,0.0,0.51,0.0,XAUUSD.u,STR CLOSE,
3581429,9915344,2026-08-26 14:40:36,1787755236134,0,1,26011001,9912270,3,0.01,4617.42,0.0,0.0,-1.03,0.0,XAUUSD.u,STR CLOSE,
3581436,9915351,2026-08-26 14:40:36,1787755236247,1,1,26011001,9909964,3,0.01,4617.41,0.0,0.0,-12.84,0.0,XAUUSD.u,STR CLOSE,
3581437,9915352,2026-08-26 14:40:36,1787755236364,0,1,26011001,9905032,3,0.01,4617.42,0.0,0.0,-4.11,0.0,XAUUSD.u,STR CLOSE,
3581438,9915353,2026-08-26 14:40:36,1787755236477,0,1,26011001,9905026,3,0.01,4617.42,0.0,0.0,-2.57,0.0,XAUUSD.u,STR CLOSE,
3581439,9915356,2026-08-26 14:40:36,1787755236592,1,1,26011001,9905007,3,0.01,4617.45,0.0,0.0,-15.88,0.0,XAUUSD.u,STR CLOSE,
3581440,9915359,2026-08-26 14:40:36,1787755236704,1,1,26011001,9905005,3,0.01,4617.48,0.0,0.0,-14.31,0.0,XAUUSD.u,STR CLOSE,
3581513,9915393,2026-08-26 14:41:11,1787755271959,0,0,26011001,9915393,3,0.01,4619.26,0.0,0.0,0.0,0.0,XAUUSD.u,STR B1,
3581576,9915399,2026-08-26 14:41:38,1787755298264,0,0,26011001,9915399,3,0.01,4620.8,0.0,0.0,0.0,0.0,XAUUSD.u,STR B2,
3581642,9915396,2026-08-26 14:42:29,1787755349763,1,0,26011001,9915396,3,0.01,4616.18,0.0,0.0,0.0,0.0,XAUUSD.u,STR S1,
3581795,9915405,2026-08-26 14:43:41,1787755421984,0,0,26011001,9915405,3,0.01,4622.34,0.0,0.0,0.0,0.0,XAUUSD.u,STR B3,
3581848,9915411,2026-08-26 14:43:50,1787755430949,0,0,26011001,9915411,3,0.01,4623.88,0.0,0.0,0.0,0.0,XAUUSD.u,STR B4,
3581903,9915418,2026-08-26 14:44:06,1787755446294,0,0,26011001,9915418,3,0.01,4625.42,0.0,0.0,0.0,0.0,XAUUSD.u,STR B5,
3581920,9917260,2026-08-26 14:44:16,1787755456881,1,1,26011001,9915393,4,0.01,4624.01,0.0,0.0,4.75,0.0,XAUUSD.u,[sl 4624.01],
3581967,9917438,2026-08-26 14:45:03,1787755503940,1,1,26011001,9915399,4,0.01,4622.21,0.0,0.0,1.41,0.0,XAUUSD.u,[sl 4622.21],
3582032,9917731,2026-08-26 14:46:15,1787755575248,0,0,26011001,9917731,3,0.01,4620.8,0.0,0.0,0.0,0.0,XAUUSD.u,STR B2,
3582063,9917829,2026-08-26 14:46:34,1787755594155,0,0,26011001,9917829,3,0.01,4619.26,0.0,0.0,0.0,0.0,XAUUSD.u,STR B1,
3582280,9918705,2026-08-26 14:50:26,1787755826663,1,1,26011001,9917829,3,0.01,4625.1,0.0,0.0,5.84,0.0,XAUUSD.u,STR CLOSE,
3582281,9918706,2026-08-26 14:50:26,1787755826776,1,1,26011001,9917731,3,0.01,4625.1,0.0,0.0,4.3,0.0,XAUUSD.u,STR CLOSE,
3582283,9918708,2026-08-26 14:50:26,1787755826890,1,1,26011001,9915418,3,0.01,4625.1,0.0,0.0,-0.32,0.0,XAUUSD.u,STR CLOSE,
3582284,9918709,2026-08-26 14:50:27,1787755827003,1,1,26011001,9915411,3,0.01,4625.1,0.0,0.0,1.22,0.0,XAUUSD.u,STR CLOSE,
3582285,9918710,2026-08-26 14:50:27,1787755827117,1,1,26011001,9915405,3,0.01,4625.12,0.0,0.0,2.7800000000000002,0.0,XAUUSD.u,STR CLOSE,
3582286,9918711,2026-08-26 14:50:27,1787755827230,0,1,26011001,9915396,3,0.01,4625.13,0.0,0.0,-8.95,0.0,XAUUSD.u,STR CLOSE,
3582346,9918720,2026-08-26 14:51:37,1787755897505,1,0,26011001,9918720,3,0.01,4623.53,0.0,0.0,0.0,0.0,XAUUSD.u,STR S1,
3582364,9918722,2026-08-26 14:52:15,1787755935653,1,0,26011001,9918722,3,0.01,4621.99,0.0,0.0,0.0,0.0,XAUUSD.u,STR S2,
3582380,9918724,2026-08-26 14:52:28,1787755948312,1,0,26011001,9918724,3,0.01,4620.45,0.0,0.0,0.0,0.0,XAUUSD.u,STR S3,
3582448,9918726,2026-08-26 14:52:43,1787755963062,1,0,26011001,9918726,3,0.01,4618.91,0.0,0.0,0.0,0.0,XAUUSD.u,STR S4,
3582484,9919351,2026-08-26 14:52:53,1787755973453,0,1,26011001,9918726,3,0.01,4619.22,0.0,0.0,-0.31,0.0,XAUUSD.u,STR CLOSE,
3582485,9919352,2026-08-26 14:52:53,1787755973567,0,1,26011001,9918724,3,0.01,4619.35,0.0,0.0,1.1,0.0,XAUUSD.u,STR CLOSE,
3582486,9919354,2026-08-26 14:52:53,1787755973682,0,1,26011001,9918722,3,0.01,4619.35,0.0,0.0,2.64,0.0,XAUUSD.u,STR CLOSE,
3582487,9919355,2026-08-26 14:52:53,1787755973797,0,1,26011001,9918720,3,0.01,4619.37,0.0,0.0,4.16,0.0,XAUUSD.u,STR CLOSE,
3582569,9919359,2026-08-26 14:54:08,1787756048669,1,0,26011001,9919359,3,0.01,4617.56,0.0,0.0,0.0,0.0,XAUUSD.u,STR S1,
3582623,9919363,2026-08-26 14:54:27,1787756067279,1,0,26011001,9919363,3,0.01,4616.02,0.0,0.0,0.0,0.0,XAUUSD.u,STR S2,
3582633,9919365,2026-08-26 14:54:27,1787756067391,1,0,26011001,9919365,3,0.01,4614.48,0.0,0.0,0.0,0.0,XAUUSD.u,STR S3,
3582666,9919368,2026-08-26 14:54:28,1787756068937,1,0,26011001,9919368,3,0.01,4612.94,0.0,0.0,0.0,0.0,XAUUSD.u,STR S4,
3582702,9919371,2026-08-26 14:54:29,1787756069202,1,0,26011001,9919371,3,0.01,4611.4,0.0,0.0,0.0,0.0,XAUUSD.u,STR S5,
3582730,9920317,2026-08-26 14:54:33,1787756073549,0,1,26011001,9919359,4,0.01,4613.39,0.0,0.0,4.17,0.0,XAUUSD.u,[sl 4613.39],
3582735,9920370,2026-08-26 14:54:35,1787756075575,0,1,26011001,9919371,3,0.01,4613.29,0.0,0.0,-1.8900000000000001,0.0,XAUUSD.u,STR CLOSE,
3582736,9920373,2026-08-26 14:54:35,1787756075688,0,1,26011001,9919368,3,0.01,4613.03,0.0,0.0,-0.09,0.0,XAUUSD.u,STR CLOSE,
3582737,9920378,2026-08-26 14:54:35,1787756075800,0,1,26011001,9919365,3,0.01,4612.92,0.0,0.0,1.56,0.0,XAUUSD.u,STR CLOSE,
3582738,9920382,2026-08-26 14:54:35,1787756075914,0,1,26011001,9919363,3,0.01,4612.73,0.0,0.0,3.29,0.0,XAUUSD.u,STR CLOSE,
3582756,9920417,2026-08-26 14:54:43,1787756083870,0,0,26011001,9920417,3,0.01,4615.81,0.0,0.0,0.0,0.0,XAUUSD.u,STR B1,
3582790,9920427,2026-08-26 14:55:08,1787756108785,0,0,26011001,9920427,3,0.01,4617.35,0.0,0.0,0.0,0.0,XAUUSD.u,STR B2,
3582990,9920422,2026-08-26 15:00:02,1787756402284,1,0,26011001,9920422,3,0.01,4612.73,0.0,0.0,0.0,0.0,XAUUSD.u,STR S1,
3582997,9920431,2026-08-26 15:00:02,1787756402671,1,0,26011001,9920431,3,0.01,4611.19,0.0,0.0,0.0,0.0,XAUUSD.u,STR S2,
3583028,9920438,2026-08-26 15:00:03,1787756403331,1,0,26011001,9920438,3,0.01,4609.65,0.0,0.0,0.0,0.0,XAUUSD.u,STR S3,
3583050,9924996,2026-08-26 15:00:05,1787756405720,0,1,26011001,9920422,4,0.01,4612.3,0.0,0.0,0.43,0.0,XAUUSD.u,[sl 4612.30],
3583054,9925013,2026-08-26 15:00:06,1787756406697,1,0,26011001,9925013,3,0.01,4612.73,0.0,0.0,0.0,0.0,XAUUSD.u,STR S1,
3583110,9925625,2026-08-26 15:00:21,1787756421562,0,1,26011001,9925013,4,0.01,4612.5,0.0,0.0,0.23,0.0,XAUUSD.u,[sl 4612.50],
3583143,9926204,2026-08-26 15:00:39,1787756439719,1,0,26011001,9926204,3,0.01,4612.73,0.0,0.0,0.0,0.0,XAUUSD.u,STR S1,
3583277,9920435,2026-08-26 15:01:48,1787756508961,0,0,26011001,9920435,3,0.01,4618.89,0.0,0.0,0.0,0.0,XAUUSD.u,STR B3,
3583395,9920441,2026-08-26 15:02:30,1787756550276,0,0,26011001,9920441,3,0.01,4620.43,0.0,0.0,0.0,0.0,XAUUSD.u,STR B4,
3583466,9928691,2026-08-26 15:03:12,1787756592671,1,1,26011001,9920417,4,0.01,4620.4,0.0,0.0,4.59,0.0,XAUUSD.u,[sl 4620.40],
3583467,9928692,2026-08-26 15:03:12,1787756592671,1,1,26011001,9920427,4,0.01,4620.4,0.0,0.0,3.05,0.0,XAUUSD.u,[sl 4620.40],
3583490,9928795,2026-08-26 15:03:21,1787756601770,0,0,26011001,9928795,3,0.01,4617.35,0.0,0.0,0.0,0.0,XAUUSD.u,STR B2,
3583705,9931497,2026-08-26 15:05:28,1787756728038,0,1,26011001,9926204,4,0.01,4612.54,0.0,0.0,0.19,0.0,XAUUSD.u,[sl 4612.54],
3583724,9931749,2026-08-26 15:05:42,1787756742181,1,0,26011001,9931749,3,0.01,4612.73,0.0,0.0,0.0,0.0,XAUUSD.u,STR S1,
3583800,9929255,2026-08-26 15:06:21,1787756781725,0,0,26011001,9929255,3,0.01,4615.81,0.0,0.0,0.0,0.0,XAUUSD.u,STR B1,
3584044,9936721,2026-08-26 15:09:15,1787756955178,0,1,26011001,9931749,4,0.01,4610.64,0.0,0.0,2.09,0.0,XAUUSD.u,[sl 4610.64],
3584599,9945784,2026-08-26 15:14:17,1787757257726,1,0,26011001,9945784,3,0.01,4612.73,0.0,0.0,0.0,0.0,XAUUSD.u,STR S1,
3584659,9946822,2026-08-26 15:15:02,1787757302675,0,1,26011001,9945784,4,0.01,4611.69,0.0,0.0,1.04,0.0,XAUUSD.u,[sl 4611.69],
3584663,9946868,2026-08-26 15:15:04,1787757304930,1,0,26011001,9946868,3,0.01,4612.73,0.0,0.0,0.0,0.0,XAUUSD.u,STR S1,
3584743,9920445,2026-08-26 15:16:00,1787757360668,1,0,26011001,9920445,3,0.01,4608.11,0.0,0.0,0.0,0.0,XAUUSD.u,STR S4,
3584772,9920452,2026-08-26 15:16:01,1787757361231,1,0,26011001,9920452,3,0.01,4606.57,0.0,0.0,0.0,0.0,XAUUSD.u,STR S5,
3584785,9920458,2026-08-26 15:16:01,1787757361270,1,0,26011001,9920458,3,0.01,4605.03,0.0,0.0,0.0,0.0,XAUUSD.u,STR S6,
3584835,9920465,2026-08-26 15:16:01,1787757361300,1,0,26011001,9920465,3,0.01,4603.49,0.0,0.0,0.0,0.0,XAUUSD.u,STR S7,
3584876,9920474,2026-08-26 15:16:01,1787757361419,1,0,26011001,9920474,3,0.01,4601.95,0.0,0.0,0.0,0.0,XAUUSD.u,STR S8,
3584908,9920480,2026-08-26 15:16:01,1787757361648,1,0,26011001,9920480,3,0.01,4600.41,0.0,0.0,0.0,0.0,XAUUSD.u,STR S9,
3584956,9920486,2026-08-26 15:16:03,1787757363197,1,0,26011001,9920486,3,0.01,4598.87,0.0,0.0,0.0,0.0,XAUUSD.u,STR S10,
3584971,9948388,2026-08-26 15:16:04,1787757364129,0,1,26011001,9920431,4,0.01,4600.3,0.0,0.0,10.89,0.0,XAUUSD.u,[sl 4600.30],
3584972,9948389,2026-08-26 15:16:04,1787757364129,0,1,26011001,9920438,4,0.01,4600.5,0.0,0.0,9.15,0.0,XAUUSD.u,[sl 4600.50],
3584973,9948393,2026-08-26 15:16:04,1787757364171,0,1,26011001,9920452,4,0.01,4600.64,0.0,0.0,5.93,0.0,XAUUSD.u,[sl 4600.64],
3584974,9948398,2026-08-26 15:16:04,1787757364211,0,1,26011001,9920458,4,0.01,4600.71,0.0,0.0,4.32,0.0,XAUUSD.u,[sl 4600.71],
3584975,9948401,2026-08-26 15:16:04,1787757364273,0,1,26011001,9920445,4,0.01,4600.78,0.0,0.0,7.33,0.0,XAUUSD.u,[sl 4600.78],
3584976,9948402,2026-08-26 15:16:04,1787757364273,0,1,26011001,9946868,4,0.01,4600.78,0.0,0.0,11.95,0.0,XAUUSD.u,[sl 4600.78],
3585015,9948713,2026-08-26 15:16:09,1787757369716,0,1,26011001,9920465,4,0.01,4599.65,0.0,0.0,3.84,0.0,XAUUSD.u,[sl 4599.65],
3585035,9949103,2026-08-26 15:16:16,1787757376018,0,1,26011001,9920474,4,0.01,4601.3,0.0,0.0,0.65,0.0,XAUUSD.u,[sl 4601.30],
3585037,9949154,2026-08-26 15:16:16,1787757376778,1,0,26011001,9949154,3,0.01,4603.49,0.0,0.0,0.0,0.0,XAUUSD.u,STR S7,
3585136,9950100,2026-08-26 15:16:52,1787757412732,1,0,26011001,9950100,3,0.01,4605.03,0.0,0.0,0.0,0.0,XAUUSD.u,STR S6,
3585288,9951981,2026-08-26 15:17:59,1787757479974,1,0,26011001,9951981,3,0.01,4606.57,0.0,0.0,0.0,0.0,XAUUSD.u,STR S5,
3585378,9952933,2026-08-26 15:18:20,1787757500067,1,0,26011001,9952933,3,0.01,4612.73,0.0,0.0,0.0,0.0,XAUUSD.u,STR S1,
3585389,9952925,2026-08-26 15:18:21,1787757501807,1,0,26011001,9952925,3,0.01,4611.19,0.0,0.0,0.0,0.0,XAUUSD.u,STR S2,
3585399,9952914,2026-08-26 15:18:24,1787757504488,1,0,26011001,9952914,3,0.01,4609.65,0.0,0.0,0.0,0.0,XAUUSD.u,STR S3,
3585495,9954193,2026-08-26 15:19:03,1787757543347,0,1,26011001,9952933,4,0.01,4611.47,0.0,0.0,1.26,0.0,XAUUSD.u,[sl 4611.47],
3585564,9954614,2026-08-26 15:19:18,1787757558473,1,0,26011001,9954614,3,0.01,4612.73,0.0,0.0,0.0,0.0,XAUUSD.u,STR S1,
3585834,9952836,2026-08-26 15:21:10,1787757670162,1,0,26011001,9952836,3,0.01,4608.11,0.0,0.0,0.0,0.0,XAUUSD.u,STR S4,
3585857,9957224,2026-08-26 15:21:18,1787757678356,0,1,26011001,9954614,3,0.01,4607.33,0.0,0.0,5.4,0.0,XAUUSD.u,STR CLOSE,
3585858,9957230,2026-08-26 15:21:18,1787757678476,0,1,26011001,9952925,3,0.01,4607.29,0.0,0.0,3.9,0.0,XAUUSD.u,STR CLOSE,
3585859,9957236,2026-08-26 15:21:18,1787757678589,0,1,26011001,9952914,3,0.01,4607.34,0.0,0.0,2.31,0.0,XAUUSD.u,STR CLOSE,
3585861,9957241,2026-08-26 15:21:18,1787757678701,0,1,26011001,9952836,3,0.01,4607.45,0.0,0.0,0.66,0.0,XAUUSD.u,STR CLOSE,
3585862,9957242,2026-08-26 15:21:18,1787757678816,0,1,26011001,9951981,3,0.01,4607.45,0.0,0.0,-0.88,0.0,XAUUSD.u,STR CLOSE,
3585863,9957245,2026-08-26 15:21:18,1787757678928,0,1,26011001,9950100,3,0.01,4607.41,0.0,0.0,-2.38,0.0,XAUUSD.u,STR CLOSE,
3585864,9957246,2026-08-26 15:21:19,1787757679042,0,1,26011001,9949154,3,0.01,4607.41,0.0,0.0,-3.92,0.0,XAUUSD.u,STR CLOSE,
3585865,9957247,2026-08-26 15:21:19,1787757679163,1,1,26011001,9929255,3,0.01,4607.4,0.0,0.0,-8.41,0.0,XAUUSD.u,STR CLOSE,
3585867,9957253,2026-08-26 15:21:19,1787757679286,1,1,26011001,9928795,3,0.01,4607.2,0.0,0.0,-10.15,0.0,XAUUSD.u,STR CLOSE,
3585868,9957256,2026-08-26 15:21:19,1787757679401,0,1,26011001,9920486,3,0.01,4607.17,0.0,0.0,-8.3,0.0,XAUUSD.u,STR CLOSE,
3585869,9957257,2026-08-26 15:21:19,1787757679514,0,1,26011001,9920480,3,0.01,4607.17,0.0,0.0,-6.76,0.0,XAUUSD.u,STR CLOSE,
3585870,9957259,2026-08-26 15:21:19,1787757679628,1,1,26011001,9920441,3,0.01,4607.16,0.0,0.0,-13.27,0.0,XAUUSD.u,STR CLOSE,
3585872,9957267,2026-08-26 15:21:19,1787757679744,1,1,26011001,9920435,3,0.01,4606.62,0.0,0.0,-12.27,0.0,XAUUSD.u,STR CLOSE,
3585935,9957329,2026-08-26 15:21:34,1787757694489,1,0,26011001,9957329,3,0.01,4604.72,0.0,0.0,0.0,0.0,XAUUSD.u,STR S1,
3586036,9957322,2026-08-26 15:22:53,1787757773039,0,0,26011001,9957322,3,0.01,4607.8,0.0,0.0,0.0,0.0,XAUUSD.u,STR B1,
3586056,9957339,2026-08-26 15:23:01,1787757781810,0,0,26011001,9957339,3,0.01,4609.34,0.0,0.0,0.0,0.0,XAUUSD.u,STR B2,
3586103,9957345,2026-08-26 15:23:18,1787757798561,0,0,26011001,9957345,3,0.01,4610.88,0.0,0.0,0.0,0.0,XAUUSD.u,STR B3,
3586192,9962132,2026-08-26 15:24:12,1787757852493,1,1,26011001,9957322,4,0.01,4609.21,0.0,0.0,1.41,0.0,XAUUSD.u,[sl 4609.21],
3586301,9964543,2026-08-26 15:25:56,1787757956792,0,0,26011001,9964543,3,0.01,4607.8,0.0,0.0,0.0,0.0,XAUUSD.u,STR B1,
3586556,9957353,2026-08-26 15:29:29,1787758169569,0,0,26011001,9957353,3,0.01,4612.42,0.0,0.0,0.0,0.0,XAUUSD.u,STR B4,
3586576,9970208,2026-08-26 15:29:31,1787758171874,1,1,26011001,9964543,4,0.01,4611.14,0.0,0.0,3.34,0.0,XAUUSD.u,[sl 4611.14],
3586594,9970695,2026-08-26 15:29:49,1787758189788,1,1,26011001,9957339,4,0.01,4609.63,0.0,0.0,0.29,0.0,XAUUSD.u,[sl 4609.63],
3586642,9957366,2026-08-26 15:30:04,1787758204976,0,0,26011001,9957366,3,0.01,4613.96,0.0,0.0,0.0,0.0,XAUUSD.u,STR B5,
3586652,9957380,2026-08-26 15:30:05,1787758205541,0,0,26011001,9957380,3,0.01,4615.5,0.0,0.0,0.0,0.0,XAUUSD.u,STR B6,
3586707,9971539,2026-08-26 15:30:24,1787758224293,1,1,26011001,9957345,4,0.01,4615.29,0.0,0.0,4.41,0.0,XAUUSD.u,[sl 4615.29],
3586722,9971677,2026-08-26 15:30:32,1787758232461,1,1,26011001,9957353,4,0.01,4613.58,0.0,0.0,1.16,0.0,XAUUSD.u,[sl 4613.58],
3586890,9973508,2026-08-26 15:32:14,1787758334025,0,0,26011001,9973508,3,0.01,4612.42,0.0,0.0,0.0,0.0,XAUUSD.u,STR B4,
3586910,9973908,2026-08-26 15:32:29,1787758349077,0,0,26011001,9973908,3,0.01,4610.88,0.0,0.0,0.0,0.0,XAUUSD.u,STR B3,
3586993,9975389,2026-08-26 15:33:35,1787758415777,1,1,26011001,9973908,3,0.01,4615.96,0.0,0.0,5.08,0.0,XAUUSD.u,STR CLOSE,
3586995,9975392,2026-08-26 15:33:35,1787758415890,1,1,26011001,9973508,3,0.01,4615.96,0.0,0.0,3.54,0.0,XAUUSD.u,STR CLOSE,
3586996,9975394,2026-08-26 15:33:36,1787758416003,1,1,26011001,9957380,3,0.01,4616.01,0.0,0.0,0.51,0.0,XAUUSD.u,STR CLOSE,
3586997,9975397,2026-08-26 15:33:36,1787758416117,1,1,26011001,9957366,3,0.01,4616.01,0.0,0.0,2.05,0.0,XAUUSD.u,STR CLOSE,
3586999,9975401,2026-08-26 15:33:36,1787758416229,0,1,26011001,9957329,3,0.01,4616.04,0.0,0.0,-11.32,0.0,XAUUSD.u,STR CLOSE,
3587013,9975437,2026-08-26 15:33:52,1787758432926,0,0,26011001,9975437,3,0.01,4616.79,0.0,0.0,0.0,0.0,XAUUSD.u,STR B1,
3587091,9975445,2026-08-26 15:34:03,1787758443770,0,0,26011001,9975445,3,0.01,4618.33,0.0,0.0,0.0,0.0,XAUUSD.u,STR B2,
3587196,9975442,2026-08-26 15:35:24,1787758524099,1,0,26011001,9975442,3,0.01,4613.71,0.0,0.0,0.0,0.0,XAUUSD.u,STR S1,
3587626,9975446,2026-08-26 15:40:18,1787758818014,1,0,26011001,9975446,3,0.01,4612.17,0.0,0.0,0.0,0.0,XAUUSD.u,STR S2,
3587942,9975449,2026-08-26 15:42:30,1787758950738,0,0,26011001,9975449,3,0.01,4619.87,0.0,0.0,0.0,0.0,XAUUSD.u,STR B3,
3588094,9975457,2026-08-26 15:44:11,1787759051676,0,0,26011001,9975457,3,0.01,4621.41,0.0,0.0,0.0,0.0,XAUUSD.u,STR B4,
3588129,9984965,2026-08-26 15:44:21,1787759061872,1,1,26011001,9975437,4,0.01,4620.72,0.0,0.0,3.93,0.0,XAUUSD.u,[sl 4620.72],
3588166,9975463,2026-08-26 15:44:34,1787759074723,0,0,26011001,9975463,3,0.01,4622.95,0.0,0.0,0.0,0.0,XAUUSD.u,STR B5,
3588189,9985087,2026-08-26 15:44:49,1787759089092,1,1,26011001,9975445,4,0.01,4621.56,0.0,0.0,3.23,0.0,XAUUSD.u,[sl 4621.56],
3588207,9985122,2026-08-26 15:44:58,1787759098985,1,1,26011001,9975449,4,0.01,4620.02,0.0,0.0,0.15,0.0,XAUUSD.u,[sl 4620.02],
3588247,9985124,2026-08-26 15:45:43,1787759143833,0,0,26011001,9985124,3,0.01,4619.87,0.0,0.0,0.0,0.0,XAUUSD.u,STR B3,
3588491,9975468,2026-08-26 15:48:22,1787759302686,0,0,26011001,9975468,3,0.01,4624.49,0.0,0.0,0.0,0.0,XAUUSD.u,STR B6,
3588539,9986082,2026-08-26 15:48:42,1787759322592,1,1,26011001,9985124,4,0.01,4623.6,0.0,0.0,3.73,0.0,XAUUSD.u,[sl 4623.60],
3588561,9986185,2026-08-26 15:49:07,1787759347287,1,1,26011001,9975457,4,0.01,4622.29,0.0,0.0,0.88,0.0,XAUUSD.u,[sl 4622.29],
3588584,9986274,2026-08-26 15:49:28,1787759368280,0,0,26011001,9986274,3,0.01,4621.41,0.0,0.0,0.0,0.0,XAUUSD.u,STR B4,
3588633,9975474,2026-08-26 15:50:00,1787759400259,0,0,26011001,9975474,3,0.01,4626.03,0.0,0.0,0.0,0.0,XAUUSD.u,STR B7,
3588674,9986478,2026-08-26 15:50:08,1787759408261,1,1,26011001,9986274,4,0.01,4625.27,0.0,0.0,3.86,0.0,XAUUSD.u,[sl 4625.27],
3588682,9986492,2026-08-26 15:50:11,1787759411799,1,1,26011001,9975463,4,0.01,4623.89,0.0,0.0,0.94,0.0,XAUUSD.u,[sl 4623.89],
3588751,9986696,2026-08-26 15:51:21,1787759481086,0,0,26011001,9986696,3,0.01,4622.95,0.0,0.0,0.0,0.0,XAUUSD.u,STR B5,
3588887,9975479,2026-08-26 15:52:22,1787759542778,0,0,26011001,9975479,3,0.01,4627.57,0.0,0.0,0.0,0.0,XAUUSD.u,STR B8,
3588959,9987170,2026-08-26 15:52:32,1787759552818,1,1,26011001,9986696,4,0.01,4627.33,0.0,0.0,4.38,0.0,XAUUSD.u,[sl 4627.33],
3588976,9987197,2026-08-26 15:52:38,1787759558413,1,1,26011001,9975468,4,0.01,4625.84,0.0,0.0,1.35,0.0,XAUUSD.u,[sl 4625.84],
3589048,9987512,2026-08-26 15:53:32,1787759612746,0,0,26011001,9987512,3,0.01,4624.49,0.0,0.0,0.0,0.0,XAUUSD.u,STR B6,
3589297,9987898,2026-08-26 15:54:47,1787759687593,1,1,26011001,9987512,4,0.01,4624.89,0.0,0.0,0.4,0.0,XAUUSD.u,[sl 4624.89],
3589387,9987902,2026-08-26 15:55:04,1787759704188,0,0,26011001,9987902,3,0.01,4624.49,0.0,0.0,0.0,0.0,XAUUSD.u,STR B6,
3589482,9975489,2026-08-26 15:56:23,1787759783291,0,0,26011001,9975489,3,0.01,4629.11,0.0,0.0,0.0,0.0,XAUUSD.u,STR B9,
3589507,9988416,2026-08-26 15:56:42,1787759802738,1,1,26011001,9987902,4,0.01,4627.71,0.0,0.0,3.22,0.0,XAUUSD.u,[sl 4627.71],
3589652,9975497,2026-08-26 15:57:45,1787759865748,0,0,26011001,9975497,3,0.01,4630.65,0.0,0.0,0.0,0.0,XAUUSD.u,STR B10,
3589690,9988870,2026-08-26 15:58:12,1787759892689,1,1,26011001,9975474,4,0.01,4629.46,0.0,0.0,3.43,0.0,XAUUSD.u,[sl 4629.46],
3589833,9975504,2026-08-26 16:00:03,1787760003837,0,0,26011001,9975504,3,0.04,4632.19,0.0,0.0,0.0,0.0,XAUUSD.u,STR B11,
3589906,9990290,2026-08-26 16:00:29,1787760029526,1,1,26011001,9975479,4,0.01,4631.97,0.0,0.0,4.4,0.0,XAUUSD.u,[sl 4631.97],
3589917,9990547,2026-08-26 16:00:42,1787760042947,1,1,26011001,9975489,4,0.01,4630.35,0.0,0.0,1.24,0.0,XAUUSD.u,[sl 4630.35],
3589966,9990745,2026-08-26 16:01:09,1787760069283,0,0,26011001,9990745,3,0.01,4629.11,0.0,0.0,0.0,0.0,XAUUSD.u,STR B9,
3590091,9990988,2026-08-26 16:01:36,1787760096930,0,0,26011001,9990988,3,0.01,4627.57,0.0,0.0,0.0,0.0,XAUUSD.u,STR B8,
3590209,9991264,2026-08-26 16:01:56,1787760116797,0,0,26011001,9991264,3,0.01,4626.03,0.0,0.0,0.0,0.0,XAUUSD.u,STR B7,
3590352,9991481,2026-08-26 16:02:11,1787760131585,0,0,26011001,9991481,3,0.01,4622.95,0.0,0.0,0.0,0.0,XAUUSD.u,STR B5,
3590410,9991330,2026-08-26 16:02:29,1787760149025,0,0,26011001,9991330,3,0.01,4624.49,0.0,0.0,0.0,0.0,XAUUSD.u,STR B6,
3590577,9992188,2026-08-26 16:03:59,1787760239576,1,1,26011001,9991330,4,0.01,4627.79,0.0,0.0,3.3,0.0,XAUUSD.u,[sl 4627.79],
3590578,9992189,2026-08-26 16:03:59,1787760239576,1,1,26011001,9991481,4,0.01,4627.77,0.0,0.0,4.82,0.0,XAUUSD.u,[sl 4627.77],
3590589,9992228,2026-08-26 16:04:04,1787760244686,1,1,26011001,9991264,4,0.01,4626.23,0.0,0.0,0.2,0.0,XAUUSD.u,[sl 4626.23],
3590611,9992331,2026-08-26 16:04:24,1787760264418,0,0,26011001,9992331,3,0.01,4624.49,0.0,0.0,0.0,0.0,XAUUSD.u,STR B6,
3590736,9992674,2026-08-26 16:05:28,1787760328973,0,0,26011001,9992674,3,0.01,4622.95,0.0,0.0,0.0,0.0,XAUUSD.u,STR B5,
3590905,9992229,2026-08-26 16:06:29,1787760389922,0,0,26011001,9992229,3,0.01,4626.03,0.0,0.0,0.0,0.0,XAUUSD.u,STR B7,
3590972,9993506,2026-08-26 16:08:22,1787760502529,1,1,26011001,9992674,4,0.01,4623.17,0.0,0.0,0.22,0.0,XAUUSD.u,[sl 4623.17],
3591002,9993603,2026-08-26 16:08:38,1787760518624,0,0,26011001,9993603,3,0.01,4621.41,0.0,0.0,0.0,0.0,XAUUSD.u,STR B4,
3591033,9993517,2026-08-26 16:09:01,1787760541426,0,0,26011001,9993517,3,0.01,4622.95,0.0,0.0,0.0,0.0,XAUUSD.u,STR B5,
3591165,9994333,2026-08-26 16:11:28,1787760688161,1,1,26011001,9993603,4,0.01,4625.54,0.0,0.0,4.13,0.0,XAUUSD.u,[sl 4625.54],
3591185,9994389,2026-08-26 16:11:36,1787760696335,1,1,26011001,9993517,4,0.01,4624.0,0.0,0.0,1.05,0.0,XAUUSD.u,[sl 4624.00],
3591212,9994456,2026-08-26 16:11:58,1787760718059,0,0,26011001,9994456,3,0.01,4622.95,0.0,0.0,0.0,0.0,XAUUSD.u,STR B5,
3591239,9994593,2026-08-26 16:12:20,1787760740164,0,0,26011001,9994593,3,0.01,4621.41,0.0,0.0,0.0,0.0,XAUUSD.u,STR B4,
3591330,9995018,2026-08-26 16:14:08,1787760848234,0,0,26011001,9995018,3,0.01,4619.87,0.0,0.0,0.0,0.0,XAUUSD.u,STR B3,
3591464,9995915,2026-08-26 16:18:02,1787761082522,1,1,26011001,9995018,4,0.01,4620.85,0.0,0.0,0.98,0.0,XAUUSD.u,[sl 4620.85],
3591694,9997060,2026-08-26 16:22:40,1787761360102,1,1,26011001,9994593,4,0.01,4625.33,0.0,0.0,3.92,0.0,XAUUSD.u,[sl 4625.33],
3591700,9997123,2026-08-26 16:22:47,1787761367424,1,1,26011001,9994456,4,0.01,4624.06,0.0,0.0,1.11,0.0,XAUUSD.u,[sl 4624.06],
3591725,9997290,2026-08-26 16:23:26,1787761406046,0,0,26011001,9997290,3,0.01,4622.95,0.0,0.0,0.0,0.0,XAUUSD.u,STR B5,
3591748,9997426,2026-08-26 16:23:53,1787761433450,0,0,26011001,9997426,3,0.01,4621.41,0.0,0.0,0.0,0.0,XAUUSD.u,STR B4,
3591824,9997724,2026-08-26 16:24:51,1787761491638,0,0,26011001,9997724,3,0.01,4619.87,0.0,0.0,0.0,0.0,XAUUSD.u,STR B3,
3591973,9998500,2026-08-26 16:26:19,1787761579692,0,0,26011001,9998500,3,0.01,4616.79,0.0,0.0,0.0,0.0,XAUUSD.u,STR B1,
3592019,9998160,2026-08-26 16:26:41,1787761601001,0,0,26011001,9998160,3,0.01,4618.33,0.0,0.0,0.0,0.0,XAUUSD.u,STR B2,
3592913,10009736,2026-08-26 16:42:28,1787762548983,1,1,26011001,9998160,4,0.01,4621.43,0.0,0.0,3.1,0.0,XAUUSD.u,[sl 4621.43],
3592914,10009737,2026-08-26 16:42:28,1787762548983,1,1,26011001,9998500,4,0.01,4621.42,0.0,0.0,4.63,0.0,XAUUSD.u,[sl 4621.42],
3592957,10010609,2026-08-26 16:44:47,1787762687594,1,1,26011001,9997724,4,0.01,4621.95,0.0,0.0,2.08,0.0,XAUUSD.u,[sl 4621.95],
3593005,10011193,2026-08-26 16:46:25,1787762785285,0,0,26011001,10011193,3,0.01,4619.87,0.0,0.0,0.0,0.0,XAUUSD.u,STR B3,
3593049,10011395,2026-08-26 16:46:36,1787762796975,0,0,26011001,10011395,3,0.01,4616.79,0.0,0.0,0.0,0.0,XAUUSD.u,STR B1,
3593067,10011239,2026-08-26 16:46:45,1787762805038,0,0,26011001,10011239,3,0.01,4618.33,0.0,0.0,0.0,0.0,XAUUSD.u,STR B2,
3593339,9975453,2026-08-26 16:52:27,1787763147231,1,0,26011001,9975453,3,0.01,4610.63,0.0,0.0,0.0,0.0,XAUUSD.u,STR S3,
3593464,9975462,2026-08-26 16:54:19,1787763259575,1,0,26011001,9975462,3,0.01,4609.09,0.0,0.0,0.0,0.0,XAUUSD.u,STR S4,
3593521,9975465,2026-08-26 16:54:24,1787763264796,1,0,26011001,9975465,3,0.01,4607.55,0.0,0.0,0.0,0.0,XAUUSD.u,STR S5,
3593612,10021752,2026-08-26 16:54:58,1787763298993,0,1,26011001,9975442,4,0.01,4607.79,0.0,0.0,5.92,0.0,XAUUSD.u,[sl 4607.79],
3593613,10021753,2026-08-26 16:54:58,1787763298993,0,1,26011001,9975446,4,0.01,4607.79,0.0,0.0,4.38,0.0,XAUUSD.u,[sl 4607.79],
3593648,10022416,2026-08-26 16:55:14,1787763314016,0,1,26011001,9975453,4,0.01,4609.33,0.0,0.0,1.3,0.0,XAUUSD.u,[sl 4609.33],
3593742,10023496,2026-08-26 16:55:52,1787763352481,1,0,26011001,10023496,3,0.01,4612.17,0.0,0.0,0.0,0.0,XAUUSD.u,STR S2,
3593803,10023287,2026-08-26 16:56:23,1787763383622,1,0,26011001,10023287,3,0.01,4610.63,0.0,0.0,0.0,0.0,XAUUSD.u,STR S3,
3593868,9975471,2026-08-26 16:57:03,1787763423991,1,0,26011001,9975471,3,0.01,4606.01,0.0,0.0,0.0,0.0,XAUUSD.u,STR S6,
3593930,10025907,2026-08-26 16:57:20,1787763440407,0,1,26011001,10023287,4,0.01,4607.47,0.0,0.0,3.16,0.0,XAUUSD.u,[sl 4607.47],
3593931,10025908,2026-08-26 16:57:20,1787763440407,0,1,26011001,10023496,4,0.01,4607.47,0.0,0.0,4.7,0.0,XAUUSD.u,[sl 4607.47],
3594066,9975476,2026-08-26 16:59:57,1787763597479,1,0,26011001,9975476,3,0.01,4604.47,0.0,0.0,0.0,0.0,XAUUSD.u,STR S7,
3594111,9975484,2026-08-26 17:00:00,1787763600882,1,0,26011001,9975484,3,0.01,4602.93,0.0,0.0,0.0,0.0,XAUUSD.u,STR S8,
3594135,10030591,2026-08-26 17:00:06,1787763606795,0,1,26011001,9975462,4,0.01,4603.86,0.0,0.0,5.23,0.0,XAUUSD.u,[sl 4603.86],
3594136,10030592,2026-08-26 17:00:06,1787763606795,0,1,26011001,9975465,4,0.01,4603.86,0.0,0.0,3.69,0.0,XAUUSD.u,[sl 4603.86],
3594185,10031198,2026-08-26 17:00:26,1787763626817,0,1,26011001,9975471,4,0.01,4605.41,0.0,0.0,0.6,0.0,XAUUSD.u,[sl 4605.41],
3594222,9975494,2026-08-26 17:01:00,1787763660530,1,0,26011001,9975494,3,0.01,4601.39,0.0,0.0,0.0,0.0,XAUUSD.u,STR S9,
3594286,9975500,2026-08-26 17:01:05,1787763665594,1,0,26011001,9975500,3,0.01,4599.85,0.0,0.0,0.0,0.0,XAUUSD.u,STR S10,
3594296,10032607,2026-08-26 17:01:07,1787763667670,0,1,26011001,9975476,4,0.01,4601.36,0.0,0.0,3.11,0.0,XAUUSD.u,[sl 4601.36],
3594389,10033602,2026-08-26 17:01:38,1787763698755,0,1,26011001,9975484,4,0.01,4602.89,0.0,0.0,0.04,0.0,XAUUSD.u,[sl 4602.89],
3594390,10033608,2026-08-26 17:01:38,1787763698993,1,0,26011001,10033608,3,0.01,4602.93,0.0,0.0,0.0,0.0,XAUUSD.u,STR S8,
3594532,9975507,2026-08-26 17:02:52,1787763772558,1,0,26011001,9975507,3,0.04,4598.31,0.0,0.0,0.0,0.0,XAUUSD.u,STR S11,
3594545,9975513,2026-08-26 17:02:52,1787763772593,1,0,26011001,9975513,3,0.04,4596.77,0.0,0.0,0.0,0.0,XAUUSD.u,STR S12,
3594574,9975519,2026-08-26 17:02:52,1787763772674,1,0,26011001,9975519,3,0.04,4595.23,0.0,0.0,0.0,0.0,XAUUSD.u,STR S13,
3594597,9975523,2026-08-26 17:02:53,1787763773813,1,0,26011001,9975523,3,0.04,4593.69,0.0,0.0,0.0,0.0,XAUUSD.u,STR S14,
3594621,10036304,2026-08-26 17:02:55,1787763775155,0,1,26011001,9975494,4,0.01,4594.82,0.0,0.0,6.57,0.0,XAUUSD.u,[sl 4594.82],
3594622,10036305,2026-08-26 17:02:55,1787763775155,0,1,26011001,9975500,4,0.01,4594.82,0.0,0.0,5.03,0.0,XAUUSD.u,[sl 4594.82],
3594623,10036306,2026-08-26 17:02:55,1787763775155,0,1,26011001,9975507,4,0.04,4594.82,0.0,0.0,13.96,0.0,XAUUSD.u,[sl 4594.82],
3594624,10036307,2026-08-26 17:02:55,1787763775155,0,1,26011001,10033608,4,0.01,4594.82,0.0,0.0,8.11,0.0,XAUUSD.u,[sl 4594.82],
3594666,10036628,2026-08-26 17:02:59,1787763779380,0,1,26011001,9975513,4,0.04,4596.34,0.0,0.0,1.72,0.0,XAUUSD.u,[sl 4596.34],
3594730,10037444,2026-08-26 17:03:12,1787763792254,1,0,26011001,10037444,3,0.04,4596.77,0.0,0.0,0.0,0.0,XAUUSD.u,STR S12,
3594742,10037911,2026-08-26 17:03:21,1787763801900,1,0,26011001,10037911,3,0.04,4598.31,0.0,0.0,0.0,0.0,XAUUSD.u,STR S11,
3594799,10038939,2026-08-26 17:03:49,1787763829266,1,0,26011001,10038939,3,0.01,4599.85,0.0,0.0,0.0,0.0,XAUUSD.u,STR S10,
3594944,9975530,2026-08-26 17:05:42,1787763942513,1,0,26011001,9975530,3,0.04,4592.15,0.0,0.0,0.0,0.0,XAUUSD.u,STR S15,
3594968,9975534,2026-08-26 17:05:42,1787763942718,1,0,26011001,9975534,3,0.04,4590.61,0.0,0.0,0.0,0.0,XAUUSD.u,STR S16,
3594994,10043759,2026-08-26 17:05:45,1787763945062,0,1,26011001,9975519,4,0.04,4591.01,0.0,0.0,16.88,0.0,XAUUSD.u,[sl 4591.01],
3594995,10043760,2026-08-26 17:05:45,1787763945062,0,1,26011001,10037444,4,0.04,4591.01,0.0,0.0,23.04,0.0,XAUUSD.u,[sl 4591.01],
3594996,10043761,2026-08-26 17:05:45,1787763945062,0,1,26011001,10037911,4,0.04,4591.01,0.0,0.0,29.2,0.0,XAUUSD.u,[sl 4591.01],
3594997,10043762,2026-08-26 17:05:45,1787763945062,0,1,26011001,10038939,4,0.01,4591.01,0.0,0.0,8.84,0.0,XAUUSD.u,[sl 4591.01],
3595182,9975539,2026-08-26 17:06:32,1787763992282,1,0,26011001,9975539,3,0.04,4589.07,0.0,0.0,0.0,0.0,XAUUSD.u,STR S17,
3595226,10047222,2026-08-26 17:06:52,1787764012620,0,1,26011001,9975523,4,0.04,4589.84,0.0,0.0,15.4,0.0,XAUUSD.u,[sl 4589.84],
3595272,10048516,2026-08-26 17:07:20,1787764040544,0,1,26011001,9975530,4,0.04,4591.46,0.0,0.0,2.76,0.0,XAUUSD.u,[sl 4591.46],
3595330,10050340,2026-08-26 17:07:59,1787764079159,1,0,26011001,10050340,3,0.04,4593.69,0.0,0.0,0.0,0.0,XAUUSD.u,STR S14,
3595338,10050097,2026-08-26 17:08:06,1787764086994,1,0,26011001,10050097,3,0.04,4592.15,0.0,0.0,0.0,0.0,XAUUSD.u,STR S15,
3595373,10052491,2026-08-26 17:08:54,1787764134820,1,0,26011001,10052491,3,0.04,4595.23,0.0,0.0,0.0,0.0,XAUUSD.u,STR S13,
3595437,10053296,2026-08-26 17:09:14,1787764154989,1,0,26011001,10053296,3,0.04,4596.77,0.0,0.0,0.0,0.0,XAUUSD.u,STR S12,
3595516,10054281,2026-08-26 17:09:47,1787764187738,1,0,26011001,10054281,3,0.04,4598.31,0.0,0.0,0.0,0.0,XAUUSD.u,STR S11,
3595597,10056200,2026-08-26 17:10:31,1787764231862,1,0,26011001,10056200,3,0.01,4599.85,0.0,0.0,0.0,0.0,XAUUSD.u,STR S10,
3595695,10060165,2026-08-26 17:12:21,1787764341352,0,1,26011001,10056200,4,0.01,4595.31,0.0,0.0,4.54,0.0,XAUUSD.u,[sl 4595.31],
3595741,10061602,2026-08-26 17:13:03,1787764383213,0,1,26011001,10054281,4,0.04,4596.84,0.0,0.0,5.88,0.0,XAUUSD.u,[sl 4596.84],
3595870,10064498,2026-08-26 17:14:15,1787764455316,0,1,26011001,10052491,4,0.04,4591.63,0.0,0.0,14.4,0.0,XAUUSD.u,[sl 4591.63],
3595871,10064500,2026-08-26 17:14:15,1787764455316,0,1,26011001,10053296,4,0.04,4591.63,0.0,0.0,20.56,0.0,XAUUSD.u,[sl 4591.63],
3595931,10066421,2026-08-26 17:14:54,1787764494571,0,1,26011001,10050340,4,0.04,4589.78,0.0,0.0,15.64,0.0,XAUUSD.u,[sl 4589.78],
3595972,9975544,2026-08-26 17:15:34,1787764534142,1,0,26011001,9975544,3,0.04,4587.53,0.0,0.0,0.0,0.0,XAUUSD.u,STR S18,
3596030,10069226,2026-08-26 17:15:54,1787764554830,0,1,26011001,10050097,4,0.04,4587.69,0.0,0.0,17.84,0.0,XAUUSD.u,[sl 4587.69],
3596065,9975549,2026-08-26 17:16:29,1787764589514,1,0,26011001,9975549,3,0.04,4585.99,0.0,0.0,0.0,0.0,XAUUSD.u,STR S19,
3596086,9975552,2026-08-26 17:16:32,1787764592228,1,0,26011001,9975552,3,0.04,4584.45,0.0,0.0,0.0,0.0,XAUUSD.u,STR S20,
3596108,10070891,2026-08-26 17:16:34,1787764594072,0,1,26011001,9975534,4,0.04,4584.94,0.0,0.0,22.68,0.0,XAUUSD.u,[sl 4584.94],
3596109,10070892,2026-08-26 17:16:34,1787764594072,0,1,26011001,9975539,4,0.04,4584.94,0.0,0.0,16.52,0.0,XAUUSD.u,[sl 4584.94],
3596113,10071002,2026-08-26 17:16:35,1787764595899,0,1,26011001,9975544,4,0.04,4586.47,0.0,0.0,4.24,0.0,XAUUSD.u,[sl 4586.47],
3596190,10073283,2026-08-26 17:17:39,1787764659362,1,0,26011001,10073283,3,0.04,4587.53,0.0,0.0,0.0,0.0,XAUUSD.u,STR S18,
3596239,10075071,2026-08-26 17:18:21,1787764701437,1,0,26011001,10075071,3,0.04,4589.07,0.0,0.0,0.0,0.0,XAUUSD.u,STR S17,
3596312,10077194,2026-08-26 17:19:23,1787764763133,1,0,26011001,10077194,3,0.04,4593.69,0.0,0.0,0.0,0.0,XAUUSD.u,STR S14,
3596344,10076371,2026-08-26 17:19:44,1787764784819,1,0,26011001,10076371,3,0.04,4592.15,0.0,0.0,0.0,0.0,XAUUSD.u,STR S15,
3596365,10078777,2026-08-26 17:19:57,1787764797009,1,1,0,9975504,0,0.04,4590.72,0.0,0.0,-165.88,0.0,XAUUSD.u,,
3596371,10078948,2026-08-26 17:20:01,1787764801324,0,1,26011001,10077194,3,0.04,4591.13,0.0,0.0,10.24,0.0,XAUUSD.u,STR CLOSE,
3596372,10078952,2026-08-26 17:20:01,1787764801442,0,1,26011001,10076371,3,0.04,4591.02,0.0,0.0,4.52,0.0,XAUUSD.u,STR CLOSE,
3596373,10078961,2026-08-26 17:20:01,1787764801556,0,1,26011001,10075071,3,0.04,4591.03,0.0,0.0,-7.84,0.0,XAUUSD.u,STR CLOSE,
3596375,10078967,2026-08-26 17:20:01,1787764801670,0,1,26011001,10073283,3,0.04,4591.05,0.0,0.0,-14.08,0.0,XAUUSD.u,STR CLOSE,
3596376,10078970,2026-08-26 17:20:01,1787764801786,1,1,26011001,10011395,3,0.01,4591.04,0.0,0.0,-25.75,0.0,XAUUSD.u,STR CLOSE,
3596377,10078979,2026-08-26 17:20:01,1787764801908,1,1,26011001,10011193,3,0.01,4591.01,0.0,0.0,-28.86,0.0,XAUUSD.u,STR CLOSE,
3596378,10078981,2026-08-26 17:20:02,1787764802023,1,1,26011001,9997426,3,0.01,4591.01,0.0,0.0,-30.4,0.0,XAUUSD.u,STR CLOSE,
3596379,10078987,2026-08-26 17:20:02,1787764802138,1,1,26011001,9992331,3,0.01,4591.01,0.0,0.0,-33.48,0.0,XAUUSD.u,STR CLOSE,
3596380,10078997,2026-08-26 17:20:02,1787764802252,1,1,26011001,9992229,3,0.01,4591.12,0.0,0.0,-34.91,0.0,XAUUSD.u,STR CLOSE,
3596381,10079008,2026-08-26 17:20:02,1787764802367,1,1,26011001,9990745,3,0.01,4591.08,0.0,0.0,-38.03,0.0,XAUUSD.u,STR CLOSE,
3596454,10079100,2026-08-26 17:21:00,1787764860053,0,0,26011001,10079100,3,0.01,4592.16,0.0,0.0,0.0,0.0,XAUUSD.u,STR B1,
3596485,10079108,2026-08-26 17:21:53,1787764913833,0,0,26011001,10079108,3,0.01,4593.69,0.0,0.0,0.0,0.0,XAUUSD.u,STR B2,
3596928,10079125,2026-08-26 17:27:51,1787765271727,0,0,26011001,10079125,3,0.01,4595.22,0.0,0.0,0.0,0.0,XAUUSD.u,STR B3,
3596976,10079138,2026-08-26 17:28:39,1787765319465,0,0,26011001,10079138,3,0.01,4596.75,0.0,0.0,0.0,0.0,XAUUSD.u,STR B4,
3597054,10098916,2026-08-26 17:29:31,1787765371130,1,1,26011001,10079100,4,0.01,4596.45,0.0,0.0,4.29,0.0,XAUUSD.u,[sl 4596.45],
3597058,10098935,2026-08-26 17:29:31,1787765371318,1,1,26011001,10079138,3,0.01,4596.25,0.0,0.0,-0.5,0.0,XAUUSD.u,STR CLOSE,
3597059,10098937,2026-08-26 17:29:31,1787765371431,1,1,26011001,10079125,3,0.01,4596.25,0.0,0.0,1.03,0.0,XAUUSD.u,STR CLOSE,
3597060,10098947,2026-08-26 17:29:31,1787765371553,1,1,26011001,10079108,3,0.01,4596.21,0.0,0.0,2.52,0.0,XAUUSD.u,STR CLOSE,
3597100,10099051,2026-08-26 17:31:06,1787765466030,0,0,26011001,10099051,3,0.01,4597.09,0.0,0.0,0.0,0.0,XAUUSD.u,STR B1,
3597257,10099066,2026-08-26 17:35:01,1787765701712,0,0,26011001,10099066,3,0.01,4598.62,0.0,0.0,0.0,0.0,XAUUSD.u,STR B2,
3597318,10099085,2026-08-26 17:35:39,1787765739013,0,0,26011001,10099085,3,0.01,4600.15,0.0,0.0,0.0,0.0,XAUUSD.u,STR B3,
3597658,10099104,2026-08-26 17:40:01,1787766001342,0,0,26011001,10099104,3,0.01,4601.68,0.0,0.0,0.0,0.0,XAUUSD.u,STR B4,
3597699,10117562,2026-08-26 17:40:17,1787766017341,1,1,26011001,10099104,3,0.01,4602.53,0.0,0.0,0.85,0.0,XAUUSD.u,STR CLOSE,
3597700,10117566,2026-08-26 17:40:17,1787766017453,1,1,26011001,10099085,3,0.01,4602.56,0.0,0.0,2.41,0.0,XAUUSD.u,STR CLOSE,
3597701,10117567,2026-08-26 17:40:17,1787766017565,1,1,26011001,10099066,3,0.01,4602.56,0.0,0.0,3.94,0.0,XAUUSD.u,STR CLOSE,
3597702,10117572,2026-08-26 17:40:17,1787766017678,1,1,26011001,10099051,3,0.01,4602.54,0.0,0.0,5.45,0.0,XAUUSD.u,STR CLOSE,
3597740,10117619,2026-08-26 17:41:33,1787766093749,1,0,26011001,10117619,3,0.01,4601.24,0.0,0.0,0.0,0.0,XAUUSD.u,STR S1,
3597965,10117615,2026-08-26 17:44:15,1787766255129,0,0,26011001,10117615,3,0.01,4604.3,0.0,0.0,0.0,0.0,XAUUSD.u,STR B1,
3598038,10117620,2026-08-26 17:45:32,1787766332017,0,0,26011001,10117620,3,0.01,4605.83,0.0,0.0,0.0,0.0,XAUUSD.u,STR B2,
3598110,10117625,2026-08-26 17:47:45,1787766465572,0,0,26011001,10117625,3,0.01,4607.36,0.0,0.0,0.0,0.0,XAUUSD.u,STR B3,
3598185,10117627,2026-08-26 17:49:06,1787766546362,0,0,26011001,10117627,3,0.01,4608.89,0.0,0.0,0.0,0.0,XAUUSD.u,STR B4,
3598237,10128850,2026-08-26 17:50:13,1787766613451,1,1,26011001,10117615,4,0.01,4607.81,0.0,0.0,3.51,0.0,XAUUSD.u,[sl 4607.81],
3598260,10129369,2026-08-26 17:50:39,1787766639937,1,1,26011001,10117620,4,0.01,4606.27,0.0,0.0,0.44,0.0,XAUUSD.u,[sl 4606.27],
3598288,10130426,2026-08-26 17:51:37,1787766697998,0,0,26011001,10130426,3,0.01,4605.83,0.0,0.0,0.0,0.0,XAUUSD.u,STR B2,
3598314,10130504,2026-08-26 17:51:41,1787766701928,0,0,26011001,10130504,3,0.01,4604.3,0.0,0.0,0.0,0.0,XAUUSD.u,STR B1,
3598599,10117622,2026-08-26 17:53:22,1787766802810,1,0,26011001,10117622,3,0.01,4599.71,0.0,0.0,0.0,0.0,XAUUSD.u,STR S2,
3598966,10117626,2026-08-26 17:59:03,1787767143620,1,0,26011001,10117626,3,0.01,4598.18,0.0,0.0,0.0,0.0,XAUUSD.u,STR S3,
3599026,10117632,2026-08-26 17:59:33,1787767173487,1,0,26011001,10117632,3,0.01,4596.65,0.0,0.0,0.0,0.0,XAUUSD.u,STR S4,
3599100,10117636,2026-08-26 18:00:23,1787767223184,1,0,26011001,10117636,3,0.01,4595.12,0.0,0.0,0.0,0.0,XAUUSD.u,STR S5,
3599205,10117641,2026-08-26 18:00:56,1787767256327,1,0,26011001,10117641,3,0.01,4593.59,0.0,0.0,0.0,0.0,XAUUSD.u,STR S6,
3599267,10117653,2026-08-26 18:01:08,1787767268470,1,0,26011001,10117653,3,0.01,4592.06,0.0,0.0,0.0,0.0,XAUUSD.u,STR S7,
3599297,10149070,2026-08-26 18:01:16,1787767276871,0,1,26011001,10117619,4,0.01,4592.22,0.0,0.0,9.02,0.0,XAUUSD.u,[sl 4592.22],
3599298,10149071,2026-08-26 18:01:16,1787767276872,0,1,26011001,10117622,4,0.01,4592.22,0.0,0.0,7.49,0.0,XAUUSD.u,[sl 4592.22],
3599299,10149072,2026-08-26 18:01:16,1787767276872,0,1,26011001,10117626,4,0.01,4592.22,0.0,0.0,5.96,0.0,XAUUSD.u,[sl 4592.22],
3599300,10149073,2026-08-26 18:01:16,1787767276872,0,1,26011001,10117632,4,0.01,4592.22,0.0,0.0,4.43,0.0,XAUUSD.u,[sl 4592.22],
3599303,10149126,2026-08-26 18:01:17,1787767277663,0,1,26011001,10117636,4,0.01,4593.75,0.0,0.0,1.37,0.0,XAUUSD.u,[sl 4593.75],
3599435,10151718,2026-08-26 18:02:33,1787767353635,1,0,26011001,10151718,3,0.01,4598.18,0.0,0.0,0.0,0.0,XAUUSD.u,STR S3,
3599470,10151281,2026-08-26 18:02:52,1787767372452,1,0,26011001,10151281,3,0.01,4596.65,0.0,0.0,0.0,0.0,XAUUSD.u,STR S4,
3599653,10156955,2026-08-26 18:05:20,1787767520848,1,0,26011001,10156955,3,0.01,4599.71,0.0,0.0,0.0,0.0,XAUUSD.u,STR S2,
3599770,10157985,2026-08-26 18:05:58,1787767558198,1,0,26011001,10157985,3,0.01,4601.24,0.0,0.0,0.0,0.0,XAUUSD.u,STR S1,
3599879,10161360,2026-08-26 18:08:22,1787767702659,0,1,26011001,10157985,4,0.01,4601.21,0.0,0.0,0.03,0.0,XAUUSD.u,[sl 4601.21],
3599880,10161366,2026-08-26 18:08:23,1787767703245,1,0,26011001,10161366,3,0.01,4601.24,0.0,0.0,0.0,0.0,XAUUSD.u,STR S1,
3600196,10171161,2026-08-26 18:14:58,1787768098395,0,1,26011001,10161366,4,0.01,4600.37,0.0,0.0,0.87,0.0,XAUUSD.u,[sl 4600.37],
3600515,10151031,2026-08-26 18:22:56,1787768576128,1,0,26011001,10151031,3,0.01,4595.12,0.0,0.0,0.0,0.0,XAUUSD.u,STR S5,
3600549,10184614,2026-08-26 18:23:31,1787768611740,0,1,26011001,10156955,4,0.01,4595.81,0.0,0.0,3.9,0.0,XAUUSD.u,[sl 4595.81],
3600636,10189623,2026-08-26 18:27:12,1787768832807,0,1,26011001,10151718,4,0.01,4597.34,0.0,0.0,0.84,0.0,XAUUSD.u,[sl 4597.34],
3600974,10204334,2026-08-26 18:37:20,1787769440084,0,1,26011001,10151281,4,0.01,4595.28,0.0,0.0,1.37,0.0,XAUUSD.u,[sl 4595.28],
3601081,10117656,2026-08-26 18:38:14,1787769494219,1,0,26011001,10117656,3,0.01,4590.53,0.0,0.0,0.0,0.0,XAUUSD.u,STR S8,
3601134,10206673,2026-08-26 18:38:36,1787769516842,0,1,26011001,10151031,4,0.01,4590.66,0.0,0.0,4.46,0.0,XAUUSD.u,[sl 4590.66],
3601156,10117663,2026-08-26 18:39:01,1787769541707,1,0,26011001,10117663,3,0.01,4589.0,0.0,0.0,0.0,0.0,XAUUSD.u,STR S9,
3601228,10117670,2026-08-26 18:39:49,1787769589187,1,0,26011001,10117670,3,0.01,4587.47,0.0,0.0,0.0,0.0,XAUUSD.u,STR S10,
3601279,10117676,2026-08-26 18:40:11,1787769611240,1,0,26011001,10117676,3,0.04,4585.94,0.0,0.0,0.0,0.0,XAUUSD.u,STR S11,
3601299,10209949,2026-08-26 18:40:19,1787769619232,0,1,26011001,10117641,4,0.01,4587.17,0.0,0.0,6.42,0.0,XAUUSD.u,[sl 4587.17],
3601300,10209950,2026-08-26 18:40:19,1787769619232,0,1,26011001,10117653,4,0.01,4587.26,0.0,0.0,4.8,0.0,XAUUSD.u,[sl 4587.26],
3601301,10209951,2026-08-26 18:40:19,1787769619232,0,1,26011001,10117656,4,0.01,4587.26,0.0,0.0,3.27,0.0,XAUUSD.u,[sl 4587.26],
3601331,10211000,2026-08-26 18:40:52,1787769652164,0,1,26011001,10117663,4,0.01,4588.79,0.0,0.0,0.21,0.0,XAUUSD.u,[sl 4588.79],
3601332,10211017,2026-08-26 18:40:53,1787769653184,1,0,26011001,10211017,3,0.01,4589.0,0.0,0.0,0.0,0.0,XAUUSD.u,STR S9,
3601385,10212396,2026-08-26 18:41:52,1787769712617,1,0,26011001,10212396,3,0.01,4590.53,0.0,0.0,0.0,0.0,XAUUSD.u,STR S8,
3601598,10221440,2026-08-26 18:48:06,1787770086954,1,0,26011001,10221440,3,0.01,4593.59,0.0,0.0,0.0,0.0,XAUUSD.u,STR S6,
3601902,10224862,2026-08-26 18:50:50,1787770250154,1,0,26011001,10224862,3,0.01,4596.65,0.0,0.0,0.0,0.0,XAUUSD.u,STR S4,
3601962,10223874,2026-08-26 18:51:11,1787770271245,1,0,26011001,10223874,3,0.01,4595.12,0.0,0.0,0.0,0.0,XAUUSD.u,STR S5,
3602032,10220614,2026-08-26 18:52:03,1787770323241,1,0,26011001,10220614,3,0.01,4592.06,0.0,0.0,0.0,0.0,XAUUSD.u,STR S7,
3602260,10233085,2026-08-26 18:56:22,1787770582486,0,1,26011001,10223874,4,0.01,4590.14,0.0,0.0,4.98,0.0,XAUUSD.u,[sl 4590.14],
3602262,10233091,2026-08-26 18:56:22,1787770582778,0,1,26011001,10221440,4,0.01,4590.16,0.0,0.0,3.43,0.0,XAUUSD.u,[sl 4590.16],
3602263,10233092,2026-08-26 18:56:22,1787770582778,0,1,26011001,10224862,4,0.01,4590.16,0.0,0.0,6.49,0.0,XAUUSD.u,[sl 4590.16],
3602311,10236332,2026-08-26 18:58:29,1787770709331,0,1,26011001,10220614,4,0.01,4591.7,0.0,0.0,0.36,0.0,XAUUSD.u,[sl 4591.70],
3602323,10236571,2026-08-26 18:58:37,1787770717806,1,0,26011001,10236571,3,0.01,4592.06,0.0,0.0,0.0,0.0,XAUUSD.u,STR S7,
3602410,10244402,2026-08-26 19:04:21,1787771061069,1,0,26011001,10244402,3,0.01,4593.59,0.0,0.0,0.0,0.0,XAUUSD.u,STR S6,
3602516,10249303,2026-08-26 19:08:05,1787771285213,1,0,26011001,10249303,3,0.01,4595.12,0.0,0.0,0.0,0.0,XAUUSD.u,STR S5,
3602850,10263937,2026-08-26 19:20:20,1787772020014,1,0,26011001,10263937,3,0.01,4596.65,0.0,0.0,0.0,0.0,XAUUSD.u,STR S4,
3602908,10265048,2026-08-26 19:21:20,1787772080016,1,0,26011001,10265048,3,0.01,4598.18,0.0,0.0,0.0,0.0,XAUUSD.u,STR S3,
3603353,10274422,2026-08-26 19:28:56,1787772536766,0,1,26011001,10265048,4,0.01,4597.46,0.0,0.0,0.72,0.0,XAUUSD.u,[sl 4597.46],
3603360,10274518,2026-08-26 19:29:00,1787772540569,1,0,26011001,10274518,3,0.01,4598.18,0.0,0.0,0.0,0.0,XAUUSD.u,STR S3,
3603472,10277850,2026-08-26 19:31:00,1787772660239,1,0,26011001,10277850,3,0.01,4599.71,0.0,0.0,0.0,0.0,XAUUSD.u,STR S2,
3603627,10281343,2026-08-26 19:33:43,1787772823980,1,0,26011001,10281343,3,0.01,4601.24,0.0,0.0,0.0,0.0,XAUUSD.u,STR S1,
3603886,10285023,2026-08-26 19:37:26,1787773046386,0,1,26011001,10281343,4,0.01,4597.72,0.0,0.0,3.52,0.0,XAUUSD.u,[sl 4597.72],
3604006,10288048,2026-08-26 19:41:12,1787773272630,0,1,26011001,10277850,4,0.01,4599.25,0.0,0.0,0.46,0.0,XAUUSD.u,[sl 4599.25],
3604595,10304181,2026-08-26 19:58:53,1787774333608,0,1,26011001,10274518,4,0.01,4597.43,0.0,0.0,0.75,0.0,XAUUSD.u,[sl 4597.43],
3604656,10306095,2026-08-26 20:00:41,1787774441120,1,0,26011001,10306095,3,0.01,4598.18,0.0,0.0,0.0,0.0,XAUUSD.u,STR S3,
3604729,10307281,2026-08-26 20:01:52,1787774512524,1,0,26011001,10307281,3,0.01,4599.71,0.0,0.0,0.0,0.0,XAUUSD.u,STR S2,
3604817,10308895,2026-08-26 20:03:24,1787774604032,1,0,26011001,10308895,3,0.01,4601.24,0.0,0.0,0.0,0.0,XAUUSD.u,STR S1,
3605724,10325011,2026-08-26 20:22:15,1787775735969,0,1,26011001,10306095,4,0.01,4594.73,0.0,0.0,3.45,0.0,XAUUSD.u,[sl 4594.73],
3605725,10325012,2026-08-26 20:22:15,1787775735969,0,1,26011001,10307281,4,0.01,4594.73,0.0,0.0,4.98,0.0,XAUUSD.u,[sl 4594.73],
3605726,10325013,2026-08-26 20:22:15,1787775735969,0,1,26011001,10308895,4,0.01,4594.73,0.0,0.0,6.51,0.0,XAUUSD.u,[sl 4594.73],
3606302,10337230,2026-08-26 20:34:06,1787776446313,0,1,26011001,10263937,4,0.01,4595.93,0.0,0.0,0.72,0.0,XAUUSD.u,[sl 4595.93],
3607055,10344691,2026-08-26 20:42:38,1787776958410,1,0,26011001,10344691,3,0.01,4596.65,0.0,0.0,0.0,0.0,XAUUSD.u,STR S4,
3608373,10363103,2026-08-26 21:03:12,1787778192893,0,1,26011001,10344691,3,0.01,4591.52,0.0,0.0,5.13,0.0,XAUUSD.u,STR CLOSE,
3608376,10363106,2026-08-26 21:03:13,1787778193005,0,1,26011001,10249303,3,0.01,4591.52,0.0,0.0,3.6,0.0,XAUUSD.u,STR CLOSE,
3608377,10363107,2026-08-26 21:03:13,1787778193117,0,1,26011001,10244402,3,0.01,4591.52,0.0,0.0,2.07,0.0,XAUUSD.u,STR CLOSE,
3608378,10363108,2026-08-26 21:03:13,1787778193240,0,1,26011001,10236571,3,0.01,4591.52,0.0,0.0,0.54,0.0,XAUUSD.u,STR CLOSE,
3608379,10363109,2026-08-26 21:03:13,1787778193352,0,1,26011001,10212396,3,0.01,4591.52,0.0,0.0,-0.99,0.0,XAUUSD.u,STR CLOSE,
3608380,10363110,2026-08-26 21:03:13,1787778193466,0,1,26011001,10211017,3,0.01,4591.52,0.0,0.0,-2.52,0.0,XAUUSD.u,STR CLOSE,
3608381,10363111,2026-08-26 21:03:13,1787778193578,1,1,26011001,10130504,3,0.01,4591.39,0.0,0.0,-12.91,0.0,XAUUSD.u,STR CLOSE,
3608382,10363118,2026-08-26 21:03:13,1787778193691,1,1,26011001,10130426,3,0.01,4591.36,0.0,0.0,-14.47,0.0,XAUUSD.u,STR CLOSE,
3608383,10363122,2026-08-26 21:03:13,1787778193804,0,1,26011001,10117676,3,0.04,4591.52,0.0,0.0,-22.32,0.0,XAUUSD.u,STR CLOSE,
3608384,10363123,2026-08-26 21:03:13,1787778193917,0,1,26011001,10117670,3,0.01,4591.52,0.0,0.0,-4.05,0.0,XAUUSD.u,STR CLOSE,
3608385,10363124,2026-08-26 21:03:14,1787778194030,1,1,26011001,10117627,3,0.01,4591.39,0.0,0.0,-17.5,0.0,XAUUSD.u,STR CLOSE,
3608386,10363125,2026-08-26 21:03:14,1787778194144,1,1,26011001,10117625,3,0.01,4591.39,0.0,0.0,-15.97,0.0,XAUUSD.u,STR CLOSE,
3608437,10363135,2026-08-26 21:07:00,1787778420663,0,0,26011001,10363135,3,0.01,4592.94,0.0,0.0,0.0,0.0,XAUUSD.u,STR B1,
3608505,10363140,2026-08-26 21:10:29,1787778629384,0,0,26011001,10363140,3,0.01,4594.47,0.0,0.0,0.0,0.0,XAUUSD.u,STR B2,
3608804,10363152,2026-08-26 21:25:27,1787779527929,0,0,26011001,10363152,3,0.01,4596.0,0.0,0.0,0.0,0.0,XAUUSD.u,STR B3,
3608891,10363161,2026-08-26 21:26:03,1787779563897,0,0,26011001,10363161,3,0.01,4597.53,0.0,0.0,0.0,0.0,XAUUSD.u,STR B4,
3609025,10363163,2026-08-26 21:26:46,1787779606857,0,0,26011001,10363163,3,0.01,4599.06,0.0,0.0,0.0,0.0,XAUUSD.u,STR B5,
3609028,10383043,2026-08-26 21:26:52,1787779612108,1,1,26011001,10363163,3,0.01,4598.94,0.0,0.0,-0.12,0.0,XAUUSD.u,STR CLOSE,
3609029,10383047,2026-08-26 21:26:52,1787779612220,1,1,26011001,10363161,3,0.01,4598.98,0.0,0.0,1.45,0.0,XAUUSD.u,STR CLOSE,
3609030,10383054,2026-08-26 21:26:52,1787779612332,1,1,26011001,10363152,3,0.01,4598.98,0.0,0.0,2.98,0.0,XAUUSD.u,STR CLOSE,
3609031,10383055,2026-08-26 21:26:52,1787779612445,1,1,26011001,10363140,3,0.01,4598.98,0.0,0.0,4.51,0.0,XAUUSD.u,STR CLOSE,
3609032,10383059,2026-08-26 21:26:52,1787779612557,1,1,26011001,10363135,3,0.01,4598.98,0.0,0.0,6.04,0.0,XAUUSD.u,STR CLOSE,
3609097,10383098,2026-08-26 21:28:17,1787779697464,1,0,26011001,10383098,3,0.01,4597.47,0.0,0.0,0.0,0.0,XAUUSD.u,STR S1,
3609196,10383094,2026-08-26 21:30:21,1787779821101,0,0,26011001,10383094,3,0.01,4600.53,0.0,0.0,0.0,0.0,XAUUSD.u,STR B1,
3609617,10383103,2026-08-26 21:40:01,1787780401601,1,0,26011001,10383103,3,0.01,4595.94,0.0,0.0,0.0,0.0,XAUUSD.u,STR S2,
3609917,10383111,2026-08-26 21:44:36,1787780676430,1,0,26011001,10383111,3,0.01,4594.41,0.0,0.0,0.0,0.0,XAUUSD.u,STR S3,
3610312,10383116,2026-08-26 21:50:21,1787781021889,1,0,26011001,10383116,3,0.01,4592.88,0.0,0.0,0.0,0.0,XAUUSD.u,STR S4,
3610562,10402895,2026-08-26 21:51:15,1787781075028,0,1,26011001,10383098,4,0.01,4594.16,0.0,0.0,3.31,0.0,XAUUSD.u,[sl 4594.16],
3610874,10416849,2026-08-26 22:05:09,1787781909673,0,1,26011001,10383103,4,0.01,4595.62,0.0,0.0,0.32,0.0,XAUUSD.u,[sl 4595.62],
3610908,10417355,2026-08-26 22:07:17,1787782037226,1,0,26011001,10417355,3,0.01,4595.94,0.0,0.0,0.0,0.0,XAUUSD.u,STR S2,
3611104,10383118,2026-08-26 22:16:03,1787782563213,1,0,26011001,10383118,3,0.01,4591.35,0.0,0.0,0.0,0.0,XAUUSD.u,STR S5,
3611147,10383120,2026-08-26 22:16:45,1787782605982,1,0,26011001,10383120,3,0.01,4589.82,0.0,0.0,0.0,0.0,XAUUSD.u,STR S6,
3611223,10383122,2026-08-26 22:20:04,1787782804399,1,0,26011001,10383122,3,0.01,4588.29,0.0,0.0,0.0,0.0,XAUUSD.u,STR S7,
3611241,10424718,2026-08-26 22:20:09,1787782809385,0,1,26011001,10417355,3,0.01,4587.76,0.0,0.0,8.18,0.0,XAUUSD.u,STR CLOSE,
3611242,10424719,2026-08-26 22:20:09,1787782809497,0,1,26011001,10383122,3,0.01,4587.76,0.0,0.0,0.53,0.0,XAUUSD.u,STR CLOSE,
3611243,10424725,2026-08-26 22:20:09,1787782809609,0,1,26011001,10383120,3,0.01,4587.89,0.0,0.0,1.9300000000000002,0.0,XAUUSD.u,STR CLOSE,
3611244,10424733,2026-08-26 22:20:09,1787782809722,0,1,26011001,10383118,3,0.01,4587.98,0.0,0.0,3.37,0.0,XAUUSD.u,STR CLOSE,
3611245,10424737,2026-08-26 22:20:09,1787782809836,0,1,26011001,10383116,3,0.01,4587.99,0.0,0.0,4.89,0.0,XAUUSD.u,STR CLOSE,
3611246,10424742,2026-08-26 22:20:09,1787782809948,0,1,26011001,10383111,3,0.01,4588.04,0.0,0.0,6.37,0.0,XAUUSD.u,STR CLOSE,
3611247,10424749,2026-08-26 22:20:10,1787782810061,1,1,26011001,10383094,3,0.01,4587.86,0.0,0.0,-12.67,0.0,XAUUSD.u,STR CLOSE,
3611286,10424808,2026-08-26 22:20:52,1787782852087,1,0,26011001,10424808,3,0.01,4585.83,0.0,0.0,0.0,0.0,XAUUSD.u,STR S1,
3611300,10424811,2026-08-26 22:20:54,1787782854000,1,0,26011001,10424811,3,0.01,4584.3,0.0,0.0,0.0,0.0,XAUUSD.u,STR S2,
3611357,10424803,2026-08-26 22:24:15,1787783055029,0,0,26011001,10424803,3,0.01,4588.89,0.0,0.0,0.0,0.0,XAUUSD.u,STR B1,
3611482,10424810,2026-08-26 22:25:40,1787783140797,0,0,26011001,10424810,3,0.01,4590.42,0.0,0.0,0.0,0.0,XAUUSD.u,STR B2,
3611503,10424812,2026-08-26 22:27:35,1787783255924,0,0,26011001,10424812,3,0.01,4591.95,0.0,0.0,0.0,0.0,XAUUSD.u,STR B3,
3611708,10424820,2026-08-26 22:38:59,1787783939535,0,0,26011001,10424820,3,0.01,4593.48,0.0,0.0,0.0,0.0,XAUUSD.u,STR B4,
3611720,10439716,2026-08-26 22:41:07,1787784067196,1,1,26011001,10424803,4,0.01,4592.0,0.0,0.0,3.11,0.0,XAUUSD.u,[sl 4592.00],
3613438,10424835,2026-08-27 01:01:00,1787792460365,0,0,26011001,10424835,3,0.01,4595.01,0.0,0.0,0.0,0.0,XAUUSD.u,STR B5,
3613452,10424846,2026-08-27 01:01:00,1787792460367,0,0,26011001,10424846,3,0.01,4596.54,0.0,0.0,0.0,0.0,XAUUSD.u,STR B6,
3613454,10424852,2026-08-27 01:01:00,1787792460367,0,0,26011001,10424852,3,0.01,4598.07,0.0,0.0,0.0,0.0,XAUUSD.u,STR B7,
3613455,10424861,2026-08-27 01:01:00,1787792460368,0,0,26011001,10424861,3,0.01,4599.6,0.0,0.0,0.0,0.0,XAUUSD.u,STR B8,
3613456,10424880,2026-08-27 01:01:00,1787792460368,0,0,26011001,10424880,3,0.01,4601.13,0.0,0.0,0.0,0.0,XAUUSD.u,STR B9,
3613457,10424890,2026-08-27 01:01:00,1787792460368,0,0,26011001,10424890,3,0.01,4602.66,0.0,0.0,0.0,0.0,XAUUSD.u,STR B10,
3613458,10424898,2026-08-27 01:01:00,1787792460368,0,0,26011001,10424898,3,0.04,4604.19,0.0,0.0,0.0,0.0,XAUUSD.u,STR B11,
3613459,10424907,2026-08-27 01:01:00,1787792460368,0,0,26011001,10424907,3,0.04,4605.72,0.0,0.0,0.0,0.0,XAUUSD.u,STR B12,
3613460,10424915,2026-08-27 01:01:00,1787792460368,0,0,26011001,10424915,3,0.04,4607.25,0.0,0.0,0.0,0.0,XAUUSD.u,STR B13,
3613461,10424920,2026-08-27 01:01:00,1787792460368,0,0,26011001,10424920,3,0.04,4608.78,0.0,0.0,0.0,0.0,XAUUSD.u,STR B14,
3613463,10424926,2026-08-27 01:01:00,1787792460368,0,0,26011001,10424926,3,0.04,4610.31,0.0,0.0,0.0,0.0,XAUUSD.u,STR B15,
3613506,10452467,2026-08-27 01:01:05,1787792465328,1,1,26011001,10424926,3,0.04,4610.66,0.0,0.0,1.4,0.0,XAUUSD.u,STR CLOSE,
3613507,10452468,2026-08-27 01:01:05,1787792465440,1,1,26011001,10424920,3,0.04,4610.66,0.0,0.0,7.52,0.0,XAUUSD.u,STR CLOSE,
3613508,10452470,2026-08-27 01:01:05,1787792465552,1,1,26011001,10424915,3,0.04,4610.66,0.0,0.0,13.64,0.0,XAUUSD.u,STR CLOSE,
3613509,10452472,2026-08-27 01:01:05,1787792465665,1,1,26011001,10424907,3,0.04,4610.66,0.0,0.0,19.76,0.0,XAUUSD.u,STR CLOSE,
3613510,10452473,2026-08-27 01:01:05,1787792465777,1,1,26011001,10424898,3,0.04,4610.66,0.0,0.0,25.88,0.0,XAUUSD.u,STR CLOSE,
3613511,10452474,2026-08-27 01:01:05,1787792465890,1,1,26011001,10424890,3,0.01,4610.66,0.0,0.0,8.0,0.0,XAUUSD.u,STR CLOSE,
3613512,10452475,2026-08-27 01:01:06,1787792466002,1,1,26011001,10424880,3,0.01,4610.66,0.0,0.0,9.53,0.0,XAUUSD.u,STR CLOSE,
3613513,10452476,2026-08-27 01:01:06,1787792466116,1,1,26011001,10424861,3,0.01,4610.66,0.0,0.0,11.06,0.0,XAUUSD.u,STR CLOSE,
3613514,10452477,2026-08-27 01:01:06,1787792466228,1,1,26011001,10424852,3,0.01,4610.66,0.0,0.0,12.59,0.0,XAUUSD.u,STR CLOSE,
3613515,10452478,2026-08-27 01:01:06,1787792466341,1,1,26011001,10424846,3,0.01,4610.66,0.0,0.0,14.12,0.0,XAUUSD.u,STR CLOSE,
3613516,10452481,2026-08-27 01:01:06,1787792466453,1,1,26011001,10424835,3,0.01,4610.65,0.0,0.0,15.64,0.0,XAUUSD.u,STR CLOSE,
3613517,10452482,2026-08-27 01:01:06,1787792466565,1,1,26011001,10424820,3,0.01,4610.65,0.0,0.0,17.17,0.0,XAUUSD.u,STR CLOSE,
3613518,10452485,2026-08-27 01:01:06,1787792466679,1,1,26011001,10424812,3,0.01,4610.63,0.0,0.0,18.68,0.0,XAUUSD.u,STR CLOSE,
3613519,10452486,2026-08-27 01:01:06,1787792466791,0,1,26011001,10424811,3,0.01,4610.96,0.0,0.0,-26.66,0.0,XAUUSD.u,STR CLOSE,
3613521,10452490,2026-08-27 01:01:06,1787792466903,1,1,26011001,10424810,3,0.01,4611.18,0.0,0.0,20.76,0.0,XAUUSD.u,STR CLOSE,
3613522,10452495,2026-08-27 01:01:07,1787792467016,0,1,26011001,10424808,3,0.01,4611.66,0.0,0.0,-25.83,0.0,XAUUSD.u,STR CLOSE,
3613541,10452516,2026-08-27 01:01:33,1787792493187,1,0,26011001,10452516,3,0.01,4609.93,0.0,0.0,0.0,0.0,XAUUSD.u,STR S1,
3613543,10452524,2026-08-27 01:01:40,1787792500894,1,0,26011001,10452524,3,0.01,4608.39,0.0,0.0,0.0,0.0,XAUUSD.u,STR S2,
3613652,10452508,2026-08-27 01:10:17,1787793017745,0,0,26011001,10452508,3,0.01,4613.01,0.0,0.0,0.0,0.0,XAUUSD.u,STR B1,
3613810,10452521,2026-08-27 01:14:26,1787793266059,0,0,26011001,10452521,3,0.01,4614.55,0.0,0.0,0.0,0.0,XAUUSD.u,STR B2,
3613877,10452525,2026-08-27 01:17:15,1787793435278,0,0,26011001,10452525,3,0.01,4616.09,0.0,0.0,0.0,0.0,XAUUSD.u,STR B3,
3613895,10452529,2026-08-27 01:17:32,1787793452585,0,0,26011001,10452529,3,0.01,4617.63,0.0,0.0,0.0,0.0,XAUUSD.u,STR B4,
3613960,10452535,2026-08-27 01:18:34,1787793514234,0,0,26011001,10452535,3,0.01,4619.17,0.0,0.0,0.0,0.0,XAUUSD.u,STR B5,
3614006,10452540,2026-08-27 01:19:51,1787793591671,0,0,26011001,10452540,3,0.01,4620.71,0.0,0.0,0.0,0.0,XAUUSD.u,STR B6,
3614056,10452543,2026-08-27 01:21:08,1787793668095,0,0,26011001,10452543,3,0.01,4622.25,0.0,0.0,0.0,0.0,XAUUSD.u,STR B7,
3614261,10458558,2026-08-27 01:29:33,1787794173236,1,1,26011001,10452508,4,0.01,4620.73,0.0,0.0,7.72,0.0,XAUUSD.u,[sl 4620.73],
3614263,10458559,2026-08-27 01:29:33,1787794173236,1,1,26011001,10452521,4,0.01,4620.73,0.0,0.0,6.18,0.0,XAUUSD.u,[sl 4620.73],
3614264,10458560,2026-08-27 01:29:33,1787794173236,1,1,26011001,10452525,4,0.01,4620.73,0.0,0.0,4.64,0.0,XAUUSD.u,[sl 4620.73],
3614265,10458562,2026-08-27 01:29:33,1787794173237,1,1,26011001,10452529,4,0.01,4620.73,0.0,0.0,3.1,0.0,XAUUSD.u,[sl 4620.73],
3614360,10458834,2026-08-27 01:32:10,1787794330095,1,1,26011001,10452535,4,0.01,4619.2,0.0,0.0,0.03,0.0,XAUUSD.u,[sl 4619.20],
3614369,10458835,2026-08-27 01:33:05,1787794385239,0,0,26011001,10458835,3,0.01,4619.17,0.0,0.0,0.0,0.0,XAUUSD.u,STR B5,
3614488,10452549,2026-08-27 01:39:51,1787794791031,0,0,26011001,10452549,3,0.01,4623.79,0.0,0.0,0.0,0.0,XAUUSD.u,STR B8,
3614535,10459182,2026-08-27 01:40:06,1787794806143,1,1,26011001,10458835,4,0.01,4623.23,0.0,0.0,4.06,0.0,XAUUSD.u,[sl 4623.23],
3614565,10459251,2026-08-27 01:45:15,1787795115655,1,1,26011001,10452540,4,0.01,4621.7,0.0,0.0,0.99,0.0,XAUUSD.u,[sl 4621.70],
3614777,10452552,2026-08-27 02:02:42,1787796162440,0,0,26011001,10452552,3,0.01,4625.33,0.0,0.0,0.0,0.0,XAUUSD.u,STR B9,
3614832,10452559,2026-08-27 02:04:23,1787796263089,0,0,26011001,10452559,3,0.01,4626.87,0.0,0.0,0.0,0.0,XAUUSD.u,STR B10,
3614854,10460503,2026-08-27 02:04:35,1787796275679,1,1,26011001,10452543,4,0.01,4625.59,0.0,0.0,3.34,0.0,XAUUSD.u,[sl 4625.59],
3614867,10460519,2026-08-27 02:05:01,1787796301990,1,1,26011001,10452549,4,0.01,4624.05,0.0,0.0,0.26,0.0,XAUUSD.u,[sl 4624.05],
3614924,10460655,2026-08-27 02:06:08,1787796368974,0,0,26011001,10460655,3,0.01,4620.71,0.0,0.0,0.0,0.0,XAUUSD.u,STR B6,
3614976,10460748,2026-08-27 02:06:23,1787796383335,0,0,26011001,10460748,3,0.01,4619.17,0.0,0.0,0.0,0.0,XAUUSD.u,STR B5,
3615061,10461424,2026-08-27 02:10:54,1787796654515,0,0,26011001,10461424,3,0.01,4617.63,0.0,0.0,0.0,0.0,XAUUSD.u,STR B4,
3615322,10463535,2026-08-27 02:15:45,1787796945538,0,0,26011001,10463535,3,0.01,4614.55,0.0,0.0,0.0,0.0,XAUUSD.u,STR B2,
3615369,10463412,2026-08-27 02:16:31,1787796991470,0,0,26011001,10463412,3,0.01,4616.09,0.0,0.0,0.0,0.0,XAUUSD.u,STR B3,
3615478,10465271,2026-08-27 02:20:14,1787797214405,1,1,26011001,10463535,3,0.01,4620.97,0.0,0.0,6.42,0.0,XAUUSD.u,STR CLOSE,
3615479,10465272,2026-08-27 02:20:14,1787797214520,1,1,26011001,10463412,3,0.01,4620.97,0.0,0.0,4.88,0.0,XAUUSD.u,STR CLOSE,
3615480,10465273,2026-08-27 02:20:14,1787797214633,1,1,26011001,10461424,3,0.01,4620.97,0.0,0.0,3.34,0.0,XAUUSD.u,STR CLOSE,
3615481,10465274,2026-08-27 02:20:14,1787797214746,1,1,26011001,10460748,3,0.01,4621.04,0.0,0.0,1.87,0.0,XAUUSD.u,STR CLOSE,
3615482,10465275,2026-08-27 02:20:14,1787797214858,1,1,26011001,10460655,3,0.01,4621.04,0.0,0.0,0.33,0.0,XAUUSD.u,STR CLOSE,
3615483,10465276,2026-08-27 02:20:14,1787797214971,1,1,26011001,10452559,3,0.01,4621.09,0.0,0.0,-5.78,0.0,XAUUSD.u,STR CLOSE,
3615484,10465277,2026-08-27 02:20:15,1787797215083,1,1,26011001,10452552,3,0.01,4621.09,0.0,0.0,-4.24,0.0,XAUUSD.u,STR CLOSE,
3615485,10465278,2026-08-27 02:20:15,1787797215196,0,1,26011001,10452524,3,0.01,4621.14,0.0,0.0,-12.75,0.0,XAUUSD.u,STR CLOSE,
3615486,10465279,2026-08-27 02:20:15,1787797215308,0,1,26011001,10452516,3,0.01,4621.13,0.0,0.0,-11.2,0.0,XAUUSD.u,STR CLOSE,
3615523,10465285,2026-08-27 02:21:20,1787797280040,1,0,26011001,10465285,3,0.01,4619.44,0.0,0.0,0.0,0.0,XAUUSD.u,STR S1,
3615638,10465287,2026-08-27 02:27:48,1787797668650,1,0,26011001,10465287,3,0.01,4617.9,0.0,0.0,0.0,0.0,XAUUSD.u,STR S2,
3615728,10465291,2026-08-27 02:31:05,1787797865784,1,0,26011001,10465291,3,0.01,4616.36,0.0,0.0,0.0,0.0,XAUUSD.u,STR S3,
3615773,10465293,2026-08-27 02:32:49,1787797969663,1,0,26011001,10465293,3,0.01,4614.82,0.0,0.0,0.0,0.0,XAUUSD.u,STR S4,
3615781,10466667,2026-08-27 02:33:07,1787797987094,0,1,26011001,10465293,3,0.01,4613.8,0.0,0.0,1.02,0.0,XAUUSD.u,STR CLOSE,
3615782,10466669,2026-08-27 02:33:07,1787797987206,0,1,26011001,10465291,3,0.01,4613.8,0.0,0.0,2.56,0.0,XAUUSD.u,STR CLOSE,
3615783,10466671,2026-08-27 02:33:07,1787797987318,0,1,26011001,10465287,3,0.01,4613.74,0.0,0.0,4.16,0.0,XAUUSD.u,STR CLOSE,
3615784,10466673,2026-08-27 02:33:07,1787797987431,0,1,26011001,10465285,3,0.01,4613.74,0.0,0.0,5.7,0.0,XAUUSD.u,STR CLOSE,
3615956,10466691,2026-08-27 02:35:12,1787798112053,1,0,26011001,10466691,3,0.01,4612.19,0.0,0.0,0.0,0.0,XAUUSD.u,STR S1,
3616097,10466693,2026-08-27 02:35:46,1787798146213,1,0,26011001,10466693,3,0.01,4610.65,0.0,0.0,0.0,0.0,XAUUSD.u,STR S2,
3616177,10466690,2026-08-27 02:38:08,1787798288730,0,0,26011001,10466690,3,0.01,4615.27,0.0,0.0,0.0,0.0,XAUUSD.u,STR B1,
3616263,10466695,2026-08-27 02:43:21,1787798601141,1,0,26011001,10466695,3,0.01,4609.11,0.0,0.0,0.0,0.0,XAUUSD.u,STR S3,
3616292,10466697,2026-08-27 02:44:02,1787798642595,1,0,26011001,10466697,3,0.01,4607.57,0.0,0.0,0.0,0.0,XAUUSD.u,STR S4,
3616303,10473460,2026-08-27 02:44:15,1787798655154,0,1,26011001,10466691,4,0.01,4608.68,0.0,0.0,3.51,0.0,XAUUSD.u,[sl 4608.68],
3616328,10466700,2026-08-27 02:44:36,1787798676771,1,0,26011001,10466700,3,0.01,4606.03,0.0,0.0,0.0,0.0,XAUUSD.u,STR S5,
3616383,10474264,2026-08-27 02:45:02,1787798702268,0,1,26011001,10466693,4,0.01,4607.07,0.0,0.0,3.58,0.0,XAUUSD.u,[sl 4607.07],
3616406,10475310,2026-08-27 02:46:08,1787798768444,0,1,26011001,10466695,4,0.01,4608.61,0.0,0.0,0.5,0.0,XAUUSD.u,[sl 4608.61],
3616426,10475797,2026-08-27 02:46:34,1787798794087,1,0,26011001,10475797,3,0.01,4610.65,0.0,0.0,0.0,0.0,XAUUSD.u,STR S2,
3616430,10475526,2026-08-27 02:46:37,1787798797889,1,0,26011001,10475526,3,0.01,4609.11,0.0,0.0,0.0,0.0,XAUUSD.u,STR S3,
3616450,10477530,2026-08-27 02:48:43,1787798923079,0,1,26011001,10475797,4,0.01,4609.69,0.0,0.0,0.96,0.0,XAUUSD.u,[sl 4609.69],
3616585,10466703,2026-08-27 02:52:12,1787799132179,1,0,26011001,10466703,3,0.01,4604.49,0.0,0.0,0.0,0.0,XAUUSD.u,STR S6,
3616610,10466707,2026-08-27 02:52:58,1787799178969,1,0,26011001,10466707,3,0.01,4602.95,0.0,0.0,0.0,0.0,XAUUSD.u,STR S7,
3616619,10481278,2026-08-27 02:53:05,1787799185684,0,1,26011001,10475526,3,0.01,4602.86,0.0,0.0,6.25,0.0,XAUUSD.u,STR CLOSE,
3616620,10481280,2026-08-27 02:53:05,1787799185796,0,1,26011001,10466707,3,0.01,4602.86,0.0,0.0,0.09,0.0,XAUUSD.u,STR CLOSE,
3616621,10481281,2026-08-27 02:53:05,1787799185908,0,1,26011001,10466703,3,0.01,4602.86,0.0,0.0,1.63,0.0,XAUUSD.u,STR CLOSE,
3616622,10481284,2026-08-27 02:53:06,1787799186021,0,1,26011001,10466700,3,0.01,4602.87,0.0,0.0,3.16,0.0,XAUUSD.u,STR CLOSE,
3616623,10481287,2026-08-27 02:53:06,1787799186134,0,1,26011001,10466697,3,0.01,4602.85,0.0,0.0,4.72,0.0,XAUUSD.u,STR CLOSE,
3616624,10481288,2026-08-27 02:53:06,1787799186246,1,1,26011001,10466690,3,0.01,4602.8,0.0,0.0,-12.47,0.0,XAUUSD.u,STR CLOSE,
3616648,10481314,2026-08-27 02:53:35,1787799215838,1,0,26011001,10481314,3,0.01,4601.28,0.0,0.0,0.0,0.0,XAUUSD.u,STR S1,
3616715,10481308,2026-08-27 02:55:25,1787799325521,0,0,26011001,10481308,3,0.01,4604.34,0.0,0.0,0.0,0.0,XAUUSD.u,STR B1,
3616785,10481317,2026-08-27 03:00:01,1787799601168,0,0,26011001,10481317,3,0.01,4605.87,0.0,0.0,0.0,0.0,XAUUSD.u,STR B2,
3616789,10481323,2026-08-27 03:00:01,1787799601931,0,0,26011001,10481323,3,0.01,4607.4,0.0,0.0,0.0,0.0,XAUUSD.u,STR B3,
3616803,10488647,2026-08-27 03:00:03,1787799603462,1,1,26011001,10481308,4,0.01,4604.63,0.0,0.0,0.29,0.0,XAUUSD.u,[sl 4604.63],
3616814,10488692,2026-08-27 03:00:05,1787799605139,0,0,26011001,10488692,3,0.01,4604.34,0.0,0.0,0.0,0.0,XAUUSD.u,STR B1,
3616915,10490193,2026-08-27 03:00:45,1787799645223,1,1,26011001,10488692,4,0.01,4605.02,0.0,0.0,0.68,0.0,XAUUSD.u,[sl 4605.02],
3617002,10481327,2026-08-27 03:01:34,1787799694011,0,0,26011001,10481327,3,0.01,4608.93,0.0,0.0,0.0,0.0,XAUUSD.u,STR B4,
3617128,10481332,2026-08-27 03:01:45,1787799705179,0,0,26011001,10481332,3,0.01,4610.46,0.0,0.0,0.0,0.0,XAUUSD.u,STR B5,
3617149,10492023,2026-08-27 03:01:46,1787799706555,1,1,26011001,10481317,4,0.01,4609.35,0.0,0.0,3.48,0.0,XAUUSD.u,[sl 4609.35],
3617153,10492042,2026-08-27 03:01:46,1787799706858,1,1,26011001,10481323,4,0.01,4607.76,0.0,0.0,0.36,0.0,XAUUSD.u,[sl 4607.76],
3617158,10492058,2026-08-27 03:01:47,1787799707436,0,0,26011001,10492058,3,0.01,4607.4,0.0,0.0,0.0,0.0,XAUUSD.u,STR B3,
3617237,10481336,2026-08-27 03:03:30,1787799810159,0,0,26011001,10481336,3,0.01,4611.99,0.0,0.0,0.0,0.0,XAUUSD.u,STR B6,
3617267,10481339,2026-08-27 03:03:37,1787799817851,0,0,26011001,10481339,3,0.01,4613.52,0.0,0.0,0.0,0.0,XAUUSD.u,STR B7,
3617292,10495057,2026-08-27 03:03:51,1787799831526,1,1,26011001,10481327,4,0.01,4612.06,0.0,0.0,3.13,0.0,XAUUSD.u,[sl 4612.06],
3617293,10495058,2026-08-27 03:03:51,1787799831526,1,1,26011001,10492058,4,0.01,4612.06,0.0,0.0,4.66,0.0,XAUUSD.u,[sl 4612.06],
3617314,10481343,2026-08-27 03:04:20,1787799860863,0,0,26011001,10481343,3,0.01,4615.05,0.0,0.0,0.0,0.0,XAUUSD.u,STR B8,
3617326,10495467,2026-08-27 03:04:27,1787799867822,1,1,26011001,10481332,4,0.01,4613.54,0.0,0.0,3.08,0.0,XAUUSD.u,[sl 4613.54],
3617386,10496418,2026-08-27 03:05:54,1787799954746,1,1,26011001,10481336,4,0.01,4613.31,0.0,0.0,1.32,0.0,XAUUSD.u,[sl 4613.31],
3617427,10481345,2026-08-27 03:07:28,1787800048732,0,0,26011001,10481345,3,0.01,4616.58,0.0,0.0,0.0,0.0,XAUUSD.u,STR B9,
3617467,10481358,2026-08-27 03:08:11,1787800091049,0,0,26011001,10481358,3,0.01,4618.11,0.0,0.0,0.0,0.0,XAUUSD.u,STR B10,
3617486,10481368,2026-08-27 03:08:14,1787800094990,0,0,26011001,10481368,3,0.04,4619.64,0.0,0.0,0.0,0.0,XAUUSD.u,STR B11,
3617501,10497873,2026-08-27 03:08:20,1787800100346,1,1,26011001,10481368,3,0.04,4618.59,0.0,0.0,-4.2,0.0,XAUUSD.u,STR CLOSE,
3617502,10497874,2026-08-27 03:08:20,1787800100458,1,1,26011001,10481358,3,0.01,4618.59,0.0,0.0,0.48,0.0,XAUUSD.u,STR CLOSE,
3617503,10497875,2026-08-27 03:08:20,1787800100570,1,1,26011001,10481345,3,0.01,4618.59,0.0,0.0,2.01,0.0,XAUUSD.u,STR CLOSE,
3617504,10497877,2026-08-27 03:08:20,1787800100684,1,1,26011001,10481343,3,0.01,4618.31,0.0,0.0,3.26,0.0,XAUUSD.u,STR CLOSE,
3617505,10497881,2026-08-27 03:08:20,1787800100796,1,1,26011001,10481339,3,0.01,4618.31,0.0,0.0,4.79,0.0,XAUUSD.u,STR CLOSE,
3617506,10497883,2026-08-27 03:08:20,1787800100908,0,1,26011001,10481314,3,0.01,4618.36,0.0,0.0,-17.08,0.0,XAUUSD.u,STR CLOSE,
3617517,10497906,2026-08-27 03:08:28,1787800108672,1,0,26011001,10497906,3,0.01,4616.4,0.0,0.0,0.0,0.0,XAUUSD.u,STR S1,
3617557,10497904,2026-08-27 03:10:30,1787800230925,0,0,26011001,10497904,3,0.01,4619.48,0.0,0.0,0.0,0.0,XAUUSD.u,STR B1,
3617594,10497908,2026-08-27 03:11:15,1787800275917,0,0,26011001,10497908,3,0.01,4621.02,0.0,0.0,0.0,0.0,XAUUSD.u,STR B2,
3617636,10497911,2026-08-27 03:11:33,1787800293081,0,0,26011001,10497911,3,0.01,4622.56,0.0,0.0,0.0,0.0,XAUUSD.u,STR B3,
3617721,10499538,2026-08-27 03:12:12,1787800332666,1,1,26011001,10497904,4,0.01,4619.89,0.0,0.0,0.41,0.0,XAUUSD.u,[sl 4619.89],
3617787,10497917,2026-08-27 03:14:45,1787800485171,0,0,26011001,10497917,3,0.01,4624.1,0.0,0.0,0.0,0.0,XAUUSD.u,STR B4,
3617859,10499686,2026-08-27 03:16:22,1787800582488,1,1,26011001,10497908,4,0.01,4621.92,0.0,0.0,0.9,0.0,XAUUSD.u,[sl 4621.92],
3617868,10499694,2026-08-27 03:16:47,1787800607100,0,0,26011001,10499694,3,0.01,4621.02,0.0,0.0,0.0,0.0,XAUUSD.u,STR B2,
3617975,10499705,2026-08-27 03:17:07,1787800627441,0,0,26011001,10499705,3,0.01,4619.48,0.0,0.0,0.0,0.0,XAUUSD.u,STR B1,
3618101,10500224,2026-08-27 03:20:50,1787800850728,1,1,26011001,10499705,4,0.01,4619.97,0.0,0.0,0.49,0.0,XAUUSD.u,[sl 4619.97],
3618103,10500225,2026-08-27 03:20:59,1787800859723,0,0,26011001,10500225,3,0.01,4619.48,0.0,0.0,0.0,0.0,XAUUSD.u,STR B1,
3618211,10500339,2026-08-27 03:25:44,1787801144481,1,1,26011001,10500225,4,0.01,4623.64,0.0,0.0,4.16,0.0,XAUUSD.u,[sl 4623.64],
3618222,10500354,2026-08-27 03:26:12,1787801172481,1,1,26011001,10499694,4,0.01,4622.1,0.0,0.0,1.08,0.0,XAUUSD.u,[sl 4622.10],
3618229,10500361,2026-08-27 03:26:53,1787801213483,0,0,26011001,10500361,3,0.01,4621.02,0.0,0.0,0.0,0.0,XAUUSD.u,STR B2,
3618280,10500426,2026-08-27 03:29:30,1787801370301,0,0,26011001,10500426,3,0.01,4619.48,0.0,0.0,0.0,0.0,XAUUSD.u,STR B1,
3618407,10500587,2026-08-27 03:34:06,1787801646168,1,1,26011001,10500426,4,0.01,4619.62,0.0,0.0,0.14,0.0,XAUUSD.u,[sl 4619.62],
3618409,10500589,2026-08-27 03:34:06,1787801646786,0,0,26011001,10500589,3,0.01,4619.48,0.0,0.0,0.0,0.0,XAUUSD.u,STR B1,
3618638,10497920,2026-08-27 03:37:50,1787801870778,0,0,26011001,10497920,3,0.01,4625.64,0.0,0.0,0.0,0.0,XAUUSD.u,STR B5,
3618657,10497924,2026-08-27 03:37:51,1787801871926,0,0,26011001,10497924,3,0.01,4627.18,0.0,0.0,0.0,0.0,XAUUSD.u,STR B6,
3618685,10500869,2026-08-27 03:37:56,1787801876520,1,1,26011001,10500589,3,0.01,4626.92,0.0,0.0,7.44,0.0,XAUUSD.u,STR CLOSE,
3618687,10500871,2026-08-27 03:37:56,1787801876634,1,1,26011001,10500361,3,0.01,4626.8,0.0,0.0,5.78,0.0,XAUUSD.u,STR CLOSE,
3618688,10500872,2026-08-27 03:37:56,1787801876746,1,1,26011001,10497924,3,0.01,4626.89,0.0,0.0,-0.29,0.0,XAUUSD.u,STR CLOSE,
3618690,10500874,2026-08-27 03:37:56,1787801876859,1,1,26011001,10497920,3,0.01,4626.89,0.0,0.0,1.25,0.0,XAUUSD.u,STR CLOSE,
3618692,10500876,2026-08-27 03:37:56,1787801876971,1,1,26011001,10497917,3,0.01,4626.82,0.0,0.0,2.7199999999999998,0.0,XAUUSD.u,STR CLOSE,
3618693,10500877,2026-08-27 03:37:57,1787801877083,1,1,26011001,10497911,3,0.01,4626.83,0.0,0.0,4.27,0.0,XAUUSD.u,STR CLOSE,
3618694,10500878,2026-08-27 03:37:57,1787801877195,0,1,26011001,10497906,3,0.01,4626.94,0.0,0.0,-10.54,0.0,XAUUSD.u,STR CLOSE,
3618784,10500886,2026-08-27 03:38:23,1787801903672,0,0,26011001,10500886,3,0.01,4628.46,0.0,0.0,0.0,0.0,XAUUSD.u,STR B1,
3618841,10500891,2026-08-27 03:39:00,1787801940662,0,0,26011001,10500891,3,0.01,4630.0,0.0,0.0,0.0,0.0,XAUUSD.u,STR B2,
3618917,10500893,2026-08-27 03:41:02,1787802062023,0,0,26011001,10500893,3,0.01,4631.54,0.0,0.0,0.0,0.0,XAUUSD.u,STR B3,
3618986,10500887,2026-08-27 03:42:53,1787802173994,1,0,26011001,10500887,3,0.01,4625.38,0.0,0.0,0.0,0.0,XAUUSD.u,STR S1,
3619072,10500892,2026-08-27 03:44:07,1787802247990,1,0,26011001,10500892,3,0.01,4623.84,0.0,0.0,0.0,0.0,XAUUSD.u,STR S2,
3619076,10500895,2026-08-27 03:44:08,1787802248073,1,0,26011001,10500895,3,0.01,4622.3,0.0,0.0,0.0,0.0,XAUUSD.u,STR S3,
3619103,10501506,2026-08-27 03:45:41,1787802341033,0,1,26011001,10500887,4,0.01,4625.1,0.0,0.0,0.28,0.0,XAUUSD.u,[sl 4625.10],
3619335,10500896,2026-08-27 03:53:42,1787802822301,0,0,26011001,10500896,3,0.01,4633.08,0.0,0.0,0.0,0.0,XAUUSD.u,STR B4,
3619403,10500899,2026-08-27 03:54:09,1787802849360,0,0,26011001,10500899,3,0.01,4634.62,0.0,0.0,0.0,0.0,XAUUSD.u,STR B5,
3619476,10500902,2026-08-27 03:55:55,1787802955933,0,0,26011001,10500902,3,0.01,4636.16,0.0,0.0,0.0,0.0,XAUUSD.u,STR B6,
3619520,10500904,2026-08-27 03:56:12,1787802972312,0,0,26011001,10500904,3,0.01,4637.7,0.0,0.0,0.0,0.0,XAUUSD.u,STR B7,
3619558,10500907,2026-08-27 03:56:45,1787803005246,0,0,26011001,10500907,3,0.01,4639.24,0.0,0.0,0.0,0.0,XAUUSD.u,STR B8,
3619588,10505134,2026-08-27 03:58:02,1787803082288,1,1,26011001,10500893,4,0.01,4637.66,0.0,0.0,6.12,0.0,XAUUSD.u,[sl 4637.66],
3619589,10505135,2026-08-27 03:58:02,1787803082288,1,1,26011001,10500896,4,0.01,4637.66,0.0,0.0,4.58,0.0,XAUUSD.u,[sl 4637.66],
3619590,10505139,2026-08-27 03:58:02,1787803082709,1,1,26011001,10500891,4,0.01,4637.64,0.0,0.0,7.64,0.0,XAUUSD.u,[sl 4637.64],
3619619,10505405,2026-08-27 03:58:31,1787803111969,1,1,26011001,10500886,4,0.01,4638.77,0.0,0.0,10.31,0.0,XAUUSD.u,[sl 4638.77],
3619620,10505406,2026-08-27 03:58:31,1787803111969,1,1,26011001,10500899,4,0.01,4638.76,0.0,0.0,4.14,0.0,XAUUSD.u,[sl 4638.76],
3619650,10500909,2026-08-27 03:59:46,1787803186366,0,0,26011001,10500909,3,0.01,4640.78,0.0,0.0,0.0,0.0,XAUUSD.u,STR B9,
3619709,10500911,2026-08-27 04:01:45,1787803305042,0,0,26011001,10500911,3,0.01,4642.32,0.0,0.0,0.0,0.0,XAUUSD.u,STR B10,
3619742,10507108,2026-08-27 04:01:54,1787803314497,1,1,26011001,10500911,3,0.01,4642.09,0.0,0.0,-0.23,0.0,XAUUSD.u,STR CLOSE,
3619744,10507111,2026-08-27 04:01:54,1787803314609,1,1,26011001,10500909,3,0.01,4642.11,0.0,0.0,1.33,0.0,XAUUSD.u,STR CLOSE,
3619745,10507113,2026-08-27 04:01:54,1787803314721,1,1,26011001,10500907,3,0.01,4642.13,0.0,0.0,2.89,0.0,XAUUSD.u,STR CLOSE,
3619747,10507115,2026-08-27 04:01:54,1787803314833,1,1,26011001,10500904,3,0.01,4642.13,0.0,0.0,4.43,0.0,XAUUSD.u,STR CLOSE,
3619749,10507118,2026-08-27 04:01:54,1787803314945,1,1,26011001,10500902,3,0.01,4642.14,0.0,0.0,5.98,0.0,XAUUSD.u,STR CLOSE,
3619750,10507120,2026-08-27 04:01:55,1787803315058,0,1,26011001,10500895,3,0.01,4642.17,0.0,0.0,-19.87,0.0,XAUUSD.u,STR CLOSE,
3619751,10507121,2026-08-27 04:01:55,1787803315170,0,1,26011001,10500892,3,0.01,4642.17,0.0,0.0,-18.33,0.0,XAUUSD.u,STR CLOSE,
3619821,10507146,2026-08-27 04:04:15,1787803455102,1,0,26011001,10507146,3,0.01,4640.69,0.0,0.0,0.0,0.0,XAUUSD.u,STR S1,
3619847,10507149,2026-08-27 04:04:31,1787803471072,1,0,26011001,10507149,3,0.01,4639.14,0.0,0.0,0.0,0.0,XAUUSD.u,STR S2,
3620485,10507153,2026-08-27 04:23:32,1787804612403,1,0,26011001,10507153,3,0.01,4637.59,0.0,0.0,0.0,0.0,XAUUSD.u,STR S3,
3620617,10507158,2026-08-27 04:28:11,1787804891704,1,0,26011001,10507158,3,0.01,4636.04,0.0,0.0,0.0,0.0,XAUUSD.u,STR S4,
3620706,10517758,2026-08-27 04:28:45,1787804925616,0,1,26011001,10507158,3,0.01,4635.05,0.0,0.0,0.99,0.0,XAUUSD.u,STR CLOSE,
3620707,10517761,2026-08-27 04:28:45,1787804925728,0,1,26011001,10507153,3,0.01,4635.01,0.0,0.0,2.58,0.0,XAUUSD.u,STR CLOSE,
3620708,10517762,2026-08-27 04:28:45,1787804925840,0,1,26011001,10507149,3,0.01,4635.01,0.0,0.0,4.13,0.0,XAUUSD.u,STR CLOSE,
3620709,10517763,2026-08-27 04:28:45,1787804925953,0,1,26011001,10507146,3,0.01,4635.01,0.0,0.0,5.68,0.0,XAUUSD.u,STR CLOSE,
3620743,10517775,2026-08-27 04:29:22,1787804962199,1,0,26011001,10517775,3,0.01,4633.45,0.0,0.0,0.0,0.0,XAUUSD.u,STR S1,
3620809,10517781,2026-08-27 04:30:52,1787805052550,1,0,26011001,10517781,3,0.01,4631.9,0.0,0.0,0.0,0.0,XAUUSD.u,STR S2,
3620843,10517789,2026-08-27 04:31:35,1787805095927,1,0,26011001,10517789,3,0.01,4630.35,0.0,0.0,0.0,0.0,XAUUSD.u,STR S3,
3620913,10517796,2026-08-27 04:33:19,1787805199730,1,0,26011001,10517796,3,0.01,4628.8,0.0,0.0,0.0,0.0,XAUUSD.u,STR S4,
3621115,10520125,2026-08-27 04:33:49,1787805229235,0,1,26011001,10517775,4,0.01,4630.16,0.0,0.0,3.29,0.0,XAUUSD.u,[sl 4630.16],
3621196,10517801,2026-08-27 04:35:57,1787805357190,1,0,26011001,10517801,3,0.01,4627.25,0.0,0.0,0.0,0.0,XAUUSD.u,STR S5,
3621219,10520321,2026-08-27 04:36:03,1787805363368,0,1,26011001,10517801,3,0.01,4626.89,0.0,0.0,0.36,0.0,XAUUSD.u,STR CLOSE,
3621220,10520322,2026-08-27 04:36:03,1787805363483,0,1,26011001,10517796,3,0.01,4626.89,0.0,0.0,1.9100000000000001,0.0,XAUUSD.u,STR CLOSE,
3621222,10520324,2026-08-27 04:36:03,1787805363595,0,1,26011001,10517789,3,0.01,4626.93,0.0,0.0,3.42,0.0,XAUUSD.u,STR CLOSE,
3621224,10520326,2026-08-27 04:36:03,1787805363708,0,1,26011001,10517781,3,0.01,4626.79,0.0,0.0,5.11,0.0,XAUUSD.u,STR CLOSE,
3621247,10520332,2026-08-27 04:36:23,1787805383676,0,0,26011001,10520332,3,0.01,4628.39,0.0,0.0,0.0,0.0,XAUUSD.u,STR B1,
3621335,10520333,2026-08-27 04:37:46,1787805466557,1,0,26011001,10520333,3,0.01,4625.31,0.0,0.0,0.0,0.0,XAUUSD.u,STR S1,
3621545,10520336,2026-08-27 04:43:04,1787805784042,1,0,26011001,10520336,3,0.01,4623.77,0.0,0.0,0.0,0.0,XAUUSD.u,STR S2,
3621735,10520334,2026-08-27 04:48:46,1787806126521,0,0,26011001,10520334,3,0.01,4629.93,0.0,0.0,0.0,0.0,XAUUSD.u,STR B2,
3622084,10520337,2026-08-27 05:03:18,1787806998535,0,0,26011001,10520337,3,0.01,4631.47,0.0,0.0,0.0,0.0,XAUUSD.u,STR B3,
3622139,10520339,2026-08-27 05:03:58,1787807038768,0,0,26011001,10520339,3,0.01,4633.01,0.0,0.0,0.0,0.0,XAUUSD.u,STR B4,
3622201,10520343,2026-08-27 05:04:48,1787807088552,0,0,26011001,10520343,3,0.01,4634.55,0.0,0.0,0.0,0.0,XAUUSD.u,STR B5,
3622236,10524009,2026-08-27 05:05:32,1787807132171,1,1,26011001,10520332,4,0.01,4633.63,0.0,0.0,5.24,0.0,XAUUSD.u,[sl 4633.63],
3622237,10524010,2026-08-27 05:05:32,1787807132171,1,1,26011001,10520334,4,0.01,4633.63,0.0,0.0,3.7,0.0,XAUUSD.u,[sl 4633.63],
3622272,10524700,2026-08-27 05:07:52,1787807272927,1,1,26011001,10520337,4,0.01,4632.09,0.0,0.0,0.62,0.0,XAUUSD.u,[sl 4632.09],
3622316,10525187,2026-08-27 05:10:31,1787807431156,0,0,26011001,10525187,3,0.01,4629.93,0.0,0.0,0.0,0.0,XAUUSD.u,STR B2,
3622333,10524968,2026-08-27 05:12:18,1787807538690,0,0,26011001,10524968,3,0.01,4631.47,0.0,0.0,0.0,0.0,XAUUSD.u,STR B3,
3622378,10526027,2026-08-27 05:13:36,1787807616187,1,1,26011001,10525187,4,0.01,4633.39,0.0,0.0,3.46,0.0,XAUUSD.u,[sl 4633.39],
3622568,10520346,2026-08-27 05:20:36,1787808036802,0,0,26011001,10520346,3,0.01,4636.09,0.0,0.0,0.0,0.0,XAUUSD.u,STR B6,
3622687,10520349,2026-08-27 05:23:20,1787808200939,0,0,26011001,10520349,3,0.01,4637.63,0.0,0.0,0.0,0.0,XAUUSD.u,STR B7,
3622752,10530540,2026-08-27 05:25:35,1787808335166,1,1,26011001,10520339,4,0.01,4637.17,0.0,0.0,4.16,0.0,XAUUSD.u,[sl 4637.17],
3622753,10530541,2026-08-27 05:25:35,1787808335166,1,1,26011001,10524968,4,0.01,4637.17,0.0,0.0,5.7,0.0,XAUUSD.u,[sl 4637.17],
3622812,10531780,2026-08-27 05:29:23,1787808563183,1,1,26011001,10520343,4,0.01,4635.62,0.0,0.0,1.07,0.0,XAUUSD.u,[sl 4635.62],
3622904,10532465,2026-08-27 05:30:41,1787808641623,0,0,26011001,10532465,3,0.01,4634.55,0.0,0.0,0.0,0.0,XAUUSD.u,STR B5,
3623090,10533946,2026-08-27 05:38:00,1787809080017,0,0,26011001,10533946,3,0.01,4633.01,0.0,0.0,0.0,0.0,XAUUSD.u,STR B4,
3623146,10534004,2026-08-27 05:40:18,1787809218181,0,0,26011001,10534004,3,0.01,4631.47,0.0,0.0,0.0,0.0,XAUUSD.u,STR B3,
3623279,10534130,2026-08-27 05:42:16,1787809336569,0,0,26011001,10534130,3,0.01,4629.93,0.0,0.0,0.0,0.0,XAUUSD.u,STR B2,
3623394,10534235,2026-08-27 05:47:00,1787809620134,0,0,26011001,10534235,3,0.01,4628.39,0.0,0.0,0.0,0.0,XAUUSD.u,STR B1,
3624400,10520338,2026-08-27 06:27:35,1787812055534,1,0,26011001,10520338,3,0.01,4622.23,0.0,0.0,0.0,0.0,XAUUSD.u,STR S3,
3624511,10520341,2026-08-27 06:29:59,1787812199970,1,0,26011001,10520341,3,0.01,4620.69,0.0,0.0,0.0,0.0,XAUUSD.u,STR S4,
3624666,10520344,2026-08-27 06:34:07,1787812447645,1,0,26011001,10520344,3,0.01,4619.15,0.0,0.0,0.0,0.0,XAUUSD.u,STR S5,
3624748,10535672,2026-08-27 06:36:06,1787812566865,0,1,26011001,10520333,4,0.01,4619.92,0.0,0.0,5.39,0.0,XAUUSD.u,[sl 4619.92],
3624749,10535673,2026-08-27 06:36:06,1787812566866,0,1,26011001,10520336,4,0.01,4619.92,0.0,0.0,3.85,0.0,XAUUSD.u,[sl 4619.92],
3624851,10520347,2026-08-27 06:38:54,1787812734888,1,0,26011001,10520347,3,0.01,4617.61,0.0,0.0,0.0,0.0,XAUUSD.u,STR S6,
3624948,10535886,2026-08-27 06:41:34,1787812894909,0,1,26011001,10520338,4,0.01,4618.83,0.0,0.0,3.4,0.0,XAUUSD.u,[sl 4618.83],
3625102,10536043,2026-08-27 06:48:55,1787813335983,0,1,26011001,10520341,4,0.01,4620.37,0.0,0.0,0.32,0.0,XAUUSD.u,[sl 4620.37],
3625178,10536121,2026-08-27 06:50:17,1787813417178,1,0,26011001,10536121,3,0.01,4620.69,0.0,0.0,0.0,0.0,XAUUSD.u,STR S4,
3625590,10536502,2026-08-27 07:04:35,1787814275876,0,1,26011001,10536121,4,0.01,4619.38,0.0,0.0,1.31,0.0,XAUUSD.u,[sl 4619.38],
3625694,10536598,2026-08-27 07:06:11,1787814371672,1,0,26011001,10536598,3,0.01,4620.69,0.0,0.0,0.0,0.0,XAUUSD.u,STR S4,
3626547,10537494,2026-08-27 07:30:07,1787815807708,0,1,26011001,10536598,4,0.01,4619.51,0.0,0.0,1.18,0.0,XAUUSD.u,[sl 4619.51],
3626601,10520350,2026-08-27 07:30:35,1787815835409,1,0,26011001,10520350,3,0.01,4616.07,0.0,0.0,0.0,0.0,XAUUSD.u,STR S7,
3626650,10520353,2026-08-27 07:30:38,1787815838165,1,0,26011001,10520353,3,0.01,4614.53,0.0,0.0,0.0,0.0,XAUUSD.u,STR S8,
3626718,10537655,2026-08-27 07:30:58,1787815858672,0,1,26011001,10520344,4,0.01,4614.82,0.0,0.0,4.33,0.0,XAUUSD.u,[sl 4614.82],
3626756,10520357,2026-08-27 07:31:32,1787815892653,1,0,26011001,10520357,3,0.01,4612.99,0.0,0.0,0.0,0.0,XAUUSD.u,STR S9,
3626832,10520360,2026-08-27 07:32:02,1787815922959,1,0,26011001,10520360,3,0.01,4611.45,0.0,0.0,0.0,0.0,XAUUSD.u,STR S10,
3626880,10520363,2026-08-27 07:32:19,1787815939034,1,0,26011001,10520363,3,0.04,4609.91,0.0,0.0,0.0,0.0,XAUUSD.u,STR S11,
3626939,10537868,2026-08-27 07:32:43,1787815963169,0,1,26011001,10520347,4,0.01,4611.0,0.0,0.0,6.61,0.0,XAUUSD.u,[sl 4611.00],
3626941,10537869,2026-08-27 07:32:43,1787815963169,0,1,26011001,10520350,4,0.01,4611.02,0.0,0.0,5.05,0.0,XAUUSD.u,[sl 4611.02],
3626942,10537870,2026-08-27 07:32:43,1787815963169,0,1,26011001,10520353,4,0.01,4611.02,0.0,0.0,3.51,0.0,XAUUSD.u,[sl 4611.02],
3627014,10537945,2026-08-27 07:33:16,1787815996234,0,1,26011001,10520357,4,0.01,4612.56,0.0,0.0,0.43,0.0,XAUUSD.u,[sl 4612.56],
3627062,10537972,2026-08-27 07:33:34,1787816014339,1,0,26011001,10537972,3,0.01,4612.99,0.0,0.0,0.0,0.0,XAUUSD.u,STR S9,
3627254,10520366,2026-08-27 07:35:39,1787816139790,1,0,26011001,10520366,3,0.04,4608.37,0.0,0.0,0.0,0.0,XAUUSD.u,STR S12,
3627264,10538191,2026-08-27 07:35:56,1787816156968,0,1,26011001,10537972,4,0.01,4609.82,0.0,0.0,3.17,0.0,XAUUSD.u,[sl 4609.82],
3627273,10538200,2026-08-27 07:36:09,1787816169379,0,1,26011001,10520360,4,0.01,4611.36,0.0,0.0,0.09,0.0,XAUUSD.u,[sl 4611.36],
3627275,10538202,2026-08-27 07:36:11,1787816171086,1,0,26011001,10538202,3,0.01,4611.45,0.0,0.0,0.0,0.0,XAUUSD.u,STR S10,
3627559,10520369,2026-08-27 07:44:17,1787816657662,1,0,26011001,10520369,3,0.04,4606.83,0.0,0.0,0.0,0.0,XAUUSD.u,STR S13,
3627626,10520372,2026-08-27 07:44:25,1787816665165,1,0,26011001,10520372,3,0.04,4605.29,0.0,0.0,0.0,0.0,XAUUSD.u,STR S14,
3627742,10538675,2026-08-27 07:45:17,1787816717698,0,1,26011001,10520363,4,0.04,4606.21,0.0,0.0,14.8,0.0,XAUUSD.u,[sl 4606.21],
3627743,10538676,2026-08-27 07:45:17,1787816717698,0,1,26011001,10538202,4,0.01,4606.24,0.0,0.0,5.21,0.0,XAUUSD.u,[sl 4606.24],
3627774,10538776,2026-08-27 07:46:32,1787816792232,0,1,26011001,10520366,4,0.04,4607.78,0.0,0.0,2.36,0.0,XAUUSD.u,[sl 4607.78],
3627787,10538802,2026-08-27 07:46:48,1787816808504,1,0,26011001,10538802,3,0.04,4608.37,0.0,0.0,0.0,0.0,XAUUSD.u,STR S12,
3627997,10520375,2026-08-27 07:52:06,1787817126149,1,0,26011001,10520375,3,0.04,4603.75,0.0,0.0,0.0,0.0,XAUUSD.u,STR S15,
3628055,10520379,2026-08-27 07:52:30,1787817150074,1,0,26011001,10520379,3,0.04,4602.21,0.0,0.0,0.0,0.0,XAUUSD.u,STR S16,
3628118,10539623,2026-08-27 07:52:48,1787817168988,0,1,26011001,10520369,4,0.04,4602.55,0.0,0.0,17.12,0.0,XAUUSD.u,[sl 4602.55],
3628119,10539624,2026-08-27 07:52:48,1787817168988,0,1,26011001,10538802,4,0.04,4602.55,0.0,0.0,23.28,0.0,XAUUSD.u,[sl 4602.55],
3628152,10539800,2026-08-27 07:53:26,1787817206841,0,1,26011001,10520372,4,0.04,4604.09,0.0,0.0,4.8,0.0,XAUUSD.u,[sl 4604.09],
3628295,10540358,2026-08-27 07:58:15,1787817495087,1,0,26011001,10540358,3,0.04,4605.29,0.0,0.0,0.0,0.0,XAUUSD.u,STR S14,
3628314,10540389,2026-08-27 07:58:45,1787817525370,1,0,26011001,10540389,3,0.04,4606.83,0.0,0.0,0.0,0.0,XAUUSD.u,STR S13,
3628506,10541053,2026-08-27 08:01:38,1787817698234,0,1,26011001,10540389,4,0.04,4602.69,0.0,0.0,16.56,0.0,XAUUSD.u,[sl 4602.69],
3628570,10520381,2026-08-27 08:02:00,1787817720560,1,0,26011001,10520381,3,0.04,4600.67,0.0,0.0,0.0,0.0,XAUUSD.u,STR S17,
3628667,10542453,2026-08-27 08:02:31,1787817751699,0,1,26011001,10540358,4,0.04,4601.25,0.0,0.0,16.16,0.0,XAUUSD.u,[sl 4601.25],
3628681,10542671,2026-08-27 08:02:41,1787817761897,0,1,26011001,10520375,4,0.04,4602.79,0.0,0.0,3.84,0.0,XAUUSD.u,[sl 4602.79],
3628705,10542734,2026-08-27 08:02:48,1787817768850,1,0,26011001,10542734,3,0.04,4603.75,0.0,0.0,0.0,0.0,XAUUSD.u,STR S15,
3628824,10543240,2026-08-27 08:04:26,1787817866942,1,0,26011001,10543240,3,0.04,4605.29,0.0,0.0,0.0,0.0,XAUUSD.u,STR S14,
3628978,10543909,2026-08-27 08:08:23,1787818103076,0,1,26011001,10543240,4,0.04,4604.34,0.0,0.0,3.8,0.0,XAUUSD.u,[sl 4604.34],
3629247,10546616,2026-08-27 08:13:45,1787818425203,0,1,26011001,10542734,4,0.04,4603.64,0.0,0.0,0.44,0.0,XAUUSD.u,[sl 4603.64],
3629251,10546618,2026-08-27 08:13:46,1787818426537,1,0,26011001,10546618,3,0.04,4603.75,0.0,0.0,0.0,0.0,XAUUSD.u,STR S15,
3629289,10546657,2026-08-27 08:14:17,1787818457268,1,0,26011001,10546657,3,0.04,4605.29,0.0,0.0,0.0,0.0,XAUUSD.u,STR S14,
3629350,10546722,2026-08-27 08:14:32,1787818472397,1,0,26011001,10546722,3,0.04,4606.83,0.0,0.0,0.0,0.0,XAUUSD.u,STR S13,
3629488,10546910,2026-08-27 08:16:53,1787818613451,0,1,26011001,10546722,3,0.04,4604.32,0.0,0.0,10.04,0.0,XAUUSD.u,STR CLOSE,
3629489,10546911,2026-08-27 08:16:53,1787818613563,0,1,26011001,10546657,3,0.04,4604.32,0.0,0.0,3.88,0.0,XAUUSD.u,STR CLOSE,
3629490,10546912,2026-08-27 08:16:53,1787818613677,0,1,26011001,10546618,3,0.04,4604.51,0.0,0.0,-3.04,0.0,XAUUSD.u,STR CLOSE,
3629491,10546913,2026-08-27 08:16:53,1787818613790,1,1,26011001,10534235,3,0.01,4604.5,0.0,0.0,-23.89,0.0,XAUUSD.u,STR CLOSE,
3629492,10546914,2026-08-27 08:16:53,1787818613903,1,1,26011001,10534004,3,0.01,4604.44,0.0,0.0,-27.03,0.0,XAUUSD.u,STR CLOSE,
3629493,10546915,2026-08-27 08:16:54,1787818614015,1,1,26011001,10533946,3,0.01,4604.46,0.0,0.0,-28.55,0.0,XAUUSD.u,STR CLOSE,
3629494,10546916,2026-08-27 08:16:54,1787818614128,1,1,26011001,10532465,3,0.01,4604.46,0.0,0.0,-30.09,0.0,XAUUSD.u,STR CLOSE,
3629496,10546918,2026-08-27 08:16:54,1787818614242,0,1,26011001,10520381,3,0.04,4604.48,0.0,0.0,-15.24,0.0,XAUUSD.u,STR CLOSE,
3629497,10546919,2026-08-27 08:16:54,1787818614361,0,1,26011001,10520379,3,0.04,4604.48,0.0,0.0,-9.08,0.0,XAUUSD.u,STR CLOSE,
3629498,10546920,2026-08-27 08:16:54,1787818614474,1,1,26011001,10520349,3,0.01,4604.47,0.0,0.0,-33.16,0.0,XAUUSD.u,STR CLOSE,
3629503,10546921,2026-08-27 08:17:19,1787818639178,0,0,26011001,10546921,3,0.01,4605.83,0.0,0.0,0.0,0.0,XAUUSD.u,STR B1,
3629576,10546923,2026-08-27 08:19:15,1787818755662,0,0,26011001,10546923,3,0.01,4607.36,0.0,0.0,0.0,0.0,XAUUSD.u,STR B2,
3629649,10546925,2026-08-27 08:21:14,1787818874471,0,0,26011001,10546925,3,0.01,4608.89,0.0,0.0,0.0,0.0,XAUUSD.u,STR B3,
3629791,10547350,2026-08-27 08:21:44,1787818904300,1,1,26011001,10546925,3,0.01,4609.9,0.0,0.0,1.01,0.0,XAUUSD.u,STR CLOSE,
3629793,10547352,2026-08-27 08:21:44,1787818904415,1,1,26011001,10546923,3,0.01,4609.9,0.0,0.0,2.54,0.0,XAUUSD.u,STR CLOSE,
3629794,10547353,2026-08-27 08:21:44,1787818904530,1,1,26011001,10546921,3,0.01,4609.9,0.0,0.0,4.07,0.0,XAUUSD.u,STR CLOSE,
3629859,10547360,2026-08-27 08:22:21,1787818941207,1,0,26011001,10547360,3,0.01,4608.32,0.0,0.0,0.0,0.0,XAUUSD.u,STR S1,
3630303,10547542,2026-08-27 08:30:25,1787819425508,0,0,26011001,10547542,3,0.01,4611.4,0.0,0.0,0.0,0.0,XAUUSD.u,STR B1,
3630483,10547544,2026-08-27 08:34:09,1787819649781,1,0,26011001,10547544,3,0.01,4606.78,0.0,0.0,0.0,0.0,XAUUSD.u,STR S2,
3630565,10548356,2026-08-27 08:35:30,1787819730241,0,1,26011001,10547544,3,0.01,4607.69,0.0,0.0,-0.91,0.0,XAUUSD.u,STR CLOSE,
3630566,10548357,2026-08-27 08:35:30,1787819730354,1,1,26011001,10547542,3,0.01,4607.68,0.0,0.0,-3.7199999999999998,0.0,XAUUSD.u,STR CLOSE,
3630568,10548358,2026-08-27 08:35:30,1787819730466,0,1,26011001,10547360,3,0.01,4607.69,0.0,0.0,0.63,0.0,XAUUSD.u,STR CLOSE,
3630660,10548407,2026-08-27 08:38:24,1787819904735,0,0,26011001,10548407,3,0.01,4607.06,0.0,0.0,0.0,0.0,XAUUSD.u,STR B1,
3630765,10548409,2026-08-27 08:40:34,1787820034162,0,0,26011001,10548409,3,0.01,4608.6,0.0,0.0,0.0,0.0,XAUUSD.u,STR B2,
3631222,10548408,2026-08-27 08:49:25,1787820565334,1,0,26011001,10548408,3,0.01,4603.98,0.0,0.0,0.0,0.0,XAUUSD.u,STR S1,
3631462,10548410,2026-08-27 08:52:03,1787820723578,1,0,26011001,10548410,3,0.01,4602.44,0.0,0.0,0.0,0.0,XAUUSD.u,STR S2,
3631665,10548412,2026-08-27 08:56:55,1787821015654,1,0,26011001,10548412,3,0.01,4600.9,0.0,0.0,0.0,0.0,XAUUSD.u,STR S3,
3631750,10548414,2026-08-27 08:57:59,1787821079553,1,0,26011001,10548414,3,0.01,4599.36,0.0,0.0,0.0,0.0,XAUUSD.u,STR S4,
3631874,10554916,2026-08-27 08:58:55,1787821135907,0,1,26011001,10548408,4,0.01,4599.63,0.0,0.0,4.35,0.0,XAUUSD.u,[sl 4599.63],
3631919,10556715,2026-08-27 09:00:03,1787821203540,0,1,26011001,10548410,4,0.01,4601.17,0.0,0.0,1.27,0.0,XAUUSD.u,[sl 4601.17],
3631995,10557901,2026-08-27 09:01:02,1787821262716,1,0,26011001,10557901,3,0.01,4602.44,0.0,0.0,0.0,0.0,XAUUSD.u,STR S2,
3632097,10560728,2026-08-27 09:03:30,1787821410415,0,1,26011001,10557901,4,0.01,4601.74,0.0,0.0,0.7,0.0,XAUUSD.u,[sl 4601.74],
3632102,10560763,2026-08-27 09:03:33,1787821413029,1,0,26011001,10560763,3,0.01,4602.44,0.0,0.0,0.0,0.0,XAUUSD.u,STR S2,
3632215,10561651,2026-08-27 09:05:18,1787821518843,1,0,26011001,10561651,3,0.01,4603.98,0.0,0.0,0.0,0.0,XAUUSD.u,STR S1,
3632788,10566305,2026-08-27 09:16:21,1787822181507,0,1,26011001,10561651,4,0.01,4600.05,0.0,0.0,3.93,0.0,XAUUSD.u,[sl 4600.05],
3632906,10548417,2026-08-27 09:18:35,1787822315633,1,0,26011001,10548417,3,0.01,4597.82,0.0,0.0,0.0,0.0,XAUUSD.u,STR S5,
3633014,10548419,2026-08-27 09:19:28,1787822368548,1,0,26011001,10548419,3,0.01,4596.28,0.0,0.0,0.0,0.0,XAUUSD.u,STR S6,
3633032,10570610,2026-08-27 09:19:30,1787822370730,0,1,26011001,10548412,4,0.01,4597.56,0.0,0.0,3.34,0.0,XAUUSD.u,[sl 4597.56],
3633033,10570611,2026-08-27 09:19:30,1787822370730,0,1,26011001,10560763,4,0.01,4597.57,0.0,0.0,4.87,0.0,XAUUSD.u,[sl 4597.57],
3633486,10548422,2026-08-27 09:26:02,1787822762723,1,0,26011001,10548422,3,0.03,4594.74,0.0,0.0,0.0,0.0,XAUUSD.u,STR S7,
3633595,10582380,2026-08-27 09:26:30,1787822790397,0,1,26011001,10548414,4,0.01,4595.12,0.0,0.0,4.24,0.0,XAUUSD.u,[sl 4595.12],
3633656,10584644,2026-08-27 09:27:45,1787822865625,0,1,26011001,10548417,4,0.01,4596.74,0.0,0.0,1.08,0.0,XAUUSD.u,[sl 4596.74],
3633713,10585961,2026-08-27 09:28:32,1787822912266,1,0,26011001,10585961,3,0.01,4597.82,0.0,0.0,0.0,0.0,XAUUSD.u,STR S5,
3633816,10588842,2026-08-27 09:30:02,1787823002544,1,0,26011001,10588842,3,0.01,4599.36,0.0,0.0,0.0,0.0,XAUUSD.u,STR S4,
3633885,10590294,2026-08-27 09:30:57,1787823057926,1,0,26011001,10590294,3,0.01,4600.9,0.0,0.0,0.0,0.0,XAUUSD.u,STR S3,
3634054,10596185,2026-08-27 09:34:37,1787823277574,0,1,26011001,10585961,4,0.01,4596.1,0.0,0.0,1.72,0.0,XAUUSD.u,[sl 4596.10],
3634055,10596186,2026-08-27 09:34:37,1787823277574,0,1,26011001,10588842,4,0.01,4596.1,0.0,0.0,3.26,0.0,XAUUSD.u,[sl 4596.10],
3634056,10596187,2026-08-27 09:34:37,1787823277574,0,1,26011001,10590294,4,0.01,4596.1,0.0,0.0,4.8,0.0,XAUUSD.u,[sl 4596.10],
3634063,10596713,2026-08-27 09:34:51,1787823291292,0,1,26011001,10548422,3,0.03,4596.39,0.0,0.0,-4.95,0.0,XAUUSD.u,STR CLOSE,
3634065,10596715,2026-08-27 09:34:51,1787823291405,0,1,26011001,10548419,3,0.01,4596.39,0.0,0.0,-0.11,0.0,XAUUSD.u,STR CLOSE,
3634066,10596722,2026-08-27 09:34:51,1787823291518,1,1,26011001,10548407,3,0.01,4596.36,0.0,0.0,-10.7,0.0,XAUUSD.u,STR CLOSE,
3634123,10596783,2026-08-27 09:36:31,1787823391743,0,0,26011001,10596783,3,0.01,4597.68,0.0,0.0,0.0,0.0,XAUUSD.u,STR B1,
3634760,10596785,2026-08-27 09:47:24,1787824044115,0,0,26011001,10596785,3,0.01,4599.21,0.0,0.0,0.0,0.0,XAUUSD.u,STR B2,
3635313,10596793,2026-08-27 09:56:10,1787824570511,0,0,26011001,10596793,3,0.01,4600.74,0.0,0.0,0.0,0.0,XAUUSD.u,STR B3,
3635339,10596801,2026-08-27 09:56:21,1787824581043,0,0,26011001,10596801,3,0.01,4602.27,0.0,0.0,0.0,0.0,XAUUSD.u,STR B4,
3635423,10630584,2026-08-27 09:58:09,1787824689644,1,1,26011001,10596783,4,0.01,4601.05,0.0,0.0,3.37,0.0,XAUUSD.u,[sl 4601.05],
3635514,10633340,2026-08-27 10:01:11,1787824871786,1,1,26011001,10596785,4,0.01,4601.2,0.0,0.0,1.99,0.0,XAUUSD.u,[sl 4601.20],
3635560,10596815,2026-08-27 10:01:50,1787824910457,0,0,26011001,10596815,3,0.01,4603.8,0.0,0.0,0.0,0.0,XAUUSD.u,STR B5,
3635640,10596817,2026-08-27 10:03:08,1787824988307,0,0,26011001,10596817,3,0.01,4605.33,0.0,0.0,0.0,0.0,XAUUSD.u,STR B6,
3635730,10633883,2026-08-27 10:04:15,1787825055896,1,1,26011001,10596793,4,0.01,4605.6,0.0,0.0,4.86,0.0,XAUUSD.u,[sl 4605.60],
3635741,10633904,2026-08-27 10:04:24,1787825064576,1,1,26011001,10596817,3,0.01,4605.16,0.0,0.0,-0.17,0.0,XAUUSD.u,STR CLOSE,
3635742,10633905,2026-08-27 10:04:24,1787825064690,1,1,26011001,10596815,3,0.01,4605.16,0.0,0.0,1.3599999999999999,0.0,XAUUSD.u,STR CLOSE,
3635744,10633907,2026-08-27 10:04:24,1787825064802,1,1,26011001,10596801,3,0.01,4605.16,0.0,0.0,2.89,0.0,XAUUSD.u,STR CLOSE,
3635935,10633910,2026-08-27 10:08:43,1787825323030,0,0,26011001,10633910,3,0.01,4606.71,0.0,0.0,0.0,0.0,XAUUSD.u,STR B1,
3636051,10633911,2026-08-27 10:09:37,1787825377536,1,0,26011001,10633911,3,0.01,4603.63,0.0,0.0,0.0,0.0,XAUUSD.u,STR S1,
3636501,10633913,2026-08-27 10:20:25,1787826025278,1,0,26011001,10633913,3,0.01,4602.09,0.0,0.0,0.0,0.0,XAUUSD.u,STR S2,
3636579,10633915,2026-08-27 10:22:05,1787826125946,1,0,26011001,10633915,3,0.01,4600.55,0.0,0.0,0.0,0.0,XAUUSD.u,STR S3,
3636649,10637392,2026-08-27 10:24:54,1787826294065,0,1,26011001,10633911,4,0.01,4603.26,0.0,0.0,0.37,0.0,XAUUSD.u,[sl 4603.26],
3636684,10637443,2026-08-27 10:25:27,1787826327419,1,0,26011001,10637443,3,0.01,4603.63,0.0,0.0,0.0,0.0,XAUUSD.u,STR S1,
3637006,10633917,2026-08-27 10:34:50,1787826890844,1,0,26011001,10633917,3,0.01,4599.01,0.0,0.0,0.0,0.0,XAUUSD.u,STR S4,
3637102,10633919,2026-08-27 10:36:56,1787827016176,1,0,26011001,10633919,3,0.01,4597.47,0.0,0.0,0.0,0.0,XAUUSD.u,STR S5,
3637154,10648207,2026-08-27 10:38:13,1787827093283,0,1,26011001,10633913,4,0.01,4599.0,0.0,0.0,3.09,0.0,XAUUSD.u,[sl 4599.00],
3637156,10648208,2026-08-27 10:38:13,1787827093284,0,1,26011001,10637443,4,0.01,4599.0,0.0,0.0,4.63,0.0,XAUUSD.u,[sl 4599.00],
3637404,10655619,2026-08-27 10:42:55,1787827375333,0,1,26011001,10633915,4,0.01,4596.99,0.0,0.0,3.56,0.0,XAUUSD.u,[sl 4596.99],
3637405,10655620,2026-08-27 10:42:55,1787827375333,0,1,26011001,10633917,4,0.01,4596.99,0.0,0.0,2.02,0.0,XAUUSD.u,[sl 4596.99],
3637454,10657398,2026-08-27 10:44:04,1787827444639,1,0,26011001,10657398,3,0.01,4599.01,0.0,0.0,0.0,0.0,XAUUSD.u,STR S4,
3637480,10633921,2026-08-27 10:44:43,1787827483811,1,0,26011001,10633921,3,0.01,4595.93,0.0,0.0,0.0,0.0,XAUUSD.u,STR S6,
3637560,10659788,2026-08-27 10:45:27,1787827527850,0,1,26011001,10633919,4,0.01,4596.55,0.0,0.0,0.92,0.0,XAUUSD.u,[sl 4596.55],
3637561,10659789,2026-08-27 10:45:27,1787827527851,0,1,26011001,10657398,4,0.01,4596.55,0.0,0.0,2.46,0.0,XAUUSD.u,[sl 4596.55],
3637589,10660837,2026-08-27 10:46:22,1787827582099,1,1,26011001,10633910,4,0.01,4596.46,0.0,0.0,-10.25,0.0,XAUUSD.u,[sl 4596.46],
3637593,10661101,2026-08-27 10:46:35,1787827595287,1,0,26011001,10661101,3,0.01,4597.47,0.0,0.0,0.0,0.0,XAUUSD.u,STR S5,
3637893,10673105,2026-08-27 10:56:30,1787828190779,1,0,26011001,10673105,3,0.01,4600.55,0.0,0.0,0.0,0.0,XAUUSD.u,STR S3,
3638002,10674044,2026-08-27 10:58:07,1787828287130,1,0,26011001,10674044,3,0.01,4602.09,0.0,0.0,0.0,0.0,XAUUSD.u,STR S2,
3638064,10666861,2026-08-27 10:59:44,1787828384206,1,0,26011001,10666861,3,0.01,4599.01,0.0,0.0,0.0,0.0,XAUUSD.u,STR S4,
3638307,10682701,2026-08-27 11:03:43,1787828623455,0,1,26011001,10674044,3,0.01,4595.78,0.0,0.0,6.31,0.0,XAUUSD.u,STR CLOSE,
3638308,10682702,2026-08-27 11:03:43,1787828623567,0,1,26011001,10673105,3,0.01,4595.78,0.0,0.0,4.77,0.0,XAUUSD.u,STR CLOSE,
3638310,10682704,2026-08-27 11:03:43,1787828623680,0,1,26011001,10666861,3,0.01,4595.78,0.0,0.0,3.23,0.0,XAUUSD.u,STR CLOSE,
3638311,10682711,2026-08-27 11:03:43,1787828623792,0,1,26011001,10661101,3,0.01,4595.78,0.0,0.0,1.69,0.0,XAUUSD.u,STR CLOSE,
3638312,10682712,2026-08-27 11:03:43,1787828623905,0,1,26011001,10633921,3,0.01,4595.78,0.0,0.0,0.15,0.0,XAUUSD.u,STR CLOSE,
3638432,10682749,2026-08-27 11:04:43,1787828683820,1,0,26011001,10682749,3,0.01,4594.43,0.0,0.0,0.0,0.0,XAUUSD.u,STR S1,
3638629,10682748,2026-08-27 11:10:01,1787829001109,0,0,26011001,10682748,3,0.01,4597.49,0.0,0.0,0.0,0.0,XAUUSD.u,STR B1,
3639481,10682750,2026-08-27 11:29:25,1787830165329,0,0,26011001,10682750,3,0.01,4599.02,0.0,0.0,0.0,0.0,XAUUSD.u,STR B2,
3639863,10682751,2026-08-27 11:35:40,1787830540644,1,0,26011001,10682751,3,0.01,4592.9,0.0,0.0,0.0,0.0,XAUUSD.u,STR S2,
3639944,10682765,2026-08-27 11:36:07,1787830567888,1,0,26011001,10682765,3,0.01,4591.37,0.0,0.0,0.0,0.0,XAUUSD.u,STR S3,
3640108,10682780,2026-08-27 11:37:04,1787830624032,1,0,26011001,10682780,3,0.01,4589.84,0.0,0.0,0.0,0.0,XAUUSD.u,STR S4,
3640122,10682794,2026-08-27 11:37:05,1787830625782,1,0,26011001,10682794,3,0.01,4588.31,0.0,0.0,0.0,0.0,XAUUSD.u,STR S5,
3640128,10682803,2026-08-27 11:37:05,1787830625783,1,0,26011001,10682803,3,0.01,4586.78,0.0,0.0,0.0,0.0,XAUUSD.u,STR S6,
3640191,10682825,2026-08-27 11:37:05,1787830625932,1,0,26011001,10682825,3,0.04,4585.25,0.0,0.0,0.0,0.0,XAUUSD.u,STR S7,
3640247,10682834,2026-08-27 11:37:07,1787830627394,1,0,26011001,10682834,3,0.04,4583.72,0.0,0.0,0.0,0.0,XAUUSD.u,STR S8,
3640275,10682836,2026-08-27 11:37:07,1787830627440,1,0,26011001,10682836,3,0.04,4582.19,0.0,0.0,0.0,0.0,XAUUSD.u,STR S9,
3640303,10682839,2026-08-27 11:37:07,1787830627579,1,0,26011001,10682839,3,0.04,4580.66,0.0,0.0,0.0,0.0,XAUUSD.u,STR S10,
3640358,10682847,2026-08-27 11:37:09,1787830629594,1,0,26011001,10682847,3,0.04,4579.13,0.0,0.0,0.0,0.0,XAUUSD.u,STR S11,
3640403,10742927,2026-08-27 11:37:12,1787830632423,0,1,26011001,10682749,4,0.01,4583.95,0.0,0.0,10.48,0.0,XAUUSD.u,[sl 4583.95],
3640404,10742928,2026-08-27 11:37:12,1787830632423,0,1,26011001,10682751,4,0.01,4583.95,0.0,0.0,8.95,0.0,XAUUSD.u,[sl 4583.95],
3640405,10742929,2026-08-27 11:37:12,1787830632423,0,1,26011001,10682765,4,0.01,4583.95,0.0,0.0,7.42,0.0,XAUUSD.u,[sl 4583.95],
3640406,10742930,2026-08-27 11:37:12,1787830632423,0,1,26011001,10682780,4,0.01,4583.95,0.0,0.0,5.89,0.0,XAUUSD.u,[sl 4583.95],
3640407,10742931,2026-08-27 11:37:12,1787830632423,0,1,26011001,10682794,4,0.01,4583.95,0.0,0.0,4.36,0.0,XAUUSD.u,[sl 4583.95],
3640488,10745216,2026-08-27 11:37:48,1787830668610,0,1,26011001,10682803,4,0.01,4583.38,0.0,0.0,3.4,0.0,XAUUSD.u,[sl 4583.38],
3640542,10746719,2026-08-27 11:38:16,1787830696676,0,1,26011001,10682825,4,0.04,4584.92,0.0,0.0,1.32,0.0,XAUUSD.u,[sl 4584.92],
3640558,10746952,2026-08-27 11:38:20,1787830700806,1,0,26011001,10746952,3,0.04,4585.25,0.0,0.0,0.0,0.0,XAUUSD.u,STR S7,
3641089,10759774,2026-08-27 11:44:49,1787831089839,0,1,26011001,10746952,3,0.04,4581.64,0.0,0.0,14.44,0.0,XAUUSD.u,STR CLOSE,
3641090,10759775,2026-08-27 11:44:49,1787831089952,0,1,26011001,10682847,3,0.04,4581.64,0.0,0.0,-10.04,0.0,XAUUSD.u,STR CLOSE,
3641091,10759776,2026-08-27 11:44:50,1787831090064,0,1,26011001,10682839,3,0.04,4581.64,0.0,0.0,-3.92,0.0,XAUUSD.u,STR CLOSE,
3641092,10759777,2026-08-27 11:44:50,1787831090177,0,1,26011001,10682836,3,0.04,4581.64,0.0,0.0,2.2,0.0,XAUUSD.u,STR CLOSE,
3641093,10759778,2026-08-27 11:44:50,1787831090290,0,1,26011001,10682834,3,0.04,4581.64,0.0,0.0,8.32,0.0,XAUUSD.u,STR CLOSE,
3641094,10759779,2026-08-27 11:44:50,1787831090403,1,1,26011001,10682750,3,0.01,4581.63,0.0,0.0,-17.39,0.0,XAUUSD.u,STR CLOSE,
3641095,10759780,2026-08-27 11:44:50,1787831090521,1,1,26011001,10682748,3,0.01,4581.63,0.0,0.0,-15.86,0.0,XAUUSD.u,STR CLOSE,
3641134,10759799,2026-08-27 11:45:31,1787831131439,0,0,26011001,10759799,3,0.01,4583.16,0.0,0.0,0.0,0.0,XAUUSD.u,STR B1,
3641791,10759807,2026-08-27 11:52:26,1787831546097,0,0,26011001,10759807,3,0.01,4584.69,0.0,0.0,0.0,0.0,XAUUSD.u,STR B2,
3642118,10759806,2026-08-27 11:55:31,1787831731581,1,0,26011001,10759806,3,0.01,4580.1,0.0,0.0,0.0,0.0,XAUUSD.u,STR S1,
3642767,10759808,2026-08-27 12:02:24,1787832144275,1,0,26011001,10759808,3,0.01,4578.57,0.0,0.0,0.0,0.0,XAUUSD.u,STR S2,
3642777,10759810,2026-08-27 12:02:24,1787832144552,1,0,26011001,10759810,3,0.01,4577.04,0.0,0.0,0.0,0.0,XAUUSD.u,STR S3,
3642780,10759812,2026-08-27 12:02:24,1787832144553,1,0,26011001,10759812,3,0.01,4575.51,0.0,0.0,0.0,0.0,XAUUSD.u,STR S4,
3642853,10759820,2026-08-27 12:02:24,1787832144796,1,0,26011001,10759820,3,0.01,4573.98,0.0,0.0,0.0,0.0,XAUUSD.u,STR S5,
3643086,10759822,2026-08-27 12:02:49,1787832169904,1,0,26011001,10759822,3,0.01,4572.45,0.0,0.0,0.0,0.0,XAUUSD.u,STR S6,
3643114,10759836,2026-08-27 12:02:54,1787832174669,1,0,26011001,10759836,3,0.04,4570.92,0.0,0.0,0.0,0.0,XAUUSD.u,STR S7,
3643151,10795412,2026-08-27 12:03:03,1787832183282,0,1,26011001,10759806,4,0.01,4571.7,0.0,0.0,8.4,0.0,XAUUSD.u,[sl 4571.70],
3643152,10795413,2026-08-27 12:03:03,1787832183283,0,1,26011001,10759808,4,0.01,4571.7,0.0,0.0,6.87,0.0,XAUUSD.u,[sl 4571.70],
3643153,10795414,2026-08-27 12:03:03,1787832183283,0,1,26011001,10759810,4,0.01,4571.7,0.0,0.0,5.34,0.0,XAUUSD.u,[sl 4571.70],
3643154,10795415,2026-08-27 12:03:03,1787832183283,0,1,26011001,10759812,4,0.01,4571.7,0.0,0.0,3.81,0.0,XAUUSD.u,[sl 4571.70],
3643201,10759838,2026-08-27 12:03:15,1787832195628,1,0,26011001,10759838,3,0.04,4569.39,0.0,0.0,0.0,0.0,XAUUSD.u,STR S8,
3643296,10799341,2026-08-27 12:04:03,1787832243361,0,1,26011001,10759820,4,0.01,4570.71,0.0,0.0,3.27,0.0,XAUUSD.u,[sl 4570.71],
3643311,10800273,2026-08-27 12:04:23,1787832263313,0,1,26011001,10759822,4,0.01,4572.23,0.0,0.0,0.22,0.0,XAUUSD.u,[sl 4572.23],
3643315,10800361,2026-08-27 12:04:28,1787832268472,1,0,26011001,10800361,3,0.01,4572.45,0.0,0.0,0.0,0.0,XAUUSD.u,STR S6,
3643443,10806358,2026-08-27 12:07:05,1787832425574,1,0,26011001,10806358,3,0.01,4575.51,0.0,0.0,0.0,0.0,XAUUSD.u,STR S4,
3643695,10810907,2026-08-27 12:10:03,1787832603936,1,0,26011001,10810907,3,0.01,4577.04,0.0,0.0,0.0,0.0,XAUUSD.u,STR S3,
3643730,10811601,2026-08-27 12:10:19,1787832619066,1,0,26011001,10811601,3,0.01,4578.57,0.0,0.0,0.0,0.0,XAUUSD.u,STR S2,
3643746,10811946,2026-08-27 12:10:30,1787832630881,1,0,26011001,10811946,3,0.01,4580.1,0.0,0.0,0.0,0.0,XAUUSD.u,STR S1,
3645294,10862188,2026-08-27 12:41:15,1787834475313,0,1,26011001,10811946,4,0.01,4579.38,0.0,0.0,0.72,0.0,XAUUSD.u,[sl 4579.38],
3645314,10862556,2026-08-27 12:41:25,1787834485341,1,0,26011001,10862556,3,0.01,4580.1,0.0,0.0,0.0,0.0,XAUUSD.u,STR S1,
3645598,10759809,2026-08-27 12:45:03,1787834703016,0,0,26011001,10759809,3,0.01,4586.22,0.0,0.0,0.0,0.0,XAUUSD.u,STR B3,
3645633,10759811,2026-08-27 12:45:52,1787834752365,0,0,26011001,10759811,3,0.01,4587.75,0.0,0.0,0.0,0.0,XAUUSD.u,STR B4,
3645694,10871937,2026-08-27 12:46:32,1787834792467,1,1,26011001,10759799,4,0.01,4586.28,0.0,0.0,3.12,0.0,XAUUSD.u,[sl 4586.28],
3645843,10759813,2026-08-27 12:54:12,1787835252392,0,0,26011001,10759813,3,0.01,4589.28,0.0,0.0,0.0,0.0,XAUUSD.u,STR B5,
3645893,10887041,2026-08-27 12:56:36,1787835396255,1,1,26011001,10759807,4,0.01,4589.0,0.0,0.0,4.31,0.0,XAUUSD.u,[sl 4589.00],
3645917,10888832,2026-08-27 12:57:40,1787835460419,1,1,26011001,10759809,4,0.01,4589.0,0.0,0.0,2.7800000000000002,0.0,XAUUSD.u,[sl 4589.00],
3645918,10888833,2026-08-27 12:57:40,1787835460419,1,1,26011001,10759811,4,0.01,4589.0,0.0,0.0,1.25,0.0,XAUUSD.u,[sl 4589.00],
3646000,10894310,2026-08-27 13:00:44,1787835644334,0,0,26011001,10894310,3,0.01,4587.75,0.0,0.0,0.0,0.0,XAUUSD.u,STR B4,
3646068,10759821,2026-08-27 13:02:46,1787835766936,0,0,26011001,10759821,3,0.01,4590.81,0.0,0.0,0.0,0.0,XAUUSD.u,STR B6,
3646417,10759835,2026-08-27 13:14:42,1787836482222,0,0,26011001,10759835,3,0.04,4592.34,0.0,0.0,0.0,0.0,XAUUSD.u,STR B7,
3646531,10923615,2026-08-27 13:19:11,1787836751552,1,1,26011001,10894310,4,0.01,4591.3,0.0,0.0,3.55,0.0,XAUUSD.u,[sl 4591.30],
3646621,10759837,2026-08-27 13:20:53,1787836853395,0,0,26011001,10759837,3,0.04,4593.87,0.0,0.0,0.0,0.0,XAUUSD.u,STR B8,
3646766,10759839,2026-08-27 13:22:38,1787836958502,0,0,26011001,10759839,3,0.04,4595.4,0.0,0.0,0.0,0.0,XAUUSD.u,STR B9,
3646861,10931167,2026-08-27 13:22:40,1787836960547,1,1,26011001,10759813,4,0.01,4593.79,0.0,0.0,4.51,0.0,XAUUSD.u,[sl 4593.79],
3647040,10935705,2026-08-27 13:25:22,1787837122811,1,1,26011001,10759821,4,0.01,4595.02,0.0,0.0,4.21,0.0,XAUUSD.u,[sl 4595.02],
3647067,10936597,2026-08-27 13:26:03,1787837163126,0,1,0,10759838,0,0.02,4595.14,0.0,0.0,-51.5,0.0,XAUUSD.u,,
3647068,10936981,2026-08-27 13:26:18,1787837178842,0,1,0,10800361,0,0.01,4595.09,0.0,0.0,-22.64,0.0,XAUUSD.u,,
3647077,10937641,2026-08-27 13:26:42,1787837202835,0,1,0,10759838,0,0.02,4596.19,0.0,0.0,-53.6,0.0,XAUUSD.u,,
3647084,10759865,2026-08-27 13:26:44,1787837204536,0,0,26011001,10759865,3,0.04,4596.93,0.0,0.0,0.0,0.0,XAUUSD.u,STR B10,
3647085,10937876,2026-08-27 13:26:46,1787837206087,0,1,26011001,10862556,3,0.01,4596.7,0.0,0.0,-16.6,0.0,XAUUSD.u,STR CLOSE,
3647086,10937883,2026-08-27 13:26:46,1787837206202,0,1,26011001,10811601,3,0.01,4596.68,0.0,0.0,-18.11,0.0,XAUUSD.u,STR CLOSE,
3647093,10937896,2026-08-27 13:26:46,1787837206317,0,1,26011001,10806358,3,0.01,4596.69,0.0,0.0,-21.18,0.0,XAUUSD.u,STR CLOSE,
3647094,10937903,2026-08-27 13:26:46,1787837206435,1,1,26011001,10759865,3,0.04,4596.72,0.0,0.0,-0.84,0.0,XAUUSD.u,STR CLOSE,
3647096,10937905,2026-08-27 13:26:46,1787837206550,1,1,26011001,10759839,3,0.04,4596.72,0.0,0.0,5.28,0.0,XAUUSD.u,STR CLOSE,
3647097,10937906,2026-08-27 13:26:46,1787837206664,1,1,26011001,10759837,3,0.04,4596.72,0.0,0.0,11.4,0.0,XAUUSD.u,STR CLOSE,
3647098,10937907,2026-08-27 13:26:46,1787837206780,1,1,26011001,10759835,3,0.04,4596.72,0.0,0.0,17.52,0.0,XAUUSD.u,STR CLOSE,
3647126,10937999,2026-08-27 13:27:29,1787837249382,1,0,26011001,10937999,3,0.01,4595.11,0.0,0.0,0.0,0.0,XAUUSD.u,STR S1,
3647148,10938019,2026-08-27 13:27:50,1787837270003,1,0,26011001,10938019,3,0.01,4593.58,0.0,0.0,0.0,0.0,XAUUSD.u,STR S2,
3647302,10937992,2026-08-27 13:31:41,1787837501788,0,0,26011001,10937992,3,0.01,4598.17,0.0,0.0,0.0,0.0,XAUUSD.u,STR B1,
3647664,10938012,2026-08-27 13:42:15,1787838135453,0,0,26011001,10938012,3,0.01,4599.7,0.0,0.0,0.0,0.0,XAUUSD.u,STR B2,
3649008,10938026,2026-08-27 14:03:39,1787839419479,0,0,26011001,10938026,3,0.01,4601.23,0.0,0.0,0.0,0.0,XAUUSD.u,STR B3,
3649748,10938039,2026-08-27 14:15:07,1787840107442,1,0,26011001,10938039,3,0.01,4592.05,0.0,0.0,0.0,0.0,XAUUSD.u,STR S3,
3649801,10972450,2026-08-27 14:16:19,1787840179659,0,1,26011001,10937999,4,0.01,4594.93,0.0,0.0,0.18,0.0,XAUUSD.u,[sl 4594.93],
3649813,10972458,2026-08-27 14:16:27,1787840187545,1,0,26011001,10972458,3,0.01,4595.11,0.0,0.0,0.0,0.0,XAUUSD.u,STR S1,
3651006,10938041,2026-08-27 14:37:28,1787841448018,1,0,26011001,10938041,3,0.01,4590.52,0.0,0.0,0.0,0.0,XAUUSD.u,STR S4,
3651066,10938043,2026-08-27 14:38:04,1787841484979,1,0,26011001,10938043,3,0.01,4588.99,0.0,0.0,0.0,0.0,XAUUSD.u,STR S5,
3651094,10974204,2026-08-27 14:38:24,1787841504522,0,1,26011001,10938019,4,0.01,4589.84,0.0,0.0,3.74,0.0,XAUUSD.u,[sl 4589.84],
3651095,10974205,2026-08-27 14:38:24,1787841504522,0,1,26011001,10972458,4,0.01,4589.84,0.0,0.0,5.27,0.0,XAUUSD.u,[sl 4589.84],
3651183,10938069,2026-08-27 14:40:36,1787841636387,1,0,26011001,10938069,3,0.01,4587.46,0.0,0.0,0.0,0.0,XAUUSD.u,STR S6,
3651209,10974333,2026-08-27 14:41:09,1787841669619,0,1,26011001,10938039,4,0.01,4588.86,0.0,0.0,3.19,0.0,XAUUSD.u,[sl 4588.86],
3651287,10974416,2026-08-27 14:42:24,1787841744800,0,1,26011001,10938041,4,0.01,4590.28,0.0,0.0,0.24,0.0,XAUUSD.u,[sl 4590.28],
3651573,10938095,2026-08-27 14:46:20,1787841980063,1,0,26011001,10938095,3,0.04,4585.93,0.0,0.0,0.0,0.0,XAUUSD.u,STR S7,
3651865,10938097,2026-08-27 14:49:42,1787842182352,1,0,26011001,10938097,3,0.04,4584.4,0.0,0.0,0.0,0.0,XAUUSD.u,STR S8,
3652072,10938099,2026-08-27 14:50:42,1787842242596,1,0,26011001,10938099,3,0.04,4582.87,0.0,0.0,0.0,0.0,XAUUSD.u,STR S9,
3652092,10975222,2026-08-27 14:50:58,1787842258733,0,1,26011001,10938043,4,0.01,4583.89,0.0,0.0,5.1,0.0,XAUUSD.u,[sl 4583.89],
3652093,10975223,2026-08-27 14:50:58,1787842258733,0,1,26011001,10938069,4,0.01,4583.89,0.0,0.0,3.57,0.0,XAUUSD.u,[sl 4583.89],
3652131,10938107,2026-08-27 14:51:39,1787842299020,1,0,26011001,10938107,3,0.04,4581.34,0.0,0.0,0.0,0.0,XAUUSD.u,STR S10,
3652190,10975319,2026-08-27 14:52:05,1787842325968,0,1,26011001,10938095,4,0.04,4582.05,0.0,0.0,15.52,0.0,XAUUSD.u,[sl 4582.05],
3652228,10975361,2026-08-27 14:53:59,1787842439930,0,1,26011001,10938097,4,0.04,4583.59,0.0,0.0,3.24,0.0,XAUUSD.u,[sl 4583.59],
3652242,10975376,2026-08-27 14:54:10,1787842450363,1,0,26011001,10975376,3,0.04,4584.4,0.0,0.0,0.0,0.0,XAUUSD.u,STR S8,
3652413,10975523,2026-08-27 14:58:03,1787842683871,1,0,26011001,10975523,3,0.04,4585.93,0.0,0.0,0.0,0.0,XAUUSD.u,STR S7,
3652467,10975607,2026-08-27 14:59:43,1787842783085,1,0,26011001,10975607,3,0.01,4587.46,0.0,0.0,0.0,0.0,XAUUSD.u,STR S6,
3652507,10975666,2026-08-27 15:00:12,1787842812502,0,1,26011001,10975607,3,0.01,4583.32,0.0,0.0,4.14,0.0,XAUUSD.u,STR CLOSE,
3652508,10975667,2026-08-27 15:00:12,1787842812618,0,1,26011001,10975523,3,0.04,4583.32,0.0,0.0,10.44,0.0,XAUUSD.u,STR CLOSE,
3652509,10975668,2026-08-27 15:00:12,1787842812732,0,1,26011001,10975376,3,0.04,4583.44,0.0,0.0,3.84,0.0,XAUUSD.u,STR CLOSE,
3652510,10975669,2026-08-27 15:00:12,1787842812859,0,1,26011001,10938107,3,0.04,4583.4,0.0,0.0,-8.24,0.0,XAUUSD.u,STR CLOSE,
3652511,10975670,2026-08-27 15:00:12,1787842812973,0,1,26011001,10938099,3,0.04,4583.38,0.0,0.0,-2.04,0.0,XAUUSD.u,STR CLOSE,
3652512,10975671,2026-08-27 15:00:13,1787842813093,1,1,26011001,10938026,3,0.01,4583.49,0.0,0.0,-17.74,0.0,XAUUSD.u,STR CLOSE,
3652514,10975673,2026-08-27 15:00:13,1787842813213,1,1,26011001,10938012,3,0.01,4583.52,0.0,0.0,-16.18,0.0,XAUUSD.u,STR CLOSE,
3652516,10975675,2026-08-27 15:00:13,1787842813327,1,1,26011001,10937992,3,0.01,4583.47,0.0,0.0,-14.7,0.0,XAUUSD.u,STR CLOSE,
3652521,10975679,2026-08-27 15:00:22,1787842822748,1,0,26011001,10975679,3,0.01,4582.24,0.0,0.0,0.0,0.0,XAUUSD.u,STR S1,
3652541,10975681,2026-08-27 15:00:46,1787842846085,1,0,26011001,10975681,3,0.01,4580.71,0.0,0.0,0.0,0.0,XAUUSD.u,STR S2,
3652596,10975678,2026-08-27 15:01:15,1787842875927,0,0,26011001,10975678,3,0.01,4585.3,0.0,0.0,0.0,0.0,XAUUSD.u,STR B1,
3652612,10975680,2026-08-27 15:01:29,1787842889338,0,0,26011001,10975680,3,0.01,4586.83,0.0,0.0,0.0,0.0,XAUUSD.u,STR B2,
3652716,10975682,2026-08-27 15:03:01,1787842981423,0,0,26011001,10975682,3,0.01,4588.36,0.0,0.0,0.0,0.0,XAUUSD.u,STR B3,
3652808,10975684,2026-08-27 15:04:18,1787843058220,0,0,26011001,10975684,3,0.01,4589.89,0.0,0.0,0.0,0.0,XAUUSD.u,STR B4,
3652844,10976086,2026-08-27 15:04:34,1787843074109,1,1,26011001,10975678,4,0.01,4588.54,0.0,0.0,3.24,0.0,XAUUSD.u,[sl 4588.54],
3652965,10976219,2026-08-27 15:06:58,1787843218866,1,1,26011001,10975680,4,0.01,4587.93,0.0,0.0,1.1,0.0,XAUUSD.u,[sl 4587.93],
3653018,10976271,2026-08-27 15:07:17,1787843237076,0,0,26011001,10976271,3,0.01,4586.83,0.0,0.0,0.0,0.0,XAUUSD.u,STR B2,
3653259,10976535,2026-08-27 15:14:20,1787843660707,1,1,26011001,10976271,4,0.01,4587.68,0.0,0.0,0.85,0.0,XAUUSD.u,[sl 4587.68],
3653314,10976575,2026-08-27 15:14:59,1787843699062,0,0,26011001,10976575,3,0.01,4585.3,0.0,0.0,0.0,0.0,XAUUSD.u,STR B1,
3653457,10976540,2026-08-27 15:16:27,1787843787175,0,0,26011001,10976540,3,0.01,4586.83,0.0,0.0,0.0,0.0,XAUUSD.u,STR B2,
3653552,10976849,2026-08-27 15:19:29,1787843969683,1,1,26011001,10976575,4,0.01,4585.83,0.0,0.0,0.53,0.0,XAUUSD.u,[sl 4585.83],
3653785,10975686,2026-08-27 15:26:36,1787844396465,0,0,26011001,10975686,3,0.01,4591.42,0.0,0.0,0.0,0.0,XAUUSD.u,STR B5,
3653882,10977235,2026-08-27 15:26:54,1787844414249,1,1,26011001,10976540,3,0.01,4592.58,0.0,0.0,5.75,0.0,XAUUSD.u,STR CLOSE,
3653883,10977236,2026-08-27 15:26:54,1787844414363,1,1,26011001,10975686,3,0.01,4592.68,0.0,0.0,1.26,0.0,XAUUSD.u,STR CLOSE,
3653884,10977237,2026-08-27 15:26:54,1787844414477,1,1,26011001,10975684,3,0.01,4592.7,0.0,0.0,2.81,0.0,XAUUSD.u,STR CLOSE,
3653885,10977238,2026-08-27 15:26:54,1787844414592,1,1,26011001,10975682,3,0.01,4592.7,0.0,0.0,4.34,0.0,XAUUSD.u,STR CLOSE,
3653886,10977239,2026-08-27 15:26:54,1787844414707,0,1,26011001,10975679,3,0.01,4592.71,0.0,0.0,-10.47,0.0,XAUUSD.u,STR CLOSE,
3654031,10977245,2026-08-27 15:29:04,1787844544967,1,0,26011001,10977245,3,0.01,4591.28,0.0,0.0,0.0,0.0,XAUUSD.u,STR S1,
3654052,10977247,2026-08-27 15:29:23,1787844563314,1,0,26011001,10977247,3,0.01,4589.75,0.0,0.0,0.0,0.0,XAUUSD.u,STR S2,
3654261,10977249,2026-08-27 15:31:16,1787844676499,1,0,26011001,10977249,3,0.01,4588.22,0.0,0.0,0.0,0.0,XAUUSD.u,STR S3,
3654295,10977251,2026-08-27 15:31:28,1787844688300,1,0,26011001,10977251,3,0.01,4586.69,0.0,0.0,0.0,0.0,XAUUSD.u,STR S4,
3654308,10977693,2026-08-27 15:31:32,1787844692347,0,1,26011001,10977251,3,0.01,4587.15,0.0,0.0,-0.46,0.0,XAUUSD.u,STR CLOSE,
3654309,10977694,2026-08-27 15:31:32,1787844692466,0,1,26011001,10977249,3,0.01,4587.14,0.0,0.0,1.08,0.0,XAUUSD.u,STR CLOSE,
3654310,10977695,2026-08-27 15:31:32,1787844692580,0,1,26011001,10977247,3,0.01,4587.16,0.0,0.0,2.59,0.0,XAUUSD.u,STR CLOSE,
3654311,10977696,2026-08-27 15:31:32,1787844692693,0,1,26011001,10977245,3,0.01,4587.19,0.0,0.0,4.09,0.0,XAUUSD.u,STR CLOSE,
3654324,10977705,2026-08-27 15:31:39,1787844699253,0,0,26011001,10977705,3,0.01,4589.11,0.0,0.0,0.0,0.0,XAUUSD.u,STR B1,
3654376,10977706,2026-08-27 15:32:01,1787844721614,1,0,26011001,10977706,3,0.01,4586.05,0.0,0.0,0.0,0.0,XAUUSD.u,STR S1,
3654410,10977708,2026-08-27 15:32:24,1787844744401,1,0,26011001,10977708,3,0.01,4584.52,0.0,0.0,0.0,0.0,XAUUSD.u,STR S2,
3654437,10977710,2026-08-27 15:32:40,1787844760982,1,0,26011001,10977710,3,0.01,4582.99,0.0,0.0,0.0,0.0,XAUUSD.u,STR S3,
3654504,10977931,2026-08-27 15:33:52,1787844832155,0,1,26011001,10977706,4,0.01,4585.09,0.0,0.0,0.96,0.0,XAUUSD.u,[sl 4585.09],
3654515,10977712,2026-08-27 15:34:11,1787844851059,1,0,26011001,10977712,3,0.01,4581.46,0.0,0.0,0.0,0.0,XAUUSD.u,STR S4,
3654531,10977715,2026-08-27 15:34:13,1787844853723,1,0,26011001,10977715,3,0.01,4579.93,0.0,0.0,0.0,0.0,XAUUSD.u,STR S5,
3654578,10977717,2026-08-27 15:34:21,1787844861853,1,0,26011001,10977717,3,0.01,4578.4,0.0,0.0,0.0,0.0,XAUUSD.u,STR S6,
3654637,10978051,2026-08-27 15:34:33,1787844873688,0,1,26011001,10977717,3,0.01,4577.82,0.0,0.0,0.58,0.0,XAUUSD.u,STR CLOSE,
3654638,10978052,2026-08-27 15:34:33,1787844873803,0,1,26011001,10977715,3,0.01,4577.81,0.0,0.0,2.12,0.0,XAUUSD.u,STR CLOSE,
3654639,10978053,2026-08-27 15:34:33,1787844873915,0,1,26011001,10977712,3,0.01,4577.78,0.0,0.0,3.68,0.0,XAUUSD.u,STR CLOSE,
3654640,10978054,2026-08-27 15:34:34,1787844874031,0,1,26011001,10977710,3,0.01,4577.78,0.0,0.0,5.21,0.0,XAUUSD.u,STR CLOSE,
3654641,10978055,2026-08-27 15:34:34,1787844874143,0,1,26011001,10977708,3,0.01,4577.77,0.0,0.0,6.75,0.0,XAUUSD.u,STR CLOSE,
3654645,10978059,2026-08-27 15:34:34,1787844874257,1,1,26011001,10977705,3,0.01,4577.72,0.0,0.0,-11.39,0.0,XAUUSD.u,STR CLOSE,
3654677,10978061,2026-08-27 15:34:47,1787844887803,1,0,26011001,10978061,3,0.01,4576.82,0.0,0.0,0.0,0.0,XAUUSD.u,STR S1,
3654760,10978063,2026-08-27 15:35:02,1787844902575,1,0,26011001,10978063,3,0.01,4575.29,0.0,0.0,0.0,0.0,XAUUSD.u,STR S2,
3654827,10978060,2026-08-27 15:35:47,1787844947280,0,0,26011001,10978060,3,0.01,4579.88,0.0,0.0,0.0,0.0,XAUUSD.u,STR B1,
3654878,10978062,2026-08-27 15:36:42,1787845002871,0,0,26011001,10978062,3,0.01,4581.41,0.0,0.0,0.0,0.0,XAUUSD.u,STR B2,
3655199,10978065,2026-08-27 15:40:54,1787845254397,1,0,26011001,10978065,3,0.01,4573.76,0.0,0.0,0.0,0.0,XAUUSD.u,STR S3,
3655299,10978786,2026-08-27 15:41:56,1787845316690,0,1,26011001,10978061,4,0.01,4575.48,0.0,0.0,1.34,0.0,XAUUSD.u,[sl 4575.48],
3655446,10978591,2026-08-27 15:42:58,1787845378780,0,0,26011001,10978591,3,0.01,4581.41,0.0,0.0,0.0,0.0,XAUUSD.u,STR B2,
3655543,10978064,2026-08-27 15:44:04,1787845444100,0,0,26011001,10978064,3,0.01,4582.94,0.0,0.0,0.0,0.0,XAUUSD.u,STR B3,
3655592,10979081,2026-08-27 15:44:26,1787845466773,1,1,26011001,10978060,4,0.01,4580.58,0.0,0.0,0.7,0.0,XAUUSD.u,[sl 4580.58],
3655677,10978844,2026-08-27 15:45:14,1787845514544,1,0,26011001,10978844,3,0.01,4576.82,0.0,0.0,0.0,0.0,XAUUSD.u,STR S1,
3655849,10979007,2026-08-27 15:46:50,1787845610766,1,0,26011001,10979007,3,0.01,4573.76,0.0,0.0,0.0,0.0,XAUUSD.u,STR S3,
3655958,10979445,2026-08-27 15:47:57,1787845677643,0,1,26011001,10979007,3,0.01,4572.03,0.0,0.0,1.73,0.0,XAUUSD.u,STR CLOSE,
3655959,10979446,2026-08-27 15:47:57,1787845677759,0,1,26011001,10978844,3,0.01,4572.06,0.0,0.0,4.76,0.0,XAUUSD.u,STR CLOSE,
3655960,10979447,2026-08-27 15:47:57,1787845677874,0,1,26011001,10978063,3,0.01,4572.37,0.0,0.0,2.92,0.0,XAUUSD.u,STR CLOSE,
3656003,10979451,2026-08-27 15:48:21,1787845701045,1,0,26011001,10979451,3,0.01,4571.0,0.0,0.0,0.0,0.0,XAUUSD.u,STR S1,
3656049,10979454,2026-08-27 15:48:29,1787845709626,1,0,26011001,10979454,3,0.01,4569.48,0.0,0.0,0.0,0.0,XAUUSD.u,STR S2,
3656084,10979456,2026-08-27 15:48:30,1787845710388,1,0,26011001,10979456,3,0.01,4567.96,0.0,0.0,0.0,0.0,XAUUSD.u,STR S3,
3656113,10979631,2026-08-27 15:48:34,1787845714702,0,1,26011001,10979456,3,0.01,4567.94,0.0,0.0,0.02,0.0,XAUUSD.u,STR CLOSE,
3656115,10979633,2026-08-27 15:48:34,1787845714818,0,1,26011001,10979454,3,0.01,4567.88,0.0,0.0,1.6,0.0,XAUUSD.u,STR CLOSE,
3656116,10979634,2026-08-27 15:48:34,1787845714932,0,1,26011001,10979451,3,0.01,4567.81,0.0,0.0,3.19,0.0,XAUUSD.u,STR CLOSE,
3656143,10979644,2026-08-27 15:48:43,1787845723537,0,0,26011001,10979644,3,0.01,4569.04,0.0,0.0,0.0,0.0,XAUUSD.u,STR B1,
3656157,10979645,2026-08-27 15:48:49,1787845729789,1,0,26011001,10979645,3,0.01,4566.0,0.0,0.0,0.0,0.0,XAUUSD.u,STR S1,
3656203,10979646,2026-08-27 15:49:01,1787845741709,0,0,26011001,10979646,3,0.01,4570.56,0.0,0.0,0.0,0.0,XAUUSD.u,STR B2,
3656217,10979653,2026-08-27 15:49:13,1787845753393,0,0,26011001,10979653,3,0.01,4572.08,0.0,0.0,0.0,0.0,XAUUSD.u,STR B3,
3656353,10979655,2026-08-27 15:49:22,1787845762978,0,0,26011001,10979655,3,0.01,4573.6,0.0,0.0,0.0,0.0,XAUUSD.u,STR B4,
3656385,10979657,2026-08-27 15:49:31,1787845771673,0,0,26011001,10979657,3,0.01,4575.12,0.0,0.0,0.0,0.0,XAUUSD.u,STR B5,
3656386,10979923,2026-08-27 15:49:32,1787845772955,1,1,26011001,10979657,3,0.01,4574.55,0.0,0.0,-0.57,0.0,XAUUSD.u,STR CLOSE,
3656387,10979924,2026-08-27 15:49:33,1787845773071,1,1,26011001,10979655,3,0.01,4574.74,0.0,0.0,1.1400000000000001,0.0,XAUUSD.u,STR CLOSE,
3656388,10979925,2026-08-27 15:49:33,1787845773191,1,1,26011001,10979653,3,0.01,4574.74,0.0,0.0,2.66,0.0,XAUUSD.u,STR CLOSE,
3656395,10979932,2026-08-27 15:49:33,1787845773304,1,1,26011001,10979646,3,0.01,4574.64,0.0,0.0,4.08,0.0,XAUUSD.u,STR CLOSE,
3656397,10979934,2026-08-27 15:49:33,1787845773418,0,1,26011001,10979645,3,0.01,4574.65,0.0,0.0,-8.65,0.0,XAUUSD.u,STR CLOSE,
3656398,10979935,2026-08-27 15:49:33,1787845773537,1,1,26011001,10979644,3,0.01,4574.68,0.0,0.0,5.64,0.0,XAUUSD.u,STR CLOSE,
3656452,10979951,2026-08-27 15:49:55,1787845795486,0,0,26011001,10979951,3,0.01,4576.46,0.0,0.0,0.0,0.0,XAUUSD.u,STR B1,
3656466,10979953,2026-08-27 15:50:02,1787845802863,0,0,26011001,10979953,3,0.01,4577.98,0.0,0.0,0.0,0.0,XAUUSD.u,STR B2,
3656546,10979955,2026-08-27 15:50:45,1787845845049,0,0,26011001,10979955,3,0.01,4579.5,0.0,0.0,0.0,0.0,XAUUSD.u,STR B3,
3656551,10980146,2026-08-27 15:50:50,1787845850080,1,1,26011001,10979955,3,0.01,4579.43,0.0,0.0,-0.07,0.0,XAUUSD.u,STR CLOSE,
3656552,10980147,2026-08-27 15:50:50,1787845850194,1,1,26011001,10979953,3,0.01,4579.58,0.0,0.0,1.6,0.0,XAUUSD.u,STR CLOSE,
3656554,10980149,2026-08-27 15:50:50,1787845850311,1,1,26011001,10979951,3,0.01,4579.29,0.0,0.0,2.83,0.0,XAUUSD.u,STR CLOSE,
3656580,10980157,2026-08-27 15:50:58,1787845858477,0,0,26011001,10980157,3,0.01,4581.0,0.0,0.0,0.0,0.0,XAUUSD.u,STR B1,
3656659,10980159,2026-08-27 15:52:37,1787845957403,0,0,26011001,10980159,3,0.01,4582.53,0.0,0.0,0.0,0.0,XAUUSD.u,STR B2,
3656697,10980158,2026-08-27 15:53:07,1787845987285,1,0,26011001,10980158,3,0.01,4577.94,0.0,0.0,0.0,0.0,XAUUSD.u,STR S1,
3656711,10980160,2026-08-27 15:53:42,1787846022191,1,0,26011001,10980160,3,0.01,4576.41,0.0,0.0,0.0,0.0,XAUUSD.u,STR S2,
3656759,10980163,2026-08-27 15:53:45,1787846025712,1,0,26011001,10980163,3,0.01,4574.88,0.0,0.0,0.0,0.0,XAUUSD.u,STR S3,
3656803,10980165,2026-08-27 15:53:57,1787846037733,1,0,26011001,10980165,3,0.01,4573.35,0.0,0.0,0.0,0.0,XAUUSD.u,STR S4,
3656905,10980167,2026-08-27 15:54:22,1787846062471,1,0,26011001,10980167,3,0.01,4571.82,0.0,0.0,0.0,0.0,XAUUSD.u,STR S5,
3656944,10980574,2026-08-27 15:54:40,1787846080681,0,1,26011001,10980158,4,0.01,4572.18,0.0,0.0,5.76,0.0,XAUUSD.u,[sl 4572.18],
3656945,10980575,2026-08-27 15:54:40,1787846080681,0,1,26011001,10980160,4,0.01,4572.18,0.0,0.0,4.23,0.0,XAUUSD.u,[sl 4572.18],
3657136,10980766,2026-08-27 15:55:42,1787846142614,0,1,26011001,10980163,4,0.01,4573.7,0.0,0.0,1.18,0.0,XAUUSD.u,[sl 4573.70],
3657168,10980801,2026-08-27 15:56:44,1787846204618,1,0,26011001,10980801,3,0.01,4574.88,0.0,0.0,0.0,0.0,XAUUSD.u,STR S3,
3657210,10980847,2026-08-27 15:58:18,1787846298287,0,1,26011001,10980801,3,0.01,4573.09,0.0,0.0,1.79,0.0,XAUUSD.u,STR CLOSE,
3657211,10980848,2026-08-27 15:58:18,1787846298400,0,1,26011001,10980167,3,0.01,4573.06,0.0,0.0,-1.24,0.0,XAUUSD.u,STR CLOSE,
3657212,10980849,2026-08-27 15:58:18,1787846298513,0,1,26011001,10980165,3,0.01,4573.06,0.0,0.0,0.29,0.0,XAUUSD.u,STR CLOSE,
3657213,10980850,2026-08-27 15:58:18,1787846298625,1,1,26011001,10980157,3,0.01,4573.1,0.0,0.0,-7.9,0.0,XAUUSD.u,STR CLOSE,
3657233,10980853,2026-08-27 15:59:03,1787846343076,1,0,26011001,10980853,3,0.01,4571.67,0.0,0.0,0.0,0.0,XAUUSD.u,STR S1,
3657281,10980855,2026-08-27 16:00:30,1787846430791,1,0,26011001,10980855,3,0.01,4570.15,0.0,0.0,0.0,0.0,XAUUSD.u,STR S2,
3657583,10980857,2026-08-27 16:03:42,1787846622032,1,0,26011001,10980857,3,0.01,4568.63,0.0,0.0,0.0,0.0,XAUUSD.u,STR S3,
3657645,10980852,2026-08-27 16:04:24,1787846664318,0,0,26011001,10980852,3,0.01,4574.71,0.0,0.0,0.0,0.0,XAUUSD.u,STR B1,
3657699,10980854,2026-08-27 16:04:32,1787846672164,0,0,26011001,10980854,3,0.01,4576.23,0.0,0.0,0.0,0.0,XAUUSD.u,STR B2,
3657783,10980856,2026-08-27 16:05:10,1787846710126,0,0,26011001,10980856,3,0.01,4577.75,0.0,0.0,0.0,0.0,XAUUSD.u,STR B3,
3657814,10980858,2026-08-27 16:05:35,1787846735601,0,0,26011001,10980858,3,0.01,4579.27,0.0,0.0,0.0,0.0,XAUUSD.u,STR B4,
3657877,10981576,2026-08-27 16:06:13,1787846773662,1,1,26011001,10980852,4,0.01,4576.21,0.0,0.0,1.5,0.0,XAUUSD.u,[sl 4576.21],
3657941,10981607,2026-08-27 16:07:20,1787846840622,0,0,26011001,10981607,3,0.01,4574.71,0.0,0.0,0.0,0.0,XAUUSD.u,STR B1,
3658032,10981728,2026-08-27 16:09:59,1787846999579,1,1,26011001,10981607,4,0.01,4574.84,0.0,0.0,0.13,0.0,XAUUSD.u,[sl 4574.84],
3658110,10981806,2026-08-27 16:12:59,1787847179562,0,0,26011001,10981806,3,0.01,4574.71,0.0,0.0,0.0,0.0,XAUUSD.u,STR B1,
3658297,10980860,2026-08-27 16:17:38,1787847458583,0,0,26011001,10980860,3,0.01,4580.79,0.0,0.0,0.0,0.0,XAUUSD.u,STR B5,
3658319,10982015,2026-08-27 16:17:51,1787847471749,1,1,26011001,10980854,4,0.01,4580.21,0.0,0.0,3.98,0.0,XAUUSD.u,[sl 4580.21],
3658320,10982016,2026-08-27 16:17:51,1787847471749,1,1,26011001,10981806,4,0.01,4580.21,0.0,0.0,5.5,0.0,XAUUSD.u,[sl 4580.21],
3658400,10980862,2026-08-27 16:19:08,1787847548918,0,0,26011001,10980862,3,0.01,4582.31,0.0,0.0,0.0,0.0,XAUUSD.u,STR B6,
3658433,10982133,2026-08-27 16:19:33,1787847573865,1,1,26011001,10980856,4,0.01,4580.96,0.0,0.0,3.21,0.0,XAUUSD.u,[sl 4580.96],
3658458,10982158,2026-08-27 16:19:52,1787847592765,1,1,26011001,10980858,4,0.01,4579.42,0.0,0.0,0.15,0.0,XAUUSD.u,[sl 4579.42],
3658525,10980864,2026-08-27 16:20:57,1787847657824,0,0,26011001,10980864,3,0.04,4583.83,0.0,0.0,0.0,0.0,XAUUSD.u,STR B7,
3658694,10982394,2026-08-27 16:24:07,1787847847888,1,1,26011001,10980860,4,0.01,4580.97,0.0,0.0,0.18,0.0,XAUUSD.u,[sl 4580.97],
3658712,10982413,2026-08-27 16:24:21,1787847861246,0,0,26011001,10982413,3,0.01,4579.27,0.0,0.0,0.0,0.0,XAUUSD.u,STR B4,
3658826,10982499,2026-08-27 16:24:53,1787847893715,0,0,26011001,10982499,3,0.01,4577.75,0.0,0.0,0.0,0.0,XAUUSD.u,STR B3,
3658837,10982541,2026-08-27 16:25:11,1787847911465,0,0,26011001,10982541,3,0.01,4576.23,0.0,0.0,0.0,0.0,XAUUSD.u,STR B2,
3658867,10982572,2026-08-27 16:25:38,1787847938971,0,0,26011001,10982572,3,0.01,4574.71,0.0,0.0,0.0,0.0,XAUUSD.u,STR B1,
3658989,10982400,2026-08-27 16:29:37,1787848177910,0,0,26011001,10982400,3,0.01,4580.79,0.0,0.0,0.0,0.0,XAUUSD.u,STR B5,
3659085,10982801,2026-08-27 16:30:22,1787848222486,1,1,26011001,10982572,3,0.01,4584.03,0.0,0.0,9.32,0.0,XAUUSD.u,STR CLOSE,
3659086,10982802,2026-08-27 16:30:22,1787848222598,1,1,26011001,10982541,3,0.01,4584.11,0.0,0.0,7.88,0.0,XAUUSD.u,STR CLOSE,
3659087,10982803,2026-08-27 16:30:22,1787848222712,1,1,26011001,10982499,3,0.01,4584.1,0.0,0.0,6.35,0.0,XAUUSD.u,STR CLOSE,
3659088,10982804,2026-08-27 16:30:22,1787848222826,1,1,26011001,10982413,3,0.01,4584.1,0.0,0.0,4.83,0.0,XAUUSD.u,STR CLOSE,
3659089,10982805,2026-08-27 16:30:22,1787848222939,1,1,26011001,10982400,3,0.01,4584.1,0.0,0.0,3.31,0.0,XAUUSD.u,STR CLOSE,
3659090,10982806,2026-08-27 16:30:23,1787848223051,1,1,26011001,10980862,3,0.01,4584.04,0.0,0.0,1.73,0.0,XAUUSD.u,STR CLOSE,
3659091,10982807,2026-08-27 16:30:23,1787848223165,0,1,26011001,10980857,3,0.01,4584.08,0.0,0.0,-15.45,0.0,XAUUSD.u,STR CLOSE,
3659092,10982808,2026-08-27 16:30:23,1787848223278,0,1,26011001,10980855,3,0.01,4584.07,0.0,0.0,-13.92,0.0,XAUUSD.u,STR CLOSE,
3659094,10982810,2026-08-27 16:30:23,1787848223390,0,1,26011001,10980853,3,0.01,4584.02,0.0,0.0,-12.35,0.0,XAUUSD.u,STR CLOSE,
3659132,10982820,2026-08-27 16:31:00,1787848260615,1,0,26011001,10982820,3,0.01,4582.7,0.0,0.0,0.0,0.0,XAUUSD.u,STR S1,
3659233,10982819,2026-08-27 16:34:21,1787848461255,0,0,26011001,10982819,3,0.01,4585.76,0.0,0.0,0.0,0.0,XAUUSD.u,STR B1,
3659285,10982821,2026-08-27 16:35:03,1787848503890,0,0,26011001,10982821,3,0.01,4587.29,0.0,0.0,0.0,0.0,XAUUSD.u,STR B2,
3659423,10982823,2026-08-27 16:36:01,1787848561700,0,0,26011001,10982823,3,0.01,4588.82,0.0,0.0,0.0,0.0,XAUUSD.u,STR B3,
3659508,10982825,2026-08-27 16:36:21,1787848581611,0,0,26011001,10982825,3,0.01,4590.35,0.0,0.0,0.0,0.0,XAUUSD.u,STR B4,
3659663,10983451,2026-08-27 16:38:00,1787848680463,1,1,26011001,10982819,4,0.01,4589.55,0.0,0.0,3.79,0.0,XAUUSD.u,[sl 4589.55],
3659751,10983539,2026-08-27 16:40:20,1787848820243,1,1,26011001,10982825,3,0.01,4589.88,0.0,0.0,-0.47,0.0,XAUUSD.u,STR CLOSE,
3659752,10983540,2026-08-27 16:40:20,1787848820357,1,1,26011001,10982823,3,0.01,4589.86,0.0,0.0,1.04,0.0,XAUUSD.u,STR CLOSE,
3659753,10983541,2026-08-27 16:40:20,1787848820469,1,1,26011001,10982821,3,0.01,4589.88,0.0,0.0,2.59,0.0,XAUUSD.u,STR CLOSE,
3659784,10983544,2026-08-27 16:41:00,1787848860838,1,0,26011001,10983544,3,0.01,4588.27,0.0,0.0,0.0,0.0,XAUUSD.u,STR S1,
3659934,10983543,2026-08-27 16:43:22,1787849002887,0,0,26011001,10983543,3,0.01,4591.33,0.0,0.0,0.0,0.0,XAUUSD.u,STR B1,
3659975,10983545,2026-08-27 16:43:31,1787849011174,0,0,26011001,10983545,3,0.01,4592.86,0.0,0.0,0.0,0.0,XAUUSD.u,STR B2,
3660005,10983547,2026-08-27 16:43:31,1787849011189,0,0,26011001,10983547,3,0.01,4594.39,0.0,0.0,0.0,0.0,XAUUSD.u,STR B3,
3660123,10983549,2026-08-27 16:44:02,1787849042330,0,0,26011001,10983549,3,0.01,4595.92,0.0,0.0,0.0,0.0,XAUUSD.u,STR B4,
3660157,10983552,2026-08-27 16:44:11,1787849051797,0,0,26011001,10983552,3,0.01,4597.45,0.0,0.0,0.0,0.0,XAUUSD.u,STR B5,
3660162,10983998,2026-08-27 16:44:14,1787849054480,1,1,26011001,10983552,3,0.01,4596.95,0.0,0.0,-0.5,0.0,XAUUSD.u,STR CLOSE,
3660163,10983999,2026-08-27 16:44:14,1787849054593,1,1,26011001,10983549,3,0.01,4596.95,0.0,0.0,1.03,0.0,XAUUSD.u,STR CLOSE,
3660164,10984000,2026-08-27 16:44:14,1787849054705,1,1,26011001,10983547,3,0.01,4596.99,0.0,0.0,2.6,0.0,XAUUSD.u,STR CLOSE,
3660166,10984002,2026-08-27 16:44:14,1787849054818,1,1,26011001,10983545,3,0.01,4597.02,0.0,0.0,4.16,0.0,XAUUSD.u,STR CLOSE,
3660167,10984003,2026-08-27 16:44:14,1787849054931,0,1,26011001,10983544,3,0.01,4597.03,0.0,0.0,-8.76,0.0,XAUUSD.u,STR CLOSE,
3660168,10984004,2026-08-27 16:44:15,1787849055044,1,1,26011001,10983543,3,0.01,4597.07,0.0,0.0,5.74,0.0,XAUUSD.u,STR CLOSE,
3660195,10984009,2026-08-27 16:44:57,1787849097165,1,0,26011001,10984009,3,0.01,4594.9,0.0,0.0,0.0,0.0,XAUUSD.u,STR S1,
3660310,10984008,2026-08-27 16:45:57,1787849157816,0,0,26011001,10984008,3,0.01,4597.96,0.0,0.0,0.0,0.0,XAUUSD.u,STR B1,
3660387,10984011,2026-08-27 16:47:21,1787849241173,1,0,26011001,10984011,3,0.01,4593.37,0.0,0.0,0.0,0.0,XAUUSD.u,STR S2,
3660541,10984013,2026-08-27 16:51:21,1787849481523,1,0,26011001,10984013,3,0.01,4591.84,0.0,0.0,0.0,0.0,XAUUSD.u,STR S3,
3660720,10984015,2026-08-27 16:55:18,1787849718198,1,0,26011001,10984015,3,0.01,4590.31,0.0,0.0,0.0,0.0,XAUUSD.u,STR S4,
3660815,10984018,2026-08-27 16:55:35,1787849735176,1,0,26011001,10984018,3,0.01,4588.78,0.0,0.0,0.0,0.0,XAUUSD.u,STR S5,
3660819,10984717,2026-08-27 16:55:37,1787849737762,0,1,26011001,10984018,3,0.01,4588.57,0.0,0.0,0.21,0.0,XAUUSD.u,STR CLOSE,
3660821,10984719,2026-08-27 16:55:37,1787849737883,0,1,26011001,10984015,3,0.01,4588.53,0.0,0.0,1.78,0.0,XAUUSD.u,STR CLOSE,
3660823,10984721,2026-08-27 16:55:37,1787849737996,0,1,26011001,10984013,3,0.01,4588.54,0.0,0.0,3.3,0.0,XAUUSD.u,STR CLOSE,
3660824,10984722,2026-08-27 16:55:38,1787849738109,0,1,26011001,10984011,3,0.01,4588.48,0.0,0.0,4.89,0.0,XAUUSD.u,STR CLOSE,
3660825,10984723,2026-08-27 16:55:38,1787849738228,0,1,26011001,10984009,3,0.01,4588.48,0.0,0.0,6.42,0.0,XAUUSD.u,STR CLOSE,
3660826,10984724,2026-08-27 16:55:38,1787849738341,1,1,26011001,10984008,3,0.01,4588.52,0.0,0.0,-9.44,0.0,XAUUSD.u,STR CLOSE,
3660866,10984727,2026-08-27 16:56:53,1787849813260,0,0,26011001,10984727,3,0.01,4590.86,0.0,0.0,0.0,0.0,XAUUSD.u,STR B1,
3660890,10984729,2026-08-27 16:57:25,1787849845345,0,0,26011001,10984729,3,0.01,4592.39,0.0,0.0,0.0,0.0,XAUUSD.u,STR B2,
3660977,10984731,2026-08-27 17:00:54,1787850054911,0,0,26011001,10984731,3,0.01,4593.92,0.0,0.0,0.0,0.0,XAUUSD.u,STR B3,
3660986,10984935,2026-08-27 17:00:58,1787850058168,1,1,26011001,10984731,3,0.01,4593.57,0.0,0.0,-0.35,0.0,XAUUSD.u,STR CLOSE,
3660987,10984936,2026-08-27 17:00:58,1787850058281,1,1,26011001,10984729,3,0.01,4593.57,0.0,0.0,1.18,0.0,XAUUSD.u,STR CLOSE,
3660989,10984938,2026-08-27 17:00:58,1787850058394,1,1,26011001,10984727,3,0.01,4593.53,0.0,0.0,2.67,0.0,XAUUSD.u,STR CLOSE,
3661051,10984956,2026-08-27 17:01:59,1787850119397,0,0,26011001,10984956,3,0.01,4595.26,0.0,0.0,0.0,0.0,XAUUSD.u,STR B1,
3661196,10984957,2026-08-27 17:07:42,1787850462117,1,0,26011001,10984957,3,0.01,4592.2,0.0,0.0,0.0,0.0,XAUUSD.u,STR S1,
3661452,10984958,2026-08-27 17:16:01,1787850961706,0,0,26011001,10984958,3,0.01,4596.79,0.0,0.0,0.0,0.0,XAUUSD.u,STR B2,
3661783,10984959,2026-08-27 17:23:05,1787851385788,1,0,26011001,10984959,3,0.01,4590.67,0.0,0.0,0.0,0.0,XAUUSD.u,STR S2,
3661856,10984961,2026-08-27 17:25:12,1787851512759,1,0,26011001,10984961,3,0.01,4589.14,0.0,0.0,0.0,0.0,XAUUSD.u,STR S3,
3661961,10986018,2026-08-27 17:27:33,1787851653464,0,1,26011001,10984957,4,0.01,4591.97,0.0,0.0,0.23,0.0,XAUUSD.u,[sl 4591.97],
3661964,10986021,2026-08-27 17:27:38,1787851658207,1,0,26011001,10986021,3,0.01,4592.2,0.0,0.0,0.0,0.0,XAUUSD.u,STR S1,
3662164,10984960,2026-08-27 17:32:05,1787851925537,0,0,26011001,10984960,3,0.01,4598.32,0.0,0.0,0.0,0.0,XAUUSD.u,STR B3,
3662276,10986336,2026-08-27 17:33:29,1787852009583,1,1,26011001,10984956,4,0.01,4595.62,0.0,0.0,0.36,0.0,XAUUSD.u,[sl 4595.62],
3662351,10986364,2026-08-27 17:35:35,1787852135048,0,0,26011001,10986364,3,0.01,4598.32,0.0,0.0,0.0,0.0,XAUUSD.u,STR B3,
3662520,10984962,2026-08-27 17:40:11,1787852411919,0,0,26011001,10984962,3,0.01,4599.85,0.0,0.0,0.0,0.0,XAUUSD.u,STR B4,
3662543,10984964,2026-08-27 17:40:11,1787852411945,0,0,26011001,10984964,3,0.01,4601.38,0.0,0.0,0.0,0.0,XAUUSD.u,STR B5,
3662644,10986685,2026-08-27 17:40:21,1787852421675,1,1,26011001,10984958,4,0.01,4600.62,0.0,0.0,3.83,0.0,XAUUSD.u,[sl 4600.62],
3662736,10984966,2026-08-27 17:41:30,1787852490232,0,0,26011001,10984966,3,0.01,4602.91,0.0,0.0,0.0,0.0,XAUUSD.u,STR B6,
3662836,10984968,2026-08-27 17:42:54,1787852574614,0,0,26011001,10984968,3,0.04,4604.44,0.0,0.0,0.0,0.0,XAUUSD.u,STR B7,
3662865,10986870,2026-08-27 17:42:59,1787852579690,1,1,26011001,10986364,3,0.01,4605.61,0.0,0.0,7.29,0.0,XAUUSD.u,STR CLOSE,
3662866,10986871,2026-08-27 17:42:59,1787852579804,0,1,26011001,10986021,3,0.01,4605.53,0.0,0.0,-13.33,0.0,XAUUSD.u,STR CLOSE,
3662867,10986872,2026-08-27 17:42:59,1787852579918,1,1,26011001,10984968,3,0.04,4605.45,0.0,0.0,4.04,0.0,XAUUSD.u,STR CLOSE,
3662868,10986873,2026-08-27 17:43:00,1787852580034,1,1,26011001,10984966,3,0.01,4605.45,0.0,0.0,2.54,0.0,XAUUSD.u,STR CLOSE,
3662869,10986874,2026-08-27 17:43:00,1787852580147,1,1,26011001,10984964,3,0.01,4605.45,0.0,0.0,4.07,0.0,XAUUSD.u,STR CLOSE,
3662870,10986875,2026-08-27 17:43:00,1787852580261,1,1,26011001,10984962,3,0.01,4605.34,0.0,0.0,5.49,0.0,XAUUSD.u,STR CLOSE,
3662883,10986877,2026-08-27 17:43:28,1787852608123,1,0,26011001,10986877,3,0.01,4603.89,0.0,0.0,0.0,0.0,XAUUSD.u,STR S1,
3662912,10986879,2026-08-27 17:44:01,1787852641723,1,0,26011001,10986879,3,0.01,4602.35,0.0,0.0,0.0,0.0,XAUUSD.u,STR S2,
3662980,10986881,2026-08-27 17:45:30,1787852730638,1,0,26011001,10986881,3,0.01,4600.81,0.0,0.0,0.0,0.0,XAUUSD.u,STR S3,
3663028,10987092,2026-08-27 17:47:20,1787852840127,0,1,26011001,10986877,4,0.01,4603.32,0.0,0.0,0.57,0.0,XAUUSD.u,[sl 4603.32],
3663055,10987110,2026-08-27 17:47:46,1787852866209,1,0,26011001,10987110,3,0.01,4603.89,0.0,0.0,0.0,0.0,XAUUSD.u,STR S1,
3663225,10986876,2026-08-27 17:53:22,1787853202885,0,0,26011001,10986876,3,0.01,4606.97,0.0,0.0,0.0,0.0,XAUUSD.u,STR B1,
3663308,10986878,2026-08-27 17:54:03,1787853243263,0,0,26011001,10986878,3,0.01,4608.51,0.0,0.0,0.0,0.0,XAUUSD.u,STR B2,
3663387,10986880,2026-08-27 17:55:12,1787853312387,0,0,26011001,10986880,3,0.01,4610.05,0.0,0.0,0.0,0.0,XAUUSD.u,STR B3,
3663713,10986882,2026-08-27 18:00:57,1787853657442,0,0,26011001,10986882,3,0.01,4611.59,0.0,0.0,0.0,0.0,XAUUSD.u,STR B4,
3663779,10987878,2026-08-27 18:01:51,1787853711089,1,1,26011001,10986876,4,0.01,4611.09,0.0,0.0,4.12,0.0,XAUUSD.u,[sl 4611.09],
3663801,10987899,2026-08-27 18:02:26,1787853746355,1,1,26011001,10986878,4,0.01,4609.55,0.0,0.0,1.04,0.0,XAUUSD.u,[sl 4609.55],
3663957,10988060,2026-08-27 18:06:03,1787853963774,0,0,26011001,10988060,3,0.01,4608.51,0.0,0.0,0.0,0.0,XAUUSD.u,STR B2,
3663983,10988095,2026-08-27 18:07:16,1787854036195,0,0,26011001,10988095,3,0.01,4606.97,0.0,0.0,0.0,0.0,XAUUSD.u,STR B1,
3665031,10989208,2026-08-27 18:38:06,1787855886715,1,1,26011001,10988095,4,0.01,4611.37,0.0,0.0,4.4,0.0,XAUUSD.u,[sl 4611.37],
3665035,10989212,2026-08-27 18:38:20,1787855900169,1,1,26011001,10988060,4,0.01,4609.83,0.0,0.0,1.32,0.0,XAUUSD.u,[sl 4609.83],
3665044,10989221,2026-08-27 18:38:38,1787855918260,0,0,26011001,10989221,3,0.01,4608.51,0.0,0.0,0.0,0.0,XAUUSD.u,STR B2,
3665178,10986884,2026-08-27 18:45:30,1787856330800,0,0,26011001,10986884,3,0.01,4613.13,0.0,0.0,0.0,0.0,XAUUSD.u,STR B5,
3665279,10989464,2026-08-27 18:46:32,1787856392292,1,1,26011001,10989221,4,0.01,4613.1,0.0,0.0,4.59,0.0,XAUUSD.u,[sl 4613.10],
3665302,10989487,2026-08-27 18:47:21,1787856441836,1,1,26011001,10986880,4,0.01,4611.56,0.0,0.0,1.51,0.0,XAUUSD.u,[sl 4611.56],
3665421,10986886,2026-08-27 18:52:33,1787856753962,0,0,26011001,10986886,3,0.01,4614.67,0.0,0.0,0.0,0.0,XAUUSD.u,STR B6,
3665543,10986888,2026-08-27 18:53:32,1787856812695,0,0,26011001,10986888,3,0.04,4616.21,0.0,0.0,0.0,0.0,XAUUSD.u,STR B7,
3665661,10989849,2026-08-27 18:55:30,1787856930812,1,1,26011001,10986882,4,0.01,4615.23,0.0,0.0,3.64,0.0,XAUUSD.u,[sl 4615.23],
3665696,10989885,2026-08-27 18:55:53,1787856953470,1,1,26011001,10986884,4,0.01,4613.69,0.0,0.0,0.56,0.0,XAUUSD.u,[sl 4613.69],
3665705,10989894,2026-08-27 18:56:14,1787856974514,0,0,26011001,10989894,3,0.01,4613.13,0.0,0.0,0.0,0.0,XAUUSD.u,STR B5,
3665842,10990039,2026-08-27 19:02:28,1787857348640,1,1,26011001,10989894,4,0.01,4613.55,0.0,0.0,0.42,0.0,XAUUSD.u,[sl 4613.55],
3665907,10990043,2026-08-27 19:02:44,1787857364012,0,0,26011001,10990043,3,0.01,4613.13,0.0,0.0,0.0,0.0,XAUUSD.u,STR B5,
3666026,10990189,2026-08-27 19:06:39,1787857599699,0,0,26011001,10990189,3,0.01,4611.59,0.0,0.0,0.0,0.0,XAUUSD.u,STR B4,
3666276,10990353,2026-08-27 19:11:03,1787857863086,0,0,26011001,10990353,3,0.01,4610.05,0.0,0.0,0.0,0.0,XAUUSD.u,STR B3,
3666535,10990750,2026-08-27 19:18:02,1787858282628,0,0,26011001,10990750,3,0.01,4608.51,0.0,0.0,0.0,0.0,XAUUSD.u,STR B2,
3666792,10991018,2026-08-27 19:29:03,1787858943078,1,1,26011001,10990750,4,0.01,4609.02,0.0,0.0,0.51,0.0,XAUUSD.u,[sl 4609.02],
3667010,10991240,2026-08-27 19:37:16,1787859436196,0,0,26011001,10991240,3,0.01,4608.51,0.0,0.0,0.0,0.0,XAUUSD.u,STR B2,
3667180,10991416,2026-08-27 19:41:20,1787859680228,1,1,26011001,10991240,4,0.01,4612.87,0.0,0.0,4.36,0.0,XAUUSD.u,[sl 4612.87],
3667252,10991491,2026-08-27 19:44:48,1787859888462,1,1,26011001,10990353,4,0.01,4611.33,0.0,0.0,1.28,0.0,XAUUSD.u,[sl 4611.33],
3667271,10991509,2026-08-27 19:45:24,1787859924016,0,0,26011001,10991509,3,0.01,4610.05,0.0,0.0,0.0,0.0,XAUUSD.u,STR B3,
3667447,10991685,2026-08-27 19:48:41,1787860121555,0,0,26011001,10991685,3,0.01,4606.97,0.0,0.0,0.0,0.0,XAUUSD.u,STR B1,
3667457,10991637,2026-08-27 19:49:17,1787860157154,0,0,26011001,10991637,3,0.01,4608.51,0.0,0.0,0.0,0.0,XAUUSD.u,STR B2,
3667567,10991808,2026-08-27 19:51:29,1787860289668,1,1,26011001,10991685,4,0.01,4607.26,0.0,0.0,0.29,0.0,XAUUSD.u,[sl 4607.26],
3667569,10991810,2026-08-27 19:51:31,1787860291352,0,0,26011001,10991810,3,0.01,4606.97,0.0,0.0,0.0,0.0,XAUUSD.u,STR B1,
3670358,10994738,2026-08-27 21:03:03,1787864583617,1,1,26011001,10991810,3,0.01,4616.7,0.0,0.0,9.73,0.0,XAUUSD.u,STR CLOSE,
3670359,10994739,2026-08-27 21:03:03,1787864583732,1,1,26011001,10991637,3,0.01,4616.64,0.0,0.0,8.13,0.0,XAUUSD.u,STR CLOSE,
3670360,10994740,2026-08-27 21:03:03,1787864583845,1,1,26011001,10991509,3,0.01,4616.62,0.0,0.0,6.57,0.0,XAUUSD.u,STR CLOSE,
3670361,10994741,2026-08-27 21:03:03,1787864583959,1,1,26011001,10990189,3,0.01,4616.39,0.0,0.0,4.8,0.0,XAUUSD.u,STR CLOSE,
3670363,10994743,2026-08-27 21:03:04,1787864584075,1,1,26011001,10990043,3,0.01,4616.43,0.0,0.0,3.3,0.0,XAUUSD.u,STR CLOSE,
3670364,10994744,2026-08-27 21:03:04,1787864584189,0,1,26011001,10987110,3,0.01,4616.55,0.0,0.0,-12.66,0.0,XAUUSD.u,STR CLOSE,
3670365,10994745,2026-08-27 21:03:04,1787864584305,1,1,26011001,10986888,3,0.04,4616.39,0.0,0.0,0.72,0.0,XAUUSD.u,STR CLOSE,
3670367,10994747,2026-08-27 21:03:04,1787864584419,1,1,26011001,10986886,3,0.01,4616.39,0.0,0.0,1.72,0.0,XAUUSD.u,STR CLOSE,
3670368,10994748,2026-08-27 21:03:04,1787864584536,0,1,26011001,10986881,3,0.01,4616.52,0.0,0.0,-15.71,0.0,XAUUSD.u,STR CLOSE,
3670369,10994749,2026-08-27 21:03:04,1787864584651,0,1,26011001,10986879,3,0.01,4616.52,0.0,0.0,-14.17,0.0,XAUUSD.u,STR CLOSE,
3670375,10994754,2026-08-27 21:03:11,1787864591187,1,0,26011001,10994754,3,0.01,4614.45,0.0,0.0,0.0,0.0,XAUUSD.u,STR S1,
3670392,10994756,2026-08-27 21:05:06,1787864706448,1,0,26011001,10994756,3,0.01,4612.91,0.0,0.0,0.0,0.0,XAUUSD.u,STR S2,
3670492,10994753,2026-08-27 21:09:01,1787864941215,0,0,26011001,10994753,3,0.01,4617.53,0.0,0.0,0.0,0.0,XAUUSD.u,STR B1,
3670713,10994759,2026-08-27 21:17:20,1787865440398,1,0,26011001,10994759,3,0.01,4611.37,0.0,0.0,0.0,0.0,XAUUSD.u,STR S3,
3670757,10994761,2026-08-27 21:18:04,1787865484606,1,0,26011001,10994761,3,0.01,4609.83,0.0,0.0,0.0,0.0,XAUUSD.u,STR S4,
3670789,10995227,2026-08-27 21:19:04,1787865544310,0,1,26011001,10994754,4,0.01,4611.18,0.0,0.0,3.27,0.0,XAUUSD.u,[sl 4611.18],
3670811,10994763,2026-08-27 21:20:54,1787865654395,1,0,26011001,10994763,3,0.01,4608.29,0.0,0.0,0.0,0.0,XAUUSD.u,STR S5,
3670860,10994765,2026-08-27 21:22:09,1787865729873,1,0,26011001,10994765,3,0.01,4606.75,0.0,0.0,0.0,0.0,XAUUSD.u,STR S6,
3670898,10995342,2026-08-27 21:25:43,1787865943236,0,1,26011001,10994756,4,0.01,4607.82,0.0,0.0,5.09,0.0,XAUUSD.u,[sl 4607.82],
3670899,10995343,2026-08-27 21:25:43,1787865943236,0,1,26011001,10994759,4,0.01,4607.82,0.0,0.0,3.55,0.0,XAUUSD.u,[sl 4607.82],
3670933,10994767,2026-08-27 21:27:44,1787866064249,1,0,26011001,10994767,3,0.04,4605.21,0.0,0.0,0.0,0.0,XAUUSD.u,STR S7,
3670958,10995402,2026-08-27 21:29:07,1787866147676,0,1,26011001,10994761,4,0.01,4605.95,0.0,0.0,3.88,0.0,XAUUSD.u,[sl 4605.95],
3671022,10995468,2026-08-27 21:32:10,1787866330107,0,1,26011001,10994763,4,0.01,4607.59,0.0,0.0,0.7,0.0,XAUUSD.u,[sl 4607.59],
3671183,10995653,2026-08-27 21:37:46,1787866666711,1,0,26011001,10995653,3,0.01,4608.29,0.0,0.0,0.0,0.0,XAUUSD.u,STR S5,
3671396,10995867,2026-08-27 21:41:45,1787866905580,1,0,26011001,10995867,3,0.01,4609.83,0.0,0.0,0.0,0.0,XAUUSD.u,STR S4,
3671583,10995964,2026-08-27 21:48:41,1787867321779,1,0,26011001,10995964,3,0.01,4611.37,0.0,0.0,0.0,0.0,XAUUSD.u,STR S3,
3671802,10996261,2026-08-27 21:55:22,1787867722106,0,1,26011001,10995964,3,0.01,4605.79,0.0,0.0,5.58,0.0,XAUUSD.u,STR CLOSE,
3671803,10996262,2026-08-27 21:55:22,1787867722220,0,1,26011001,10995867,3,0.01,4605.89,0.0,0.0,3.94,0.0,XAUUSD.u,STR CLOSE,
3671804,10996263,2026-08-27 21:55:22,1787867722334,0,1,26011001,10995653,3,0.01,4605.89,0.0,0.0,2.4,0.0,XAUUSD.u,STR CLOSE,
3671805,10996264,2026-08-27 21:55:22,1787867722450,0,1,26011001,10994767,3,0.04,4605.89,0.0,0.0,-2.7199999999999998,0.0,XAUUSD.u,STR CLOSE,
3671806,10996265,2026-08-27 21:55:22,1787867722566,0,1,26011001,10994765,3,0.01,4606.07,0.0,0.0,0.68,0.0,XAUUSD.u,STR CLOSE,
3671807,10996266,2026-08-27 21:55:22,1787867722680,1,1,26011001,10994753,3,0.01,4605.97,0.0,0.0,-11.56,0.0,XAUUSD.u,STR CLOSE,
3671843,10996267,2026-08-27 21:57:02,1787867822197,0,0,26011001,10996267,3,0.01,4607.94,0.0,0.0,0.0,0.0,XAUUSD.u,STR B1,
3671861,10996269,2026-08-27 21:58:38,1787867918274,0,0,26011001,10996269,3,0.01,4609.48,0.0,0.0,0.0,0.0,XAUUSD.u,STR B2,
3671970,10996268,2026-08-27 22:03:44,1787868224734,1,0,26011001,10996268,3,0.01,4604.86,0.0,0.0,0.0,0.0,XAUUSD.u,STR S1,
3672384,10996270,2026-08-27 22:25:49,1787869549747,1,0,26011001,10996270,3,0.01,4603.32,0.0,0.0,0.0,0.0,XAUUSD.u,STR S2,
3672688,10996272,2026-08-27 22:52:45,1787871165902,1,0,26011001,10996272,3,0.01,4601.78,0.0,0.0,0.0,0.0,XAUUSD.u,STR S3,
3672763,10996274,2026-08-27 22:55:14,1787871314975,1,0,26011001,10996274,3,0.01,4600.24,0.0,0.0,0.0,0.0,XAUUSD.u,STR S4,
3672798,10997308,2026-08-27 22:58:47,1787871527109,0,1,26011001,10996268,4,0.01,4601.76,0.0,0.0,3.1,0.0,XAUUSD.u,[sl 4601.76],
3673541,10998122,2026-08-28 01:01:00,1787878860930,0,1,26011001,10996270,4,0.01,4603.29,0.0,0.0,0.03,0.0,XAUUSD.u,[sl 4603.29],
3673542,10996271,2026-08-28 01:01:00,1787878860930,0,0,26011001,10996271,3,0.01,4611.02,0.0,0.0,0.0,0.0,XAUUSD.u,STR B3,
3673598,10998190,2026-08-28 01:06:56,1787879216391,1,1,26011001,10996267,4,0.01,4608.19,0.0,0.0,0.25,0.0,XAUUSD.u,[sl 4608.19],
3673694,10998138,2026-08-28 01:10:03,1787879403992,1,0,26011001,10998138,3,0.01,4604.86,0.0,0.0,0.0,0.0,XAUUSD.u,STR S1,
3673782,10998139,2026-08-28 01:11:47,1787879507821,1,0,26011001,10998139,3,0.01,4603.32,0.0,0.0,0.0,0.0,XAUUSD.u,STR S2,
3673940,10998558,2026-08-28 01:23:33,1787880213664,0,1,26011001,10998138,4,0.01,4603.34,0.0,0.0,1.52,0.0,XAUUSD.u,[sl 4603.34],
3674036,10996276,2026-08-28 01:35:07,1787880907472,1,0,26011001,10996276,3,0.01,4598.7,0.0,0.0,0.0,0.0,XAUUSD.u,STR S5,
3674063,10998700,2026-08-28 01:37:07,1787881027564,0,1,26011001,10998139,4,0.01,4601.96,0.0,0.0,1.3599999999999999,0.0,XAUUSD.u,[sl 4601.96],
3674152,10996278,2026-08-28 01:47:10,1787881630464,1,0,26011001,10996278,3,0.01,4597.16,0.0,0.0,0.0,0.0,XAUUSD.u,STR S6,
3674186,10996280,2026-08-28 01:51:15,1787881875071,1,0,26011001,10996280,3,0.04,4595.62,0.0,0.0,0.0,0.0,XAUUSD.u,STR S7,
3674291,10996282,2026-08-28 02:00:02,1787882402857,1,0,26011001,10996282,3,0.04,4594.08,0.0,0.0,0.0,0.0,XAUUSD.u,STR S8,
3674310,10998993,2026-08-28 02:00:12,1787882412166,0,1,26011001,10996272,4,0.01,4594.93,0.0,0.0,6.85,0.0,XAUUSD.u,[sl 4594.93],
3674311,10998994,2026-08-28 02:00:12,1787882412166,0,1,26011001,10996274,4,0.01,4594.9,0.0,0.0,5.34,0.0,XAUUSD.u,[sl 4594.90],
3674312,10998995,2026-08-28 02:00:12,1787882412166,0,1,26011001,10996276,4,0.01,4594.86,0.0,0.0,3.84,0.0,XAUUSD.u,[sl 4594.86],
3674314,10998998,2026-08-28 02:00:12,1787882412956,0,1,26011001,10996278,4,0.01,4596.46,0.0,0.0,0.7,0.0,XAUUSD.u,[sl 4596.46],
3674369,10999054,2026-08-28 02:01:23,1787882483349,1,0,26011001,10999054,3,0.01,4597.16,0.0,0.0,0.0,0.0,XAUUSD.u,STR S6,
3674542,10999070,2026-08-28 02:04:07,1787882647874,1,0,26011001,10999070,3,0.01,4598.7,0.0,0.0,0.0,0.0,XAUUSD.u,STR S5,
3674788,10999478,2026-08-28 02:10:13,1787883013874,1,0,26011001,10999478,3,0.01,4600.24,0.0,0.0,0.0,0.0,XAUUSD.u,STR S4,
3674951,10999607,2026-08-28 02:11:28,1787883088389,1,0,26011001,10999607,3,0.01,4601.78,0.0,0.0,0.0,0.0,XAUUSD.u,STR S3,
3675369,11000081,2026-08-28 02:18:05,1787883485566,0,1,26011001,10999607,3,0.01,4594.42,0.0,0.0,7.36,0.0,XAUUSD.u,STR CLOSE,
3675370,11000082,2026-08-28 02:18:05,1787883485683,0,1,26011001,10999478,3,0.01,4594.42,0.0,0.0,5.82,0.0,XAUUSD.u,STR CLOSE,
3675371,11000083,2026-08-28 02:18:05,1787883485799,0,1,26011001,10999070,3,0.01,4594.42,0.0,0.0,4.28,0.0,XAUUSD.u,STR CLOSE,
3675372,11000084,2026-08-28 02:18:05,1787883485915,0,1,26011001,10999054,3,0.01,4594.37,0.0,0.0,2.79,0.0,XAUUSD.u,STR CLOSE,
3675373,11000085,2026-08-28 02:18:06,1787883486031,0,1,26011001,10996282,3,0.04,4594.37,0.0,0.0,-1.16,0.0,XAUUSD.u,STR CLOSE,
3675374,11000086,2026-08-28 02:18:06,1787883486147,0,1,26011001,10996280,3,0.04,4594.37,0.0,0.0,5.0,0.0,XAUUSD.u,STR CLOSE,
3675375,11000087,2026-08-28 02:18:06,1787883486263,1,1,26011001,10996271,3,0.01,4594.32,0.0,0.0,-16.7,0.0,XAUUSD.u,STR CLOSE,
3675376,11000088,2026-08-28 02:18:06,1787883486379,1,1,26011001,10996269,3,0.01,4594.3,0.0,0.0,-15.18,0.0,XAUUSD.u,STR CLOSE,
3675581,11000090,2026-08-28 02:20:22,1787883622452,1,0,26011001,11000090,3,0.01,4593.01,0.0,0.0,0.0,0.0,XAUUSD.u,STR S1,
3676095,11000092,2026-08-28 02:26:24,1787883984692,1,0,26011001,11000092,3,0.01,4591.48,0.0,0.0,0.0,0.0,XAUUSD.u,STR S2,
3676749,11000095,2026-08-28 02:33:49,1787884429615,1,0,26011001,11000095,3,0.01,4589.95,0.0,0.0,0.0,0.0,XAUUSD.u,STR S3,
3676772,11000098,2026-08-28 02:33:50,1787884430104,1,0,26011001,11000098,3,0.01,4588.42,0.0,0.0,0.0,0.0,XAUUSD.u,STR S4,
3676802,11001549,2026-08-28 02:33:57,1787884437156,0,1,26011001,11000090,4,0.01,4589.46,0.0,0.0,3.55,0.0,XAUUSD.u,[sl 4589.46],
3677054,11001806,2026-08-28 02:42:51,1787884971098,0,1,26011001,11000092,4,0.01,4591.07,0.0,0.0,0.41,0.0,XAUUSD.u,[sl 4591.07],
3677240,11000100,2026-08-28 02:48:00,1787885280696,1,0,26011001,11000100,3,0.01,4586.89,0.0,0.0,0.0,0.0,XAUUSD.u,STR S5,
3677772,11002529,2026-08-28 02:59:55,1787885995869,0,1,26011001,11000095,4,0.01,4588.88,0.0,0.0,1.07,0.0,XAUUSD.u,[sl 4588.88],
3677792,11002544,2026-08-28 03:00:03,1787886003761,1,0,26011001,11002544,3,0.01,4589.95,0.0,0.0,0.0,0.0,XAUUSD.u,STR S3,
3677841,11002604,2026-08-28 03:00:40,1787886040166,0,1,26011001,11002544,4,0.01,4589.75,0.0,0.0,0.2,0.0,XAUUSD.u,[sl 4589.75],
3677846,11002607,2026-08-28 03:00:46,1787886046328,1,0,26011001,11002607,3,0.01,4589.95,0.0,0.0,0.0,0.0,XAUUSD.u,STR S3,
3677875,11002640,2026-08-28 03:01:31,1787886091662,0,1,26011001,11002607,4,0.01,4589.62,0.0,0.0,0.33,0.0,XAUUSD.u,[sl 4589.62],
3677907,11002667,2026-08-28 03:01:55,1787886115166,1,0,26011001,11002667,3,0.01,4589.95,0.0,0.0,0.0,0.0,XAUUSD.u,STR S3,
3678308,11002840,2026-08-28 03:06:11,1787886371258,1,0,26011001,11002840,3,0.01,4593.01,0.0,0.0,0.0,0.0,XAUUSD.u,STR S1,
3678367,11000089,2026-08-28 03:07:37,1787886457163,0,0,26011001,11000089,3,0.01,4596.07,0.0,0.0,0.0,0.0,XAUUSD.u,STR B1,
3678461,11000091,2026-08-28 03:08:40,1787886520497,0,0,26011001,11000091,3,0.01,4597.6,0.0,0.0,0.0,0.0,XAUUSD.u,STR B2,
3678550,11000094,2026-08-28 03:09:38,1787886578170,0,0,26011001,11000094,3,0.01,4599.13,0.0,0.0,0.0,0.0,XAUUSD.u,STR B3,
3678631,11000096,2026-08-28 03:10:04,1787886604169,0,0,26011001,11000096,3,0.01,4600.66,0.0,0.0,0.0,0.0,XAUUSD.u,STR B4,
3678652,11000099,2026-08-28 03:10:08,1787886608162,0,0,26011001,11000099,3,0.01,4602.19,0.0,0.0,0.0,0.0,XAUUSD.u,STR B5,
3678659,11003445,2026-08-28 03:10:09,1787886609232,1,1,26011001,11000089,4,0.01,4600.77,0.0,0.0,4.7,0.0,XAUUSD.u,[sl 4600.77],
3678660,11003446,2026-08-28 03:10:09,1787886609232,1,1,26011001,11000091,4,0.01,4600.77,0.0,0.0,3.17,0.0,XAUUSD.u,[sl 4600.77],
3678872,11003659,2026-08-28 03:10:34,1787886634163,1,1,26011001,11000094,4,0.01,4599.23,0.0,0.0,0.1,0.0,XAUUSD.u,[sl 4599.23],
3678900,11003687,2026-08-28 03:11:03,1787886663489,0,0,26011001,11003687,3,0.01,4599.13,0.0,0.0,0.0,0.0,XAUUSD.u,STR B3,
3679033,11003733,2026-08-28 03:11:42,1787886702679,0,0,26011001,11003733,3,0.01,4597.6,0.0,0.0,0.0,0.0,XAUUSD.u,STR B2,
3680359,11003954,2026-08-28 03:18:38,1787887118971,0,0,26011001,11003954,3,0.01,4596.07,0.0,0.0,0.0,0.0,XAUUSD.u,STR B1,
3681511,11002816,2026-08-28 03:24:56,1787887496682,1,0,26011001,11002816,3,0.01,4591.48,0.0,0.0,0.0,0.0,XAUUSD.u,STR S2,
3682059,11000102,2026-08-28 03:27:24,1787887644526,1,0,26011001,11000102,3,0.01,4585.36,0.0,0.0,0.0,0.0,XAUUSD.u,STR S6,
3682084,11006896,2026-08-28 03:27:31,1787887651690,0,1,26011001,11002667,4,0.01,4586.71,0.0,0.0,3.24,0.0,XAUUSD.u,[sl 4586.71],
3682085,11006897,2026-08-28 03:27:31,1787887651690,0,1,26011001,11002816,4,0.01,4586.71,0.0,0.0,4.77,0.0,XAUUSD.u,[sl 4586.71],
3682086,11006898,2026-08-28 03:27:31,1787887651690,0,1,26011001,11002840,4,0.01,4586.71,0.0,0.0,6.3,0.0,XAUUSD.u,[sl 4586.71],
3682214,11007025,2026-08-28 03:30:30,1787887830204,0,1,26011001,11000098,4,0.01,4587.07,0.0,0.0,1.35,0.0,XAUUSD.u,[sl 4587.07],
3682263,11007057,2026-08-28 03:30:46,1787887846804,1,0,26011001,11007057,3,0.01,4588.42,0.0,0.0,0.0,0.0,XAUUSD.u,STR S4,
3682282,11007095,2026-08-28 03:32:34,1787887954878,0,1,26011001,11007057,4,0.01,4587.96,0.0,0.0,0.46,0.0,XAUUSD.u,[sl 4587.96],
3682287,11007098,2026-08-28 03:32:38,1787887958170,1,0,26011001,11007098,3,0.01,4588.42,0.0,0.0,0.0,0.0,XAUUSD.u,STR S4,
3682447,11000104,2026-08-28 03:38:22,1787888302772,1,0,26011001,11000104,3,0.04,4583.83,0.0,0.0,0.0,0.0,XAUUSD.u,STR S7,
3682522,11000107,2026-08-28 03:39:03,1787888343675,1,0,26011001,11000107,3,0.04,4582.3,0.0,0.0,0.0,0.0,XAUUSD.u,STR S8,
3682576,11000109,2026-08-28 03:39:53,1787888393735,1,0,26011001,11000109,3,0.04,4580.77,0.0,0.0,0.0,0.0,XAUUSD.u,STR S9,
3682614,11000113,2026-08-28 03:40:22,1787888422885,1,0,26011001,11000113,3,0.04,4579.24,0.0,0.0,0.0,0.0,XAUUSD.u,STR S10,
3682654,11007459,2026-08-28 03:41:46,1787888506699,0,1,26011001,11000102,4,0.01,4579.99,0.0,0.0,5.37,0.0,XAUUSD.u,[sl 4579.99],
3682664,11007469,2026-08-28 03:42:02,1787888522255,0,1,26011001,11000100,4,0.01,4580.01,0.0,0.0,6.88,0.0,XAUUSD.u,[sl 4580.01],
3682665,11007470,2026-08-28 03:42:02,1787888522255,0,1,26011001,11000104,4,0.04,4580.01,0.0,0.0,15.28,0.0,XAUUSD.u,[sl 4580.01],
3682666,11007471,2026-08-28 03:42:02,1787888522255,0,1,26011001,11007098,4,0.01,4580.01,0.0,0.0,8.41,0.0,XAUUSD.u,[sl 4580.01],
3682679,11007485,2026-08-28 03:43:00,1787888580178,0,1,26011001,11000107,4,0.04,4581.54,0.0,0.0,3.04,0.0,XAUUSD.u,[sl 4581.54],
3682683,11007487,2026-08-28 03:43:14,1787888594656,1,0,26011001,11007487,3,0.04,4582.3,0.0,0.0,0.0,0.0,XAUUSD.u,STR S8,
3682780,11007593,2026-08-28 03:48:33,1787888913175,0,1,26011001,11007487,4,0.04,4580.92,0.0,0.0,5.52,0.0,XAUUSD.u,[sl 4580.92],
3682799,11007611,2026-08-28 03:49:41,1787888981744,1,0,26011001,11007611,3,0.04,4582.3,0.0,0.0,0.0,0.0,XAUUSD.u,STR S8,
3682931,11000115,2026-08-28 03:53:19,1787889199230,1,0,26011001,11000115,3,0.04,4577.71,0.0,0.0,0.0,0.0,XAUUSD.u,STR S11,
3682976,11007792,2026-08-28 03:53:46,1787889226859,0,1,26011001,11007611,3,0.04,4576.66,0.0,0.0,22.56,0.0,XAUUSD.u,STR CLOSE,
3682977,11007793,2026-08-28 03:53:46,1787889226980,1,1,26011001,11003954,3,0.01,4576.59,0.0,0.0,-19.48,0.0,XAUUSD.u,STR CLOSE,
3682980,11007796,2026-08-28 03:53:47,1787889227095,1,1,26011001,11003733,3,0.01,4576.57,0.0,0.0,-21.03,0.0,XAUUSD.u,STR CLOSE,
3682982,11007798,2026-08-28 03:53:47,1787889227209,1,1,26011001,11003687,3,0.01,4576.57,0.0,0.0,-22.56,0.0,XAUUSD.u,STR CLOSE,
3682984,11007800,2026-08-28 03:53:47,1787889227326,0,1,26011001,11000115,3,0.04,4576.62,0.0,0.0,4.36,0.0,XAUUSD.u,STR CLOSE,
3682985,11007801,2026-08-28 03:53:47,1787889227444,0,1,26011001,11000113,3,0.04,4576.62,0.0,0.0,10.48,0.0,XAUUSD.u,STR CLOSE,
3682987,11007803,2026-08-28 03:53:47,1787889227558,0,1,26011001,11000109,3,0.04,4576.62,0.0,0.0,16.6,0.0,XAUUSD.u,STR CLOSE,
3682988,11007804,2026-08-28 03:53:47,1787889227672,1,1,26011001,11000099,3,0.01,4576.58,0.0,0.0,-25.61,0.0,XAUUSD.u,STR CLOSE,
3682989,11007805,2026-08-28 03:53:47,1787889227793,1,1,26011001,11000096,3,0.01,4576.55,0.0,0.0,-24.11,0.0,XAUUSD.u,STR CLOSE,
3683057,11007813,2026-08-28 03:55:09,1787889309481,0,0,26011001,11007813,3,0.01,4577.72,0.0,0.0,0.0,0.0,XAUUSD.u,STR B1,
3683259,11007815,2026-08-28 04:07:14,1787890034724,0,0,26011001,11007815,3,0.01,4579.25,0.0,0.0,0.0,0.0,XAUUSD.u,STR B2,
3683273,11007818,2026-08-28 04:08:54,1787890134725,0,0,26011001,11007818,3,0.01,4580.78,0.0,0.0,0.0,0.0,XAUUSD.u,STR B3,
3683378,11008272,2026-08-28 04:12:59,1787890379173,1,1,26011001,11007813,4,0.01,4578.87,0.0,0.0,1.15,0.0,XAUUSD.u,[sl 4578.87],
3683393,11007820,2026-08-28 04:13:34,1787890414263,0,0,26011001,11007820,3,0.01,4582.31,0.0,0.0,0.0,0.0,XAUUSD.u,STR B4,
3683436,11008332,2026-08-28 04:16:25,1787890585621,1,1,26011001,11007815,4,0.01,4579.75,0.0,0.0,0.5,0.0,XAUUSD.u,[sl 4579.75],
3683443,11008337,2026-08-28 04:16:42,1787890602776,0,0,26011001,11008337,3,0.01,4579.25,0.0,0.0,0.0,0.0,XAUUSD.u,STR B2,
3683575,11007822,2026-08-28 04:24:43,1787891083657,0,0,26011001,11007822,3,0.01,4583.84,0.0,0.0,0.0,0.0,XAUUSD.u,STR B5,
3683699,11008605,2026-08-28 04:25:00,1787891100457,1,1,26011001,11008337,3,0.01,4584.08,0.0,0.0,4.83,0.0,XAUUSD.u,STR CLOSE,
3683700,11008606,2026-08-28 04:25:00,1787891100570,1,1,26011001,11007822,3,0.01,4584.04,0.0,0.0,0.2,0.0,XAUUSD.u,STR CLOSE,
3683701,11008607,2026-08-28 04:25:00,1787891100685,1,1,26011001,11007820,3,0.01,4584.04,0.0,0.0,1.73,0.0,XAUUSD.u,STR CLOSE,
3683702,11008608,2026-08-28 04:25:00,1787891100799,1,1,26011001,11007818,3,0.01,4584.04,0.0,0.0,3.26,0.0,XAUUSD.u,STR CLOSE,
3683818,11008609,2026-08-28 04:30:32,1787891432168,0,0,26011001,11008609,3,0.01,4585.76,0.0,0.0,0.0,0.0,XAUUSD.u,STR B1,
3684069,11008611,2026-08-28 04:38:05,1787891885373,0,0,26011001,11008611,3,0.01,4587.29,0.0,0.0,0.0,0.0,XAUUSD.u,STR B2,
3684147,11008613,2026-08-28 04:38:55,1787891935518,0,0,26011001,11008613,3,0.01,4588.82,0.0,0.0,0.0,0.0,XAUUSD.u,STR B3,
3684219,11009171,2026-08-28 04:41:55,1787892115092,1,1,26011001,11008609,4,0.01,4586.68,0.0,0.0,0.92,0.0,XAUUSD.u,[sl 4586.68],
3684225,11009175,2026-08-28 04:42:19,1787892139184,0,0,26011001,11009175,3,0.01,4585.76,0.0,0.0,0.0,0.0,XAUUSD.u,STR B1,
3684420,11008610,2026-08-28 04:45:44,1787892344676,1,0,26011001,11008610,3,0.01,4582.7,0.0,0.0,0.0,0.0,XAUUSD.u,STR S1,
3685078,11010107,2026-08-28 05:20:42,1787894442657,1,1,26011001,11009175,4,0.01,4585.79,0.0,0.0,0.03,0.0,XAUUSD.u,[sl 4585.79],
3685252,11010300,2026-08-28 05:30:49,1787895049544,0,0,26011001,11010300,3,0.01,4585.76,0.0,0.0,0.0,0.0,XAUUSD.u,STR B1,
3685578,11008612,2026-08-28 05:42:09,1787895729383,1,0,26011001,11008612,3,0.01,4581.17,0.0,0.0,0.0,0.0,XAUUSD.u,STR S2,
3685643,11008614,2026-08-28 05:46:14,1787895974309,1,0,26011001,11008614,3,0.01,4579.64,0.0,0.0,0.0,0.0,XAUUSD.u,STR S3,
3687156,11008616,2026-08-28 06:07:26,1787897246337,1,0,26011001,11008616,3,0.01,4578.11,0.0,0.0,0.0,0.0,XAUUSD.u,STR S4,
3687191,11012303,2026-08-28 06:09:33,1787897373125,0,1,26011001,11008610,4,0.01,4579.6,0.0,0.0,3.1,0.0,XAUUSD.u,[sl 4579.60],
3687345,11012478,2026-08-28 06:16:16,1787897776812,0,1,26011001,11008612,4,0.01,4581.13,0.0,0.0,0.04,0.0,XAUUSD.u,[sl 4581.13],
3687351,11012481,2026-08-28 06:16:25,1787897785835,1,0,26011001,11012481,3,0.01,4581.17,0.0,0.0,0.0,0.0,XAUUSD.u,STR S2,
3687686,11012528,2026-08-28 06:32:25,1787898745393,1,0,26011001,11012528,3,0.01,4582.7,0.0,0.0,0.0,0.0,XAUUSD.u,STR S1,
3688046,11013224,2026-08-28 06:48:26,1787899706642,0,1,26011001,11012528,4,0.01,4581.3,0.0,0.0,1.4,0.0,XAUUSD.u,[sl 4581.30],
3688102,11013294,2026-08-28 06:52:00,1787899920351,1,0,26011001,11013294,3,0.01,4582.7,0.0,0.0,0.0,0.0,XAUUSD.u,STR S1,
3688689,11013921,2026-08-28 07:19:40,1787901580759,0,1,26011001,11013294,4,0.01,4581.62,0.0,0.0,1.08,0.0,XAUUSD.u,[sl 4581.62],
3688737,11013968,2026-08-28 07:23:06,1787901786461,1,0,26011001,11013968,3,0.01,4582.7,0.0,0.0,0.0,0.0,XAUUSD.u,STR S1,
3688979,11014228,2026-08-28 07:31:08,1787902268729,0,1,26011001,11013968,4,0.01,4581.63,0.0,0.0,1.07,0.0,XAUUSD.u,[sl 4581.63],
3688983,11014233,2026-08-28 07:31:32,1787902292186,1,0,26011001,11014233,3,0.01,4582.7,0.0,0.0,0.0,0.0,XAUUSD.u,STR S1,
3689049,11014301,2026-08-28 07:34:23,1787902463245,0,1,26011001,11014233,4,0.01,4579.38,0.0,0.0,3.32,0.0,XAUUSD.u,[sl 4579.38],
3689119,11008618,2026-08-28 07:36:50,1787902610153,1,0,26011001,11008618,3,0.01,4576.58,0.0,0.0,0.0,0.0,XAUUSD.u,STR S5,
3689160,11014409,2026-08-28 07:37:00,1787902620270,0,1,26011001,11012481,4,0.01,4576.84,0.0,0.0,4.33,0.0,XAUUSD.u,[sl 4576.84],
3689163,11014412,2026-08-28 07:37:05,1787902625627,0,1,26011001,11008614,4,0.01,4578.38,0.0,0.0,1.26,0.0,XAUUSD.u,[sl 4578.38],
3689212,11008620,2026-08-28 07:39:16,1787902756175,1,0,26011001,11008620,3,0.01,4575.05,0.0,0.0,0.0,0.0,XAUUSD.u,STR S6,
3689363,11008622,2026-08-28 07:43:00,1787902980707,1,0,26011001,11008622,3,0.04,4573.52,0.0,0.0,0.0,0.0,XAUUSD.u,STR S7,
3689403,11008624,2026-08-28 07:43:35,1787903015837,1,0,26011001,11008624,3,0.04,4571.99,0.0,0.0,0.0,0.0,XAUUSD.u,STR S8,
3689495,11014746,2026-08-28 07:46:02,1787903162992,0,1,26011001,11008616,4,0.01,4573.34,0.0,0.0,4.77,0.0,XAUUSD.u,[sl 4573.34],
3689496,11014747,2026-08-28 07:46:02,1787903162992,0,1,26011001,11008618,4,0.01,4573.34,0.0,0.0,3.24,0.0,XAUUSD.u,[sl 4573.34],
3689536,11014790,2026-08-28 07:47:38,1787903258438,0,1,26011001,11008620,4,0.01,4574.86,0.0,0.0,0.19,0.0,XAUUSD.u,[sl 4574.86],
3689551,11014794,2026-08-28 07:47:50,1787903270170,1,0,26011001,11014794,3,0.01,4575.05,0.0,0.0,0.0,0.0,XAUUSD.u,STR S6,
3689783,11014984,2026-08-28 07:55:28,1787903728079,1,0,26011001,11014984,3,0.01,4576.58,0.0,0.0,0.0,0.0,XAUUSD.u,STR S5,
3690012,11015292,2026-08-28 08:02:15,1787904135264,0,1,26011001,11014984,4,0.01,4575.59,0.0,0.0,0.99,0.0,XAUUSD.u,[sl 4575.59],
3690124,11015370,2026-08-28 08:05:27,1787904327803,1,0,26011001,11015370,3,0.01,4576.58,0.0,0.0,0.0,0.0,XAUUSD.u,STR S5,
3690211,11015511,2026-08-28 08:08:09,1787904489367,1,0,26011001,11015511,3,0.01,4578.11,0.0,0.0,0.0,0.0,XAUUSD.u,STR S4,
3690332,11015603,2026-08-28 08:09:00,1787904540961,1,0,26011001,11015603,3,0.01,4579.64,0.0,0.0,0.0,0.0,XAUUSD.u,STR S3,
3690383,11015677,2026-08-28 08:10:15,1787904615425,1,0,26011001,11015677,3,0.01,4581.17,0.0,0.0,0.0,0.0,XAUUSD.u,STR S2,
3690459,11015765,2026-08-28 08:11:58,1787904718176,1,0,26011001,11015765,3,0.01,4582.7,0.0,0.0,0.0,0.0,XAUUSD.u,STR S1,
3691667,11008615,2026-08-28 08:45:49,1787906749565,0,0,26011001,11008615,3,0.01,4590.35,0.0,0.0,0.0,0.0,XAUUSD.u,STR B4,
3691741,11008617,2026-08-28 08:46:41,1787906801786,0,0,26011001,11008617,3,0.01,4591.88,0.0,0.0,0.0,0.0,XAUUSD.u,STR B5,
3691844,11008619,2026-08-28 08:47:49,1787906869681,0,0,26011001,11008619,3,0.01,4593.41,0.0,0.0,0.0,0.0,XAUUSD.u,STR B6,
3691931,11017290,2026-08-28 08:48:11,1787906891183,1,1,26011001,11008611,4,0.01,4592.59,0.0,0.0,5.3,0.0,XAUUSD.u,[sl 4592.59],
3691933,11017291,2026-08-28 08:48:11,1787906891183,1,1,26011001,11008613,4,0.01,4592.59,0.0,0.0,3.77,0.0,XAUUSD.u,[sl 4592.59],
3691934,11017292,2026-08-28 08:48:11,1787906891183,1,1,26011001,11010300,4,0.01,4592.59,0.0,0.0,6.83,0.0,XAUUSD.u,[sl 4592.59],
3692168,11008621,2026-08-28 08:48:53,1787906933668,0,0,26011001,11008621,3,0.04,4594.94,0.0,0.0,0.0,0.0,XAUUSD.u,STR B7,
3692207,11008623,2026-08-28 08:49:02,1787906942927,0,0,26011001,11008623,3,0.04,4596.47,0.0,0.0,0.0,0.0,XAUUSD.u,STR B8,
3692268,11008625,2026-08-28 08:49:38,1787906978658,0,0,26011001,11008625,3,0.04,4598.0,0.0,0.0,0.0,0.0,XAUUSD.u,STR B9,
3692323,11008627,2026-08-28 08:49:56,1787906996356,0,0,26011001,11008627,3,0.04,4599.53,0.0,0.0,0.0,0.0,XAUUSD.u,STR B10,
3692395,11008629,2026-08-28 08:50:08,1787907008291,0,0,26011001,11008629,3,0.04,4601.06,0.0,0.0,0.0,0.0,XAUUSD.u,STR B11,
3692447,11017797,2026-08-28 08:50:16,1787907016248,1,1,26011001,11008615,4,0.01,4599.42,0.0,0.0,9.07,0.0,XAUUSD.u,[sl 4599.42],
3692449,11017799,2026-08-28 08:50:16,1787907016304,1,1,26011001,11008619,4,0.01,4599.4,0.0,0.0,5.99,0.0,XAUUSD.u,[sl 4599.40],
3692450,11017800,2026-08-28 08:50:16,1787907016304,1,1,26011001,11008621,4,0.04,4599.4,0.0,0.0,17.84,0.0,XAUUSD.u,[sl 4599.40],
3692453,11017803,2026-08-28 08:50:16,1787907016745,1,1,26011001,11008617,4,0.01,4599.39,0.0,0.0,7.51,0.0,XAUUSD.u,[sl 4599.39],
3692558,11017908,2026-08-28 08:50:35,1787907035282,1,1,26011001,11008623,4,0.04,4597.85,0.0,0.0,5.52,0.0,XAUUSD.u,[sl 4597.85],
3692662,11008631,2026-08-28 08:51:50,1787907110265,0,0,26011001,11008631,3,0.04,4602.59,0.0,0.0,0.0,0.0,XAUUSD.u,STR B12,
3692858,11008634,2026-08-28 08:52:13,1787907133280,0,0,26011001,11008634,3,0.04,4604.12,0.0,0.0,0.0,0.0,XAUUSD.u,STR B13,
3692914,11008636,2026-08-28 08:52:32,1787907152180,0,0,26011001,11008636,3,0.15,4605.65,0.0,0.0,0.0,0.0,XAUUSD.u,STR B14,
3692937,11018280,2026-08-28 08:52:42,1787907162663,1,1,26011001,11008625,4,0.04,4604.67,0.0,0.0,26.68,0.0,XAUUSD.u,[sl 4604.67],
3692938,11018281,2026-08-28 08:52:42,1787907162663,1,1,26011001,11008627,4,0.04,4604.65,0.0,0.0,20.48,0.0,XAUUSD.u,[sl 4604.65],
3692939,11018282,2026-08-28 08:52:42,1787907162663,1,1,26011001,11008629,4,0.04,4604.65,0.0,0.0,14.36,0.0,XAUUSD.u,[sl 4604.65],
3692993,11018338,2026-08-28 08:53:33,1787907213201,1,1,26011001,11008631,4,0.04,4603.75,0.0,0.0,4.64,0.0,XAUUSD.u,[sl 4603.75],
3693111,11008638,2026-08-28 08:56:06,1787907366631,0,0,26011001,11008638,3,0.15,4607.18,0.0,0.0,0.0,0.0,XAUUSD.u,STR B15,
3693178,11008640,2026-08-28 08:56:53,1787907413312,0,0,26011001,11008640,3,0.15,4608.71,0.0,0.0,0.0,0.0,XAUUSD.u,STR B16,
3693221,11008642,2026-08-28 08:57:05,1787907425753,0,0,26011001,11008642,3,0.15,4610.24,0.0,0.0,0.0,0.0,XAUUSD.u,STR B17,
3693292,11018639,2026-08-28 08:58:14,1787907494401,0,1,26011001,11015765,3,0.01,4610.83,0.0,0.0,-28.13,0.0,XAUUSD.u,STR CLOSE,
3693293,11018640,2026-08-28 08:58:14,1787907494514,0,1,26011001,11015677,3,0.01,4610.83,0.0,0.0,-29.66,0.0,XAUUSD.u,STR CLOSE,
3693294,11018641,2026-08-28 08:58:14,1787907494627,0,1,26011001,11015603,3,0.01,4610.83,0.0,0.0,-31.19,0.0,XAUUSD.u,STR CLOSE,
3693295,11018642,2026-08-28 08:58:14,1787907494739,0,1,26011001,11015511,3,0.01,4611.01,0.0,0.0,-32.9,0.0,XAUUSD.u,STR CLOSE,
3693296,11018643,2026-08-28 08:58:14,1787907494858,0,1,26011001,11015370,3,0.01,4611.01,0.0,0.0,-34.43,0.0,XAUUSD.u,STR CLOSE,
3693297,11018644,2026-08-28 08:58:14,1787907494971,0,1,26011001,11014794,3,0.01,4611.02,0.0,0.0,-35.97,0.0,XAUUSD.u,STR CLOSE,
3693298,11018645,2026-08-28 08:58:15,1787907495084,1,1,26011001,11008642,3,0.15,4611.01,0.0,0.0,11.55,0.0,XAUUSD.u,STR CLOSE,
3693299,11018646,2026-08-28 08:58:15,1787907495197,1,1,26011001,11008640,3,0.15,4611.01,0.0,0.0,34.5,0.0,XAUUSD.u,STR CLOSE,
3693301,11018648,2026-08-28 08:58:15,1787907495312,1,1,26011001,11008638,3,0.15,4611.08,0.0,0.0,58.5,0.0,XAUUSD.u,STR CLOSE,
3693302,11018649,2026-08-28 08:58:15,1787907495426,1,1,26011001,11008636,3,0.15,4611.08,0.0,0.0,81.45,0.0,XAUUSD.u,STR CLOSE,
3693303,11018650,2026-08-28 08:58:15,1787907495539,1,1,26011001,11008634,3,0.04,4611.08,0.0,0.0,27.84,0.0,XAUUSD.u,STR CLOSE,
3693304,11018651,2026-08-28 08:58:15,1787907495652,0,1,26011001,11008624,3,0.04,4611.09,0.0,0.0,-156.4,0.0,XAUUSD.u,STR CLOSE,
3693394,11018656,2026-08-28 08:59:39,1787907579683,0,0,26011001,11018656,3,0.01,4612.73,0.0,0.0,0.0,0.0,XAUUSD.u,STR B1,
3693465,11018657,2026-08-28 09:00:43,1787907643263,1,0,26011001,11018657,3,0.01,4609.65,0.0,0.0,0.0,0.0,XAUUSD.u,STR S1,
3693490,11018659,2026-08-28 09:00:52,1787907652257,1,0,26011001,11018659,3,0.01,4608.11,0.0,0.0,0.0,0.0,XAUUSD.u,STR S2,
3693548,11018661,2026-08-28 09:01:11,1787907671433,1,0,26011001,11018661,3,0.01,4606.57,0.0,0.0,0.0,0.0,XAUUSD.u,STR S3,
3693873,11018663,2026-08-28 09:06:34,1787907994162,1,0,26011001,11018663,3,0.01,4605.03,0.0,0.0,0.0,0.0,XAUUSD.u,STR S4,
3693937,11018665,2026-08-28 09:07:20,1787908040350,1,0,26011001,11018665,3,0.01,4603.49,0.0,0.0,0.0,0.0,XAUUSD.u,STR S5,
3693963,11018667,2026-08-28 09:07:38,1787908058424,1,0,26011001,11018667,3,0.01,4601.95,0.0,0.0,0.0,0.0,XAUUSD.u,STR S6,
3694186,11018669,2026-08-28 09:09:13,1787908153079,1,0,26011001,11018669,3,0.04,4600.41,0.0,0.0,0.0,0.0,XAUUSD.u,STR S7,
3694365,11018671,2026-08-28 09:10:37,1787908237315,1,0,26011001,11018671,3,0.04,4598.87,0.0,0.0,0.0,0.0,XAUUSD.u,STR S8,
3694381,11018673,2026-08-28 09:10:43,1787908243724,1,0,26011001,11018673,3,0.04,4597.33,0.0,0.0,0.0,0.0,XAUUSD.u,STR S9,
3694575,11019993,2026-08-28 09:14:06,1787908446727,0,1,26011001,11018669,3,0.04,4603.35,0.0,0.0,-11.76,0.0,XAUUSD.u,STR CLOSE,
3694576,11019994,2026-08-28 09:14:06,1787908446840,0,1,26011001,11018667,3,0.01,4603.35,0.0,0.0,-1.4,0.0,XAUUSD.u,STR CLOSE,
3694577,11019995,2026-08-28 09:14:06,1787908446953,0,1,26011001,11018665,3,0.01,4603.35,0.0,0.0,0.14,0.0,XAUUSD.u,STR CLOSE,
3694578,11019996,2026-08-28 09:14:07,1787908447065,0,1,26011001,11018663,3,0.01,4603.35,0.0,0.0,1.6800000000000002,0.0,XAUUSD.u,STR CLOSE,
3694579,11019997,2026-08-28 09:14:07,1787908447180,0,1,26011001,11018661,3,0.01,4603.25,0.0,0.0,3.32,0.0,XAUUSD.u,STR CLOSE,
3694580,11019998,2026-08-28 09:14:07,1787908447293,0,1,26011001,11018659,3,0.01,4603.21,0.0,0.0,4.9,0.0,XAUUSD.u,STR CLOSE,
3694581,11019999,2026-08-28 09:14:07,1787908447406,0,1,26011001,11018657,3,0.01,4603.21,0.0,0.0,6.44,0.0,XAUUSD.u,STR CLOSE,
3694604,11020003,2026-08-28 09:14:44,1787908484604,1,0,26011001,11020003,3,0.01,4601.74,0.0,0.0,0.0,0.0,XAUUSD.u,STR S1,
3694643,11020005,2026-08-28 09:15:54,1787908554278,1,0,26011001,11020005,3,0.01,4600.21,0.0,0.0,0.0,0.0,XAUUSD.u,STR S2,
3694752,11020002,2026-08-28 09:17:50,1787908670589,0,0,26011001,11020002,3,0.01,4604.8,0.0,0.0,0.0,0.0,XAUUSD.u,STR B1,
3694834,11020004,2026-08-28 09:19:20,1787908760301,0,0,26011001,11020004,3,0.01,4606.33,0.0,0.0,0.0,0.0,XAUUSD.u,STR B2,
3694896,11020006,2026-08-28 09:20:28,1787908828248,0,0,26011001,11020006,3,0.01,4607.86,0.0,0.0,0.0,0.0,XAUUSD.u,STR B3,
3694997,11020009,2026-08-28 09:22:30,1787908950017,0,0,26011001,11020009,3,0.01,4609.39,0.0,0.0,0.0,0.0,XAUUSD.u,STR B4,
3695057,11020535,2026-08-28 09:23:48,1787909028449,1,1,26011001,11020002,4,0.01,4608.64,0.0,0.0,3.84,0.0,XAUUSD.u,[sl 4608.64],
3695084,11020564,2026-08-28 09:24:36,1787909076063,1,1,26011001,11020004,4,0.01,4607.1,0.0,0.0,0.77,0.0,XAUUSD.u,[sl 4607.10],
3695409,11020011,2026-08-28 09:33:28,1787909608139,0,0,26011001,11020011,3,0.01,4610.92,0.0,0.0,0.0,0.0,XAUUSD.u,STR B5,
3695476,11020014,2026-08-28 09:35:05,1787909705418,0,0,26011001,11020014,3,0.01,4612.45,0.0,0.0,0.0,0.0,XAUUSD.u,STR B6,
3695549,11020016,2026-08-28 09:36:01,1787909761747,0,0,26011001,11020016,3,0.04,4613.98,0.0,0.0,0.0,0.0,XAUUSD.u,STR B7,
3695639,11021122,2026-08-28 09:37:46,1787909866417,1,1,26011001,11020006,4,0.01,4612.91,0.0,0.0,5.05,0.0,XAUUSD.u,[sl 4612.91],
3695640,11021123,2026-08-28 09:37:46,1787909866417,1,1,26011001,11020009,4,0.01,4612.91,0.0,0.0,3.52,0.0,XAUUSD.u,[sl 4612.91],
3695641,11021124,2026-08-28 09:37:46,1787909866417,1,1,26011001,11020011,4,0.01,4612.91,0.0,0.0,1.99,0.0,XAUUSD.u,[sl 4612.91],
3695683,11021171,2026-08-28 09:38:54,1787909934414,0,0,26011001,11021171,3,0.01,4610.92,0.0,0.0,0.0,0.0,XAUUSD.u,STR B5,
3695769,11021258,2026-08-28 09:40:49,1787910049573,0,0,26011001,11021258,3,0.01,4609.39,0.0,0.0,0.0,0.0,XAUUSD.u,STR B4,
3696030,11021528,2026-08-28 09:47:18,1787910438590,0,0,26011001,11021528,3,0.01,4607.86,0.0,0.0,0.0,0.0,XAUUSD.u,STR B3,
3696232,11021743,2026-08-28 09:53:51,1787910831282,1,1,26011001,11021528,3,0.01,4612.31,0.0,0.0,4.45,0.0,XAUUSD.u,STR CLOSE,
3696233,11021744,2026-08-28 09:53:51,1787910831398,1,1,26011001,11021258,3,0.01,4612.3,0.0,0.0,2.91,0.0,XAUUSD.u,STR CLOSE,
3696234,11021745,2026-08-28 09:53:51,1787910831513,1,1,26011001,11021171,3,0.01,4612.25,0.0,0.0,1.33,0.0,XAUUSD.u,STR CLOSE,
3696235,11021746,2026-08-28 09:53:51,1787910831633,1,1,26011001,11020016,3,0.04,4612.24,0.0,0.0,-6.96,0.0,XAUUSD.u,STR CLOSE,
3696236,11021747,2026-08-28 09:53:51,1787910831747,1,1,26011001,11020014,3,0.01,4612.24,0.0,0.0,-0.21,0.0,XAUUSD.u,STR CLOSE,
3696237,11021748,2026-08-28 09:53:51,1787910831861,0,1,26011001,11020003,3,0.01,4612.25,0.0,0.0,-10.51,0.0,XAUUSD.u,STR CLOSE,
3696250,11021750,2026-08-28 09:54:09,1787910849979,1,0,26011001,11021750,3,0.01,4610.88,0.0,0.0,0.0,0.0,XAUUSD.u,STR S1,
3696459,11021749,2026-08-28 10:01:02,1787911262792,0,0,26011001,11021749,3,0.01,4613.96,0.0,0.0,0.0,0.0,XAUUSD.u,STR B1,
3697015,11021752,2026-08-28 10:18:49,1787912329234,1,0,26011001,11021752,3,0.01,4609.34,0.0,0.0,0.0,0.0,XAUUSD.u,STR S2,
3697536,11021754,2026-08-28 10:37:34,1787913454367,1,0,26011001,11021754,3,0.01,4607.8,0.0,0.0,0.0,0.0,XAUUSD.u,STR S3,
3697654,11021757,2026-08-28 10:40:38,1787913638044,1,0,26011001,11021757,3,0.01,4606.26,0.0,0.0,0.0,0.0,XAUUSD.u,STR S4,
3697808,11023934,2026-08-28 10:42:43,1787913763856,0,1,26011001,11021757,3,0.01,4604.85,0.0,0.0,1.41,0.0,XAUUSD.u,STR CLOSE,
3697810,11023936,2026-08-28 10:42:43,1787913763971,0,1,26011001,11021754,3,0.01,4604.85,0.0,0.0,2.95,0.0,XAUUSD.u,STR CLOSE,
3697811,11023937,2026-08-28 10:42:44,1787913764085,0,1,26011001,11021752,3,0.01,4604.85,0.0,0.0,4.49,0.0,XAUUSD.u,STR CLOSE,
3697813,11023939,2026-08-28 10:42:44,1787913764201,0,1,26011001,11021750,3,0.01,4604.85,0.0,0.0,6.03,0.0,XAUUSD.u,STR CLOSE,
3697814,11023940,2026-08-28 10:42:44,1787913764316,1,1,26011001,11021749,3,0.01,4604.84,0.0,0.0,-9.12,0.0,XAUUSD.u,STR CLOSE,
3697890,11023945,2026-08-28 10:45:12,1787913912678,1,0,26011001,11023945,3,0.01,4603.27,0.0,0.0,0.0,0.0,XAUUSD.u,STR S1,
3697945,11023947,2026-08-28 10:46:13,1787913973527,1,0,26011001,11023947,3,0.01,4601.74,0.0,0.0,0.0,0.0,XAUUSD.u,STR S2,
3700860,11023944,2026-08-28 11:51:45,1787917905265,0,0,26011001,11023944,3,0.01,4606.33,0.0,0.0,0.0,0.0,XAUUSD.u,STR B1,
3701387,11023946,2026-08-28 12:10:03,1787919003083,0,0,26011001,11023946,3,0.01,4607.86,0.0,0.0,0.0,0.0,XAUUSD.u,STR B2,
3701518,11023948,2026-08-28 12:15:25,1787919325844,0,0,26011001,11023948,3,0.01,4609.39,0.0,0.0,0.0,0.0,XAUUSD.u,STR B3,
3701563,11027790,2026-08-28 12:17:00,1787919420236,1,1,26011001,11023944,4,0.01,4606.81,0.0,0.0,0.48,0.0,XAUUSD.u,[sl 4606.81],
3701568,11027794,2026-08-28 12:17:19,1787919439822,0,0,26011001,11027794,3,0.01,4606.33,0.0,0.0,0.0,0.0,XAUUSD.u,STR B1,
3702485,11028291,2026-08-28 12:46:47,1787921207246,1,0,26011001,11028291,3,0.01,4601.74,0.0,0.0,0.0,0.0,XAUUSD.u,STR S2,
3702676,11023949,2026-08-28 12:49:33,1787921373590,1,0,26011001,11023949,3,0.01,4600.21,0.0,0.0,0.0,0.0,XAUUSD.u,STR S3,
3702864,11023951,2026-08-28 12:52:32,1787921552766,1,0,26011001,11023951,3,0.01,4598.68,0.0,0.0,0.0,0.0,XAUUSD.u,STR S4,
3703028,11029287,2026-08-28 12:55:42,1787921742836,0,1,26011001,11023945,4,0.01,4599.25,0.0,0.0,4.02,0.0,XAUUSD.u,[sl 4599.25],
3703149,11029414,2026-08-28 13:00:15,1787922015583,0,1,26011001,11028291,4,0.01,4600.79,0.0,0.0,0.95,0.0,XAUUSD.u,[sl 4600.79],
3703550,11023953,2026-08-28 13:06:41,1787922401420,1,0,26011001,11023953,3,0.01,4597.15,0.0,0.0,0.0,0.0,XAUUSD.u,STR S5,
3703613,11023955,2026-08-28 13:07:03,1787922423179,1,0,26011001,11023955,3,0.01,4595.62,0.0,0.0,0.0,0.0,XAUUSD.u,STR S6,
3703663,11029934,2026-08-28 13:07:24,1787922444598,0,1,26011001,11023949,4,0.01,4596.62,0.0,0.0,3.59,0.0,XAUUSD.u,[sl 4596.62],
3704018,11030308,2026-08-28 13:14:50,1787922890635,0,1,26011001,11023951,4,0.01,4598.3,0.0,0.0,0.38,0.0,XAUUSD.u,[sl 4598.30],
3704219,11030346,2026-08-28 13:15:28,1787922928108,1,0,26011001,11030346,3,0.01,4598.68,0.0,0.0,0.0,0.0,XAUUSD.u,STR S4,
3704496,11030789,2026-08-28 13:16:39,1787922999800,1,0,26011001,11030789,3,0.01,4600.21,0.0,0.0,0.0,0.0,XAUUSD.u,STR S3,
3705324,11023957,2026-08-28 13:39:37,1787924377822,1,0,26011001,11023957,3,0.04,4594.09,0.0,0.0,0.0,0.0,XAUUSD.u,STR S7,
3705384,11023959,2026-08-28 13:40:06,1787924406133,1,0,26011001,11023959,3,0.04,4592.56,0.0,0.0,0.0,0.0,XAUUSD.u,STR S8,
3705417,11031729,2026-08-28 13:40:09,1787924409971,0,1,26011001,11030789,3,0.01,4592.74,0.0,0.0,7.47,0.0,XAUUSD.u,STR CLOSE,
3705424,11031736,2026-08-28 13:40:10,1787924410086,0,1,26011001,11030346,3,0.01,4592.76,0.0,0.0,5.92,0.0,XAUUSD.u,STR CLOSE,
3705425,11031737,2026-08-28 13:40:10,1787924410200,1,1,26011001,11027794,3,0.01,4592.65,0.0,0.0,-13.68,0.0,XAUUSD.u,STR CLOSE,
3705426,11031738,2026-08-28 13:40:10,1787924410322,0,1,26011001,11023959,3,0.04,4592.75,0.0,0.0,-0.76,0.0,XAUUSD.u,STR CLOSE,
3705427,11031739,2026-08-28 13:40:10,1787924410436,0,1,26011001,11023957,3,0.04,4592.75,0.0,0.0,5.36,0.0,XAUUSD.u,STR CLOSE,
3705428,11031740,2026-08-28 13:40:10,1787924410551,0,1,26011001,11023955,3,0.01,4592.75,0.0,0.0,2.87,0.0,XAUUSD.u,STR CLOSE,
3705429,11031741,2026-08-28 13:40:10,1787924410669,0,1,26011001,11023953,3,0.01,4592.82,0.0,0.0,4.33,0.0,XAUUSD.u,STR CLOSE,
3705430,11031742,2026-08-28 13:40:10,1787924410783,1,1,26011001,11023946,3,0.01,4592.96,0.0,0.0,-14.9,0.0,XAUUSD.u,STR CLOSE,
3705467,11031747,2026-08-28 13:41:12,1787924472375,1,0,26011001,11031747,3,0.01,4591.47,0.0,0.0,0.0,0.0,XAUUSD.u,STR S1,
3705514,11031746,2026-08-28 13:42:51,1787924571292,0,0,26011001,11031746,3,0.01,4594.53,0.0,0.0,0.0,0.0,XAUUSD.u,STR B1,
3705629,11031748,2026-08-28 13:45:33,1787924733921,0,0,26011001,11031748,3,0.01,4596.06,0.0,0.0,0.0,0.0,XAUUSD.u,STR B2,
3706591,11031750,2026-08-28 14:20:36,1787926836651,0,0,26011001,11031750,3,0.01,4597.59,0.0,0.0,0.0,0.0,XAUUSD.u,STR B3,
3706673,11031752,2026-08-28 14:21:32,1787926892793,0,0,26011001,11031752,3,0.01,4599.12,0.0,0.0,0.0,0.0,XAUUSD.u,STR B4,
3706772,11031755,2026-08-28 14:22:57,1787926977571,0,0,26011001,11031755,3,0.01,4600.65,0.0,0.0,0.0,0.0,XAUUSD.u,STR B5,
3706898,11033320,2026-08-28 14:23:55,1787927035384,1,1,26011001,11031755,3,0.01,4601.14,0.0,0.0,0.49,0.0,XAUUSD.u,STR CLOSE,
3706899,11033321,2026-08-28 14:23:55,1787927035505,1,1,26011001,11031752,3,0.01,4601.21,0.0,0.0,2.09,0.0,XAUUSD.u,STR CLOSE,
3706900,11033322,2026-08-28 14:23:55,1787927035618,1,1,26011001,11031750,3,0.01,4601.18,0.0,0.0,3.59,0.0,XAUUSD.u,STR CLOSE,
3706901,11033323,2026-08-28 14:23:55,1787927035732,1,1,26011001,11031748,3,0.01,4601.1,0.0,0.0,5.04,0.0,XAUUSD.u,STR CLOSE,
3706902,11033324,2026-08-28 14:23:55,1787927035846,0,1,26011001,11031747,3,0.01,4601.2,0.0,0.0,-9.73,0.0,XAUUSD.u,STR CLOSE,
3706904,11033326,2026-08-28 14:23:55,1787927035961,1,1,26011001,11031746,3,0.01,4601.1,0.0,0.0,6.57,0.0,XAUUSD.u,STR CLOSE,
3706989,11033327,2026-08-28 14:25:04,1787927104147,0,0,26011001,11033327,3,0.01,4602.49,0.0,0.0,0.0,0.0,XAUUSD.u,STR B1,
3707369,11033328,2026-08-28 14:30:28,1787927428500,1,0,26011001,11033328,3,0.01,4599.43,0.0,0.0,0.0,0.0,XAUUSD.u,STR S1,
3707448,11033330,2026-08-28 14:30:53,1787927453072,1,0,26011001,11033330,3,0.01,4597.9,0.0,0.0,0.0,0.0,XAUUSD.u,STR S2,
3707569,11033332,2026-08-28 14:32:13,1787927533481,1,0,26011001,11033332,3,0.01,4596.37,0.0,0.0,0.0,0.0,XAUUSD.u,STR S3,
3707629,11033334,2026-08-28 14:32:36,1787927556585,1,0,26011001,11033334,3,0.01,4594.84,0.0,0.0,0.0,0.0,XAUUSD.u,STR S4,
3707647,11033336,2026-08-28 14:32:54,1787927574437,1,0,26011001,11033336,3,0.01,4593.31,0.0,0.0,0.0,0.0,XAUUSD.u,STR S5,
3707661,11034089,2026-08-28 14:32:59,1787927579716,0,1,26011001,11033336,3,0.01,4593.4,0.0,0.0,-0.09,0.0,XAUUSD.u,STR CLOSE,
3707662,11034090,2026-08-28 14:32:59,1787927579830,0,1,26011001,11033334,3,0.01,4593.38,0.0,0.0,1.46,0.0,XAUUSD.u,STR CLOSE,
3707663,11034091,2026-08-28 14:32:59,1787927579946,0,1,26011001,11033332,3,0.01,4593.39,0.0,0.0,2.98,0.0,XAUUSD.u,STR CLOSE,
3707664,11034092,2026-08-28 14:33:00,1787927580060,0,1,26011001,11033330,3,0.01,4593.43,0.0,0.0,4.47,0.0,XAUUSD.u,STR CLOSE,
3707665,11034093,2026-08-28 14:33:00,1787927580173,0,1,26011001,11033328,3,0.01,4593.44,0.0,0.0,5.99,0.0,XAUUSD.u,STR CLOSE,
3707666,11034094,2026-08-28 14:33:00,1787927580292,1,1,26011001,11033327,3,0.01,4593.42,0.0,0.0,-9.07,0.0,XAUUSD.u,STR CLOSE,
3707837,11034097,2026-08-28 14:35:36,1787927736672,1,0,26011001,11034097,3,0.01,4591.92,0.0,0.0,0.0,0.0,XAUUSD.u,STR S1,
3707879,11034099,2026-08-28 14:36:02,1787927762088,1,0,26011001,11034099,3,0.01,4590.39,0.0,0.0,0.0,0.0,XAUUSD.u,STR S2,
3708590,11034096,2026-08-28 14:49:02,1787928542877,0,0,26011001,11034096,3,0.01,4594.98,0.0,0.0,0.0,0.0,XAUUSD.u,STR B1,
3708665,11034098,2026-08-28 14:50:24,1787928624307,0,0,26011001,11034098,3,0.01,4596.51,0.0,0.0,0.0,0.0,XAUUSD.u,STR B2,
3709058,11034100,2026-08-28 14:55:08,1787928908000,0,0,26011001,11034100,3,0.01,4598.04,0.0,0.0,0.0,0.0,XAUUSD.u,STR B3,
3709147,11034102,2026-08-28 14:55:24,1787928924881,0,0,26011001,11034102,3,0.01,4599.57,0.0,0.0,0.0,0.0,XAUUSD.u,STR B4,
3709170,11034104,2026-08-28 14:55:36,1787928936735,0,0,26011001,11034104,3,0.01,4601.1,0.0,0.0,0.0,0.0,XAUUSD.u,STR B5,
3709222,11035723,2026-08-28 14:55:58,1787928958256,1,1,26011001,11034096,4,0.01,4600.26,0.0,0.0,5.28,0.0,XAUUSD.u,[sl 4600.26],
3709223,11035724,2026-08-28 14:55:58,1787928958256,1,1,26011001,11034098,4,0.01,4600.26,0.0,0.0,3.75,0.0,XAUUSD.u,[sl 4600.26],
3709383,11034106,2026-08-28 14:59:04,1787929144761,0,0,26011001,11034106,3,0.01,4602.63,0.0,0.0,0.0,0.0,XAUUSD.u,STR B6,
3709507,11036023,2026-08-28 15:00:10,1787929210070,1,1,26011001,11034100,4,0.01,4601.98,0.0,0.0,3.94,0.0,XAUUSD.u,[sl 4601.98],
3709521,11036035,2026-08-28 15:00:19,1787929219178,1,1,26011001,11034102,4,0.01,4600.45,0.0,0.0,0.88,0.0,XAUUSD.u,[sl 4600.45],
3709548,11036063,2026-08-28 15:00:37,1787929237324,0,0,26011001,11036063,3,0.01,4599.57,0.0,0.0,0.0,0.0,XAUUSD.u,STR B4,
3709583,11036092,2026-08-28 15:00:55,1787929255556,0,0,26011001,11036092,3,0.01,4598.04,0.0,0.0,0.0,0.0,XAUUSD.u,STR B3,
3709984,11034108,2026-08-28 15:08:00,1787929680343,0,0,26011001,11034108,3,0.04,4604.16,0.0,0.0,0.0,0.0,XAUUSD.u,STR B7,
3710136,11036614,2026-08-28 15:08:54,1787929734190,1,1,26011001,11036092,3,0.01,4605.15,0.0,0.0,7.11,0.0,XAUUSD.u,STR CLOSE,
3710137,11036615,2026-08-28 15:08:54,1787929734304,1,1,26011001,11036063,3,0.01,4605.24,0.0,0.0,5.67,0.0,XAUUSD.u,STR CLOSE,
3710138,11036616,2026-08-28 15:08:54,1787929734421,1,1,26011001,11034108,3,0.04,4605.24,0.0,0.0,4.32,0.0,XAUUSD.u,STR CLOSE,
3710139,11036617,2026-08-28 15:08:54,1787929734534,1,1,26011001,11034106,3,0.01,4605.24,0.0,0.0,2.61,0.0,XAUUSD.u,STR CLOSE,
3710140,11036618,2026-08-28 15:08:54,1787929734648,1,1,26011001,11034104,3,0.01,4605.2,0.0,0.0,4.1,0.0,XAUUSD.u,STR CLOSE,
3710141,11036619,2026-08-28 15:08:54,1787929734763,0,1,26011001,11034099,3,0.01,4605.45,0.0,0.0,-15.06,0.0,XAUUSD.u,STR CLOSE,
3710142,11036620,2026-08-28 15:08:54,1787929734879,0,1,26011001,11034097,3,0.01,4605.39,0.0,0.0,-13.47,0.0,XAUUSD.u,STR CLOSE,
3710171,11036625,2026-08-28 15:09:12,1787929752412,1,0,26011001,11036625,3,0.01,4603.76,0.0,0.0,0.0,0.0,XAUUSD.u,STR S1,
3710175,11036627,2026-08-28 15:09:12,1787929752957,1,0,26011001,11036627,3,0.01,4602.22,0.0,0.0,0.0,0.0,XAUUSD.u,STR S2,
3710217,11036630,2026-08-28 15:09:35,1787929775474,1,0,26011001,11036630,3,0.01,4600.68,0.0,0.0,0.0,0.0,XAUUSD.u,STR S3,
3710233,11036747,2026-08-28 15:09:42,1787929782732,0,1,26011001,11036630,3,0.01,4600.08,0.0,0.0,0.6,0.0,XAUUSD.u,STR CLOSE,
3710234,11036748,2026-08-28 15:09:42,1787929782846,0,1,26011001,11036627,3,0.01,4600.12,0.0,0.0,2.1,0.0,XAUUSD.u,STR CLOSE,
3710235,11036749,2026-08-28 15:09:42,1787929782965,0,1,26011001,11036625,3,0.01,4600.11,0.0,0.0,3.65,0.0,XAUUSD.u,STR CLOSE,
3710273,11036752,2026-08-28 15:10:34,1787929834767,1,0,26011001,11036752,3,0.01,4598.58,0.0,0.0,0.0,0.0,XAUUSD.u,STR S1,
3710446,11036754,2026-08-28 15:15:38,1787930138914,1,0,26011001,11036754,3,0.01,4597.05,0.0,0.0,0.0,0.0,XAUUSD.u,STR S2,
3710483,11036756,2026-08-28 15:15:48,1787930148742,1,0,26011001,11036756,3,0.01,4595.52,0.0,0.0,0.0,0.0,XAUUSD.u,STR S3,
3710508,11037069,2026-08-28 15:15:54,1787930154795,0,1,26011001,11036756,3,0.01,4595.3,0.0,0.0,0.22,0.0,XAUUSD.u,STR CLOSE,
3710509,11037070,2026-08-28 15:15:54,1787930154909,0,1,26011001,11036754,3,0.01,4595.31,0.0,0.0,1.74,0.0,XAUUSD.u,STR CLOSE,
3710510,11037071,2026-08-28 15:15:55,1787930155023,0,1,26011001,11036752,3,0.01,4595.31,0.0,0.0,3.27,0.0,XAUUSD.u,STR CLOSE,
3710615,11037072,2026-08-28 15:16:43,1787930203828,0,0,26011001,11037072,3,0.01,4596.7,0.0,0.0,0.0,0.0,XAUUSD.u,STR B1,
3710730,11037074,2026-08-28 15:18:19,1787930299415,0,0,26011001,11037074,3,0.01,4598.23,0.0,0.0,0.0,0.0,XAUUSD.u,STR B2,
3710901,11037076,2026-08-28 15:21:03,1787930463970,0,0,26011001,11037076,3,0.01,4599.76,0.0,0.0,0.0,0.0,XAUUSD.u,STR B3,
3711057,11037667,2026-08-28 15:24:54,1787930694359,1,1,26011001,11037076,3,0.01,4600.61,0.0,0.0,0.85,0.0,XAUUSD.u,STR CLOSE,
3711058,11037668,2026-08-28 15:24:54,1787930694474,1,1,26011001,11037074,3,0.01,4600.48,0.0,0.0,2.25,0.0,XAUUSD.u,STR CLOSE,
3711059,11037669,2026-08-28 15:24:54,1787930694588,1,1,26011001,11037072,3,0.01,4600.48,0.0,0.0,3.7800000000000002,0.0,XAUUSD.u,STR CLOSE,
3711087,11037674,2026-08-28 15:25:10,1787930710575,0,0,26011001,11037674,3,0.01,4602.48,0.0,0.0,0.0,0.0,XAUUSD.u,STR B1,
3711104,11037676,2026-08-28 15:25:21,1787930721825,0,0,26011001,11037676,3,0.01,4604.01,0.0,0.0,0.0,0.0,XAUUSD.u,STR B2,
3711477,11037675,2026-08-28 15:32:01,1787931121333,1,0,26011001,11037675,3,0.01,4599.42,0.0,0.0,0.0,0.0,XAUUSD.u,STR S1,
3711625,11037678,2026-08-28 15:34:52,1787931292291,0,0,26011001,11037678,3,0.01,4605.54,0.0,0.0,0.0,0.0,XAUUSD.u,STR B3,
3711761,11038437,2026-08-28 15:36:29,1787931389778,1,1,26011001,11037678,3,0.01,4606.11,0.0,0.0,0.57,0.0,XAUUSD.u,STR CLOSE,
3711762,11038438,2026-08-28 15:36:29,1787931389893,1,1,26011001,11037676,3,0.01,4605.74,0.0,0.0,1.73,0.0,XAUUSD.u,STR CLOSE,
3711763,11038439,2026-08-28 15:36:30,1787931390007,1,1,26011001,11037674,3,0.01,4605.74,0.0,0.0,3.26,0.0,XAUUSD.u,STR CLOSE,
3711790,11038441,2026-08-28 15:36:57,1787931417577,0,0,26011001,11038441,3,0.01,4607.31,0.0,0.0,0.0,0.0,XAUUSD.u,STR B1,
3711830,11038442,2026-08-28 15:37:29,1787931449924,1,0,26011001,11038442,3,0.01,4604.23,0.0,0.0,0.0,0.0,XAUUSD.u,STR S1,
3711865,11038444,2026-08-28 15:37:39,1787931459562,1,0,26011001,11038444,3,0.01,4602.69,0.0,0.0,0.0,0.0,XAUUSD.u,STR S2,
3711916,11038446,2026-08-28 15:38:01,1787931481202,1,0,26011001,11038446,3,0.01,4601.15,0.0,0.0,0.0,0.0,XAUUSD.u,STR S3,
3711935,11038653,2026-08-28 15:38:37,1787931517821,0,1,26011001,11038442,4,0.01,4603.97,0.0,0.0,0.26,0.0,XAUUSD.u,[sl 4603.97],
3711940,11038658,2026-08-28 15:38:52,1787931532764,1,0,26011001,11038658,3,0.01,4604.23,0.0,0.0,0.0,0.0,XAUUSD.u,STR S1,
3712314,11038443,2026-08-28 15:46:58,1787932018652,0,0,26011001,11038443,3,0.01,4608.85,0.0,0.0,0.0,0.0,XAUUSD.u,STR B2,
3712399,11038445,2026-08-28 15:48:01,1787932081343,0,0,26011001,11038445,3,0.01,4610.39,0.0,0.0,0.0,0.0,XAUUSD.u,STR B3,
3712465,11038447,2026-08-28 15:48:28,1787932108572,0,0,26011001,11038447,3,0.01,4611.93,0.0,0.0,0.0,0.0,XAUUSD.u,STR B4,
3712493,11039231,2026-08-28 15:48:41,1787932121211,1,1,26011001,11038441,4,0.01,4610.89,0.0,0.0,3.58,0.0,XAUUSD.u,[sl 4610.89],
3712563,11039300,2026-08-28 15:49:22,1787932162246,1,1,26011001,11038443,4,0.01,4609.35,0.0,0.0,0.5,0.0,XAUUSD.u,[sl 4609.35],
3712617,11039357,2026-08-28 15:51:03,1787932263152,0,0,26011001,11039357,3,0.01,4608.85,0.0,0.0,0.0,0.0,XAUUSD.u,STR B2,
3712903,11038449,2026-08-28 15:57:14,1787932634625,0,0,26011001,11038449,3,0.01,4613.47,0.0,0.0,0.0,0.0,XAUUSD.u,STR B5,
3712932,11039688,2026-08-28 15:57:23,1787932643575,1,1,26011001,11039357,3,0.01,4614.54,0.0,0.0,5.6899999999999995,0.0,XAUUSD.u,STR CLOSE,
3712944,11039700,2026-08-28 15:57:23,1787932643690,0,1,26011001,11038658,3,0.01,4614.67,0.0,0.0,-10.44,0.0,XAUUSD.u,STR CLOSE,
3712945,11039701,2026-08-28 15:57:23,1787932643804,1,1,26011001,11038449,3,0.01,4614.57,0.0,0.0,1.1,0.0,XAUUSD.u,STR CLOSE,
3712951,11039707,2026-08-28 15:57:23,1787932643918,1,1,26011001,11038447,3,0.01,4614.7,0.0,0.0,2.77,0.0,XAUUSD.u,STR CLOSE,
3712957,11039713,2026-08-28 15:57:24,1787932644032,1,1,26011001,11038445,3,0.01,4614.8,0.0,0.0,4.41,0.0,XAUUSD.u,STR CLOSE,
3713024,11039734,2026-08-28 15:57:38,1787932658505,0,0,26011001,11039734,3,0.01,4616.95,0.0,0.0,0.0,0.0,XAUUSD.u,STR B1,
3713080,11039738,2026-08-28 15:57:47,1787932667714,0,0,26011001,11039738,3,0.01,4618.49,0.0,0.0,0.0,0.0,XAUUSD.u,STR B2,
3713112,11039749,2026-08-28 15:58:02,1787932682703,0,0,26011001,11039749,3,0.01,4620.03,0.0,0.0,0.0,0.0,XAUUSD.u,STR B3,
3713139,11039753,2026-08-28 15:58:05,1787932685438,0,0,26011001,11039753,3,0.01,4621.57,0.0,0.0,0.0,0.0,XAUUSD.u,STR B4,
3713160,11039936,2026-08-28 15:58:07,1787932687992,1,1,26011001,11039753,3,0.01,4621.89,0.0,0.0,0.32,0.0,XAUUSD.u,STR CLOSE,
3713162,11039938,2026-08-28 15:58:08,1787932688104,1,1,26011001,11039749,3,0.01,4622.04,0.0,0.0,2.01,0.0,XAUUSD.u,STR CLOSE,
3713164,11039940,2026-08-28 15:58:08,1787932688217,1,1,26011001,11039738,3,0.01,4622.12,0.0,0.0,3.63,0.0,XAUUSD.u,STR CLOSE,
3713165,11039941,2026-08-28 15:58:08,1787932688329,1,1,26011001,11039734,3,0.01,4622.02,0.0,0.0,5.07,0.0,XAUUSD.u,STR CLOSE,
3713249,11039973,2026-08-28 15:58:34,1787932714409,0,0,26011001,11039973,3,0.01,4624.15,0.0,0.0,0.0,0.0,XAUUSD.u,STR B1,
3713317,11039975,2026-08-28 15:58:43,1787932723326,0,0,26011001,11039975,3,0.01,4625.69,0.0,0.0,0.0,0.0,XAUUSD.u,STR B2,
3713541,11039977,2026-08-28 15:59:25,1787932765600,0,0,26011001,11039977,3,0.01,4627.23,0.0,0.0,0.0,0.0,XAUUSD.u,STR B3,
3713650,11039974,2026-08-28 15:59:51,1787932791399,1,0,26011001,11039974,3,0.01,4621.07,0.0,0.0,0.0,0.0,XAUUSD.u,STR S1,
3713677,11039976,2026-08-28 15:59:55,1787932795217,1,0,26011001,11039976,3,0.01,4619.53,0.0,0.0,0.0,0.0,XAUUSD.u,STR S2,
3713680,11039978,2026-08-28 15:59:55,1787932795251,1,0,26011001,11039978,3,0.01,4617.99,0.0,0.0,0.0,0.0,XAUUSD.u,STR S3,
3713690,11039980,2026-08-28 15:59:56,1787932796275,1,0,26011001,11039980,3,0.01,4616.45,0.0,0.0,0.0,0.0,XAUUSD.u,STR S4,
3713699,11039985,2026-08-28 15:59:56,1787932796970,1,0,26011001,11039985,3,0.01,4614.91,0.0,0.0,0.0,0.0,XAUUSD.u,STR S5,
3713703,11039987,2026-08-28 15:59:57,1787932797098,1,0,26011001,11039987,3,0.01,4613.37,0.0,0.0,0.0,0.0,XAUUSD.u,STR S6,
3713715,11039991,2026-08-28 15:59:57,1787932797288,1,0,26011001,11039991,3,0.04,4611.83,0.0,0.0,0.0,0.0,XAUUSD.u,STR S7,
3713736,11039995,2026-08-28 15:59:58,1787932798336,1,0,26011001,11039995,3,0.04,4610.29,0.0,0.0,0.0,0.0,XAUUSD.u,STR S8,
3713737,11039999,2026-08-28 15:59:58,1787932798420,1,0,26011001,11039999,3,0.04,4608.75,0.0,0.0,0.0,0.0,XAUUSD.u,STR S9,
3713820,11040002,2026-08-28 15:59:58,1787932798744,1,0,26011001,11040002,3,0.04,4607.21,0.0,0.0,0.0,0.0,XAUUSD.u,STR S10,
3713839,11040006,2026-08-28 15:59:58,1787932798890,1,0,26011001,11040006,3,0.04,4605.67,0.0,0.0,0.0,0.0,XAUUSD.u,STR S11,
3713869,11040009,2026-08-28 16:00:00,1787932800141,1,0,26011001,11040009,3,0.04,4604.13,0.0,0.0,0.0,0.0,XAUUSD.u,STR S12,
3713898,11040011,2026-08-28 16:00:01,1787932801863,1,0,26011001,11040011,3,0.04,4602.59,0.0,0.0,0.0,0.0,XAUUSD.u,STR S13,
3713904,11040013,2026-08-28 16:00:02,1787932802075,1,0,26011001,11040013,3,0.15,4601.05,0.0,0.0,0.0,0.0,XAUUSD.u,STR S14,
3713930,11040742,2026-08-28 16:00:03,1787932803455,0,1,26011001,11040013,3,0.15,4600.57,0.0,0.0,7.2,0.0,XAUUSD.u,STR CLOSE,
3713934,11040745,2026-08-28 16:00:03,1787932803569,0,1,26011001,11040011,3,0.04,4602.45,0.0,0.0,0.56,0.0,XAUUSD.u,STR CLOSE,
3713938,11040749,2026-08-28 16:00:03,1787932803685,0,1,26011001,11040009,3,0.04,4601.94,0.0,0.0,8.76,0.0,XAUUSD.u,STR CLOSE,
3713940,11040751,2026-08-28 16:00:03,1787932803798,0,1,26011001,11040006,3,0.04,4599.54,0.0,0.0,24.52,0.0,XAUUSD.u,STR CLOSE,
3713944,11040755,2026-08-28 16:00:03,1787932803911,0,1,26011001,11040002,3,0.04,4602.46,0.0,0.0,19.0,0.0,XAUUSD.u,STR CLOSE,
3713950,11040761,2026-08-28 16:00:04,1787932804024,0,1,26011001,11039999,3,0.04,4602.46,0.0,0.0,25.16,0.0,XAUUSD.u,STR CLOSE,
3713958,11040769,2026-08-28 16:00:04,1787932804138,0,1,26011001,11039995,3,0.04,4601.87,0.0,0.0,33.68,0.0,XAUUSD.u,STR CLOSE,
3713963,11040774,2026-08-28 16:00:04,1787932804251,0,1,26011001,11039991,3,0.04,4601.4,0.0,0.0,41.72,0.0,XAUUSD.u,STR CLOSE,
3713967,11040778,2026-08-28 16:00:04,1787932804365,0,1,26011001,11039987,3,0.01,4601.19,0.0,0.0,12.18,0.0,XAUUSD.u,STR CLOSE,
3713973,11040784,2026-08-28 16:00:04,1787932804478,0,1,26011001,11039985,3,0.01,4600.02,0.0,0.0,14.89,0.0,XAUUSD.u,STR CLOSE,
3713977,11040788,2026-08-28 16:00:04,1787932804591,0,1,26011001,11039980,3,0.01,4600.82,0.0,0.0,15.63,0.0,XAUUSD.u,STR CLOSE,
3713982,11040793,2026-08-28 16:00:04,1787932804704,0,1,26011001,11039978,3,0.01,4601.2,0.0,0.0,16.79,0.0,XAUUSD.u,STR CLOSE,
3713985,11040796,2026-08-28 16:00:04,1787932804824,1,1,26011001,11039977,3,0.01,4601.0,0.0,0.0,-26.23,0.0,XAUUSD.u,STR CLOSE,
3713989,11040800,2026-08-28 16:00:04,1787932804939,0,1,26011001,11039976,3,0.01,4601.01,0.0,0.0,18.52,0.0,XAUUSD.u,STR CLOSE,
3713993,11040804,2026-08-28 16:00:05,1787932805053,1,1,26011001,11039975,3,0.01,4600.84,0.0,0.0,-24.85,0.0,XAUUSD.u,STR CLOSE,
3713997,11040808,2026-08-28 16:00:05,1787932805166,0,1,26011001,11039974,3,0.01,4599.16,0.0,0.0,21.91,0.0,XAUUSD.u,STR CLOSE,
3713999,11040810,2026-08-28 16:00:05,1787932805278,1,1,26011001,11039973,3,0.01,4598.75,0.0,0.0,-25.4,0.0,XAUUSD.u,STR CLOSE,
3714148,11040929,2026-08-28 16:00:09,1787932809804,0,0,26011001,11040929,3,0.01,4608.13,0.0,0.0,0.0,0.0,XAUUSD.u,STR B1,
3714163,11040934,2026-08-28 16:00:10,1787932810251,1,0,26011001,11040934,3,0.01,4605.05,0.0,0.0,0.0,0.0,XAUUSD.u,STR S1,
3714199,11040943,2026-08-28 16:00:11,1787932811427,1,0,26011001,11040943,3,0.01,4603.51,0.0,0.0,0.0,0.0,XAUUSD.u,STR S2,
3714204,11040949,2026-08-28 16:00:11,1787932811510,1,0,26011001,11040949,3,0.01,4601.97,0.0,0.0,0.0,0.0,XAUUSD.u,STR S3,
3714215,11040958,2026-08-28 16:00:11,1787932811942,1,0,26011001,11040958,3,0.01,4600.43,0.0,0.0,0.0,0.0,XAUUSD.u,STR S4,
3714235,11040967,2026-08-28 16:00:12,1787932812630,1,0,26011001,11040967,3,0.01,4598.89,0.0,0.0,0.0,0.0,XAUUSD.u,STR S5,
3714254,11040940,2026-08-28 16:00:14,1787932814842,0,0,26011001,11040940,3,0.01,4609.67,0.0,0.0,0.0,0.0,XAUUSD.u,STR B2,
3714255,11040947,2026-08-28 16:00:14,1787932814842,0,0,26011001,11040947,3,0.01,4611.21,0.0,0.0,0.0,0.0,XAUUSD.u,STR B3,
3714265,11040954,2026-08-28 16:00:15,1787932815176,0,0,26011001,11040954,3,0.01,4612.75,0.0,0.0,0.0,0.0,XAUUSD.u,STR B4,
3714277,11040962,2026-08-28 16:00:16,1787932816082,0,0,26011001,11040962,3,0.01,4614.29,0.0,0.0,0.0,0.0,XAUUSD.u,STR B5,
3714280,11040970,2026-08-28 16:00:16,1787932816811,0,0,26011001,11040970,3,0.01,4615.83,0.0,0.0,0.0,0.0,XAUUSD.u,STR B6,
3714283,11040981,2026-08-28 16:00:16,1787932816841,0,0,26011001,11040981,3,0.04,4617.37,0.0,0.0,0.0,0.0,XAUUSD.u,STR B7,
3714288,11040992,2026-08-28 16:00:16,1787932816891,0,0,26011001,11040992,3,0.04,4618.91,0.0,0.0,0.0,0.0,XAUUSD.u,STR B8,
3714316,11041002,2026-08-28 16:00:18,1787932818570,0,0,26011001,11041002,3,0.04,4620.45,0.0,0.0,0.0,0.0,XAUUSD.u,STR B9,
3714321,11041012,2026-08-28 16:00:18,1787932818889,0,0,26011001,11041012,3,0.04,4621.99,0.0,0.0,0.0,0.0,XAUUSD.u,STR B10,
3714325,11041020,2026-08-28 16:00:19,1787932819124,0,0,26011001,11041020,3,0.04,4623.53,0.0,0.0,0.0,0.0,XAUUSD.u,STR B11,
3714333,11041028,2026-08-28 16:00:19,1787932819771,0,0,26011001,11041028,3,0.04,4625.07,0.0,0.0,0.0,0.0,XAUUSD.u,STR B12,
3714334,11041037,2026-08-28 16:00:19,1787932819771,0,0,26011001,11041037,3,0.04,4626.61,0.0,0.0,0.0,0.0,XAUUSD.u,STR B13,
3714339,11041044,2026-08-28 16:00:20,1787932820005,0,0,26011001,11041044,3,0.15,4628.15,0.0,0.0,0.0,0.0,XAUUSD.u,STR B14,
3714366,11041053,2026-08-28 16:00:21,1787932821338,0,0,26011001,11041053,3,0.15,4629.69,0.0,0.0,0.0,0.0,XAUUSD.u,STR B15,
3714380,11041060,2026-08-28 16:00:22,1787932822248,0,0,26011001,11041060,3,0.15,4631.23,0.0,0.0,0.0,0.0,XAUUSD.u,STR B16,
3714422,11041242,2026-08-28 16:00:26,1787932826317,1,1,26011001,11041053,3,0.15,4622.58,0.0,0.0,-106.65,0.0,XAUUSD.u,STR CLOSE,
3714424,11041244,2026-08-28 16:00:26,1787932826434,1,1,26011001,11041044,3,0.15,4622.9,0.0,0.0,-78.75,0.0,XAUUSD.u,STR CLOSE,
3714425,11041245,2026-08-28 16:00:26,1787932826550,1,1,26011001,11041037,3,0.04,4622.9,0.0,0.0,-14.84,0.0,XAUUSD.u,STR CLOSE,
3714427,11041247,2026-08-28 16:00:26,1787932826640,1,1,26011001,11040940,4,0.01,4619.81,0.0,0.0,10.14,0.0,XAUUSD.u,[sl 4619.81],
3714428,11041248,2026-08-28 16:00:26,1787932826663,1,1,26011001,11041028,3,0.04,4619.65,0.0,0.0,-21.68,0.0,XAUUSD.u,STR CLOSE,
3714430,11041250,2026-08-28 16:00:26,1787932826782,1,1,26011001,11041020,3,0.04,4619.78,0.0,0.0,-15.0,0.0,XAUUSD.u,STR CLOSE,
3714431,11041251,2026-08-28 16:00:26,1787932826895,1,1,26011001,11041012,3,0.04,4619.48,0.0,0.0,-10.04,0.0,XAUUSD.u,STR CLOSE,
3714435,11041255,2026-08-28 16:00:27,1787932827008,1,1,26011001,11041002,3,0.04,4620.66,0.0,0.0,0.84,0.0,XAUUSD.u,STR CLOSE,
3714438,11041258,2026-08-28 16:00:27,1787932827121,1,1,26011001,11040992,3,0.04,4620.19,0.0,0.0,5.12,0.0,XAUUSD.u,STR CLOSE,
3714439,11041259,2026-08-28 16:00:27,1787932827234,1,1,26011001,11040981,3,0.04,4622.53,0.0,0.0,20.64,0.0,XAUUSD.u,STR CLOSE,
3714443,11041263,2026-08-28 16:00:27,1787932827347,1,1,26011001,11040970,3,0.01,4621.02,0.0,0.0,5.19,0.0,XAUUSD.u,STR CLOSE,
3714446,11041266,2026-08-28 16:00:27,1787932827459,0,1,26011001,11040967,3,0.01,4621.41,0.0,0.0,-22.52,0.0,XAUUSD.u,STR CLOSE,
3714448,11041269,2026-08-28 16:00:27,1787932827573,1,1,26011001,11040962,3,0.01,4619.56,0.0,0.0,5.27,0.0,XAUUSD.u,STR CLOSE,
3714450,11041271,2026-08-28 16:00:27,1787932827612,1,1,26011001,11040929,4,0.01,4619.35,0.0,0.0,11.22,0.0,XAUUSD.u,[sl 4619.35],
3714451,11041272,2026-08-28 16:00:27,1787932827685,0,1,26011001,11040958,3,0.01,4619.19,0.0,0.0,-18.76,0.0,XAUUSD.u,STR CLOSE,
3714452,11041273,2026-08-28 16:00:27,1787932827686,1,1,26011001,11040947,4,0.01,4618.48,0.0,0.0,7.27,0.0,XAUUSD.u,[sl 4618.48],
3714456,11041277,2026-08-28 16:00:27,1787932827803,1,1,26011001,11040954,3,0.01,4618.0,0.0,0.0,5.25,0.0,XAUUSD.u,STR CLOSE,
3714458,11041279,2026-08-28 16:00:27,1787932827918,0,1,26011001,11040949,3,0.01,4618.36,0.0,0.0,-16.39,0.0,XAUUSD.u,STR CLOSE,
3714460,11041281,2026-08-28 16:00:28,1787932828031,0,1,26011001,11040943,3,0.01,4619.2,0.0,0.0,-15.69,0.0,XAUUSD.u,STR CLOSE,
3714462,11041284,2026-08-28 16:00:28,1787932828144,0,1,26011001,11040934,3,0.01,4618.86,0.0,0.0,-13.81,0.0,XAUUSD.u,STR CLOSE,
3714526,11041350,2026-08-28 16:00:37,1787932837656,0,0,26011001,11041350,3,0.01,4607.44,0.0,0.0,0.0,0.0,XAUUSD.u,STR B1,
3714531,11041352,2026-08-28 16:00:37,1787932837954,0,0,26011001,11041352,3,0.01,4608.98,0.0,0.0,0.0,0.0,XAUUSD.u,STR B2,
3714537,11041356,2026-08-28 16:00:38,1787932838442,0,0,26011001,11041356,3,0.01,4610.52,0.0,0.0,0.0,0.0,XAUUSD.u,STR B3,
3714547,11041361,2026-08-28 16:00:38,1787932838650,0,0,26011001,11041361,3,0.01,4612.06,0.0,0.0,0.0,0.0,XAUUSD.u,STR B4,
3714570,11041365,2026-08-28 16:00:39,1787932839660,0,0,26011001,11041365,3,0.01,4613.6,0.0,0.0,0.0,0.0,XAUUSD.u,STR B5,
3714572,11041369,2026-08-28 16:00:39,1787932839707,0,0,26011001,11041369,3,0.01,4615.14,0.0,0.0,0.0,0.0,XAUUSD.u,STR B6,
3714579,11041380,2026-08-28 16:00:40,1787932840614,0,0,26011001,11041380,3,0.04,4616.68,0.0,0.0,0.0,0.0,XAUUSD.u,STR B7,
3714715,11041577,2026-08-28 16:01:03,1787932863509,1,1,26011001,11041350,4,0.01,4611.75,0.0,0.0,4.31,0.0,XAUUSD.u,[sl 4611.75],
3714717,11041581,2026-08-28 16:01:04,1787932864016,1,1,26011001,11041369,3,0.01,4610.95,0.0,0.0,-4.19,0.0,XAUUSD.u,STR CLOSE,
3714718,11041582,2026-08-28 16:01:04,1787932864130,1,1,26011001,11041365,3,0.01,4611.34,0.0,0.0,-2.26,0.0,XAUUSD.u,STR CLOSE,
3714719,11041583,2026-08-28 16:01:04,1787932864243,1,1,26011001,11041361,3,0.01,4611.64,0.0,0.0,-0.42,0.0,XAUUSD.u,STR CLOSE,
3714720,11041584,2026-08-28 16:01:04,1787932864356,1,1,26011001,11041356,3,0.01,4611.87,0.0,0.0,1.35,0.0,XAUUSD.u,STR CLOSE,
3714721,11041585,2026-08-28 16:01:04,1787932864469,1,1,26011001,11041352,3,0.01,4611.72,0.0,0.0,2.74,0.0,XAUUSD.u,STR CLOSE,
3714768,11041629,2026-08-28 16:01:17,1787932877732,1,0,26011001,11041629,3,0.01,4604.66,0.0,0.0,0.0,0.0,XAUUSD.u,STR S1,
3714790,11041632,2026-08-28 16:01:28,1787932888807,1,0,26011001,11041632,3,0.01,4603.12,0.0,0.0,0.0,0.0,XAUUSD.u,STR S2,
3714796,11041635,2026-08-28 16:01:29,1787932889520,1,0,26011001,11041635,3,0.01,4601.58,0.0,0.0,0.0,0.0,XAUUSD.u,STR S3,
3714805,11041639,2026-08-28 16:01:31,1787932891953,1,0,26011001,11041639,3,0.01,4600.04,0.0,0.0,0.0,0.0,XAUUSD.u,STR S4,
3714813,11041644,2026-08-28 16:01:34,1787932894548,1,0,26011001,11041644,3,0.01,4598.5,0.0,0.0,0.0,0.0,XAUUSD.u,STR S5,
3714822,11041646,2026-08-28 16:01:35,1787932895349,1,0,26011001,11041646,3,0.01,4596.96,0.0,0.0,0.0,0.0,XAUUSD.u,STR S6,
3714860,11041649,2026-08-28 16:01:40,1787932900197,1,0,26011001,11041649,3,0.04,4595.42,0.0,0.0,0.0,0.0,XAUUSD.u,STR S7,
3714897,11041792,2026-08-28 16:01:41,1787932901964,0,1,26011001,11041649,3,0.04,4596.05,0.0,0.0,-2.52,0.0,XAUUSD.u,STR CLOSE,
3714901,11041796,2026-08-28 16:01:42,1787932902077,0,1,26011001,11041646,3,0.01,4595.38,0.0,0.0,1.58,0.0,XAUUSD.u,STR CLOSE,
3714908,11041803,2026-08-28 16:01:42,1787932902190,0,1,26011001,11041644,3,0.01,4592.87,0.0,0.0,5.63,0.0,XAUUSD.u,STR CLOSE,
3714910,11041805,2026-08-28 16:01:42,1787932902303,0,1,26011001,11041639,3,0.01,4595.12,0.0,0.0,4.92,0.0,XAUUSD.u,STR CLOSE,
3714914,11041809,2026-08-28 16:01:42,1787932902418,0,1,26011001,11041635,3,0.01,4595.77,0.0,0.0,5.8100000000000005,0.0,XAUUSD.u,STR CLOSE,
3714918,11041812,2026-08-28 16:01:42,1787932902531,0,1,26011001,11041632,3,0.01,4595.48,0.0,0.0,7.64,0.0,XAUUSD.u,STR CLOSE,
3714922,11041816,2026-08-28 16:01:42,1787932902644,0,1,26011001,11041629,3,0.01,4595.39,0.0,0.0,9.27,0.0,XAUUSD.u,STR CLOSE,
3715002,11041895,2026-08-28 16:01:57,1787932917701,1,0,26011001,11041895,3,0.01,4595.18,0.0,0.0,0.0,0.0,XAUUSD.u,STR S1,
3715009,11041897,2026-08-28 16:01:59,1787932919542,1,0,26011001,11041897,3,0.01,4593.65,0.0,0.0,0.0,0.0,XAUUSD.u,STR S2,
3715020,11041894,2026-08-28 16:02:05,1787932925024,0,0,26011001,11041894,3,0.01,4598.24,0.0,0.0,0.0,0.0,XAUUSD.u,STR B1,
3715023,11041896,2026-08-28 16:02:05,1787932925350,0,0,26011001,11041896,3,0.01,4599.77,0.0,0.0,0.0,0.0,XAUUSD.u,STR B2,
3715046,11041900,2026-08-28 16:02:16,1787932936248,1,0,26011001,11041900,3,0.01,4592.12,0.0,0.0,0.0,0.0,XAUUSD.u,STR S3,
3715090,11041902,2026-08-28 16:02:23,1787932943236,1,0,26011001,11041902,3,0.01,4590.59,0.0,0.0,0.0,0.0,XAUUSD.u,STR S4,
3715092,11041904,2026-08-28 16:02:23,1787932943403,1,0,26011001,11041904,3,0.01,4589.06,0.0,0.0,0.0,0.0,XAUUSD.u,STR S5,
3715132,11041906,2026-08-28 16:02:25,1787932945467,1,0,26011001,11041906,3,0.01,4587.53,0.0,0.0,0.0,0.0,XAUUSD.u,STR S6,
3715156,11041908,2026-08-28 16:02:25,1787932945759,1,0,26011001,11041908,3,0.04,4586.0,0.0,0.0,0.0,0.0,XAUUSD.u,STR S7,
3715172,11041910,2026-08-28 16:02:27,1787932947358,1,0,26011001,11041910,3,0.04,4584.47,0.0,0.0,0.0,0.0,XAUUSD.u,STR S8,
3715189,11041913,2026-08-28 16:02:28,1787932948228,1,0,26011001,11041913,3,0.04,4582.94,0.0,0.0,0.0,0.0,XAUUSD.u,STR S9,
3715196,11041915,2026-08-28 16:02:28,1787932948345,1,0,26011001,11041915,3,0.04,4581.41,0.0,0.0,0.0,0.0,XAUUSD.u,STR S10,
3715266,11042168,2026-08-28 16:02:39,1787932959830,0,1,26011001,11041895,4,0.01,4587.81,0.0,0.0,7.37,0.0,XAUUSD.u,[sl 4587.81],
3715267,11042169,2026-08-28 16:02:39,1787932959831,0,1,26011001,11041897,4,0.01,4587.81,0.0,0.0,5.84,0.0,XAUUSD.u,[sl 4587.81],
3715268,11042170,2026-08-28 16:02:39,1787932959831,0,1,26011001,11041900,4,0.01,4587.81,0.0,0.0,4.31,0.0,XAUUSD.u,[sl 4587.81],
3715272,11042174,2026-08-28 16:02:41,1787932961567,0,1,26011001,11041902,4,0.01,4589.34,0.0,0.0,1.25,0.0,XAUUSD.u,[sl 4589.34],
3715314,11042215,2026-08-28 16:02:48,1787932968197,1,0,26011001,11042215,3,0.01,4592.12,0.0,0.0,0.0,0.0,XAUUSD.u,STR S3,
3715338,11042217,2026-08-28 16:02:52,1787932972614,1,0,26011001,11042217,3,0.01,4590.59,0.0,0.0,0.0,0.0,XAUUSD.u,STR S4,
3715357,11042166,2026-08-28 16:03:02,1787932982354,0,0,26011001,11042166,3,0.01,4598.24,0.0,0.0,0.0,0.0,XAUUSD.u,STR B1,
3715375,11042277,2026-08-28 16:03:03,1787932983709,1,0,26011001,11042277,3,0.01,4595.18,0.0,0.0,0.0,0.0,XAUUSD.u,STR S1,
3715431,11042279,2026-08-28 16:03:12,1787932992467,1,0,26011001,11042279,3,0.01,4593.65,0.0,0.0,0.0,0.0,XAUUSD.u,STR S2,
3715448,11042358,2026-08-28 16:03:17,1787932997634,0,1,26011001,11042279,3,0.01,4590.61,0.0,0.0,3.04,0.0,XAUUSD.u,STR CLOSE,
3715449,11042359,2026-08-28 16:03:17,1787932997762,0,1,26011001,11042277,3,0.01,4590.41,0.0,0.0,4.77,0.0,XAUUSD.u,STR CLOSE,
3715450,11042360,2026-08-28 16:03:17,1787932997880,0,1,26011001,11042215,3,0.01,4590.46,0.0,0.0,1.6600000000000001,0.0,XAUUSD.u,STR CLOSE,
3715451,11042361,2026-08-28 16:03:17,1787932997994,1,1,26011001,11042166,3,0.01,4590.53,0.0,0.0,-7.71,0.0,XAUUSD.u,STR CLOSE,
3715520,11042431,2026-08-28 16:03:31,1787933011970,1,0,26011001,11042431,3,0.01,4585.11,0.0,0.0,0.0,0.0,XAUUSD.u,STR S1,
3715526,11042433,2026-08-28 16:03:33,1787933013221,1,0,26011001,11042433,3,0.01,4583.58,0.0,0.0,0.0,0.0,XAUUSD.u,STR S2,
3715539,11042435,2026-08-28 16:03:36,1787933016229,1,0,26011001,11042435,3,0.01,4582.05,0.0,0.0,0.0,0.0,XAUUSD.u,STR S3,
3715575,11042529,2026-08-28 16:03:45,1787933025342,0,1,26011001,11042435,3,0.01,4584.99,0.0,0.0,-2.94,0.0,XAUUSD.u,STR CLOSE,
3715576,11042530,2026-08-28 16:03:45,1787933025455,0,1,26011001,11042433,3,0.01,4584.87,0.0,0.0,-1.29,0.0,XAUUSD.u,STR CLOSE,
3715577,11042531,2026-08-28 16:03:45,1787933025569,0,1,26011001,11042431,3,0.01,4584.2,0.0,0.0,0.91,0.0,XAUUSD.u,STR CLOSE,
3715627,11042569,2026-08-28 16:04:02,1787933042951,1,0,26011001,11042569,3,0.01,4579.54,0.0,0.0,0.0,0.0,XAUUSD.u,STR S1,
3715673,11042572,2026-08-28 16:04:06,1787933046562,1,0,26011001,11042572,3,0.01,4578.01,0.0,0.0,0.0,0.0,XAUUSD.u,STR S2,
3715688,11042577,2026-08-28 16:04:07,1787933047531,1,0,26011001,11042577,3,0.01,4576.48,0.0,0.0,0.0,0.0,XAUUSD.u,STR S3,
3715700,11042582,2026-08-28 16:04:07,1787933047814,1,0,26011001,11042582,3,0.01,4574.95,0.0,0.0,0.0,0.0,XAUUSD.u,STR S4,
3715782,11042766,2026-08-28 16:04:30,1787933070203,0,1,26011001,11042582,3,0.01,4578.78,0.0,0.0,-3.83,0.0,XAUUSD.u,STR CLOSE,
3715783,11042767,2026-08-28 16:04:30,1787933070316,0,1,26011001,11042577,3,0.01,4579.43,0.0,0.0,-2.95,0.0,XAUUSD.u,STR CLOSE,
3715785,11042769,2026-08-28 16:04:30,1787933070430,0,1,26011001,11042572,3,0.01,4579.6,0.0,0.0,-1.5899999999999999,0.0,XAUUSD.u,STR CLOSE,
3715787,11042771,2026-08-28 16:04:30,1787933070543,0,1,26011001,11042569,3,0.01,4580.33,0.0,0.0,-0.79,0.0,XAUUSD.u,STR CLOSE,
3715857,11042802,2026-08-28 16:04:54,1787933094402,0,0,26011001,11042802,3,0.01,4579.38,0.0,0.0,0.0,0.0,XAUUSD.u,STR B1,
3715863,11042803,2026-08-28 16:04:57,1787933097772,1,0,26011001,11042803,3,0.01,4576.32,0.0,0.0,0.0,0.0,XAUUSD.u,STR S1,
3715888,11042805,2026-08-28 16:05:05,1787933105275,1,0,26011001,11042805,3,0.01,4574.79,0.0,0.0,0.0,0.0,XAUUSD.u,STR S2,
3715910,11042807,2026-08-28 16:05:11,1787933111744,1,0,26011001,11042807,3,0.01,4573.26,0.0,0.0,0.0,0.0,XAUUSD.u,STR S3,
3715922,11042810,2026-08-28 16:05:13,1787933113710,1,0,26011001,11042810,3,0.01,4571.73,0.0,0.0,0.0,0.0,XAUUSD.u,STR S4,
3715949,11042812,2026-08-28 16:05:14,1787933114000,1,0,26011001,11042812,3,0.01,4570.2,0.0,0.0,0.0,0.0,XAUUSD.u,STR S5,
3715971,11042814,2026-08-28 16:05:15,1787933115142,1,0,26011001,11042814,3,0.01,4568.67,0.0,0.0,0.0,0.0,XAUUSD.u,STR S6,
3715978,11042816,2026-08-28 16:05:15,1787933115554,1,0,26011001,11042816,3,0.04,4567.14,0.0,0.0,0.0,0.0,XAUUSD.u,STR S7,
3715986,11042818,2026-08-28 16:05:15,1787933115733,1,0,26011001,11042818,3,0.04,4565.61,0.0,0.0,0.0,0.0,XAUUSD.u,STR S8,
3715999,11042821,2026-08-28 16:05:15,1787933115905,1,0,26011001,11042821,3,0.04,4564.08,0.0,0.0,0.0,0.0,XAUUSD.u,STR S9,
3716006,11042823,2026-08-28 16:05:15,1787933115991,1,0,26011001,11042823,3,0.04,4562.55,0.0,0.0,0.0,0.0,XAUUSD.u,STR S10,
3716026,11042825,2026-08-28 16:05:16,1787933116147,1,0,26011001,11042825,3,0.04,4561.02,0.0,0.0,0.0,0.0,XAUUSD.u,STR S11,
3716089,11043090,2026-08-28 16:05:23,1787933123784,0,1,26011001,11042825,3,0.04,4560.91,0.0,0.0,0.44,0.0,XAUUSD.u,STR CLOSE,
3716090,11043091,2026-08-28 16:05:23,1787933123897,0,1,26011001,11042823,3,0.04,4560.52,0.0,0.0,8.12,0.0,XAUUSD.u,STR CLOSE,
3716091,11043092,2026-08-28 16:05:24,1787933124010,0,1,26011001,11042821,3,0.04,4560.56,0.0,0.0,14.08,0.0,XAUUSD.u,STR CLOSE,
3716093,11043094,2026-08-28 16:05:24,1787933124123,0,1,26011001,11042818,3,0.04,4560.78,0.0,0.0,19.32,0.0,XAUUSD.u,STR CLOSE,
3716095,11043096,2026-08-28 16:05:24,1787933124236,0,1,26011001,11042816,3,0.04,4560.19,0.0,0.0,27.8,0.0,XAUUSD.u,STR CLOSE,
3716097,11043098,2026-08-28 16:05:24,1787933124349,0,1,26011001,11042814,3,0.01,4560.79,0.0,0.0,7.88,0.0,XAUUSD.u,STR CLOSE,
3716099,11043100,2026-08-28 16:05:24,1787933124461,0,1,26011001,11042812,3,0.01,4561.3,0.0,0.0,8.9,0.0,XAUUSD.u,STR CLOSE,
3716101,11043102,2026-08-28 16:05:24,1787933124574,0,1,26011001,11042810,3,0.01,4561.35,0.0,0.0,10.38,0.0,XAUUSD.u,STR CLOSE,
3716102,11043103,2026-08-28 16:05:24,1787933124687,0,1,26011001,11042807,3,0.01,4561.38,0.0,0.0,11.88,0.0,XAUUSD.u,STR CLOSE,
3716104,11043105,2026-08-28 16:05:24,1787933124800,0,1,26011001,11042805,3,0.01,4561.67,0.0,0.0,13.12,0.0,XAUUSD.u,STR CLOSE,
3716106,11043107,2026-08-28 16:05:24,1787933124914,0,1,26011001,11042803,3,0.01,4562.01,0.0,0.0,14.31,0.0,XAUUSD.u,STR CLOSE,
3716107,11043108,2026-08-28 16:05:25,1787933125027,1,1,26011001,11042802,3,0.01,4562.07,0.0,0.0,-17.31,0.0,XAUUSD.u,STR CLOSE,
3716281,11043279,2026-08-28 16:06:04,1787933164490,1,0,26011001,11043279,3,0.01,4556.87,0.0,0.0,0.0,0.0,XAUUSD.u,STR S1,
3716303,11043281,2026-08-28 16:06:13,1787933173640,1,0,26011001,11043281,3,0.01,4555.35,0.0,0.0,0.0,0.0,XAUUSD.u,STR S2,
3716364,11043283,2026-08-28 16:06:33,1787933193266,1,0,26011001,11043283,3,0.01,4553.83,0.0,0.0,0.0,0.0,XAUUSD.u,STR S3,
3716379,11043286,2026-08-28 16:06:33,1787933193776,1,0,26011001,11043286,3,0.01,4552.31,0.0,0.0,0.0,0.0,XAUUSD.u,STR S4,
3716389,11043288,2026-08-28 16:06:34,1787933194820,1,0,26011001,11043288,3,0.01,4550.79,0.0,0.0,0.0,0.0,XAUUSD.u,STR S5,
3716395,11043290,2026-08-28 16:06:34,1787933194900,1,0,26011001,11043290,3,0.01,4549.27,0.0,0.0,0.0,0.0,XAUUSD.u,STR S6,
3716470,11043278,2026-08-28 16:06:52,1787933212097,0,0,26011001,11043278,3,0.01,4559.91,0.0,0.0,0.0,0.0,XAUUSD.u,STR B1,
3716522,11043554,2026-08-28 16:07:05,1787933225205,1,0,26011001,11043554,3,0.01,4553.83,0.0,0.0,0.0,0.0,XAUUSD.u,STR S3,
3716549,11043555,2026-08-28 16:07:08,1787933228429,1,0,26011001,11043555,3,0.01,4552.31,0.0,0.0,0.0,0.0,XAUUSD.u,STR S4,
3716638,11043641,2026-08-28 16:07:38,1787933258081,0,0,26011001,11043641,3,0.01,4559.91,0.0,0.0,0.0,0.0,XAUUSD.u,STR B1,
3716664,11043280,2026-08-28 16:07:54,1787933274880,0,0,26011001,11043280,3,0.01,4561.43,0.0,0.0,0.0,0.0,XAUUSD.u,STR B2,
3716668,11043282,2026-08-28 16:07:55,1787933275421,0,0,26011001,11043282,3,0.01,4562.95,0.0,0.0,0.0,0.0,XAUUSD.u,STR B3,
3716734,11043285,2026-08-28 16:08:10,1787933290142,0,0,26011001,11043285,3,0.01,4564.47,0.0,0.0,0.0,0.0,XAUUSD.u,STR B4,
3716772,11043287,2026-08-28 16:08:28,1787933308703,0,0,26011001,11043287,3,0.01,4565.99,0.0,0.0,0.0,0.0,XAUUSD.u,STR B5,
3716786,11043829,2026-08-28 16:08:32,1787933312868,1,1,26011001,11043641,4,0.01,4563.25,0.0,0.0,3.34,0.0,XAUUSD.u,[sl 4563.25],
3716789,11043832,2026-08-28 16:08:35,1787933315096,1,1,26011001,11043280,4,0.01,4561.73,0.0,0.0,0.3,0.0,XAUUSD.u,[sl 4561.73],
3716794,11043837,2026-08-28 16:08:35,1787933315938,1,1,26011001,11043287,3,0.01,4562.48,0.0,0.0,-3.51,0.0,XAUUSD.u,STR CLOSE,
3716795,11043838,2026-08-28 16:08:36,1787933316078,1,1,26011001,11043285,3,0.01,4562.62,0.0,0.0,-1.85,0.0,XAUUSD.u,STR CLOSE,
3716796,11043839,2026-08-28 16:08:36,1787933316224,1,1,26011001,11043282,3,0.01,4563.29,0.0,0.0,0.34,0.0,XAUUSD.u,STR CLOSE,
3716966,11044018,2026-08-28 16:08:55,1787933335372,1,0,26011001,11044018,3,0.01,4572.07,0.0,0.0,0.0,0.0,XAUUSD.u,STR S1,
3716974,11044016,2026-08-28 16:08:59,1787933339628,0,0,26011001,11044016,3,0.01,4575.11,0.0,0.0,0.0,0.0,XAUUSD.u,STR B1,
3717046,11044023,2026-08-28 16:09:03,1787933343759,0,0,26011001,11044023,3,0.01,4576.63,0.0,0.0,0.0,0.0,XAUUSD.u,STR B2,
3717065,11044025,2026-08-28 16:09:17,1787933357662,0,0,26011001,11044025,3,0.01,4578.15,0.0,0.0,0.0,0.0,XAUUSD.u,STR B3,
3717133,11044027,2026-08-28 16:09:34,1787933374478,0,0,26011001,11044027,3,0.01,4579.67,0.0,0.0,0.0,0.0,XAUUSD.u,STR B4,
3717143,11044029,2026-08-28 16:09:34,1787933374708,0,0,26011001,11044029,3,0.01,4581.19,0.0,0.0,0.0,0.0,XAUUSD.u,STR B5,
3717219,11044312,2026-08-28 16:09:51,1787933391589,1,1,26011001,11044027,3,0.01,4573.77,0.0,0.0,-5.9,0.0,XAUUSD.u,STR CLOSE,
3717220,11044313,2026-08-28 16:09:51,1787933391702,1,1,26011001,11044025,3,0.01,4573.01,0.0,0.0,-5.14,0.0,XAUUSD.u,STR CLOSE,
3717222,11044315,2026-08-28 16:09:51,1787933391816,1,1,26011001,11044023,3,0.01,4572.82,0.0,0.0,-3.81,0.0,XAUUSD.u,STR CLOSE,
3717223,11044316,2026-08-28 16:09:51,1787933391929,1,1,26011001,11044016,3,0.01,4572.82,0.0,0.0,-2.29,0.0,XAUUSD.u,STR CLOSE,
3717532,11044631,2026-08-28 16:11:16,1787933476412,1,0,26011001,11044631,3,0.01,4565.62,0.0,0.0,0.0,0.0,XAUUSD.u,STR S1,
3717542,11044633,2026-08-28 16:11:17,1787933477142,1,0,26011001,11044633,3,0.01,4564.1,0.0,0.0,0.0,0.0,XAUUSD.u,STR S2,
3717590,11044637,2026-08-28 16:11:34,1787933494017,1,0,26011001,11044637,3,0.01,4562.58,0.0,0.0,0.0,0.0,XAUUSD.u,STR S3,
3717593,11044640,2026-08-28 16:11:34,1787933494623,1,0,26011001,11044640,3,0.01,4561.06,0.0,0.0,0.0,0.0,XAUUSD.u,STR S4,
3717600,11044647,2026-08-28 16:11:36,1787933496504,1,0,26011001,11044647,3,0.01,4559.54,0.0,0.0,0.0,0.0,XAUUSD.u,STR S5,
3717618,11044756,2026-08-28 16:11:42,1787933502788,0,1,26011001,11044647,3,0.01,4561.89,0.0,0.0,-2.35,0.0,XAUUSD.u,STR CLOSE,
3717619,11044757,2026-08-28 16:11:42,1787933502900,0,1,26011001,11044640,3,0.01,4561.32,0.0,0.0,-0.26,0.0,XAUUSD.u,STR CLOSE,
3717620,11044758,2026-08-28 16:11:43,1787933503013,0,1,26011001,11044637,3,0.01,4561.21,0.0,0.0,1.37,0.0,XAUUSD.u,STR CLOSE,
3717622,11044760,2026-08-28 16:11:43,1787933503126,0,1,26011001,11044633,3,0.01,4561.22,0.0,0.0,2.88,0.0,XAUUSD.u,STR CLOSE,
3717623,11044761,2026-08-28 16:11:43,1787933503239,0,1,26011001,11044631,3,0.01,4561.43,0.0,0.0,4.19,0.0,XAUUSD.u,STR CLOSE,
3717664,11044795,2026-08-28 16:12:06,1787933526562,1,0,26011001,11044795,3,0.01,4557.28,0.0,0.0,0.0,0.0,XAUUSD.u,STR S1,
3717667,11044797,2026-08-28 16:12:06,1787933526804,1,0,26011001,11044797,3,0.01,4555.76,0.0,0.0,0.0,0.0,XAUUSD.u,STR S2,
3717673,11044799,2026-08-28 16:12:08,1787933528579,1,0,26011001,11044799,3,0.01,4554.24,0.0,0.0,0.0,0.0,XAUUSD.u,STR S3,
3717677,11044802,2026-08-28 16:12:08,1787933528813,1,0,26011001,11044802,3,0.01,4552.72,0.0,0.0,0.0,0.0,XAUUSD.u,STR S4,
3717703,11044878,2026-08-28 16:12:12,1787933532884,0,1,26011001,11044802,3,0.01,4553.76,0.0,0.0,-1.04,0.0,XAUUSD.u,STR CLOSE,
3717704,11044879,2026-08-28 16:12:12,1787933532997,0,1,26011001,11044799,3,0.01,4553.7,0.0,0.0,0.54,0.0,XAUUSD.u,STR CLOSE,
3717706,11044881,2026-08-28 16:12:13,1787933533110,0,1,26011001,11044797,3,0.01,4553.42,0.0,0.0,2.34,0.0,XAUUSD.u,STR CLOSE,
3717708,11044883,2026-08-28 16:12:13,1787933533223,0,1,26011001,11044795,3,0.01,4552.99,0.0,0.0,4.29,0.0,XAUUSD.u,STR CLOSE,
3717782,11044953,2026-08-28 16:12:34,1787933554168,0,0,26011001,11044953,3,0.01,4554.11,0.0,0.0,0.0,0.0,XAUUSD.u,STR B1,
3717786,11044954,2026-08-28 16:12:37,1787933557206,1,0,26011001,11044954,3,0.01,4551.07,0.0,0.0,0.0,0.0,XAUUSD.u,STR S1,
3717795,11044955,2026-08-28 16:12:42,1787933562470,0,0,26011001,11044955,3,0.01,4555.63,0.0,0.0,0.0,0.0,XAUUSD.u,STR B2,
3717803,11044958,2026-08-28 16:12:43,1787933563405,0,0,26011001,11044958,3,0.01,4557.15,0.0,0.0,0.0,0.0,XAUUSD.u,STR B3,
3717826,11044961,2026-08-28 16:12:44,1787933564817,0,0,26011001,11044961,3,0.01,4558.67,0.0,0.0,0.0,0.0,XAUUSD.u,STR B4,
3717835,11044963,2026-08-28 16:12:45,1787933565620,0,0,26011001,11044963,3,0.01,4560.19,0.0,0.0,0.0,0.0,XAUUSD.u,STR B5,
3717844,11045055,2026-08-28 16:12:47,1787933567804,1,1,26011001,11044953,4,0.01,4557.95,0.0,0.0,3.84,0.0,XAUUSD.u,[sl 4557.95],
3717851,11045063,2026-08-28 16:12:50,1787933570078,1,1,26011001,11044963,3,0.01,4558.43,0.0,0.0,-1.76,0.0,XAUUSD.u,STR CLOSE,
3717852,11045064,2026-08-28 16:12:50,1787933570192,1,1,26011001,11044961,3,0.01,4558.8,0.0,0.0,0.13,0.0,XAUUSD.u,STR CLOSE,
3717854,11045066,2026-08-28 16:12:50,1787933570312,1,1,26011001,11044958,3,0.01,4558.59,0.0,0.0,1.44,0.0,XAUUSD.u,STR CLOSE,
3717855,11045067,2026-08-28 16:12:50,1787933570429,1,1,26011001,11044955,3,0.01,4558.79,0.0,0.0,3.16,0.0,XAUUSD.u,STR CLOSE,
3717856,11045068,2026-08-28 16:12:50,1787933570545,0,1,26011001,11044954,3,0.01,4559.07,0.0,0.0,-8.0,0.0,XAUUSD.u,STR CLOSE,
3717882,11045088,2026-08-28 16:13:04,1787933584463,1,0,26011001,11045088,3,0.01,4555.46,0.0,0.0,0.0,0.0,XAUUSD.u,STR S1,
3717889,11045090,2026-08-28 16:13:06,1787933586037,1,0,26011001,11045090,3,0.01,4553.94,0.0,0.0,0.0,0.0,XAUUSD.u,STR S2,
3717913,11045130,2026-08-28 16:13:13,1787933593043,0,1,26011001,11045090,3,0.01,4551.73,0.0,0.0,2.21,0.0,XAUUSD.u,STR CLOSE,
3717916,11045133,2026-08-28 16:13:13,1787933593156,0,1,26011001,11045088,3,0.01,4552.57,0.0,0.0,2.89,0.0,XAUUSD.u,STR CLOSE,
3717958,11045173,2026-08-28 16:13:23,1787933603691,0,0,26011001,11045173,3,0.01,4549.64,0.0,0.0,0.0,0.0,XAUUSD.u,STR B1,
3717982,11045174,2026-08-28 16:13:37,1787933617689,1,0,26011001,11045174,3,0.01,4546.6,0.0,0.0,0.0,0.0,XAUUSD.u,STR S1,
3718009,11045176,2026-08-28 16:13:45,1787933625773,1,0,26011001,11045176,3,0.01,4545.08,0.0,0.0,0.0,0.0,XAUUSD.u,STR S2,
3718044,11045175,2026-08-28 16:13:56,1787933636915,0,0,26011001,11045175,3,0.01,4551.16,0.0,0.0,0.0,0.0,XAUUSD.u,STR B2,
3718180,11045386,2026-08-28 16:15:19,1787933719193,0,0,26011001,11045386,3,0.01,4551.16,0.0,0.0,0.0,0.0,XAUUSD.u,STR B2,
3718189,11045177,2026-08-28 16:15:21,1787933721397,0,0,26011001,11045177,3,0.01,4552.68,0.0,0.0,0.0,0.0,XAUUSD.u,STR B3,
3718309,11045179,2026-08-28 16:15:57,1787933757859,0,0,26011001,11045179,3,0.01,4554.2,0.0,0.0,0.0,0.0,XAUUSD.u,STR B4,
3718323,11045181,2026-08-28 16:16:00,1787933760815,0,0,26011001,11045181,3,0.01,4555.72,0.0,0.0,0.0,0.0,XAUUSD.u,STR B5,
3718353,11045616,2026-08-28 16:16:03,1787933763754,1,1,26011001,11045173,4,0.01,4555.1,0.0,0.0,5.46,0.0,XAUUSD.u,[sl 4555.10],
3718355,11045617,2026-08-28 16:16:03,1787933763754,1,1,26011001,11045386,4,0.01,4555.1,0.0,0.0,3.94,0.0,XAUUSD.u,[sl 4555.10],
3718382,11045646,2026-08-28 16:16:09,1787933769686,1,1,26011001,11045177,4,0.01,4553.63,0.0,0.0,0.95,0.0,XAUUSD.u,[sl 4553.63],
3718413,11045663,2026-08-28 16:16:23,1787933783786,0,0,26011001,11045663,3,0.01,4552.68,0.0,0.0,0.0,0.0,XAUUSD.u,STR B3,
3718436,11045713,2026-08-28 16:16:36,1787933796497,0,0,26011001,11045713,3,0.01,4551.16,0.0,0.0,0.0,0.0,XAUUSD.u,STR B2,
3718478,11045762,2026-08-28 16:16:58,1787933818367,1,1,26011001,11045713,3,0.01,4555.18,0.0,0.0,4.02,0.0,XAUUSD.u,STR CLOSE,
3718479,11045763,2026-08-28 16:16:58,1787933818481,1,1,26011001,11045663,3,0.01,4555.07,0.0,0.0,2.39,0.0,XAUUSD.u,STR CLOSE,
3718480,11045764,2026-08-28 16:16:58,1787933818594,1,1,26011001,11045181,3,0.01,4555.18,0.0,0.0,-0.54,0.0,XAUUSD.u,STR CLOSE,
3718482,11045765,2026-08-28 16:16:58,1787933818707,1,1,26011001,11045179,3,0.01,4555.51,0.0,0.0,1.31,0.0,XAUUSD.u,STR CLOSE,
3718577,11045856,2026-08-28 16:17:21,1787933841280,1,0,26011001,11045856,3,0.01,4556.34,0.0,0.0,0.0,0.0,XAUUSD.u,STR S1,
3718595,11045855,2026-08-28 16:17:29,1787933849816,0,0,26011001,11045855,3,0.01,4559.38,0.0,0.0,0.0,0.0,XAUUSD.u,STR B1,
3718603,11045857,2026-08-28 16:17:30,1787933850930,0,0,26011001,11045857,3,0.01,4560.9,0.0,0.0,0.0,0.0,XAUUSD.u,STR B2,
3718621,11045859,2026-08-28 16:17:38,1787933858876,0,0,26011001,11045859,3,0.01,4562.42,0.0,0.0,0.0,0.0,XAUUSD.u,STR B3,
3718639,11045861,2026-08-28 16:17:42,1787933862664,0,0,26011001,11045861,3,0.01,4563.94,0.0,0.0,0.0,0.0,XAUUSD.u,STR B4,
3718656,11045863,2026-08-28 16:17:47,1787933867949,0,0,26011001,11045863,3,0.01,4565.46,0.0,0.0,0.0,0.0,XAUUSD.u,STR B5,
3718688,11046011,2026-08-28 16:18:11,1787933891934,1,1,26011001,11045863,3,0.01,4565.76,0.0,0.0,0.3,0.0,XAUUSD.u,STR CLOSE,
3718689,11046012,2026-08-28 16:18:12,1787933892047,1,1,26011001,11045861,3,0.01,4565.64,0.0,0.0,1.7,0.0,XAUUSD.u,STR CLOSE,
3718690,11046013,2026-08-28 16:18:12,1787933892160,1,1,26011001,11045859,3,0.01,4565.66,0.0,0.0,3.24,0.0,XAUUSD.u,STR CLOSE,
3718691,11046014,2026-08-28 16:18:12,1787933892274,1,1,26011001,11045857,3,0.01,4565.64,0.0,0.0,4.74,0.0,XAUUSD.u,STR CLOSE,
3718692,11046015,2026-08-28 16:18:12,1787933892389,0,1,26011001,11045856,3,0.01,4565.69,0.0,0.0,-9.35,0.0,XAUUSD.u,STR CLOSE,
3718693,11046016,2026-08-28 16:18:12,1787933892502,1,1,26011001,11045855,3,0.01,4565.57,0.0,0.0,6.19,0.0,XAUUSD.u,STR CLOSE,
3718704,11046024,2026-08-28 16:18:22,1787933902108,1,0,26011001,11046024,3,0.01,4562.89,0.0,0.0,0.0,0.0,XAUUSD.u,STR S1,
3718711,11046026,2026-08-28 16:18:26,1787933906045,1,0,26011001,11046026,3,0.01,4561.37,0.0,0.0,0.0,0.0,XAUUSD.u,STR S2,
3718720,11046028,2026-08-28 16:18:29,1787933909773,1,0,26011001,11046028,3,0.01,4559.85,0.0,0.0,0.0,0.0,XAUUSD.u,STR S3,
3718891,11046030,2026-08-28 16:19:39,1787933979205,1,0,26011001,11046030,3,0.01,4558.33,0.0,0.0,0.0,0.0,XAUUSD.u,STR S4,
3718922,11046289,2026-08-28 16:19:43,1787933983480,0,1,26011001,11046030,3,0.01,4558.81,0.0,0.0,-0.48,0.0,XAUUSD.u,STR CLOSE,
3718924,11046291,2026-08-28 16:19:43,1787933983592,0,1,26011001,11046028,3,0.01,4558.73,0.0,0.0,1.12,0.0,XAUUSD.u,STR CLOSE,
3718932,11046299,2026-08-28 16:19:45,1787933985529,0,1,26011001,11046026,3,0.01,4557.88,0.0,0.0,3.49,0.0,XAUUSD.u,STR CLOSE,
3718947,11046316,2026-08-28 16:19:49,1787933989178,0,1,0,11046024,0,0.01,4555.56,0.0,0.0,7.33,0.0,XAUUSD.u,,
3719234,11046616,2026-08-28 16:22:28,1787934148525,1,0,26011001,11046616,3,0.01,4563.85,0.0,0.0,0.0,0.0,XAUUSD.u,STR S1,
3719255,11046615,2026-08-28 16:22:42,1787934162354,0,0,26011001,11046615,3,0.01,4566.89,0.0,0.0,0.0,0.0,XAUUSD.u,STR B1,
3719311,11046625,2026-08-28 16:23:09,1787934189218,1,0,26011001,11046625,3,0.01,4562.33,0.0,0.0,0.0,0.0,XAUUSD.u,STR S2,
3719321,11046627,2026-08-28 16:23:12,1787934192691,1,0,26011001,11046627,3,0.01,4560.81,0.0,0.0,0.0,0.0,XAUUSD.u,STR S3,
3719333,11046629,2026-08-28 16:23:16,1787934196615,1,0,26011001,11046629,3,0.01,4559.29,0.0,0.0,0.0,0.0,XAUUSD.u,STR S4,
3719349,11046632,2026-08-28 16:23:19,1787934199713,1,0,26011001,11046632,3,0.01,4557.77,0.0,0.0,0.0,0.0,XAUUSD.u,STR S5,
3719373,11046634,2026-08-28 16:23:32,1787934212073,1,0,26011001,11046634,3,0.01,4556.25,0.0,0.0,0.0,0.0,XAUUSD.u,STR S6,
3719380,11046636,2026-08-28 16:23:33,1787934213062,1,0,26011001,11046636,3,0.01,4554.73,0.0,0.0,0.0,0.0,XAUUSD.u,STR S7,
3719401,11046638,2026-08-28 16:23:40,1787934220481,1,0,26011001,11046638,3,0.01,4553.21,0.0,0.0,0.0,0.0,XAUUSD.u,STR S8,
3719444,11046892,2026-08-28 16:23:42,1787934222254,0,1,26011001,11046638,3,0.01,4553.48,0.0,0.0,-0.27,0.0,XAUUSD.u,STR CLOSE,
3719445,11046893,2026-08-28 16:23:42,1787934222367,0,1,26011001,11046636,3,0.01,4553.51,0.0,0.0,1.22,0.0,XAUUSD.u,STR CLOSE,
3719446,11046894,2026-08-28 16:23:42,1787934222483,0,1,26011001,11046634,3,0.01,4553.2,0.0,0.0,3.05,0.0,XAUUSD.u,STR CLOSE,
3719449,11046897,2026-08-28 16:23:42,1787934222596,0,1,26011001,11046632,3,0.01,4552.93,0.0,0.0,4.84,0.0,XAUUSD.u,STR CLOSE,
3719450,11046898,2026-08-28 16:23:42,1787934222709,0,1,26011001,11046629,3,0.01,4552.82,0.0,0.0,6.47,0.0,XAUUSD.u,STR CLOSE,
3719451,11046899,2026-08-28 16:23:42,1787934222823,0,1,26011001,11046627,3,0.01,4552.84,0.0,0.0,7.97,0.0,XAUUSD.u,STR CLOSE,
3719452,11046900,2026-08-28 16:23:42,1787934222939,0,1,26011001,11046625,3,0.01,4552.82,0.0,0.0,9.51,0.0,XAUUSD.u,STR CLOSE,
3719453,11046901,2026-08-28 16:23:43,1787934223052,0,1,26011001,11046616,3,0.01,4552.8,0.0,0.0,11.05,0.0,XAUUSD.u,STR CLOSE,
3719454,11046902,2026-08-28 16:23:43,1787934223165,1,1,26011001,11046615,3,0.01,4552.71,0.0,0.0,-14.18,0.0,XAUUSD.u,STR CLOSE,
3719516,11046952,2026-08-28 16:24:09,1787934249679,0,0,26011001,11046952,3,0.01,4550.75,0.0,0.0,0.0,0.0,XAUUSD.u,STR B1,
3719555,11046954,2026-08-28 16:24:28,1787934268167,0,0,26011001,11046954,3,0.01,4552.27,0.0,0.0,0.0,0.0,XAUUSD.u,STR B2,
3719565,11046956,2026-08-28 16:24:35,1787934275213,0,0,26011001,11046956,3,0.01,4553.79,0.0,0.0,0.0,0.0,XAUUSD.u,STR B3,
3719575,11046960,2026-08-28 16:24:41,1787934281778,0,0,26011001,11046960,3,0.01,4555.31,0.0,0.0,0.0,0.0,XAUUSD.u,STR B4,
3719609,11046962,2026-08-28 16:24:58,1787934298025,0,0,26011001,11046962,3,0.01,4556.83,0.0,0.0,0.0,0.0,XAUUSD.u,STR B5,
3719623,11046965,2026-08-28 16:25:00,1787934300838,0,0,26011001,11046965,3,0.01,4558.35,0.0,0.0,0.0,0.0,XAUUSD.u,STR B6,
3719666,11047172,2026-08-28 16:25:19,1787934319689,1,1,26011001,11046952,4,0.01,4554.52,0.0,0.0,3.77,0.0,XAUUSD.u,[sl 4554.52],
3719687,11047194,2026-08-28 16:25:22,1787934322669,1,1,26011001,11046954,4,0.01,4552.95,0.0,0.0,0.68,0.0,XAUUSD.u,[sl 4552.95],
3719754,11046953,2026-08-28 16:26:06,1787934366370,1,0,26011001,11046953,3,0.01,4547.71,0.0,0.0,0.0,0.0,XAUUSD.u,STR S1,
3719765,11046955,2026-08-28 16:26:09,1787934369795,1,0,26011001,11046955,3,0.01,4546.19,0.0,0.0,0.0,0.0,XAUUSD.u,STR S2,
3719779,11046958,2026-08-28 16:26:11,1787934371771,1,0,26011001,11046958,3,0.01,4544.67,0.0,0.0,0.0,0.0,XAUUSD.u,STR S3,
3719889,11047246,2026-08-28 16:26:58,1787934418896,0,0,26011001,11047246,3,0.01,4550.75,0.0,0.0,0.0,0.0,XAUUSD.u,STR B1,
3719971,11046961,2026-08-28 16:27:35,1787934455812,1,0,26011001,11046961,3,0.01,4543.15,0.0,0.0,0.0,0.0,XAUUSD.u,STR S4,
3719998,11046963,2026-08-28 16:27:43,1787934463494,1,0,26011001,11046963,3,0.01,4541.63,0.0,0.0,0.0,0.0,XAUUSD.u,STR S5,
3720003,11046966,2026-08-28 16:27:43,1787934463530,1,0,26011001,11046966,3,0.01,4540.11,0.0,0.0,0.0,0.0,XAUUSD.u,STR S6,
3720015,11046969,2026-08-28 16:27:43,1787934463609,1,0,26011001,11046969,3,0.01,4538.59,0.0,0.0,0.0,0.0,XAUUSD.u,STR S7,
3720035,11047535,2026-08-28 16:27:49,1787934469428,1,1,26011001,11047246,3,0.01,4537.62,0.0,0.0,-13.13,0.0,XAUUSD.u,STR CLOSE,
3720036,11047536,2026-08-28 16:27:49,1787934469544,0,1,26011001,11046969,3,0.01,4537.98,0.0,0.0,0.61,0.0,XAUUSD.u,STR CLOSE,
3720037,11047537,2026-08-28 16:27:49,1787934469657,0,1,26011001,11046966,3,0.01,4537.84,0.0,0.0,2.27,0.0,XAUUSD.u,STR CLOSE,
3720038,11047538,2026-08-28 16:27:49,1787934469772,0,1,26011001,11046963,3,0.01,4538.06,0.0,0.0,3.57,0.0,XAUUSD.u,STR CLOSE,
3720039,11047539,2026-08-28 16:27:49,1787934469885,0,1,26011001,11046961,3,0.01,4537.93,0.0,0.0,5.22,0.0,XAUUSD.u,STR CLOSE,
3720040,11047540,2026-08-28 16:27:50,1787934470000,0,1,26011001,11046958,3,0.01,4538.01,0.0,0.0,6.66,0.0,XAUUSD.u,STR CLOSE,
3720041,11047541,2026-08-28 16:27:50,1787934470119,0,1,26011001,11046955,3,0.01,4537.73,0.0,0.0,8.46,0.0,XAUUSD.u,STR CLOSE,
3720045,11047545,2026-08-28 16:27:50,1787934470237,0,1,26011001,11046953,3,0.01,4537.73,0.0,0.0,9.98,0.0,XAUUSD.u,STR CLOSE,
3720403,11047896,2026-08-28 16:29:50,1787934590650,0,0,26011001,11047896,3,0.01,4549.32,0.0,0.0,0.0,0.0,XAUUSD.u,STR B1,
3720422,11047898,2026-08-28 16:29:55,1787934595153,0,0,26011001,11047898,3,0.01,4550.84,0.0,0.0,0.0,0.0,XAUUSD.u,STR B2,
3720436,11047900,2026-08-28 16:29:57,1787934597664,0,0,26011001,11047900,3,0.01,4552.36,0.0,0.0,0.0,0.0,XAUUSD.u,STR B3,
3720449,11047903,2026-08-28 16:30:02,1787934602196,0,0,26011001,11047903,3,0.01,4553.88,0.0,0.0,0.0,0.0,XAUUSD.u,STR B4,
3720464,11048024,2026-08-28 16:30:06,1787934606765,1,1,26011001,11047896,4,0.01,4553.02,0.0,0.0,3.7,0.0,XAUUSD.u,[sl 4553.02],
3720472,11047905,2026-08-28 16:30:08,1787934608447,0,0,26011001,11047905,3,0.01,4555.4,0.0,0.0,0.0,0.0,XAUUSD.u,STR B5,
3720495,11047909,2026-08-28 16:30:15,1787934615891,0,0,26011001,11047909,3,0.01,4556.92,0.0,0.0,0.0,0.0,XAUUSD.u,STR B6,
3720530,11048093,2026-08-28 16:30:28,1787934628562,1,1,26011001,11047898,4,0.01,4554.38,0.0,0.0,3.54,0.0,XAUUSD.u,[sl 4554.38],
3720559,11047911,2026-08-28 16:30:56,1787934656325,0,0,26011001,11047911,3,0.01,4558.44,0.0,0.0,0.0,0.0,XAUUSD.u,STR B7,
3720572,11047914,2026-08-28 16:31:01,1787934661289,0,0,26011001,11047914,3,0.01,4559.96,0.0,0.0,0.0,0.0,XAUUSD.u,STR B8,
3720586,11048147,2026-08-28 16:31:07,1787934667116,1,1,26011001,11047914,3,0.01,4561.12,0.0,0.0,1.16,0.0,XAUUSD.u,STR CLOSE,
3720588,11048149,2026-08-28 16:31:07,1787934667229,1,1,26011001,11047911,3,0.01,4560.81,0.0,0.0,2.37,0.0,XAUUSD.u,STR CLOSE,
3720590,11048151,2026-08-28 16:31:07,1787934667342,1,1,26011001,11047909,3,0.01,4560.78,0.0,0.0,3.86,0.0,XAUUSD.u,STR CLOSE,
3720591,11048152,2026-08-28 16:31:07,1787934667455,1,1,26011001,11047905,3,0.01,4560.82,0.0,0.0,5.42,0.0,XAUUSD.u,STR CLOSE,
3720593,11048154,2026-08-28 16:31:07,1787934667569,1,1,26011001,11047903,3,0.01,4560.43,0.0,0.0,6.55,0.0,XAUUSD.u,STR CLOSE,
3720594,11048155,2026-08-28 16:31:07,1787934667681,1,1,26011001,11047900,3,0.01,4560.37,0.0,0.0,8.01,0.0,XAUUSD.u,STR CLOSE,
3720623,11048184,2026-08-28 16:31:17,1787934677138,1,0,26011001,11048184,3,0.01,4560.98,0.0,0.0,0.0,0.0,XAUUSD.u,STR S1,
3720628,11048187,2026-08-28 16:31:19,1787934679163,1,0,26011001,11048187,3,0.01,4559.46,0.0,0.0,0.0,0.0,XAUUSD.u,STR S2,
3720675,11048183,2026-08-28 16:31:36,1787934696755,0,0,26011001,11048183,3,0.01,4564.02,0.0,0.0,0.0,0.0,XAUUSD.u,STR B1,
3720734,11048185,2026-08-28 16:32:23,1787934743800,0,0,26011001,11048185,3,0.01,4565.54,0.0,0.0,0.0,0.0,XAUUSD.u,STR B2,
3720776,11048191,2026-08-28 16:32:49,1787934769478,1,0,26011001,11048191,3,0.01,4557.94,0.0,0.0,0.0,0.0,XAUUSD.u,STR S3,
3720832,11048189,2026-08-28 16:33:49,1787934829193,0,0,26011001,11048189,3,0.01,4567.06,0.0,0.0,0.0,0.0,XAUUSD.u,STR B3,
3720863,11048195,2026-08-28 16:34:09,1787934849390,0,0,26011001,11048195,3,0.01,4568.58,0.0,0.0,0.0,0.0,XAUUSD.u,STR B4,
3720887,11048197,2026-08-28 16:34:19,1787934859193,0,0,26011001,11048197,3,0.01,4570.1,0.0,0.0,0.0,0.0,XAUUSD.u,STR B5,
3720891,11048520,2026-08-28 16:34:23,1787934863631,1,1,26011001,11048183,4,0.01,4568.23,0.0,0.0,4.21,0.0,XAUUSD.u,[sl 4568.23],
3720916,11048544,2026-08-28 16:34:36,1787934876463,1,1,26011001,11048185,4,0.01,4566.71,0.0,0.0,1.17,0.0,XAUUSD.u,[sl 4566.71],
3720951,11048199,2026-08-28 16:35:08,1787934908245,0,0,26011001,11048199,3,0.01,4571.62,0.0,0.0,0.0,0.0,XAUUSD.u,STR B6,
3720968,11048603,2026-08-28 16:35:22,1787934922078,1,1,26011001,11048189,4,0.01,4571.3,0.0,0.0,4.24,0.0,XAUUSD.u,[sl 4571.30],
3720970,11048604,2026-08-28 16:35:22,1787934922153,1,1,26011001,11048195,4,0.01,4569.79,0.0,0.0,1.21,0.0,XAUUSD.u,[sl 4569.79],
3720985,11048202,2026-08-28 16:35:32,1787934932919,0,0,26011001,11048202,3,0.01,4573.14,0.0,0.0,0.0,0.0,XAUUSD.u,STR B7,
3721030,11048204,2026-08-28 16:35:57,1787934957843,0,0,26011001,11048204,3,0.01,4574.66,0.0,0.0,0.0,0.0,XAUUSD.u,STR B8,
3721054,11048206,2026-08-28 16:36:13,1787934973447,0,0,26011001,11048206,3,0.01,4576.18,0.0,0.0,0.0,0.0,XAUUSD.u,STR B9,
3721074,11048711,2026-08-28 16:36:23,1787934983198,1,1,26011001,11048197,4,0.01,4575.0,0.0,0.0,4.9,0.0,XAUUSD.u,[sl 4575.00],
3721075,11048712,2026-08-28 16:36:23,1787934983198,1,1,26011001,11048199,4,0.01,4575.0,0.0,0.0,3.38,0.0,XAUUSD.u,[sl 4575.00],
3721095,11048733,2026-08-28 16:36:40,1787935000188,1,1,26011001,11048202,4,0.01,4573.43,0.0,0.0,0.29,0.0,XAUUSD.u,[sl 4573.43],
3721114,11048749,2026-08-28 16:36:55,1787935015486,0,0,26011001,11048749,3,0.01,4571.62,0.0,0.0,0.0,0.0,XAUUSD.u,STR B6,
3721116,11048751,2026-08-28 16:36:59,1787935019664,0,0,26011001,11048751,3,0.01,4573.14,0.0,0.0,0.0,0.0,XAUUSD.u,STR B7,
3721249,11048894,2026-08-28 16:39:12,1787935152422,1,1,26011001,11048749,4,0.01,4572.93,0.0,0.0,1.31,0.0,XAUUSD.u,[sl 4572.93],
3721419,11049068,2026-08-28 16:40:06,1787935206817,0,0,26011001,11049068,3,0.01,4564.02,0.0,0.0,0.0,0.0,XAUUSD.u,STR B1,
3721440,11049069,2026-08-28 16:40:22,1787935222676,0,0,26011001,11049069,3,0.01,4565.54,0.0,0.0,0.0,0.0,XAUUSD.u,STR B2,
3721450,11049071,2026-08-28 16:40:27,1787935227238,0,0,26011001,11049071,3,0.01,4567.06,0.0,0.0,0.0,0.0,XAUUSD.u,STR B3,
3721469,11048946,2026-08-28 16:40:55,1787935255349,0,0,26011001,11048946,3,0.01,4568.58,0.0,0.0,0.0,0.0,XAUUSD.u,STR B4,
3721512,11049166,2026-08-28 16:41:06,1787935266565,1,1,26011001,11049068,4,0.01,4564.64,0.0,0.0,0.62,0.0,XAUUSD.u,[sl 4564.64],
3721522,11049176,2026-08-28 16:41:17,1787935277523,0,0,26011001,11049176,3,0.01,4564.02,0.0,0.0,0.0,0.0,XAUUSD.u,STR B1,
3721805,11048652,2026-08-28 16:43:39,1787935419330,1,0,26011001,11048652,3,0.01,4559.46,0.0,0.0,0.0,0.0,XAUUSD.u,STR S2,
3721820,11048622,2026-08-28 16:43:44,1787935424174,1,0,26011001,11048622,3,0.01,4557.94,0.0,0.0,0.0,0.0,XAUUSD.u,STR S3,
3722070,11048196,2026-08-28 16:45:45,1787935545433,1,0,26011001,11048196,3,0.01,4556.42,0.0,0.0,0.0,0.0,XAUUSD.u,STR S4,
3722081,11048198,2026-08-28 16:45:49,1787935549146,1,0,26011001,11048198,3,0.01,4554.9,0.0,0.0,0.0,0.0,XAUUSD.u,STR S5,
3722103,11048200,2026-08-28 16:46:00,1787935560204,1,0,26011001,11048200,3,0.01,4553.38,0.0,0.0,0.0,0.0,XAUUSD.u,STR S6,
3722137,11049819,2026-08-28 16:46:09,1787935569605,0,1,26011001,11048184,4,0.01,4553.99,0.0,0.0,6.99,0.0,XAUUSD.u,[sl 4553.99],
3722167,11049850,2026-08-28 16:46:14,1787935574881,0,1,26011001,11048622,4,0.01,4554.14,0.0,0.0,3.8,0.0,XAUUSD.u,[sl 4554.14],
3722168,11049851,2026-08-28 16:46:14,1787935574881,0,1,26011001,11048652,4,0.01,4554.14,0.0,0.0,5.32,0.0,XAUUSD.u,[sl 4554.14],
3722211,11049894,2026-08-28 16:46:33,1787935593580,0,1,26011001,11048196,4,0.01,4555.66,0.0,0.0,0.76,0.0,XAUUSD.u,[sl 4555.66],
3722237,11049919,2026-08-28 16:47:14,1787935634422,1,0,26011001,11049919,3,0.01,4556.42,0.0,0.0,0.0,0.0,XAUUSD.u,STR S4,
3722334,11050016,2026-08-28 16:48:17,1787935697255,1,0,26011001,11050016,3,0.01,4557.94,0.0,0.0,0.0,0.0,XAUUSD.u,STR S3,
3722524,11048203,2026-08-28 16:49:42,1787935782992,1,0,26011001,11048203,3,0.01,4551.86,0.0,0.0,0.0,0.0,XAUUSD.u,STR S7,
3722573,11050268,2026-08-28 16:50:23,1787935823608,0,1,26011001,11050016,3,0.01,4551.35,0.0,0.0,6.59,0.0,XAUUSD.u,STR CLOSE,
3722574,11050269,2026-08-28 16:50:23,1787935823721,0,1,26011001,11049919,3,0.01,4551.38,0.0,0.0,5.04,0.0,XAUUSD.u,STR CLOSE,
3722575,11050270,2026-08-28 16:50:23,1787935823835,1,1,26011001,11049176,3,0.01,4551.26,0.0,0.0,-12.76,0.0,XAUUSD.u,STR CLOSE,
3722576,11050271,2026-08-28 16:50:23,1787935823949,1,1,26011001,11049071,3,0.01,4551.41,0.0,0.0,-15.65,0.0,XAUUSD.u,STR CLOSE,
3722577,11050272,2026-08-28 16:50:24,1787935824062,1,1,26011001,11049069,3,0.01,4551.39,0.0,0.0,-14.15,0.0,XAUUSD.u,STR CLOSE,
3722578,11050273,2026-08-28 16:50:24,1787935824175,0,1,26011001,11048203,3,0.01,4551.73,0.0,0.0,0.13,0.0,XAUUSD.u,STR CLOSE,
3722579,11050274,2026-08-28 16:50:24,1787935824287,0,1,26011001,11048200,3,0.01,4551.91,0.0,0.0,1.47,0.0,XAUUSD.u,STR CLOSE,
3722580,11050275,2026-08-28 16:50:24,1787935824400,0,1,26011001,11048198,3,0.01,4551.98,0.0,0.0,2.92,0.0,XAUUSD.u,STR CLOSE,
3722624,11050301,2026-08-28 16:50:45,1787935845200,0,0,26011001,11050301,3,0.01,4557.19,0.0,0.0,0.0,0.0,XAUUSD.u,STR B1,
3722638,11050304,2026-08-28 16:50:55,1787935855652,1,0,26011001,11050304,3,0.01,4554.15,0.0,0.0,0.0,0.0,XAUUSD.u,STR S1,
3722647,11050310,2026-08-28 16:50:59,1787935859234,1,0,26011001,11050310,3,0.01,4552.63,0.0,0.0,0.0,0.0,XAUUSD.u,STR S2,
3722674,11050309,2026-08-28 16:51:14,1787935874494,0,0,26011001,11050309,3,0.01,4558.71,0.0,0.0,0.0,0.0,XAUUSD.u,STR B2,
3722680,11050311,2026-08-28 16:51:15,1787935875082,0,0,26011001,11050311,3,0.01,4560.23,0.0,0.0,0.0,0.0,XAUUSD.u,STR B3,
3722739,11050500,2026-08-28 16:51:36,1787935896853,1,1,26011001,11050301,4,0.01,4558.02,0.0,0.0,0.83,0.0,XAUUSD.u,[sl 4558.02],
3722762,11050313,2026-08-28 16:51:53,1787935913222,0,0,26011001,11050313,3,0.01,4561.75,0.0,0.0,0.0,0.0,XAUUSD.u,STR B4,
3722780,11050546,2026-08-28 16:52:02,1787935922478,1,1,26011001,11050309,4,0.01,4559.91,0.0,0.0,1.2,0.0,XAUUSD.u,[sl 4559.91],
3722823,11050315,2026-08-28 16:52:30,1787935950506,0,0,26011001,11050315,3,0.01,4563.27,0.0,0.0,0.0,0.0,XAUUSD.u,STR B5,
3722889,11050321,2026-08-28 16:53:25,1787936005865,0,0,26011001,11050321,3,0.01,4564.79,0.0,0.0,0.0,0.0,XAUUSD.u,STR B6,
3722899,11050323,2026-08-28 16:53:27,1787936007266,0,0,26011001,11050323,3,0.01,4566.31,0.0,0.0,0.0,0.0,XAUUSD.u,STR B7,
3722945,11050326,2026-08-28 16:54:03,1787936043473,0,0,26011001,11050326,3,0.01,4567.83,0.0,0.0,0.0,0.0,XAUUSD.u,STR B8,
3722978,11050743,2026-08-28 16:54:16,1787936056477,1,1,26011001,11050326,3,0.01,4567.94,0.0,0.0,0.11,0.0,XAUUSD.u,STR CLOSE,
3722979,11050744,2026-08-28 16:54:16,1787936056590,1,1,26011001,11050323,3,0.01,4567.93,0.0,0.0,1.62,0.0,XAUUSD.u,STR CLOSE,
3722980,11050745,2026-08-28 16:54:16,1787936056703,1,1,26011001,11050321,3,0.01,4568.05,0.0,0.0,3.26,0.0,XAUUSD.u,STR CLOSE,
3722981,11050746,2026-08-28 16:54:16,1787936056815,1,1,26011001,11050315,3,0.01,4568.24,0.0,0.0,4.97,0.0,XAUUSD.u,STR CLOSE,
3722982,11050747,2026-08-28 16:54:16,1787936056928,1,1,26011001,11050313,3,0.01,4568.28,0.0,0.0,6.53,0.0,XAUUSD.u,STR CLOSE,
3722983,11050748,2026-08-28 16:54:17,1787936057041,1,1,26011001,11050311,3,0.01,4568.28,0.0,0.0,8.05,0.0,XAUUSD.u,STR CLOSE,
3722984,11050749,2026-08-28 16:54:17,1787936057155,0,1,26011001,11050304,3,0.01,4568.43,0.0,0.0,-14.28,0.0,XAUUSD.u,STR CLOSE,
3722997,11050757,2026-08-28 16:54:29,1787936069092,0,0,26011001,11050757,3,0.01,4569.83,0.0,0.0,0.0,0.0,XAUUSD.u,STR B1,
3723031,11050759,2026-08-28 16:55:00,1787936100267,0,0,26011001,11050759,3,0.01,4571.35,0.0,0.0,0.0,0.0,XAUUSD.u,STR B2,
3723054,11050761,2026-08-28 16:55:08,1787936108321,0,0,26011001,11050761,3,0.01,4572.87,0.0,0.0,0.0,0.0,XAUUSD.u,STR B3,
3723098,11050763,2026-08-28 16:55:51,1787936151381,0,0,26011001,11050763,3,0.01,4574.39,0.0,0.0,0.0,0.0,XAUUSD.u,STR B4,
3723125,11050766,2026-08-28 16:56:00,1787936160631,0,0,26011001,11050766,3,0.01,4575.91,0.0,0.0,0.0,0.0,XAUUSD.u,STR B5,
3723144,11050768,2026-08-28 16:56:03,1787936163681,0,0,26011001,11050768,3,0.01,4577.43,0.0,0.0,0.0,0.0,XAUUSD.u,STR B6,
3723158,11050976,2026-08-28 16:56:08,1787936168935,1,1,26011001,11050768,3,0.01,4577.22,0.0,0.0,-0.21,0.0,XAUUSD.u,STR CLOSE,
3723159,11050977,2026-08-28 16:56:09,1787936169051,1,1,26011001,11050766,3,0.01,4577.12,0.0,0.0,1.21,0.0,XAUUSD.u,STR CLOSE,
3723160,11050978,2026-08-28 16:56:09,1787936169165,1,1,26011001,11050763,3,0.01,4576.98,0.0,0.0,2.59,0.0,XAUUSD.u,STR CLOSE,
3723161,11050979,2026-08-28 16:56:09,1787936169279,1,1,26011001,11050761,3,0.01,4576.84,0.0,0.0,3.9699999999999998,0.0,XAUUSD.u,STR CLOSE,
3723167,11050985,2026-08-28 16:56:09,1787936169392,1,1,26011001,11050759,3,0.01,4576.88,0.0,0.0,5.53,0.0,XAUUSD.u,STR CLOSE,
3723168,11050986,2026-08-28 16:56:09,1787936169505,1,1,26011001,11050757,3,0.01,4576.84,0.0,0.0,7.01,0.0,XAUUSD.u,STR CLOSE,
3723394,11051164,2026-08-28 16:58:54,1787936334909,0,0,26011001,11051164,3,0.01,4579.42,0.0,0.0,0.0,0.0,XAUUSD.u,STR B1,
3723450,11051166,2026-08-28 17:00:25,1787936425812,0,0,26011001,11051166,3,0.01,4580.95,0.0,0.0,0.0,0.0,XAUUSD.u,STR B2,
3723492,11051168,2026-08-28 17:00:54,1787936454327,0,0,26011001,11051168,3,0.01,4582.48,0.0,0.0,0.0,0.0,XAUUSD.u,STR B3,
3723521,11051165,2026-08-28 17:01:26,1787936486005,1,0,26011001,11051165,3,0.01,4576.36,0.0,0.0,0.0,0.0,XAUUSD.u,STR S1,
3723553,11051167,2026-08-28 17:02:20,1787936540450,1,0,26011001,11051167,3,0.01,4574.83,0.0,0.0,0.0,0.0,XAUUSD.u,STR S2,
3723577,11051169,2026-08-28 17:02:36,1787936556673,1,0,26011001,11051169,3,0.01,4573.3,0.0,0.0,0.0,0.0,XAUUSD.u,STR S3,
3723712,11051522,2026-08-28 17:03:32,1787936612427,0,1,26011001,11051165,4,0.01,4576.21,0.0,0.0,0.15,0.0,XAUUSD.u,[sl 4576.21],
3723733,11051546,2026-08-28 17:03:50,1787936630759,1,0,26011001,11051546,3,0.01,4576.36,0.0,0.0,0.0,0.0,XAUUSD.u,STR S1,
3723925,11051744,2026-08-28 17:08:30,1787936910372,0,1,26011001,11051546,4,0.01,4574.0,0.0,0.0,2.36,0.0,XAUUSD.u,[sl 4574.00],
3723955,11051776,2026-08-28 17:09:21,1787936961924,1,0,26011001,11051776,3,0.01,4576.36,0.0,0.0,0.0,0.0,XAUUSD.u,STR S1,
3723963,11051783,2026-08-28 17:09:40,1787936980130,0,1,26011001,11051776,4,0.01,4574.2,0.0,0.0,2.16,0.0,XAUUSD.u,[sl 4574.20],
3723985,11051171,2026-08-28 17:10:15,1787937015883,1,0,26011001,11051171,3,0.01,4571.77,0.0,0.0,0.0,0.0,XAUUSD.u,STR S4,
3724084,11051173,2026-08-28 17:10:28,1787937028182,1,0,26011001,11051173,3,0.01,4570.24,0.0,0.0,0.0,0.0,XAUUSD.u,STR S5,
3724131,11051949,2026-08-28 17:10:37,1787937037543,0,1,26011001,11051167,4,0.01,4570.0,0.0,0.0,4.83,0.0,XAUUSD.u,[sl 4570.00],
3724138,11051955,2026-08-28 17:10:43,1787937043170,0,1,26011001,11051169,4,0.01,4571.0,0.0,0.0,2.3,0.0,XAUUSD.u,[sl 4571.00],
3724149,11051175,2026-08-28 17:10:49,1787937049826,1,0,26011001,11051175,3,0.01,4568.71,0.0,0.0,0.0,0.0,XAUUSD.u,STR S6,
3724155,11051177,2026-08-28 17:10:50,1787937050533,1,0,26011001,11051177,3,0.06,4567.18,0.0,0.0,0.0,0.0,XAUUSD.u,STR S7,
3724190,11051179,2026-08-28 17:11:04,1787937064335,1,0,26011001,11051179,3,0.06,4565.65,0.0,0.0,0.0,0.0,XAUUSD.u,STR S8,
3724239,11051181,2026-08-28 17:11:19,1787937079009,1,0,26011001,11051181,3,0.06,4564.12,0.0,0.0,0.0,0.0,XAUUSD.u,STR S9,
3724277,11052090,2026-08-28 17:11:28,1787937088841,0,1,26011001,11051171,4,0.01,4565.5,0.0,0.0,6.27,0.0,XAUUSD.u,[sl 4565.50],
3724278,11052091,2026-08-28 17:11:28,1787937088841,0,1,26011001,11051173,4,0.01,4565.5,0.0,0.0,4.74,0.0,XAUUSD.u,[sl 4565.50],
3724279,11052092,2026-08-28 17:11:28,1787937088841,0,1,26011001,11051175,4,0.01,4565.5,0.0,0.0,3.21,0.0,XAUUSD.u,[sl 4565.50],
3724283,11051183,2026-08-28 17:11:34,1787937094217,1,0,26011001,11051183,3,0.06,4562.59,0.0,0.0,0.0,0.0,XAUUSD.u,STR S10,
3724308,11052125,2026-08-28 17:11:47,1787937107163,0,1,26011001,11051177,4,0.06,4567.01,0.0,0.0,1.02,0.0,XAUUSD.u,[sl 4567.01],
3724355,11052173,2026-08-28 17:12:32,1787937152486,1,0,26011001,11052173,3,0.06,4567.18,0.0,0.0,0.0,0.0,XAUUSD.u,STR S7,
3724379,11052199,2026-08-28 17:13:11,1787937191760,0,1,26011001,11052173,3,0.06,4563.09,0.0,0.0,24.54,0.0,XAUUSD.u,STR CLOSE,
3724380,11052200,2026-08-28 17:13:11,1787937191872,0,1,26011001,11051183,3,0.06,4563.17,0.0,0.0,-3.48,0.0,XAUUSD.u,STR CLOSE,
3724381,11052201,2026-08-28 17:13:11,1787937191985,0,1,26011001,11051181,3,0.06,4563.17,0.0,0.0,5.7,0.0,XAUUSD.u,STR CLOSE,
3724382,11052202,2026-08-28 17:13:12,1787937192098,0,1,26011001,11051179,3,0.06,4563.18,0.0,0.0,14.82,0.0,XAUUSD.u,STR CLOSE,
3724383,11052203,2026-08-28 17:13:12,1787937192211,1,1,26011001,11051164,3,0.01,4563.3,0.0,0.0,-16.12,0.0,XAUUSD.u,STR CLOSE,
3724437,11052241,2026-08-28 17:14:06,1787937246330,1,0,26011001,11052241,3,0.01,4559.3,0.0,0.0,0.0,0.0,XAUUSD.u,STR S1,
3724451,11052243,2026-08-28 17:14:16,1787937256208,1,0,26011001,11052243,3,0.01,4557.78,0.0,0.0,0.0,0.0,XAUUSD.u,STR S2,
3724512,11052240,2026-08-28 17:15:23,1787937323785,0,0,26011001,11052240,3,0.01,4562.34,0.0,0.0,0.0,0.0,XAUUSD.u,STR B1,
3724518,11052242,2026-08-28 17:15:28,1787937328660,0,0,26011001,11052242,3,0.01,4563.86,0.0,0.0,0.0,0.0,XAUUSD.u,STR B2,
3724628,11052245,2026-08-28 17:17:37,1787937457151,1,0,26011001,11052245,3,0.01,4556.26,0.0,0.0,0.0,0.0,XAUUSD.u,STR S3,
3724707,11052247,2026-08-28 17:18:44,1787937524336,1,0,26011001,11052247,3,0.01,4554.74,0.0,0.0,0.0,0.0,XAUUSD.u,STR S4,
3724763,11052637,2026-08-28 17:19:13,1787937553206,0,1,26011001,11052241,4,0.01,4555.74,0.0,0.0,3.56,0.0,XAUUSD.u,[sl 4555.74],
3724825,11052700,2026-08-28 17:20:11,1787937611420,0,1,26011001,11052243,4,0.01,4557.25,0.0,0.0,0.53,0.0,XAUUSD.u,[sl 4557.25],
3724828,11052703,2026-08-28 17:20:13,1787937613925,1,0,26011001,11052703,3,0.01,4557.78,0.0,0.0,0.0,0.0,XAUUSD.u,STR S2,
3724843,11052719,2026-08-28 17:20:35,1787937635436,1,0,26011001,11052719,3,0.01,4559.3,0.0,0.0,0.0,0.0,XAUUSD.u,STR S1,
3724929,11052249,2026-08-28 17:21:45,1787937705059,1,0,26011001,11052249,3,0.01,4553.22,0.0,0.0,0.0,0.0,XAUUSD.u,STR S5,
3724950,11052251,2026-08-28 17:21:48,1787937708344,1,0,26011001,11052251,3,0.01,4551.7,0.0,0.0,0.0,0.0,XAUUSD.u,STR S6,
3724954,11052830,2026-08-28 17:21:48,1787937708834,0,1,26011001,11052703,4,0.01,4553.25,0.0,0.0,4.53,0.0,XAUUSD.u,[sl 4553.25],
3724955,11052831,2026-08-28 17:21:48,1787937708834,0,1,26011001,11052719,4,0.01,4553.25,0.0,0.0,6.05,0.0,XAUUSD.u,[sl 4553.25],
3724959,11052835,2026-08-28 17:21:49,1787937709194,0,1,26011001,11052245,4,0.01,4554.76,0.0,0.0,1.5,0.0,XAUUSD.u,[sl 4554.76],
3725164,11052244,2026-08-28 17:23:03,1787937783608,0,0,26011001,11052244,3,0.01,4565.38,0.0,0.0,0.0,0.0,XAUUSD.u,STR B3,
3725194,11053076,2026-08-28 17:23:40,1787937820351,1,1,26011001,11052240,4,0.01,4562.56,0.0,0.0,0.22,0.0,XAUUSD.u,[sl 4562.56],
3725204,11053077,2026-08-28 17:23:57,1787937837161,0,0,26011001,11053077,3,0.01,4562.34,0.0,0.0,0.0,0.0,XAUUSD.u,STR B1,
3725241,11053127,2026-08-28 17:25:04,1787937904411,1,1,26011001,11053077,4,0.01,4565.4,0.0,0.0,3.06,0.0,XAUUSD.u,[sl 4565.40],
3725271,11052246,2026-08-28 17:25:29,1787937929914,0,0,26011001,11052246,3,0.01,4566.9,0.0,0.0,0.0,0.0,XAUUSD.u,STR B4,
3725310,11052248,2026-08-28 17:26:04,1787937964122,0,0,26011001,11052248,3,0.01,4568.42,0.0,0.0,0.0,0.0,XAUUSD.u,STR B5,
3725366,11053246,2026-08-28 17:26:12,1787937972721,1,1,26011001,11052242,4,0.01,4567.75,0.0,0.0,3.89,0.0,XAUUSD.u,[sl 4567.75],
3725395,11053276,2026-08-28 17:26:36,1787937996471,1,1,26011001,11052244,4,0.01,4567.24,0.0,0.0,1.8599999999999999,0.0,XAUUSD.u,[sl 4567.24],
3725415,11053295,2026-08-28 17:27:19,1787938039528,0,0,26011001,11053295,3,0.01,4565.38,0.0,0.0,0.0,0.0,XAUUSD.u,STR B3,
3725422,11053297,2026-08-28 17:27:26,1787938046855,0,0,26011001,11053297,3,0.01,4563.86,0.0,0.0,0.0,0.0,XAUUSD.u,STR B2,
3725426,11053304,2026-08-28 17:27:30,1787938050001,0,0,26011001,11053304,3,0.01,4562.34,0.0,0.0,0.0,0.0,XAUUSD.u,STR B1,
3725675,11053556,2026-08-28 17:28:22,1787938102930,1,1,26011001,11053304,4,0.01,4563.48,0.0,0.0,1.1400000000000001,0.0,XAUUSD.u,[sl 4563.48],
3725681,11053562,2026-08-28 17:28:27,1787938107938,0,0,26011001,11053562,3,0.01,4562.34,0.0,0.0,0.0,0.0,XAUUSD.u,STR B1,
3725749,11052860,2026-08-28 17:28:40,1787938120407,1,0,26011001,11052860,3,0.01,4559.3,0.0,0.0,0.0,0.0,XAUUSD.u,STR S1,
3725869,11053746,2026-08-28 17:30:11,1787938211369,1,1,26011001,11053562,4,0.01,4566.06,0.0,0.0,3.7199999999999998,0.0,XAUUSD.u,[sl 4566.06],
3725916,11053793,2026-08-28 17:31:03,1787938263768,1,1,26011001,11053297,4,0.01,4565.76,0.0,0.0,1.9,0.0,XAUUSD.u,[sl 4565.76],
3726058,11052854,2026-08-28 17:32:24,1787938344210,1,0,26011001,11052854,3,0.01,4557.78,0.0,0.0,0.0,0.0,XAUUSD.u,STR S2,
3726101,11052841,2026-08-28 17:32:39,1787938359323,1,0,26011001,11052841,3,0.01,4556.26,0.0,0.0,0.0,0.0,XAUUSD.u,STR S3,
3726134,11054017,2026-08-28 17:33:01,1787938381732,0,1,26011001,11052860,4,0.01,4556.9,0.0,0.0,2.4,0.0,XAUUSD.u,[sl 4556.90],
3726151,11053915,2026-08-28 17:33:19,1787938399387,0,0,26011001,11053915,3,0.01,4562.34,0.0,0.0,0.0,0.0,XAUUSD.u,STR B1,
3726163,11054031,2026-08-28 17:33:29,1787938409218,1,0,26011001,11054031,3,0.01,4559.3,0.0,0.0,0.0,0.0,XAUUSD.u,STR S1,
3726290,11054185,2026-08-28 17:36:07,1787938567118,0,1,26011001,11054031,4,0.01,4558.77,0.0,0.0,0.53,0.0,XAUUSD.u,[sl 4558.77],
3726324,11054193,2026-08-28 17:37:03,1787938623232,1,0,26011001,11054193,3,0.01,4559.3,0.0,0.0,0.0,0.0,XAUUSD.u,STR S1,
3726379,11054278,2026-08-28 17:38:21,1787938701746,0,1,26011001,11054193,4,0.01,4556.03,0.0,0.0,3.27,0.0,XAUUSD.u,[sl 4556.03],
3726407,11054053,2026-08-28 17:38:40,1787938720003,1,0,26011001,11054053,3,0.01,4553.22,0.0,0.0,0.0,0.0,XAUUSD.u,STR S5,
3726420,11053227,2026-08-28 17:38:41,1787938721589,1,0,26011001,11053227,3,0.01,4551.7,0.0,0.0,0.0,0.0,XAUUSD.u,STR S6,
3726459,11052253,2026-08-28 17:38:54,1787938734637,1,0,26011001,11052253,3,0.06,4550.18,0.0,0.0,0.0,0.0,XAUUSD.u,STR S7,
3726539,11052262,2026-08-28 17:39:12,1787938752605,1,0,26011001,11052262,3,0.06,4548.66,0.0,0.0,0.0,0.0,XAUUSD.u,STR S8,
3726557,11054451,2026-08-28 17:39:16,1787938756465,0,1,26011001,11052247,4,0.01,4549.01,0.0,0.0,5.73,0.0,XAUUSD.u,[sl 4549.01],
3726558,11054452,2026-08-28 17:39:16,1787938756465,0,1,26011001,11052841,4,0.01,4549.1,0.0,0.0,7.16,0.0,XAUUSD.u,[sl 4549.10],
3726559,11054453,2026-08-28 17:39:16,1787938756465,0,1,26011001,11052854,4,0.01,4549.1,0.0,0.0,8.68,0.0,XAUUSD.u,[sl 4549.10],
3726560,11054454,2026-08-28 17:39:16,1787938756465,0,1,26011001,11054053,4,0.01,4549.1,0.0,0.0,4.12,0.0,XAUUSD.u,[sl 4549.10],
3726656,11052264,2026-08-28 17:39:59,1787938799241,1,0,26011001,11052264,3,0.06,4547.14,0.0,0.0,0.0,0.0,XAUUSD.u,STR S9,
3726682,11054578,2026-08-28 17:40:04,1787938804067,1,1,26011001,11053915,3,0.01,4546.92,0.0,0.0,-15.42,0.0,XAUUSD.u,STR CLOSE,
3726683,11054579,2026-08-28 17:40:04,1787938804181,1,1,26011001,11053295,3,0.01,4546.96,0.0,0.0,-18.42,0.0,XAUUSD.u,STR CLOSE,
3726685,11054582,2026-08-28 17:40:04,1787938804294,0,1,26011001,11053227,3,0.01,4547.03,0.0,0.0,4.67,0.0,XAUUSD.u,STR CLOSE,
3726686,11054584,2026-08-28 17:40:04,1787938804408,0,1,26011001,11052264,3,0.06,4547.62,0.0,0.0,-2.88,0.0,XAUUSD.u,STR CLOSE,
3726688,11054585,2026-08-28 17:40:04,1787938804521,0,1,26011001,11052262,3,0.06,4547.94,0.0,0.0,4.32,0.0,XAUUSD.u,STR CLOSE,
3726689,11054586,2026-08-28 17:40:04,1787938804634,0,1,26011001,11052253,3,0.06,4547.99,0.0,0.0,13.14,0.0,XAUUSD.u,STR CLOSE,
3726690,11054587,2026-08-28 17:40:04,1787938804748,1,1,26011001,11052248,3,0.01,4547.89,0.0,0.0,-20.53,0.0,XAUUSD.u,STR CLOSE,
3726692,11054589,2026-08-28 17:40:04,1787938804862,1,1,26011001,11052246,3,0.01,4547.88,0.0,0.0,-19.02,0.0,XAUUSD.u,STR CLOSE,
3726710,11054601,2026-08-28 17:40:07,1787938807905,1,0,26011001,11054601,3,0.01,4546.24,0.0,0.0,0.0,0.0,XAUUSD.u,STR S1,
3726735,11054605,2026-08-28 17:40:19,1787938819660,1,0,26011001,11054605,3,0.01,4544.72,0.0,0.0,0.0,0.0,XAUUSD.u,STR S2,
3726758,11054608,2026-08-28 17:40:28,1787938828376,1,0,26011001,11054608,3,0.01,4543.2,0.0,0.0,0.0,0.0,XAUUSD.u,STR S3,
3726762,11054611,2026-08-28 17:40:28,1787938828873,1,0,26011001,11054611,3,0.01,4541.68,0.0,0.0,0.0,0.0,XAUUSD.u,STR S4,
3726775,11054704,2026-08-28 17:40:33,1787938833955,0,1,26011001,11054601,4,0.01,4542.34,0.0,0.0,3.9,0.0,XAUUSD.u,[sl 4542.34],
3726796,11054726,2026-08-28 17:40:45,1787938845595,0,1,26011001,11054605,4,0.01,4543.88,0.0,0.0,0.84,0.0,XAUUSD.u,[sl 4543.88],
3726816,11054613,2026-08-28 17:41:03,1787938863644,1,0,26011001,11054613,3,0.01,4540.16,0.0,0.0,0.0,0.0,XAUUSD.u,STR S5,
3726855,11054616,2026-08-28 17:41:18,1787938878168,1,0,26011001,11054616,3,0.01,4538.64,0.0,0.0,0.0,0.0,XAUUSD.u,STR S6,
3726875,11054619,2026-08-28 17:41:25,1787938885593,1,0,26011001,11054619,3,0.06,4537.12,0.0,0.0,0.0,0.0,XAUUSD.u,STR S7,
3726892,11054816,2026-08-28 17:41:27,1787938887778,0,1,26011001,11054608,4,0.01,4538.3,0.0,0.0,4.9,0.0,XAUUSD.u,[sl 4538.30],
3726893,11054817,2026-08-28 17:41:27,1787938887779,0,1,26011001,11054611,4,0.01,4538.3,0.0,0.0,3.38,0.0,XAUUSD.u,[sl 4538.30],
3726903,11054826,2026-08-28 17:41:41,1787938901222,0,1,26011001,11054613,4,0.01,4539.82,0.0,0.0,0.34,0.0,XAUUSD.u,[sl 4539.82],
3726905,11054827,2026-08-28 17:41:41,1787938901620,1,0,26011001,11054827,3,0.01,4540.16,0.0,0.0,0.0,0.0,XAUUSD.u,STR S5,
3726913,11054835,2026-08-28 17:41:44,1787938904409,1,0,26011001,11054835,3,0.01,4541.68,0.0,0.0,0.0,0.0,XAUUSD.u,STR S4,
3726944,11054865,2026-08-28 17:42:31,1787938951143,0,1,26011001,11054835,4,0.01,4540.4,0.0,0.0,1.28,0.0,XAUUSD.u,[sl 4540.40],
3726951,11054873,2026-08-28 17:42:49,1787938969279,1,0,26011001,11054873,3,0.01,4541.68,0.0,0.0,0.0,0.0,XAUUSD.u,STR S4,
3726963,11054890,2026-08-28 17:43:15,1787938995908,0,1,26011001,11054873,4,0.01,4540.2,0.0,0.0,1.48,0.0,XAUUSD.u,[sl 4540.20],
3727000,11054921,2026-08-28 17:44:02,1787939042505,1,0,26011001,11054921,3,0.06,4537.12,0.0,0.0,0.0,0.0,XAUUSD.u,STR S7,
3727012,11054621,2026-08-28 17:44:07,1787939047248,1,0,26011001,11054621,3,0.06,4535.6,0.0,0.0,0.0,0.0,XAUUSD.u,STR S8,
3727023,11054949,2026-08-28 17:44:10,1787939050909,0,1,26011001,11054921,3,0.06,4535.11,0.0,0.0,12.06,0.0,XAUUSD.u,STR CLOSE,
3727025,11054951,2026-08-28 17:44:11,1787939051023,0,1,26011001,11054827,3,0.01,4535.09,0.0,0.0,5.07,0.0,XAUUSD.u,STR CLOSE,
3727026,11054952,2026-08-28 17:44:11,1787939051137,0,1,26011001,11054621,3,0.06,4534.98,0.0,0.0,3.7199999999999998,0.0,XAUUSD.u,STR CLOSE,
3727028,11054954,2026-08-28 17:44:11,1787939051251,0,1,26011001,11054616,3,0.01,4534.64,0.0,0.0,4.0,0.0,XAUUSD.u,STR CLOSE,
3727063,11054974,2026-08-28 17:44:19,1787939059275,1,0,26011001,11054974,3,0.01,4534.9,0.0,0.0,0.0,0.0,XAUUSD.u,STR S1,
3727073,11054972,2026-08-28 17:44:37,1787939077384,0,0,26011001,11054972,3,0.01,4537.92,0.0,0.0,0.0,0.0,XAUUSD.u,STR B1,
3727081,11054975,2026-08-28 17:44:59,1787939099916,0,0,26011001,11054975,3,0.01,4539.43,0.0,0.0,0.0,0.0,XAUUSD.u,STR B2,
3727087,11054978,2026-08-28 17:45:08,1787939108521,0,0,26011001,11054978,3,0.01,4540.94,0.0,0.0,0.0,0.0,XAUUSD.u,STR B3,
3727127,11055092,2026-08-28 17:45:15,1787939115665,1,1,26011001,11054972,4,0.01,4537.95,0.0,0.0,0.03,0.0,XAUUSD.u,[sl 4537.95],
3727161,11054982,2026-08-28 17:46:00,1787939160564,0,0,26011001,11054982,3,0.01,4542.45,0.0,0.0,0.0,0.0,XAUUSD.u,STR B4,
3727174,11055143,2026-08-28 17:46:12,1787939172510,0,0,26011001,11055143,3,0.01,4537.92,0.0,0.0,0.0,0.0,XAUUSD.u,STR B1,
3727217,11055189,2026-08-28 17:46:46,1787939206437,1,1,26011001,11055143,4,0.01,4539.0,0.0,0.0,1.08,0.0,XAUUSD.u,[sl 4539.00],
3727230,11054985,2026-08-28 17:47:14,1787939234167,0,0,26011001,11054985,3,0.01,4543.96,0.0,0.0,0.0,0.0,XAUUSD.u,STR B5,
3727244,11054988,2026-08-28 17:47:30,1787939250411,0,0,26011001,11054988,3,0.01,4545.47,0.0,0.0,0.0,0.0,XAUUSD.u,STR B6,
3727270,11055242,2026-08-28 17:47:36,1787939256504,1,1,26011001,11054978,4,0.01,4544.7,0.0,0.0,3.76,0.0,XAUUSD.u,[sl 4544.70],
3727271,11055243,2026-08-28 17:47:36,1787939256879,1,1,26011001,11054975,4,0.01,4544.5,0.0,0.0,5.07,0.0,XAUUSD.u,[sl 4544.50],
3727273,11055246,2026-08-28 17:47:41,1787939261315,1,1,26011001,11054982,4,0.01,4543.0,0.0,0.0,0.55,0.0,XAUUSD.u,[sl 4543.00],
3727277,11055249,2026-08-28 17:47:48,1787939268719,0,0,26011001,11055249,3,0.01,4542.45,0.0,0.0,0.0,0.0,XAUUSD.u,STR B4,
3727284,11055260,2026-08-28 17:48:11,1787939291907,0,0,26011001,11055260,3,0.01,4540.94,0.0,0.0,0.0,0.0,XAUUSD.u,STR B3,
3727379,11054977,2026-08-28 17:48:43,1787939323675,1,0,26011001,11054977,3,0.01,4533.39,0.0,0.0,0.0,0.0,XAUUSD.u,STR S2,
3727419,11054980,2026-08-28 17:49:11,1787939351338,1,0,26011001,11054980,3,0.01,4531.88,0.0,0.0,0.0,0.0,XAUUSD.u,STR S3,
3727482,11055271,2026-08-28 17:50:58,1787939458221,0,0,26011001,11055271,3,0.01,4537.92,0.0,0.0,0.0,0.0,XAUUSD.u,STR B1,
3727487,11055266,2026-08-28 17:51:04,1787939464537,0,0,26011001,11055266,3,0.01,4539.43,0.0,0.0,0.0,0.0,XAUUSD.u,STR B2,
3727686,11055671,2026-08-28 17:52:13,1787939533981,1,1,26011001,11055266,4,0.01,4543.52,0.0,0.0,4.09,0.0,XAUUSD.u,[sl 4543.52],
3727687,11055672,2026-08-28 17:52:13,1787939533981,1,1,26011001,11055271,4,0.01,4543.52,0.0,0.0,5.6,0.0,XAUUSD.u,[sl 4543.52],
3727707,11055694,2026-08-28 17:52:54,1787939574635,1,1,26011001,11055260,4,0.01,4544.17,0.0,0.0,3.23,0.0,XAUUSD.u,[sl 4544.17],
3727716,11055705,2026-08-28 17:53:09,1787939589183,1,1,26011001,11055249,4,0.01,4544.2,0.0,0.0,1.75,0.0,XAUUSD.u,[sl 4544.20],
3727735,11055721,2026-08-28 17:53:27,1787939607491,0,0,26011001,11055721,3,0.01,4542.45,0.0,0.0,0.0,0.0,XAUUSD.u,STR B4,
3727806,11055794,2026-08-28 17:54:06,1787939646603,0,0,26011001,11055794,3,0.01,4537.92,0.0,0.0,0.0,0.0,XAUUSD.u,STR B1,
3727814,11055771,2026-08-28 17:54:12,1787939652050,0,0,26011001,11055771,3,0.01,4539.43,0.0,0.0,0.0,0.0,XAUUSD.u,STR B2,
3727819,11055811,2026-08-28 17:54:27,1787939667562,1,1,26011001,11055794,4,0.01,4539.0,0.0,0.0,1.08,0.0,XAUUSD.u,[sl 4539.00],
3727827,11055746,2026-08-28 17:54:36,1787939676379,0,0,26011001,11055746,3,0.01,4540.94,0.0,0.0,0.0,0.0,XAUUSD.u,STR B3,
3727848,11055834,2026-08-28 17:54:52,1787939692472,0,0,26011001,11055834,3,0.01,4537.92,0.0,0.0,0.0,0.0,XAUUSD.u,STR B1,
3727887,11055884,2026-08-28 17:55:15,1787939715291,1,1,26011001,11055834,4,0.01,4539.44,0.0,0.0,1.52,0.0,XAUUSD.u,[sl 4539.44],
3727942,11055711,2026-08-28 17:55:58,1787939758889,1,0,26011001,11055711,3,0.01,4533.39,0.0,0.0,0.0,0.0,XAUUSD.u,STR S2,
3727944,11055708,2026-08-28 17:55:58,1787939758925,1,0,26011001,11055708,3,0.01,4531.88,0.0,0.0,0.0,0.0,XAUUSD.u,STR S3,
3727965,11054984,2026-08-28 17:56:02,1787939762313,1,0,26011001,11054984,3,0.01,4530.37,0.0,0.0,0.0,0.0,XAUUSD.u,STR S4,
3727996,11054987,2026-08-28 17:56:05,1787939765996,1,0,26011001,11054987,3,0.01,4528.86,0.0,0.0,0.0,0.0,XAUUSD.u,STR S5,
3728012,11055997,2026-08-28 17:56:07,1787939767538,0,1,26011001,11054974,4,0.01,4529.63,0.0,0.0,5.27,0.0,XAUUSD.u,[sl 4529.63],
3728013,11055998,2026-08-28 17:56:07,1787939767538,0,1,26011001,11055711,4,0.01,4529.91,0.0,0.0,3.48,0.0,XAUUSD.u,[sl 4529.91],
3728058,11056047,2026-08-28 17:56:40,1787939800069,0,1,26011001,11055708,4,0.01,4530.79,0.0,0.0,1.09,0.0,XAUUSD.u,[sl 4530.79],
3728077,11056070,2026-08-28 17:56:50,1787939810414,1,0,26011001,11056070,3,0.01,4533.39,0.0,0.0,0.0,0.0,XAUUSD.u,STR S2,
3728080,11056054,2026-08-28 17:56:53,1787939813871,1,0,26011001,11056054,3,0.01,4531.88,0.0,0.0,0.0,0.0,XAUUSD.u,STR S3,
3728111,11054990,2026-08-28 17:57:12,1787939832627,1,0,26011001,11054990,3,0.01,4527.35,0.0,0.0,0.0,0.0,XAUUSD.u,STR S6,
3728117,11054993,2026-08-28 17:57:12,1787939832667,1,0,26011001,11054993,3,0.06,4525.84,0.0,0.0,0.0,0.0,XAUUSD.u,STR S7,
3728247,11056239,2026-08-28 17:57:17,1787939837167,0,1,26011001,11056054,4,0.01,4528.18,0.0,0.0,3.7,0.0,XAUUSD.u,[sl 4528.18],
3728248,11056240,2026-08-28 17:57:17,1787939837398,0,1,26011001,11056070,4,0.01,4528.25,0.0,0.0,5.14,0.0,XAUUSD.u,[sl 4528.25],
3728249,11056241,2026-08-28 17:57:18,1787939838444,0,1,26011001,11054984,4,0.01,4529.42,0.0,0.0,0.95,0.0,XAUUSD.u,[sl 4529.42],
3728255,11056248,2026-08-28 17:57:26,1787939846229,1,0,26011001,11056248,3,0.01,4530.37,0.0,0.0,0.0,0.0,XAUUSD.u,STR S4,
3728310,11056306,2026-08-28 17:58:15,1787939895220,0,1,26011001,11056248,4,0.01,4526.7,0.0,0.0,3.67,0.0,XAUUSD.u,[sl 4526.70],
3728347,11054996,2026-08-28 17:58:21,1787939901201,1,0,26011001,11054996,3,0.06,4524.33,0.0,0.0,0.0,0.0,XAUUSD.u,STR S8,
3728389,11056380,2026-08-28 17:58:27,1787939907809,0,1,26011001,11054987,4,0.01,4527.64,0.0,0.0,1.22,0.0,XAUUSD.u,[sl 4527.64],
3728421,11056413,2026-08-28 17:59:01,1787939941204,1,0,26011001,11056413,3,0.01,4528.86,0.0,0.0,0.0,0.0,XAUUSD.u,STR S5,
3728477,11055000,2026-08-28 18:00:00,1787940000823,1,0,26011001,11055000,3,0.06,4522.82,0.0,0.0,0.0,0.0,XAUUSD.u,STR S9,
3728517,11055004,2026-08-28 18:00:07,1787940007610,1,0,26011001,11055004,3,0.06,4521.31,0.0,0.0,0.0,0.0,XAUUSD.u,STR S10,
3728526,11056520,2026-08-28 18:00:09,1787940009315,0,1,26011001,11054990,4,0.01,4523.37,0.0,0.0,3.98,0.0,XAUUSD.u,[sl 4523.37],
3728527,11056521,2026-08-28 18:00:09,1787940009663,0,1,26011001,11056413,4,0.01,4523.7,0.0,0.0,5.16,0.0,XAUUSD.u,[sl 4523.70],
3728530,11056526,2026-08-28 18:00:10,1787940010546,1,1,26011001,11055771,3,0.01,4523.19,0.0,0.0,-16.24,0.0,XAUUSD.u,STR CLOSE,
3728531,11056528,2026-08-28 18:00:10,1787940010660,1,1,26011001,11055746,3,0.01,4523.03,0.0,0.0,-17.91,0.0,XAUUSD.u,STR CLOSE,
3728532,11056529,2026-08-28 18:00:10,1787940010773,1,1,26011001,11055721,3,0.01,4522.6,0.0,0.0,-19.85,0.0,XAUUSD.u,STR CLOSE,
3728533,11056530,2026-08-28 18:00:10,1787940010886,0,1,26011001,11055004,3,0.06,4523.12,0.0,0.0,-10.86,0.0,XAUUSD.u,STR CLOSE,
3728534,11056531,2026-08-28 18:00:10,1787940010999,0,1,26011001,11055000,3,0.06,4523.01,0.0,0.0,-1.1400000000000001,0.0,XAUUSD.u,STR CLOSE,
3728535,11056532,2026-08-28 18:00:11,1787940011112,0,1,26011001,11054996,3,0.06,4523.49,0.0,0.0,5.04,0.0,XAUUSD.u,STR CLOSE,
3728536,11056533,2026-08-28 18:00:11,1787940011232,0,1,26011001,11054993,3,0.06,4523.85,0.0,0.0,11.94,0.0,XAUUSD.u,STR CLOSE,
3728542,11056538,2026-08-28 18:00:17,1787940017916,0,0,26011001,11056538,3,0.01,4524.54,0.0,0.0,0.0,0.0,XAUUSD.u,STR B1,
3728567,11056540,2026-08-28 18:00:46,1787940046916,0,0,26011001,11056540,3,0.01,4526.05,0.0,0.0,0.0,0.0,XAUUSD.u,STR B2,
3728570,11056542,2026-08-28 18:00:51,1787940051244,0,0,26011001,11056542,3,0.01,4527.56,0.0,0.0,0.0,0.0,XAUUSD.u,STR B3,
3728590,11056539,2026-08-28 18:01:10,1787940070937,1,0,26011001,11056539,3,0.01,4521.52,0.0,0.0,0.0,0.0,XAUUSD.u,STR S1,
3728685,11056544,2026-08-28 18:03:01,1787940181847,0,0,26011001,11056544,3,0.01,4529.07,0.0,0.0,0.0,0.0,XAUUSD.u,STR B4,
3728701,11056740,2026-08-28 18:03:04,1787940184247,1,1,26011001,11056538,4,0.01,4528.04,0.0,0.0,3.5,0.0,XAUUSD.u,[sl 4528.04],
3728712,11056751,2026-08-28 18:03:15,1787940195265,1,1,26011001,11056540,4,0.01,4526.52,0.0,0.0,0.47,0.0,XAUUSD.u,[sl 4526.52],
3728725,11056763,2026-08-28 18:03:31,1787940211287,0,0,26011001,11056763,3,0.01,4526.05,0.0,0.0,0.0,0.0,XAUUSD.u,STR B2,
3728729,11056770,2026-08-28 18:03:37,1787940217773,0,0,26011001,11056770,3,0.01,4524.54,0.0,0.0,0.0,0.0,XAUUSD.u,STR B1,
3728798,11056541,2026-08-28 18:05:00,1787940300854,1,0,26011001,11056541,3,0.01,4520.01,0.0,0.0,0.0,0.0,XAUUSD.u,STR S2,
3728831,11056543,2026-08-28 18:05:07,1787940307821,1,0,26011001,11056543,3,0.01,4518.5,0.0,0.0,0.0,0.0,XAUUSD.u,STR S3,
3728834,11056545,2026-08-28 18:05:07,1787940307881,1,0,26011001,11056545,3,0.01,4516.99,0.0,0.0,0.0,0.0,XAUUSD.u,STR S4,
3728864,11056902,2026-08-28 18:05:14,1787940314005,0,1,26011001,11056539,4,0.01,4518.12,0.0,0.0,3.4,0.0,XAUUSD.u,[sl 4518.12],
3728868,11056547,2026-08-28 18:05:15,1787940315829,1,0,26011001,11056547,3,0.01,4515.48,0.0,0.0,0.0,0.0,XAUUSD.u,STR S5,
3728885,11056550,2026-08-28 18:05:16,1787940316060,1,0,26011001,11056550,3,0.01,4513.97,0.0,0.0,0.0,0.0,XAUUSD.u,STR S6,
3728894,11056924,2026-08-28 18:05:17,1787940317884,0,1,26011001,11056541,4,0.01,4514.47,0.0,0.0,5.54,0.0,XAUUSD.u,[sl 4514.47],
3728895,11056925,2026-08-28 18:05:17,1787940317884,0,1,26011001,11056543,4,0.01,4514.48,0.0,0.0,4.02,0.0,XAUUSD.u,[sl 4514.48],
3728899,11056933,2026-08-28 18:05:18,1787940318943,0,1,26011001,11056545,4,0.01,4515.98,0.0,0.0,1.01,0.0,XAUUSD.u,[sl 4515.98],
3729029,11057049,2026-08-28 18:07:10,1787940430041,1,0,26011001,11057049,3,0.01,4516.99,0.0,0.0,0.0,0.0,XAUUSD.u,STR S4,
3729100,11057137,2026-08-28 18:07:42,1787940462420,1,0,26011001,11057137,3,0.01,4518.5,0.0,0.0,0.0,0.0,XAUUSD.u,STR S3,
3729117,11056552,2026-08-28 18:08:09,1787940489671,1,0,26011001,11056552,3,0.06,4512.46,0.0,0.0,0.0,0.0,XAUUSD.u,STR S7,
3729173,11056554,2026-08-28 18:08:23,1787940503189,1,0,26011001,11056554,3,0.06,4510.95,0.0,0.0,0.0,0.0,XAUUSD.u,STR S8,
3729223,11057259,2026-08-28 18:08:29,1787940509882,0,1,26011001,11057137,3,0.01,4510.19,0.0,0.0,8.31,0.0,XAUUSD.u,STR CLOSE,
3729225,11057261,2026-08-28 18:08:29,1787940509995,0,1,26011001,11057049,3,0.01,4510.2,0.0,0.0,6.79,0.0,XAUUSD.u,STR CLOSE,
3729227,11057263,2026-08-28 18:08:30,1787940510109,1,1,26011001,11056770,3,0.01,4510.11,0.0,0.0,-14.43,0.0,XAUUSD.u,STR CLOSE,
3729228,11057264,2026-08-28 18:08:30,1787940510223,1,1,26011001,11056763,3,0.01,4510.24,0.0,0.0,-15.81,0.0,XAUUSD.u,STR CLOSE,
3729230,11057266,2026-08-28 18:08:30,1787940510336,0,1,26011001,11056554,3,0.06,4510.19,0.0,0.0,4.5600000000000005,0.0,XAUUSD.u,STR CLOSE,
3729231,11057267,2026-08-28 18:08:30,1787940510453,0,1,26011001,11056552,3,0.06,4510.26,0.0,0.0,13.2,0.0,XAUUSD.u,STR CLOSE,
3729234,11057270,2026-08-28 18:08:30,1787940510567,0,1,26011001,11056550,3,0.01,4510.23,0.0,0.0,3.74,0.0,XAUUSD.u,STR CLOSE,
3729235,11057271,2026-08-28 18:08:30,1787940510681,0,1,26011001,11056547,3,0.01,4510.19,0.0,0.0,5.29,0.0,XAUUSD.u,STR CLOSE,
3729307,11057282,2026-08-28 18:08:52,1787940532711,1,0,26011001,11057282,3,0.01,4508.36,0.0,0.0,0.0,0.0,XAUUSD.u,STR S1,
3729354,11057281,2026-08-28 18:09:10,1787940550862,0,0,26011001,11057281,3,0.01,4511.36,0.0,0.0,0.0,0.0,XAUUSD.u,STR B1,
3729458,11057284,2026-08-28 18:10:25,1787940625967,1,0,26011001,11057284,3,0.01,4506.86,0.0,0.0,0.0,0.0,XAUUSD.u,STR S2,
3729535,11057283,2026-08-28 18:11:41,1787940701586,0,0,26011001,11057283,3,0.01,4512.86,0.0,0.0,0.0,0.0,XAUUSD.u,STR B2,
3729603,11057285,2026-08-28 18:12:12,1787940732662,0,0,26011001,11057285,3,0.01,4514.36,0.0,0.0,0.0,0.0,XAUUSD.u,STR B3,
3729614,11057288,2026-08-28 18:12:20,1787940740325,0,0,26011001,11057288,3,0.01,4515.86,0.0,0.0,0.0,0.0,XAUUSD.u,STR B4,
3729639,11057708,2026-08-28 18:12:44,1787940764921,1,1,26011001,11057281,4,0.01,4512.51,0.0,0.0,1.15,0.0,XAUUSD.u,[sl 4512.51],
3729654,11057714,2026-08-28 18:12:49,1787940769314,0,0,26011001,11057714,3,0.01,4511.36,0.0,0.0,0.0,0.0,XAUUSD.u,STR B1,
3729676,11057287,2026-08-28 18:13:09,1787940789157,1,0,26011001,11057287,3,0.01,4505.36,0.0,0.0,0.0,0.0,XAUUSD.u,STR S3,
3729703,11057771,2026-08-28 18:13:22,1787940802695,0,1,26011001,11057282,4,0.01,4507.49,0.0,0.0,0.87,0.0,XAUUSD.u,[sl 4507.49],
3729706,11057774,2026-08-28 18:13:23,1787940803712,1,0,26011001,11057774,3,0.01,4508.36,0.0,0.0,0.0,0.0,XAUUSD.u,STR S1,
3729721,11057290,2026-08-28 18:14:00,1787940840608,1,0,26011001,11057290,3,0.01,4503.86,0.0,0.0,0.0,0.0,XAUUSD.u,STR S4,
3729735,11057801,2026-08-28 18:14:04,1787940844277,0,1,26011001,11057774,4,0.01,4504.61,0.0,0.0,3.75,0.0,XAUUSD.u,[sl 4504.61],
3729913,11057293,2026-08-28 18:14:25,1787940865221,1,0,26011001,11057293,3,0.01,4502.36,0.0,0.0,0.0,0.0,XAUUSD.u,STR S5,
3729934,11057296,2026-08-28 18:14:31,1787940871105,1,0,26011001,11057296,3,0.01,4500.86,0.0,0.0,0.0,0.0,XAUUSD.u,STR S6,
3729950,11057298,2026-08-28 18:14:32,1787940872772,1,0,26011001,11057298,3,0.06,4499.36,0.0,0.0,0.0,0.0,XAUUSD.u,STR S7,
3729954,11057302,2026-08-28 18:14:32,1787940872902,1,0,26011001,11057302,3,0.06,4497.86,0.0,0.0,0.0,0.0,XAUUSD.u,STR S8,
3729963,11058028,2026-08-28 18:14:34,1787940874235,0,1,26011001,11057284,4,0.01,4499.13,0.0,0.0,7.73,0.0,XAUUSD.u,[sl 4499.13],
3729964,11058029,2026-08-28 18:14:34,1787940874236,0,1,26011001,11057287,4,0.01,4499.13,0.0,0.0,6.23,0.0,XAUUSD.u,[sl 4499.13],
3729965,11058030,2026-08-28 18:14:34,1787940874236,0,1,26011001,11057290,4,0.01,4499.13,0.0,0.0,4.73,0.0,XAUUSD.u,[sl 4499.13],
3729966,11058031,2026-08-28 18:14:34,1787940874236,0,1,26011001,11057293,4,0.01,4499.13,0.0,0.0,3.23,0.0,XAUUSD.u,[sl 4499.13],
3729976,11058042,2026-08-28 18:14:38,1787940878818,0,1,26011001,11057296,4,0.01,4500.63,0.0,0.0,0.23,0.0,XAUUSD.u,[sl 4500.63],
3729977,11058043,2026-08-28 18:14:39,1787940879791,1,0,26011001,11058043,3,0.01,4500.86,0.0,0.0,0.0,0.0,XAUUSD.u,STR S6,
3729990,11058046,2026-08-28 18:15:00,1787940900249,1,0,26011001,11058046,3,0.06,4497.86,0.0,0.0,0.0,0.0,XAUUSD.u,STR S8,
3730012,11058077,2026-08-28 18:15:22,1787940922191,0,1,26011001,11058043,4,0.01,4500.01,0.0,0.0,0.85,0.0,XAUUSD.u,[sl 4500.01],
3730018,11058080,2026-08-28 18:15:29,1787940929455,1,0,26011001,11058080,3,0.01,4500.86,0.0,0.0,0.0,0.0,XAUUSD.u,STR S6,
3730022,11058089,2026-08-28 18:15:34,1787940934634,1,0,26011001,11058089,3,0.01,4502.36,0.0,0.0,0.0,0.0,XAUUSD.u,STR S5,
3730058,11058107,2026-08-28 18:16:35,1787940995333,1,0,26011001,11058107,3,0.06,4497.86,0.0,0.0,0.0,0.0,XAUUSD.u,STR S8,
3730070,11058136,2026-08-28 18:16:54,1787941014674,0,1,26011001,11058080,4,0.01,4500.63,0.0,0.0,0.23,0.0,XAUUSD.u,[sl 4500.63],
3730071,11058138,2026-08-28 18:16:55,1787941015034,0,1,26011001,11058089,4,0.01,4500.89,0.0,0.0,1.47,0.0,XAUUSD.u,[sl 4500.89],
3730097,11057304,2026-08-28 18:17:16,1787941036695,1,0,26011001,11057304,3,0.06,4496.36,0.0,0.0,0.0,0.0,XAUUSD.u,STR S9,
3730115,11058179,2026-08-28 18:17:33,1787941053333,0,1,26011001,11057298,4,0.06,4499.33,0.0,0.0,0.18,0.0,XAUUSD.u,[sl 4499.33],
3730116,11058180,2026-08-28 18:17:36,1787941056943,1,0,26011001,11058180,3,0.06,4499.36,0.0,0.0,0.0,0.0,XAUUSD.u,STR S7,
3730152,11058219,2026-08-28 18:18:07,1787941087689,0,1,26011001,11058180,3,0.06,4496.25,0.0,0.0,18.66,0.0,XAUUSD.u,STR CLOSE,
3730153,11058220,2026-08-28 18:18:07,1787941087802,0,1,26011001,11058107,3,0.06,4496.02,0.0,0.0,11.04,0.0,XAUUSD.u,STR CLOSE,
3730154,11058221,2026-08-28 18:18:07,1787941087915,1,1,26011001,11057714,3,0.01,4495.95,0.0,0.0,-15.41,0.0,XAUUSD.u,STR CLOSE,
3730155,11058222,2026-08-28 18:18:08,1787941088029,0,1,26011001,11057304,3,0.06,4496.1,0.0,0.0,1.56,0.0,XAUUSD.u,STR CLOSE,
3730156,11058223,2026-08-28 18:18:08,1787941088142,1,1,26011001,11057283,3,0.01,4496.21,0.0,0.0,-16.65,0.0,XAUUSD.u,STR CLOSE,
3730182,11058232,2026-08-28 18:18:12,1787941092222,1,0,26011001,11058232,3,0.01,4494.44,0.0,0.0,0.0,0.0,XAUUSD.u,STR S1,
3730190,11058237,2026-08-28 18:18:13,1787941093638,1,0,26011001,11058237,3,0.01,4492.94,0.0,0.0,0.0,0.0,XAUUSD.u,STR S2,
3730199,11058242,2026-08-28 18:18:15,1787941095598,1,0,26011001,11058242,3,0.01,4491.44,0.0,0.0,0.0,0.0,XAUUSD.u,STR S3,
3730263,11058245,2026-08-28 18:18:26,1787941106590,1,0,26011001,11058245,3,0.01,4489.94,0.0,0.0,0.0,0.0,XAUUSD.u,STR S4,
3730273,11058247,2026-08-28 18:18:27,1787941107415,1,0,26011001,11058247,3,0.01,4488.44,0.0,0.0,0.0,0.0,XAUUSD.u,STR S5,
3730278,11058253,2026-08-28 18:18:27,1787941107542,1,0,26011001,11058253,3,0.01,4486.94,0.0,0.0,0.0,0.0,XAUUSD.u,STR S6,
3730282,11058257,2026-08-28 18:18:27,1787941107651,1,0,26011001,11058257,3,0.06,4485.44,0.0,0.0,0.0,0.0,XAUUSD.u,STR S7,
3730317,11058398,2026-08-28 18:18:32,1787941112504,0,1,26011001,11058257,3,0.06,4485.16,0.0,0.0,1.6800000000000002,0.0,XAUUSD.u,STR CLOSE,
3730318,11058399,2026-08-28 18:18:32,1787941112618,0,1,26011001,11058253,3,0.01,4485.02,0.0,0.0,1.92,0.0,XAUUSD.u,STR CLOSE,
3730320,11058400,2026-08-28 18:18:32,1787941112731,0,1,26011001,11058247,3,0.01,4485.06,0.0,0.0,3.38,0.0,XAUUSD.u,STR CLOSE,
3730321,11058401,2026-08-28 18:18:32,1787941112844,0,1,26011001,11058245,3,0.01,4485.35,0.0,0.0,4.59,0.0,XAUUSD.u,STR CLOSE,
3730322,11058402,2026-08-28 18:18:32,1787941112957,0,1,26011001,11058242,3,0.01,4485.33,0.0,0.0,6.11,0.0,XAUUSD.u,STR CLOSE,
3730323,11058403,2026-08-28 18:18:33,1787941113071,0,1,26011001,11058237,3,0.01,4485.4,0.0,0.0,7.54,0.0,XAUUSD.u,STR CLOSE,
3730324,11058404,2026-08-28 18:18:33,1787941113185,0,1,26011001,11058232,3,0.01,4485.63,0.0,0.0,8.81,0.0,XAUUSD.u,STR CLOSE,
3730332,11058408,2026-08-28 18:18:36,1787941116982,1,0,26011001,11058408,3,0.01,4484.34,0.0,0.0,0.0,0.0,XAUUSD.u,STR S1,
3730345,11058410,2026-08-28 18:18:40,1787941120707,1,0,26011001,11058410,3,0.01,4482.84,0.0,0.0,0.0,0.0,XAUUSD.u,STR S2,
3730447,11058407,2026-08-28 18:19:16,1787941156341,0,0,26011001,11058407,3,0.01,4487.34,0.0,0.0,0.0,0.0,XAUUSD.u,STR B1,
3730468,11058409,2026-08-28 18:19:28,1787941168550,0,0,26011001,11058409,3,0.01,4488.84,0.0,0.0,0.0,0.0,XAUUSD.u,STR B2,
3730532,11058412,2026-08-28 18:20:00,1787941200790,1,0,26011001,11058412,3,0.01,4481.34,0.0,0.0,0.0,0.0,XAUUSD.u,STR S3,
3730586,11058686,2026-08-28 18:20:34,1787941234973,0,1,26011001,11058408,4,0.01,4480.8,0.0,0.0,3.54,0.0,XAUUSD.u,[sl 4480.80],
3730590,11058414,2026-08-28 18:20:36,1787941236807,1,0,26011001,11058414,3,0.01,4479.84,0.0,0.0,0.0,0.0,XAUUSD.u,STR S4,
3730611,11058416,2026-08-28 18:20:42,1787941242645,1,0,26011001,11058416,3,0.01,4478.34,0.0,0.0,0.0,0.0,XAUUSD.u,STR S5,
3730615,11058420,2026-08-28 18:20:43,1787941243969,1,0,26011001,11058420,3,0.01,4476.84,0.0,0.0,0.0,0.0,XAUUSD.u,STR S6,
3730647,11058422,2026-08-28 18:20:51,1787941251156,1,0,26011001,11058422,3,0.06,4475.34,0.0,0.0,0.0,0.0,XAUUSD.u,STR S7,
3730661,11058424,2026-08-28 18:21:03,1787941263524,1,0,26011001,11058424,3,0.06,4473.84,0.0,0.0,0.0,0.0,XAUUSD.u,STR S8,
3730698,11058799,2026-08-28 18:21:17,1787941277606,0,1,26011001,11058410,4,0.01,4475.83,0.0,0.0,7.01,0.0,XAUUSD.u,[sl 4475.83],
3730699,11058800,2026-08-28 18:21:17,1787941277606,0,1,26011001,11058412,4,0.01,4475.83,0.0,0.0,5.51,0.0,XAUUSD.u,[sl 4475.83],
3730700,11058801,2026-08-28 18:21:17,1787941277606,0,1,26011001,11058414,4,0.01,4475.83,0.0,0.0,4.01,0.0,XAUUSD.u,[sl 4475.83],
3730731,11058426,2026-08-28 18:21:34,1787941294173,1,0,26011001,11058426,3,0.06,4472.34,0.0,0.0,0.0,0.0,XAUUSD.u,STR S9,
3730741,11058430,2026-08-28 18:21:36,1787941296712,1,0,26011001,11058430,3,0.06,4470.84,0.0,0.0,0.0,0.0,XAUUSD.u,STR S10,
3730759,11058432,2026-08-28 18:21:48,1787941308268,1,0,26011001,11058432,3,0.06,4469.34,0.0,0.0,0.0,0.0,XAUUSD.u,STR S11,
3730779,11058435,2026-08-28 18:21:56,1787941316773,1,0,26011001,11058435,3,0.06,4467.84,0.0,0.0,0.0,0.0,XAUUSD.u,STR S12,
3730786,11058888,2026-08-28 18:21:59,1787941319570,0,1,26011001,11058435,3,0.06,4468.54,0.0,0.0,-4.2,0.0,XAUUSD.u,STR CLOSE,
3730787,11058889,2026-08-28 18:21:59,1787941319683,0,1,26011001,11058432,3,0.06,4468.37,0.0,0.0,5.82,0.0,XAUUSD.u,STR CLOSE,
3730788,11058890,2026-08-28 18:21:59,1787941319796,0,1,26011001,11058430,3,0.06,4468.19,0.0,0.0,15.9,0.0,XAUUSD.u,STR CLOSE,
3730789,11058891,2026-08-28 18:21:59,1787941319909,0,1,26011001,11058426,3,0.06,4468.13,0.0,0.0,25.26,0.0,XAUUSD.u,STR CLOSE,
3730790,11058892,2026-08-28 18:22:00,1787941320022,0,1,26011001,11058424,3,0.06,4468.11,0.0,0.0,34.38,0.0,XAUUSD.u,STR CLOSE,
3730792,11058894,2026-08-28 18:22:00,1787941320136,0,1,26011001,11058422,3,0.06,4468.08,0.0,0.0,43.56,0.0,XAUUSD.u,STR CLOSE,
3730793,11058895,2026-08-28 18:22:00,1787941320249,0,1,26011001,11058420,3,0.01,4468.87,0.0,0.0,7.97,0.0,XAUUSD.u,STR CLOSE,
3730794,11058896,2026-08-28 18:22:00,1787941320361,0,1,26011001,11058416,3,0.01,4468.78,0.0,0.0,9.56,0.0,XAUUSD.u,STR CLOSE,
3730795,11058897,2026-08-28 18:22:00,1787941320475,1,1,26011001,11058407,3,0.01,4468.8,0.0,0.0,-18.54,0.0,XAUUSD.u,STR CLOSE,
3730830,11058925,2026-08-28 18:22:27,1787941347482,1,0,26011001,11058925,3,0.01,4470.0,0.0,0.0,0.0,0.0,XAUUSD.u,STR S1,
3730841,11058928,2026-08-28 18:22:35,1787941355742,1,0,26011001,11058928,3,0.01,4468.51,0.0,0.0,0.0,0.0,XAUUSD.u,STR S2,
3730850,11058930,2026-08-28 18:22:37,1787941357042,1,0,26011001,11058930,3,0.01,4467.02,0.0,0.0,0.0,0.0,XAUUSD.u,STR S3,
3730870,11058933,2026-08-28 18:22:39,1787941359657,1,0,26011001,11058933,3,0.01,4465.53,0.0,0.0,0.0,0.0,XAUUSD.u,STR S4,
3730927,11058922,2026-08-28 18:22:58,1787941378695,0,0,26011001,11058922,3,0.01,4472.98,0.0,0.0,0.0,0.0,XAUUSD.u,STR B1,
3730938,11058927,2026-08-28 18:23:01,1787941381375,0,0,26011001,11058927,3,0.01,4474.47,0.0,0.0,0.0,0.0,XAUUSD.u,STR B2,
3730988,11058929,2026-08-28 18:23:39,1787941419629,0,0,26011001,11058929,3,0.01,4475.96,0.0,0.0,0.0,0.0,XAUUSD.u,STR B3,
3731000,11058932,2026-08-28 18:23:52,1787941432822,0,0,26011001,11058932,3,0.01,4477.45,0.0,0.0,0.0,0.0,XAUUSD.u,STR B4,
3731009,11058934,2026-08-28 18:23:57,1787941437305,0,0,26011001,11058934,3,0.01,4478.94,0.0,0.0,0.0,0.0,XAUUSD.u,STR B5,
3731016,11059150,2026-08-28 18:24:03,1787941443131,1,1,26011001,11058922,4,0.01,4476.63,0.0,0.0,3.65,0.0,XAUUSD.u,[sl 4476.63],
3731022,11059155,2026-08-28 18:24:05,1787941445599,1,1,26011001,11058927,4,0.01,4475.13,0.0,0.0,0.66,0.0,XAUUSD.u,[sl 4475.13],
3731031,11059164,2026-08-28 18:24:10,1787941450002,0,0,26011001,11059164,3,0.01,4474.47,0.0,0.0,0.0,0.0,XAUUSD.u,STR B2,
3731139,11059277,2026-08-28 18:25:16,1787941516996,0,1,26011001,11058925,4,0.01,4469.39,0.0,0.0,0.61,0.0,XAUUSD.u,[sl 4469.39],
3731152,11059290,2026-08-28 18:25:27,1787941527013,1,0,26011001,11059290,3,0.01,4470.0,0.0,0.0,0.0,0.0,XAUUSD.u,STR S1,
3731189,11059200,2026-08-28 18:26:08,1787941568406,0,0,26011001,11059200,3,0.01,4472.98,0.0,0.0,0.0,0.0,XAUUSD.u,STR B1,
3731299,11059270,2026-08-28 18:26:45,1787941605516,0,0,26011001,11059270,3,0.01,4475.96,0.0,0.0,0.0,0.0,XAUUSD.u,STR B3,
3731341,11059271,2026-08-28 18:27:15,1787941635391,0,0,26011001,11059271,3,0.01,4477.45,0.0,0.0,0.0,0.0,XAUUSD.u,STR B4,
3731370,11059272,2026-08-28 18:27:20,1787941640764,0,0,26011001,11059272,3,0.01,4478.94,0.0,0.0,0.0,0.0,XAUUSD.u,STR B5,
3731430,11058937,2026-08-28 18:27:33,1787941653739,0,0,26011001,11058937,3,0.01,4480.43,0.0,0.0,0.0,0.0,XAUUSD.u,STR B6,
3731437,11059573,2026-08-28 18:27:39,1787941659085,1,1,26011001,11059164,4,0.01,4478.63,0.0,0.0,4.16,0.0,XAUUSD.u,[sl 4478.63],
3731438,11059574,2026-08-28 18:27:39,1787941659085,1,1,26011001,11059200,4,0.01,4478.66,0.0,0.0,5.68,0.0,XAUUSD.u,[sl 4478.66],
3731444,11059580,2026-08-28 18:27:42,1787941662636,1,1,26011001,11059270,4,0.01,4477.14,0.0,0.0,1.18,0.0,XAUUSD.u,[sl 4477.14],
3731497,11059635,2026-08-28 18:28:23,1787941703190,1,1,26011001,11059271,4,0.01,4477.88,0.0,0.0,0.43,0.0,XAUUSD.u,[sl 4477.88],
3731508,11059645,2026-08-28 18:28:32,1787941712886,0,0,26011001,11059645,3,0.01,4477.45,0.0,0.0,0.0,0.0,XAUUSD.u,STR B4,
3731546,11058939,2026-08-28 18:29:33,1787941773602,0,0,26011001,11058939,3,0.06,4481.92,0.0,0.0,0.0,0.0,XAUUSD.u,STR B7,
3731566,11058944,2026-08-28 18:30:02,1787941802822,0,0,26011001,11058944,3,0.06,4483.41,0.0,0.0,0.0,0.0,XAUUSD.u,STR B8,
3731575,11059711,2026-08-28 18:30:07,1787941807105,1,1,26011001,11059645,3,0.01,4481.78,0.0,0.0,4.33,0.0,XAUUSD.u,STR CLOSE,
3731576,11059712,2026-08-28 18:30:07,1787941807220,1,1,26011001,11059272,3,0.01,4482.19,0.0,0.0,3.25,0.0,XAUUSD.u,STR CLOSE,
3731577,11059713,2026-08-28 18:30:07,1787941807333,1,1,26011001,11058944,3,0.06,4482.19,0.0,0.0,-7.32,0.0,XAUUSD.u,STR CLOSE,
3731578,11059714,2026-08-28 18:30:07,1787941807446,1,1,26011001,11058939,3,0.06,4482.3,0.0,0.0,2.2800000000000002,0.0,XAUUSD.u,STR CLOSE,
3731579,11059715,2026-08-28 18:30:07,1787941807558,1,1,26011001,11058937,3,0.01,4482.42,0.0,0.0,1.99,0.0,XAUUSD.u,STR CLOSE,
3731594,11059728,2026-08-28 18:30:23,1787941823168,1,0,26011001,11059728,3,0.01,4480.87,0.0,0.0,0.0,0.0,XAUUSD.u,STR S1,
3731600,11059727,2026-08-28 18:30:35,1787941835270,0,0,26011001,11059727,3,0.01,4483.85,0.0,0.0,0.0,0.0,XAUUSD.u,STR B1,
3731621,11059729,2026-08-28 18:31:04,1787941864880,0,0,26011001,11059729,3,0.01,4485.34,0.0,0.0,0.0,0.0,XAUUSD.u,STR B2,
3731638,11059731,2026-08-28 18:31:12,1787941872842,0,0,26011001,11059731,3,0.01,4486.83,0.0,0.0,0.0,0.0,XAUUSD.u,STR B3,
3731689,11059860,2026-08-28 18:32:21,1787941941667,1,1,26011001,11059727,4,0.01,4483.95,0.0,0.0,0.1,0.0,XAUUSD.u,[sl 4483.95],
3731760,11059730,2026-08-28 18:33:25,1787942005666,1,0,26011001,11059730,3,0.01,4479.38,0.0,0.0,0.0,0.0,XAUUSD.u,STR S2,
3731818,11059732,2026-08-28 18:33:34,1787942014066,1,0,26011001,11059732,3,0.01,4477.89,0.0,0.0,0.0,0.0,XAUUSD.u,STR S3,
3731834,11059734,2026-08-28 18:33:35,1787942015920,1,0,26011001,11059734,3,0.01,4476.4,0.0,0.0,0.0,0.0,XAUUSD.u,STR S4,
3731856,11059736,2026-08-28 18:33:46,1787942026680,1,0,26011001,11059736,3,0.01,4474.91,0.0,0.0,0.0,0.0,XAUUSD.u,STR S5,
3731861,11060033,2026-08-28 18:33:51,1787942031282,0,1,26011001,11059728,4,0.01,4477.67,0.0,0.0,3.2,0.0,XAUUSD.u,[sl 4477.67],
3731883,11059738,2026-08-28 18:34:16,1787942056600,1,0,26011001,11059738,3,0.01,4473.42,0.0,0.0,0.0,0.0,XAUUSD.u,STR S6,
3731902,11059740,2026-08-28 18:34:24,1787942064151,1,0,26011001,11059740,3,0.06,4471.93,0.0,0.0,0.0,0.0,XAUUSD.u,STR S7,
3731937,11060107,2026-08-28 18:34:51,1787942091162,0,1,26011001,11059730,4,0.01,4473.66,0.0,0.0,5.72,0.0,XAUUSD.u,[sl 4473.66],
3731938,11060108,2026-08-28 18:34:51,1787942091162,0,1,26011001,11059732,4,0.01,4473.66,0.0,0.0,4.23,0.0,XAUUSD.u,[sl 4473.66],
3731948,11060119,2026-08-28 18:35:07,1787942107307,0,1,26011001,11059734,4,0.01,4475.15,0.0,0.0,1.25,0.0,XAUUSD.u,[sl 4475.15],
3731980,11060152,2026-08-28 18:35:58,1787942158802,1,0,26011001,11060152,3,0.01,4477.89,0.0,0.0,0.0,0.0,XAUUSD.u,STR S3,
3731995,11060153,2026-08-28 18:36:05,1787942165029,1,0,26011001,11060153,3,0.01,4476.4,0.0,0.0,0.0,0.0,XAUUSD.u,STR S4,
3732047,11060226,2026-08-28 18:36:54,1787942214314,1,0,26011001,11060226,3,0.01,4480.87,0.0,0.0,0.0,0.0,XAUUSD.u,STR S1,
3732049,11060227,2026-08-28 18:36:57,1787942217173,1,0,26011001,11060227,3,0.01,4479.38,0.0,0.0,0.0,0.0,XAUUSD.u,STR S2,
3732112,11059981,2026-08-28 18:38:58,1787942338102,0,0,26011001,11059981,3,0.01,4483.85,0.0,0.0,0.0,0.0,XAUUSD.u,STR B1,
3732272,11060452,2026-08-28 18:41:33,1787942493259,0,1,26011001,11060226,4,0.01,4475.47,0.0,0.0,5.4,0.0,XAUUSD.u,[sl 4475.47],
3732273,11060453,2026-08-28 18:41:33,1787942493327,0,1,26011001,11060227,4,0.01,4475.5,0.0,0.0,3.88,0.0,XAUUSD.u,[sl 4475.50],
3732314,11060493,2026-08-28 18:42:59,1787942579401,0,1,26011001,11060152,4,0.01,4474.66,0.0,0.0,3.23,0.0,XAUUSD.u,[sl 4474.66],
3732355,11059742,2026-08-28 18:44:11,1787942651058,1,0,26011001,11059742,3,0.06,4470.44,0.0,0.0,0.0,0.0,XAUUSD.u,STR S8,
3732370,11059744,2026-08-28 18:44:18,1787942658743,1,0,26011001,11059744,3,0.06,4468.95,0.0,0.0,0.0,0.0,XAUUSD.u,STR S9,
3732376,11060556,2026-08-28 18:44:22,1787942662665,0,1,26011001,11059736,4,0.01,4470.56,0.0,0.0,4.35,0.0,XAUUSD.u,[sl 4470.56],
3732377,11060557,2026-08-28 18:44:22,1787942662665,0,1,26011001,11060153,4,0.01,4470.56,0.0,0.0,5.84,0.0,XAUUSD.u,[sl 4470.56],
3732392,11059746,2026-08-28 18:44:43,1787942683778,1,0,26011001,11059746,3,0.06,4467.46,0.0,0.0,0.0,0.0,XAUUSD.u,STR S10,
3732415,11060598,2026-08-28 18:45:01,1787942701914,0,1,26011001,11059738,4,0.01,4470.29,0.0,0.0,3.13,0.0,XAUUSD.u,[sl 4470.29],
3732418,11060601,2026-08-28 18:45:04,1787942704216,0,1,26011001,11059740,4,0.06,4471.78,0.0,0.0,0.9,0.0,XAUUSD.u,[sl 4471.78],
3732489,11060668,2026-08-28 18:46:06,1787942766412,1,0,26011001,11060668,3,0.01,4477.89,0.0,0.0,0.0,0.0,XAUUSD.u,STR S3,
3732541,11060658,2026-08-28 18:47:48,1787942868250,1,0,26011001,11060658,3,0.01,4476.4,0.0,0.0,0.0,0.0,XAUUSD.u,STR S4,
3732546,11060633,2026-08-28 18:47:48,1787942868656,1,0,26011001,11060633,3,0.01,4474.91,0.0,0.0,0.0,0.0,XAUUSD.u,STR S5,
3732558,11060744,2026-08-28 18:48:28,1787942908569,0,1,26011001,11060668,4,0.01,4477.65,0.0,0.0,0.24,0.0,XAUUSD.u,[sl 4477.65],
3732562,11060748,2026-08-28 18:48:33,1787942913951,1,0,26011001,11060748,3,0.01,4477.89,0.0,0.0,0.0,0.0,XAUUSD.u,STR S3,
3732584,11060758,2026-08-28 18:49:28,1787942968345,1,0,26011001,11060758,3,0.01,4479.38,0.0,0.0,0.0,0.0,XAUUSD.u,STR S2,
3732608,11060790,2026-08-28 18:49:56,1787942996882,1,0,26011001,11060790,3,0.01,4480.87,0.0,0.0,0.0,0.0,XAUUSD.u,STR S1,
3732851,11061064,2026-08-28 18:56:38,1787943398205,0,1,26011001,11060790,4,0.01,4477.19,0.0,0.0,3.68,0.0,XAUUSD.u,[sl 4477.19],
3732855,11061068,2026-08-28 18:56:46,1787943406652,0,1,26011001,11060758,4,0.01,4478.68,0.0,0.0,0.7,0.0,XAUUSD.u,[sl 4478.68],
3732882,11061082,2026-08-28 18:57:37,1787943457825,1,0,26011001,11061082,3,0.01,4479.38,0.0,0.0,0.0,0.0,XAUUSD.u,STR S2,
3732891,11061104,2026-08-28 18:57:48,1787943468689,1,0,26011001,11061104,3,0.01,4480.87,0.0,0.0,0.0,0.0,XAUUSD.u,STR S1,
3732918,11061136,2026-08-28 18:59:45,1787943585477,0,1,26011001,11061104,4,0.01,4479.95,0.0,0.0,0.92,0.0,XAUUSD.u,[sl 4479.95],
3732966,11061180,2026-08-28 19:00:48,1787943648286,0,1,26011001,11061082,4,0.01,4475.43,0.0,0.0,3.95,0.0,XAUUSD.u,[sl 4475.43],
3732975,11060635,2026-08-28 19:01:05,1787943665750,1,0,26011001,11060635,3,0.01,4473.42,0.0,0.0,0.0,0.0,XAUUSD.u,STR S6,
3732987,11061201,2026-08-28 19:01:20,1787943680837,0,1,26011001,11060748,4,0.01,4476.92,0.0,0.0,0.97,0.0,XAUUSD.u,[sl 4476.92],
3733018,11061231,2026-08-28 19:02:17,1787943737124,1,0,26011001,11061231,3,0.01,4477.89,0.0,0.0,0.0,0.0,XAUUSD.u,STR S3,
3733035,11061247,2026-08-28 19:02:59,1787943779101,1,0,26011001,11061247,3,0.01,4479.38,0.0,0.0,0.0,0.0,XAUUSD.u,STR S2,
3733042,11061255,2026-08-28 19:03:17,1787943797939,0,1,0,11059742,0,0.03,4478.2,0.0,0.0,-23.28,0.0,XAUUSD.u,,
3733045,11061259,2026-08-28 19:03:26,1787943806640,0,1,0,11059742,0,0.03,4476.89,0.0,0.0,-19.35,0.0,XAUUSD.u,,
3733049,11061262,2026-08-28 19:03:33,1787943813042,0,1,26011001,11061247,3,0.01,4477.91,0.0,0.0,1.47,0.0,XAUUSD.u,STR CLOSE,
3733050,11061263,2026-08-28 19:03:33,1787943813155,0,1,26011001,11061231,3,0.01,4477.94,0.0,0.0,-0.05,0.0,XAUUSD.u,STR CLOSE,
3733051,11061264,2026-08-28 19:03:33,1787943813268,0,1,26011001,11060658,3,0.01,4478.02,0.0,0.0,-1.62,0.0,XAUUSD.u,STR CLOSE,
3733052,11061265,2026-08-28 19:03:33,1787943813381,0,1,26011001,11060635,3,0.01,4478.21,0.0,0.0,-4.79,0.0,XAUUSD.u,STR CLOSE,
3733053,11061266,2026-08-28 19:03:33,1787943813494,0,1,26011001,11060633,3,0.01,4478.17,0.0,0.0,-3.26,0.0,XAUUSD.u,STR CLOSE,
3733054,11061267,2026-08-28 19:03:33,1787943813607,1,1,26011001,11059981,3,0.01,4478.02,0.0,0.0,-5.83,0.0,XAUUSD.u,STR CLOSE,
3733055,11061268,2026-08-28 19:03:33,1787943813720,1,1,26011001,11059729,3,0.01,4478.02,0.0,0.0,-7.32,0.0,XAUUSD.u,STR CLOSE,
3733067,11061279,2026-08-28 19:03:59,1787943839244,0,0,26011001,11061279,3,0.01,4477.65,0.0,0.0,0.0,0.0,XAUUSD.u,STR B1,
3733076,11061281,2026-08-28 19:04:27,1787943867562,0,0,26011001,11061281,3,0.01,4479.14,0.0,0.0,0.0,0.0,XAUUSD.u,STR B2,
3733228,11061283,2026-08-28 19:08:22,1787944102137,0,0,26011001,11061283,3,0.01,4480.63,0.0,0.0,0.0,0.0,XAUUSD.u,STR B3,
3733259,11061285,2026-08-28 19:08:40,1787944120811,0,0,26011001,11061285,3,0.01,4482.12,0.0,0.0,0.0,0.0,XAUUSD.u,STR B4,
3733274,11061525,2026-08-28 19:09:06,1787944146284,1,1,26011001,11061279,4,0.01,4480.96,0.0,0.0,3.31,0.0,XAUUSD.u,[sl 4480.96],
3733281,11061534,2026-08-28 19:09:25,1787944165492,1,1,26011001,11061281,4,0.01,4479.47,0.0,0.0,0.33,0.0,XAUUSD.u,[sl 4479.47],
3733318,11061570,2026-08-28 19:10:17,1787944217667,0,0,26011001,11061570,3,0.01,4479.14,0.0,0.0,0.0,0.0,XAUUSD.u,STR B2,
3733322,11061574,2026-08-28 19:10:30,1787944230216,0,0,26011001,11061574,3,0.01,4477.65,0.0,0.0,0.0,0.0,XAUUSD.u,STR B1,
3733371,11061280,2026-08-28 19:11:07,1787944267040,1,0,26011001,11061280,3,0.01,4474.67,0.0,0.0,0.0,0.0,XAUUSD.u,STR S1,
3733378,11061282,2026-08-28 19:11:07,1787944267182,1,0,26011001,11061282,3,0.01,4473.18,0.0,0.0,0.0,0.0,XAUUSD.u,STR S2,
3733397,11061284,2026-08-28 19:11:12,1787944272143,1,0,26011001,11061284,3,0.01,4471.69,0.0,0.0,0.0,0.0,XAUUSD.u,STR S3,
3733424,11061676,2026-08-28 19:11:41,1787944301778,0,1,26011001,11061280,4,0.01,4474.57,0.0,0.0,0.1,0.0,XAUUSD.u,[sl 4474.57],
3733506,11061680,2026-08-28 19:13:25,1787944405037,1,0,26011001,11061680,3,0.01,4474.67,0.0,0.0,0.0,0.0,XAUUSD.u,STR S1,
3733561,11061823,2026-08-28 19:15:43,1787944543536,1,1,26011001,11061574,4,0.01,4479.01,0.0,0.0,1.3599999999999999,0.0,XAUUSD.u,[sl 4479.01],
3733578,11061840,2026-08-28 19:16:17,1787944577666,0,0,26011001,11061840,3,0.01,4477.65,0.0,0.0,0.0,0.0,XAUUSD.u,STR B1,
3733846,11061287,2026-08-28 19:20:18,1787944818668,0,0,26011001,11061287,3,0.01,4483.61,0.0,0.0,0.0,0.0,XAUUSD.u,STR B5,
3733960,11062233,2026-08-28 19:20:38,1787944838044,1,1,26011001,11061570,4,0.01,4483.1,0.0,0.0,3.96,0.0,XAUUSD.u,[sl 4483.10],
3733961,11062234,2026-08-28 19:20:38,1787944838044,1,1,26011001,11061840,4,0.01,4483.1,0.0,0.0,5.45,0.0,XAUUSD.u,[sl 4483.10],
3734042,11062314,2026-08-28 19:20:57,1787944857958,1,1,26011001,11061283,4,0.01,4481.61,0.0,0.0,0.98,0.0,XAUUSD.u,[sl 4481.61],
3734082,11062331,2026-08-28 19:21:06,1787944866358,0,0,26011001,11062331,3,0.01,4480.63,0.0,0.0,0.0,0.0,XAUUSD.u,STR B3,
3734297,11061289,2026-08-28 19:22:06,1787944926762,0,0,26011001,11061289,3,0.01,4485.1,0.0,0.0,0.0,0.0,XAUUSD.u,STR B6,
3734318,11061291,2026-08-28 19:22:20,1787944940963,0,0,26011001,11061291,3,0.06,4486.59,0.0,0.0,0.0,0.0,XAUUSD.u,STR B7,
3734331,11062601,2026-08-28 19:22:34,1787944954429,1,1,26011001,11062331,4,0.01,4484.97,0.0,0.0,4.34,0.0,XAUUSD.u,[sl 4484.97],
3734357,11062629,2026-08-28 19:22:47,1787944967931,1,1,26011001,11061285,4,0.01,4483.5,0.0,0.0,1.38,0.0,XAUUSD.u,[sl 4483.50],
3734391,11062658,2026-08-28 19:22:59,1787944979213,0,0,26011001,11062658,3,0.01,4482.12,0.0,0.0,0.0,0.0,XAUUSD.u,STR B4,
3734487,11062761,2026-08-28 19:25:28,1787945128645,1,1,26011001,11062658,4,0.01,4482.8,0.0,0.0,0.68,0.0,XAUUSD.u,[sl 4482.80],
3734571,11062846,2026-08-28 19:26:28,1787945188237,0,0,26011001,11062846,3,0.01,4477.65,0.0,0.0,0.0,0.0,XAUUSD.u,STR B1,
3734575,11062811,2026-08-28 19:26:42,1787945202506,0,0,26011001,11062811,3,0.01,4479.14,0.0,0.0,0.0,0.0,XAUUSD.u,STR B2,
3734583,11062805,2026-08-28 19:26:49,1787945209758,0,0,26011001,11062805,3,0.01,4480.63,0.0,0.0,0.0,0.0,XAUUSD.u,STR B3,
3734606,11062879,2026-08-28 19:27:39,1787945259446,1,1,26011001,11062846,4,0.01,4478.43,0.0,0.0,0.78,0.0,XAUUSD.u,[sl 4478.43],
3734610,11062883,2026-08-28 19:27:45,1787945265968,0,0,26011001,11062883,3,0.01,4477.65,0.0,0.0,0.0,0.0,XAUUSD.u,STR B1,
3734662,11062938,2026-08-28 19:29:53,1787945393283,1,1,26011001,11062883,4,0.01,4478.04,0.0,0.0,0.39,0.0,XAUUSD.u,[sl 4478.04],
3734680,11062959,2026-08-28 19:30:49,1787945449942,0,0,26011001,11062959,3,0.01,4477.65,0.0,0.0,0.0,0.0,XAUUSD.u,STR B1,
3734892,11063184,2026-08-28 19:36:33,1787945793048,1,1,26011001,11062959,4,0.01,4478.24,0.0,0.0,0.59,0.0,XAUUSD.u,[sl 4478.24],
3734906,11063198,2026-08-28 19:36:44,1787945804643,0,0,26011001,11063198,3,0.01,4477.65,0.0,0.0,0.0,0.0,XAUUSD.u,STR B1,
3735044,11063344,2026-08-28 19:40:23,1787946023559,0,1,26011001,11061680,4,0.01,4474.52,0.0,0.0,0.15,0.0,XAUUSD.u,[sl 4474.52],
3735049,11063349,2026-08-28 19:40:42,1787946042107,1,0,26011001,11063349,3,0.01,4474.67,0.0,0.0,0.0,0.0,XAUUSD.u,STR S1,
3735077,11061286,2026-08-28 19:41:49,1787946109611,1,0,26011001,11061286,3,0.01,4470.2,0.0,0.0,0.0,0.0,XAUUSD.u,STR S4,
3735087,11061288,2026-08-28 19:41:53,1787946113345,1,0,26011001,11061288,3,0.01,4468.71,0.0,0.0,0.0,0.0,XAUUSD.u,STR S5,
3735104,11061290,2026-08-28 19:42:01,1787946121960,1,0,26011001,11061290,3,0.01,4467.22,0.0,0.0,0.0,0.0,XAUUSD.u,STR S6,
3735116,11061292,2026-08-28 19:42:10,1787946130199,1,0,26011001,11061292,3,0.06,4465.73,0.0,0.0,0.0,0.0,XAUUSD.u,STR S7,
3735121,11061294,2026-08-28 19:42:10,1787946130259,1,0,26011001,11061294,3,0.06,4464.24,0.0,0.0,0.0,0.0,XAUUSD.u,STR S8,
3735138,11061296,2026-08-28 19:42:10,1787946130734,1,0,26011001,11061296,3,0.06,4462.75,0.0,0.0,0.0,0.0,XAUUSD.u,STR S9,
3735169,11061298,2026-08-28 19:42:15,1787946135053,1,0,26011001,11061298,3,0.06,4461.26,0.0,0.0,0.0,0.0,XAUUSD.u,STR S10,
3735180,11063468,2026-08-28 19:42:20,1787946140582,0,1,26011001,11063349,3,0.01,4461.08,0.0,0.0,13.59,0.0,XAUUSD.u,STR CLOSE,
3735181,11063469,2026-08-28 19:42:20,1787946140695,1,1,26011001,11063198,3,0.01,4460.98,0.0,0.0,-16.67,0.0,XAUUSD.u,STR CLOSE,
3735182,11063470,2026-08-28 19:42:20,1787946140807,1,1,26011001,11062811,3,0.01,4461.11,0.0,0.0,-18.03,0.0,XAUUSD.u,STR CLOSE,
3735183,11063471,2026-08-28 19:42:20,1787946140920,1,1,26011001,11062805,3,0.01,4461.44,0.0,0.0,-19.19,0.0,XAUUSD.u,STR CLOSE,
3735184,11063472,2026-08-28 19:42:21,1787946141032,0,1,26011001,11061298,3,0.06,4461.58,0.0,0.0,-1.92,0.0,XAUUSD.u,STR CLOSE,
3735185,11063473,2026-08-28 19:42:21,1787946141146,0,1,26011001,11061296,3,0.06,4461.19,0.0,0.0,9.36,0.0,XAUUSD.u,STR CLOSE,
3735186,11063474,2026-08-28 19:42:21,1787946141259,0,1,26011001,11061294,3,0.06,4461.0,0.0,0.0,19.44,0.0,XAUUSD.u,STR CLOSE,
3735187,11063475,2026-08-28 19:42:21,1787946141373,0,1,26011001,11061292,3,0.06,4461.0,0.0,0.0,28.38,0.0,XAUUSD.u,STR CLOSE,
3735188,11063476,2026-08-28 19:42:21,1787946141486,0,1,26011001,11061290,3,0.01,4461.25,0.0,0.0,5.97,0.0,XAUUSD.u,STR CLOSE,
3735189,11063477,2026-08-28 19:42:21,1787946141598,1,1,26011001,11061289,3,0.01,4461.18,0.0,0.0,-23.92,0.0,XAUUSD.u,STR CLOSE,
3735190,11063478,2026-08-28 19:42:21,1787946141711,0,1,26011001,11061288,3,0.01,4461.25,0.0,0.0,7.46,0.0,XAUUSD.u,STR CLOSE,
3735191,11063479,2026-08-28 19:42:21,1787946141824,1,1,26011001,11061287,3,0.01,4461.21,0.0,0.0,-22.4,0.0,XAUUSD.u,STR CLOSE,
3735192,11063480,2026-08-28 19:42:21,1787946141944,0,1,26011001,11061286,3,0.01,4461.4,0.0,0.0,8.8,0.0,XAUUSD.u,STR CLOSE,
3735193,11063481,2026-08-28 19:42:22,1787946142056,0,1,26011001,11061284,3,0.01,4461.33,0.0,0.0,10.36,0.0,XAUUSD.u,STR CLOSE,
3735194,11063482,2026-08-28 19:42:22,1787946142170,0,1,26011001,11061282,3,0.01,4461.38,0.0,0.0,11.8,0.0,XAUUSD.u,STR CLOSE,
3735209,11063488,2026-08-28 19:42:41,1787946161727,0,0,26011001,11063488,3,0.01,4463.8,0.0,0.0,0.0,0.0,XAUUSD.u,STR B1,
3735221,11063490,2026-08-28 19:42:54,1787946174770,0,0,26011001,11063490,3,0.01,4465.29,0.0,0.0,0.0,0.0,XAUUSD.u,STR B2,
3735235,11063493,2026-08-28 19:43:17,1787946197367,0,0,26011001,11063493,3,0.01,4466.78,0.0,0.0,0.0,0.0,XAUUSD.u,STR B3,
3735259,11063495,2026-08-28 19:44:20,1787946260979,0,0,26011001,11063495,3,0.01,4468.27,0.0,0.0,0.0,0.0,XAUUSD.u,STR B4,
3735320,11063497,2026-08-28 19:45:20,1787946320239,0,0,26011001,11063497,3,0.01,4469.76,0.0,0.0,0.0,0.0,XAUUSD.u,STR B5,
3735353,11063499,2026-08-28 19:46:07,1787946367820,0,0,26011001,11063499,3,0.01,4471.25,0.0,0.0,0.0,0.0,XAUUSD.u,STR B6,
3735373,11063501,2026-08-28 19:46:32,1787946392930,0,0,26011001,11063501,3,0.06,4472.74,0.0,0.0,0.0,0.0,XAUUSD.u,STR B7,
3735376,11063704,2026-08-28 19:46:34,1787946394944,1,1,26011001,11063501,3,0.06,4472.67,0.0,0.0,-0.42,0.0,XAUUSD.u,STR CLOSE,
3735377,11063705,2026-08-28 19:46:35,1787946395057,1,1,26011001,11063499,3,0.01,4472.73,0.0,0.0,1.48,0.0,XAUUSD.u,STR CLOSE,
3735378,11063706,2026-08-28 19:46:35,1787946395170,1,1,26011001,11063497,3,0.01,4472.78,0.0,0.0,3.02,0.0,XAUUSD.u,STR CLOSE,
3735379,11063707,2026-08-28 19:46:35,1787946395284,1,1,26011001,11063495,3,0.01,4472.73,0.0,0.0,4.46,0.0,XAUUSD.u,STR CLOSE,
3735380,11063708,2026-08-28 19:46:35,1787946395396,1,1,26011001,11063493,3,0.01,4472.73,0.0,0.0,5.95,0.0,XAUUSD.u,STR CLOSE,
3735381,11063709,2026-08-28 19:46:35,1787946395510,1,1,26011001,11063490,3,0.01,4472.73,0.0,0.0,7.44,0.0,XAUUSD.u,STR CLOSE,
3735382,11063710,2026-08-28 19:46:35,1787946395624,1,1,26011001,11063488,3,0.01,4472.57,0.0,0.0,8.77,0.0,XAUUSD.u,STR CLOSE,
3735387,11063711,2026-08-28 19:46:42,1787946402585,0,0,26011001,11063711,3,0.01,4474.42,0.0,0.0,0.0,0.0,XAUUSD.u,STR B1,
3735425,11063713,2026-08-28 19:48:12,1787946492665,0,0,26011001,11063713,3,0.01,4475.91,0.0,0.0,0.0,0.0,XAUUSD.u,STR B2,
3735551,11063712,2026-08-28 19:55:08,1787946908185,1,0,26011001,11063712,3,0.01,4471.44,0.0,0.0,0.0,0.0,XAUUSD.u,STR S1,
3735610,11063714,2026-08-28 19:56:21,1787946981053,1,0,26011001,11063714,3,0.01,4469.95,0.0,0.0,0.0,0.0,XAUUSD.u,STR S2,
3735670,11063716,2026-08-28 19:56:47,1787947007068,1,0,26011001,11063716,3,0.01,4468.46,0.0,0.0,0.0,0.0,XAUUSD.u,STR S3,
3735717,11063718,2026-08-28 19:56:59,1787947019167,1,0,26011001,11063718,3,0.01,4466.97,0.0,0.0,0.0,0.0,XAUUSD.u,STR S4,
3735731,11064093,2026-08-28 19:57:11,1787947031244,0,1,26011001,11063712,4,0.01,4468.27,0.0,0.0,3.17,0.0,XAUUSD.u,[sl 4468.27],
3735745,11064110,2026-08-28 19:57:56,1787947076292,0,1,26011001,11063714,4,0.01,4469.76,0.0,0.0,0.19,0.0,XAUUSD.u,[sl 4469.76],
3735764,11064128,2026-08-28 19:58:18,1787947098558,1,0,26011001,11064128,3,0.01,4469.95,0.0,0.0,0.0,0.0,XAUUSD.u,STR S2,
3735793,11064160,2026-08-28 19:59:25,1787947165711,1,0,26011001,11064160,3,0.01,4471.44,0.0,0.0,0.0,0.0,XAUUSD.u,STR S1,
3735888,11063720,2026-08-28 20:02:05,1787947325272,1,0,26011001,11063720,3,0.01,4465.48,0.0,0.0,0.0,0.0,XAUUSD.u,STR S5,
3735905,11063722,2026-08-28 20:02:12,1787947332466,1,0,26011001,11063722,3,0.01,4463.99,0.0,0.0,0.0,0.0,XAUUSD.u,STR S6,
3735930,11063724,2026-08-28 20:02:27,1787947347706,1,0,26011001,11063724,3,0.06,4462.5,0.0,0.0,0.0,0.0,XAUUSD.u,STR S7,
3735951,11064310,2026-08-28 20:02:34,1787947354597,0,1,26011001,11064128,4,0.01,4463.73,0.0,0.0,6.22,0.0,XAUUSD.u,[sl 4463.73],
3735954,11064313,2026-08-28 20:02:36,1787947356646,0,1,26011001,11063716,4,0.01,4463.78,0.0,0.0,4.68,0.0,XAUUSD.u,[sl 4463.78],
3735955,11064314,2026-08-28 20:02:36,1787947356646,0,1,26011001,11063718,4,0.01,4463.78,0.0,0.0,3.19,0.0,XAUUSD.u,[sl 4463.78],
3735956,11064315,2026-08-28 20:02:36,1787947356646,0,1,26011001,11064160,4,0.01,4463.78,0.0,0.0,7.66,0.0,XAUUSD.u,[sl 4463.78],
3736020,11063726,2026-08-28 20:04:10,1787947450453,1,0,26011001,11063726,3,0.06,4461.01,0.0,0.0,0.0,0.0,XAUUSD.u,STR S8,
3736041,11064399,2026-08-28 20:04:37,1787947477733,0,1,26011001,11063720,4,0.01,4462.04,0.0,0.0,3.44,0.0,XAUUSD.u,[sl 4462.04],
3736056,11064416,2026-08-28 20:05:13,1787947513363,0,1,26011001,11063722,4,0.01,4463.4,0.0,0.0,0.59,0.0,XAUUSD.u,[sl 4463.40],
3736069,11064430,2026-08-28 20:05:21,1787947521275,1,0,26011001,11064430,3,0.01,4463.99,0.0,0.0,0.0,0.0,XAUUSD.u,STR S6,
3736131,11064495,2026-08-28 20:07:53,1787947673304,0,1,26011001,11064430,4,0.01,4463.21,0.0,0.0,0.78,0.0,XAUUSD.u,[sl 4463.21],
3736211,11064578,2026-08-28 20:11:40,1787947900796,1,0,26011001,11064578,3,0.01,4463.99,0.0,0.0,0.0,0.0,XAUUSD.u,STR S6,
3736308,11063728,2026-08-28 20:17:14,1787948234901,1,0,26011001,11063728,3,0.06,4459.52,0.0,0.0,0.0,0.0,XAUUSD.u,STR S9,
3736317,11063730,2026-08-28 20:17:18,1787948238516,1,0,26011001,11063730,3,0.06,4458.03,0.0,0.0,0.0,0.0,XAUUSD.u,STR S10,
3736333,11063733,2026-08-28 20:17:18,1787948238649,1,0,26011001,11063733,3,0.06,4456.54,0.0,0.0,0.0,0.0,XAUUSD.u,STR S11,
3736343,11063736,2026-08-28 20:17:19,1787948239650,1,0,26011001,11063736,3,0.06,4455.05,0.0,0.0,0.0,0.0,XAUUSD.u,STR S12,
3736386,11064754,2026-08-28 20:17:28,1787948248625,0,1,26011001,11064578,3,0.01,4455.55,0.0,0.0,8.44,0.0,XAUUSD.u,STR CLOSE,
3736387,11064755,2026-08-28 20:17:28,1787948248737,0,1,26011001,11063736,3,0.06,4455.72,0.0,0.0,-4.02,0.0,XAUUSD.u,STR CLOSE,
3736388,11064756,2026-08-28 20:17:28,1787948248850,0,1,26011001,11063733,3,0.06,4455.65,0.0,0.0,5.34,0.0,XAUUSD.u,STR CLOSE,
3736389,11064757,2026-08-28 20:17:28,1787948248962,0,1,26011001,11063730,3,0.06,4455.59,0.0,0.0,14.64,0.0,XAUUSD.u,STR CLOSE,
3736390,11064758,2026-08-28 20:17:29,1787948249075,0,1,26011001,11063728,3,0.06,4455.41,0.0,0.0,24.66,0.0,XAUUSD.u,STR CLOSE,
3736391,11064759,2026-08-28 20:17:29,1787948249188,0,1,26011001,11063726,3,0.06,4455.67,0.0,0.0,32.04,0.0,XAUUSD.u,STR CLOSE,
3736392,11064760,2026-08-28 20:17:29,1787948249301,0,1,26011001,11063724,3,0.06,4455.75,0.0,0.0,40.5,0.0,XAUUSD.u,STR CLOSE,
3736393,11064761,2026-08-28 20:17:29,1787948249414,1,1,26011001,11063713,3,0.01,4455.72,0.0,0.0,-20.19,0.0,XAUUSD.u,STR CLOSE,
3736394,11064762,2026-08-28 20:17:29,1787948249527,1,1,26011001,11063711,3,0.01,4455.79,0.0,0.0,-18.63,0.0,XAUUSD.u,STR CLOSE,
3736407,11064772,2026-08-28 20:17:48,1787948268626,0,0,26011001,11064772,3,0.01,4457.67,0.0,0.0,0.0,0.0,XAUUSD.u,STR B1,
3736414,11064774,2026-08-28 20:17:56,1787948276919,0,0,26011001,11064774,3,0.01,4459.16,0.0,0.0,0.0,0.0,XAUUSD.u,STR B2,
3736427,11064776,2026-08-28 20:18:22,1787948302463,0,0,26011001,11064776,3,0.01,4460.65,0.0,0.0,0.0,0.0,XAUUSD.u,STR B3,
3736461,11064778,2026-08-28 20:18:30,1787948310663,0,0,26011001,11064778,3,0.01,4462.14,0.0,0.0,0.0,0.0,XAUUSD.u,STR B4,
3736487,11064907,2026-08-28 20:19:11,1787948351251,1,1,26011001,11064772,4,0.01,4458.5,0.0,0.0,0.83,0.0,XAUUSD.u,[sl 4458.50],
3736511,11064926,2026-08-28 20:19:33,1787948373987,0,0,26011001,11064926,3,0.01,4457.67,0.0,0.0,0.0,0.0,XAUUSD.u,STR B1,
3736575,11064780,2026-08-28 20:22:01,1787948521258,0,0,26011001,11064780,3,0.01,4463.63,0.0,0.0,0.0,0.0,XAUUSD.u,STR B5,
3736625,11065057,2026-08-28 20:22:50,1787948570213,1,1,26011001,11064926,4,0.01,4461.18,0.0,0.0,3.51,0.0,XAUUSD.u,[sl 4461.18],
3736649,11065080,2026-08-28 20:23:11,1787948591721,1,1,26011001,11064774,4,0.01,4459.69,0.0,0.0,0.53,0.0,XAUUSD.u,[sl 4459.69],
3736653,11065084,2026-08-28 20:23:14,1787948594139,0,0,26011001,11065084,3,0.01,4459.16,0.0,0.0,0.0,0.0,XAUUSD.u,STR B2,
3736712,11064773,2026-08-28 20:23:51,1787948631256,1,0,26011001,11064773,3,0.01,4454.69,0.0,0.0,0.0,0.0,XAUUSD.u,STR S1,
3736743,11064775,2026-08-28 20:24:05,1787948645495,1,0,26011001,11064775,3,0.01,4453.2,0.0,0.0,0.0,0.0,XAUUSD.u,STR S2,
3736840,11065110,2026-08-28 20:26:07,1787948767073,0,0,26011001,11065110,3,0.01,4457.67,0.0,0.0,0.0,0.0,XAUUSD.u,STR B1,
3736919,11065360,2026-08-28 20:27:34,1787948854936,1,1,26011001,11065110,4,0.01,4460.65,0.0,0.0,2.98,0.0,XAUUSD.u,[sl 4460.65],
3736921,11065362,2026-08-28 20:27:42,1787948862141,1,1,26011001,11065084,4,0.01,4459.3,0.0,0.0,0.14,0.0,XAUUSD.u,[sl 4459.30],
3736926,11065367,2026-08-28 20:27:46,1787948866730,0,0,26011001,11065367,3,0.01,4459.16,0.0,0.0,0.0,0.0,XAUUSD.u,STR B2,
3736950,11065400,2026-08-28 20:29:13,1787948953456,0,0,26011001,11065400,3,0.01,4457.67,0.0,0.0,0.0,0.0,XAUUSD.u,STR B1,
3737193,11064777,2026-08-28 20:38:21,1787949501817,1,0,26011001,11064777,3,0.01,4451.71,0.0,0.0,0.0,0.0,XAUUSD.u,STR S3,
3737297,11064779,2026-08-28 20:42:39,1787949759921,1,0,26011001,11064779,3,0.01,4450.22,0.0,0.0,0.0,0.0,XAUUSD.u,STR S4,
3737315,11064781,2026-08-28 20:42:40,1787949760034,1,0,26011001,11064781,3,0.01,4448.73,0.0,0.0,0.0,0.0,XAUUSD.u,STR S5,
3737322,11064783,2026-08-28 20:42:40,1787949760051,1,0,26011001,11064783,3,0.01,4447.24,0.0,0.0,0.0,0.0,XAUUSD.u,STR S6,
3737382,11064785,2026-08-28 20:43:26,1787949806667,1,0,26011001,11064785,3,0.06,4445.75,0.0,0.0,0.0,0.0,XAUUSD.u,STR S7,
3737397,11066742,2026-08-28 20:43:44,1787949824113,0,1,26011001,11064773,4,0.01,4447.06,0.0,0.0,7.63,0.0,XAUUSD.u,[sl 4447.06],
3737398,11066743,2026-08-28 20:43:44,1787949824114,0,1,26011001,11064775,4,0.01,4447.12,0.0,0.0,6.08,0.0,XAUUSD.u,[sl 4447.12],
3737399,11066744,2026-08-28 20:43:44,1787949824114,0,1,26011001,11064777,4,0.01,4447.12,0.0,0.0,4.59,0.0,XAUUSD.u,[sl 4447.12],
3737400,11066745,2026-08-28 20:43:44,1787949824114,0,1,26011001,11064779,4,0.01,4447.12,0.0,0.0,3.1,0.0,XAUUSD.u,[sl 4447.12],
3737417,11067071,2026-08-28 20:44:17,1787949857713,0,1,26011001,11064781,4,0.01,4448.6,0.0,0.0,0.13,0.0,XAUUSD.u,[sl 4448.60],
3737480,11067584,2026-08-28 20:45:26,1787949926592,1,0,26011001,11067584,3,0.01,4451.71,0.0,0.0,0.0,0.0,XAUUSD.u,STR S3,
3737493,11067632,2026-08-28 20:45:52,1787949952433,1,0,26011001,11067632,3,0.01,4453.2,0.0,0.0,0.0,0.0,XAUUSD.u,STR S2,
3737504,11067645,2026-08-28 20:46:05,1787949965062,1,0,26011001,11067645,3,0.01,4454.69,0.0,0.0,0.0,0.0,XAUUSD.u,STR S1,
3737529,11067485,2026-08-28 20:46:45,1787950005182,1,0,26011001,11067485,3,0.01,4450.22,0.0,0.0,0.0,0.0,XAUUSD.u,STR S4,
3737547,11067174,2026-08-28 20:47:02,1787950022479,1,0,26011001,11067174,3,0.01,4448.73,0.0,0.0,0.0,0.0,XAUUSD.u,STR S5,
3737562,11068057,2026-08-28 20:47:18,1787950038366,0,1,26011001,11067632,4,0.01,4450.1,0.0,0.0,3.1,0.0,XAUUSD.u,[sl 4450.10],
3737564,11068060,2026-08-28 20:47:18,1787950038455,0,1,26011001,11067645,4,0.01,4450.19,0.0,0.0,4.5,0.0,XAUUSD.u,[sl 4450.19],
3737574,11068298,2026-08-28 20:47:48,1787950068354,0,1,26011001,11067584,4,0.01,4451.58,0.0,0.0,0.13,0.0,XAUUSD.u,[sl 4451.58],
3737578,11068301,2026-08-28 20:47:54,1787950074479,1,0,26011001,11068301,3,0.01,4451.71,0.0,0.0,0.0,0.0,XAUUSD.u,STR S3,
3737622,11068670,2026-08-28 20:49:29,1787950169922,1,0,26011001,11068670,3,0.01,4454.69,0.0,0.0,0.0,0.0,XAUUSD.u,STR S1,
3737637,11068662,2026-08-28 20:50:05,1787950205656,1,0,26011001,11068662,3,0.01,4453.2,0.0,0.0,0.0,0.0,XAUUSD.u,STR S2,
3737931,11069019,2026-08-28 21:02:24,1787950944327,1,1,26011001,11065400,4,0.01,4458.0,0.0,0.0,0.33,0.0,XAUUSD.u,[sl 4458.00],
3737944,11069034,2026-08-28 21:02:52,1787950972526,0,0,26011001,11069034,3,0.01,4457.67,0.0,0.0,0.0,0.0,XAUUSD.u,STR B1,
3737979,11069072,2026-08-28 21:04:51,1787951091756,1,1,26011001,11069034,4,0.01,4458.51,0.0,0.0,0.84,0.0,XAUUSD.u,[sl 4458.51],
3737984,11069078,2026-08-28 21:05:04,1787951104436,0,0,26011001,11069078,3,0.01,4457.67,0.0,0.0,0.0,0.0,XAUUSD.u,STR B1,
3738127,11069222,2026-08-28 21:09:01,1787951341104,1,1,26011001,11069078,4,0.01,4460.89,0.0,0.0,3.22,0.0,XAUUSD.u,[sl 4460.89],
3738150,11069247,2026-08-28 21:10:22,1787951422730,1,1,26011001,11065367,4,0.01,4459.4,0.0,0.0,0.24,0.0,XAUUSD.u,[sl 4459.40],
3738153,11069248,2026-08-28 21:10:30,1787951430817,0,0,26011001,11069248,3,0.01,4459.16,0.0,0.0,0.0,0.0,XAUUSD.u,STR B2,
3738192,11069267,2026-08-28 21:11:54,1787951514578,0,0,26011001,11069267,3,0.01,4457.67,0.0,0.0,0.0,0.0,XAUUSD.u,STR B1,
3738393,11069511,2026-08-28 21:23:26,1787952206430,1,1,26011001,11069267,4,0.01,4459.1,0.0,0.0,1.43,0.0,XAUUSD.u,[sl 4459.10],
3738831,11070071,2026-08-28 21:31:18,1787952678783,1,1,26011001,11069248,4,0.01,4463.17,0.0,0.0,4.01,0.0,XAUUSD.u,[sl 4463.17],
3738836,11070076,2026-08-28 21:31:42,1787952702054,1,1,26011001,11064776,4,0.01,4461.68,0.0,0.0,1.03,0.0,XAUUSD.u,[sl 4461.68],
3738955,11064782,2026-08-28 21:38:00,1787953080322,0,0,26011001,11064782,3,0.01,4465.12,0.0,0.0,0.0,0.0,XAUUSD.u,STR B6,
3738988,11064784,2026-08-28 21:39:29,1787953169884,0,0,26011001,11064784,3,0.06,4466.61,0.0,0.0,0.0,0.0,XAUUSD.u,STR B7,
3739004,11070583,2026-08-28 21:40:56,1787953256218,1,1,26011001,11064778,4,0.01,4465.33,0.0,0.0,3.19,0.0,XAUUSD.u,[sl 4465.33],
3739042,11071002,2026-08-28 21:45:21,1787953521526,1,1,26011001,11064780,4,0.01,4463.84,0.0,0.0,0.21,0.0,XAUUSD.u,[sl 4463.84],
3739044,11071006,2026-08-28 21:45:28,1787953528199,0,0,26011001,11071006,3,0.01,4463.63,0.0,0.0,0.0,0.0,XAUUSD.u,STR B5,
3739087,11071100,2026-08-28 21:46:13,1787953573146,0,0,26011001,11071100,3,0.01,4460.65,0.0,0.0,0.0,0.0,XAUUSD.u,STR B3,
3739102,11071170,2026-08-28 21:46:41,1787953601144,0,0,26011001,11071170,3,0.01,4459.16,0.0,0.0,0.0,0.0,XAUUSD.u,STR B2,
3739128,11071255,2026-08-28 21:47:53,1787953673637,0,0,26011001,11071255,3,0.01,4457.67,0.0,0.0,0.0,0.0,XAUUSD.u,STR B1,
3739321,11072195,2026-08-28 21:56:16,1787954176725,1,1,26011001,11071255,3,0.01,4459.02,0.0,0.0,1.35,0.0,XAUUSD.u,STR CLOSE,
3739322,11072197,2026-08-28 21:56:16,1787954176838,1,1,26011001,11071170,3,0.01,4459.05,0.0,0.0,-0.11,0.0,XAUUSD.u,STR CLOSE,
3739323,11072198,2026-08-28 21:56:16,1787954176951,1,1,26011001,11071100,3,0.01,4459.05,0.0,0.0,-1.6,0.0,XAUUSD.u,STR CLOSE,
3739324,11072199,2026-08-28 21:56:17,1787954177064,1,1,26011001,11071006,3,0.01,4459.06,0.0,0.0,-4.57,0.0,XAUUSD.u,STR CLOSE,
3739325,11072201,2026-08-28 21:56:17,1787954177177,0,1,26011001,11068670,3,0.01,4459.24,0.0,0.0,-4.55,0.0,XAUUSD.u,STR CLOSE,
3739327,11072203,2026-08-28 21:56:17,1787954177289,0,1,26011001,11068662,3,0.01,4459.24,0.0,0.0,-6.04,0.0,XAUUSD.u,STR CLOSE,
3739328,11072204,2026-08-28 21:56:17,1787954177407,0,1,26011001,11068301,3,0.01,4459.28,0.0,0.0,-7.57,0.0,XAUUSD.u,STR CLOSE,
3739356,11072209,2026-08-28 21:57:00,1787954220000,0,0,26011001,11072209,3,0.01,4460.73,0.0,0.0,0.0,0.0,XAUUSD.u,STR B1,
3739388,11072210,2026-08-28 21:58:47,1787954327158,1,0,26011001,11072210,3,0.01,4457.75,0.0,0.0,0.0,0.0,XAUUSD.u,STR S1,
3739413,11072212,2026-08-28 22:00:05,1787954405828,1,0,26011001,11072212,3,0.01,4456.26,0.0,0.0,0.0,0.0,XAUUSD.u,STR S2,
3739438,11072211,2026-08-28 22:03:09,1787954589273,0,0,26011001,11072211,3,0.01,4462.22,0.0,0.0,0.0,0.0,XAUUSD.u,STR B2,
3739538,11072214,2026-08-28 22:22:57,1787955777873,1,0,26011001,11072214,3,0.01,4454.77,0.0,0.0,0.0,0.0,XAUUSD.u,STR S3,
3739554,11073318,2026-08-28 22:28:57,1787956137502,0,1,26011001,11072210,4,0.01,4456.88,0.0,0.0,0.87,0.0,XAUUSD.u,[sl 4456.88],
3739564,11073327,2026-08-28 22:29:42,1787956182496,1,0,26011001,11073327,3,0.01,4457.75,0.0,0.0,0.0,0.0,XAUUSD.u,STR S1,
3739598,11073391,2026-08-28 22:44:34,1787957074369,0,1,26011001,11073327,4,0.01,4457.08,0.0,0.0,0.67,0.0,XAUUSD.u,[sl 4457.08],
3739603,11073396,2026-08-28 22:45:25,1787957125676,1,0,26011001,11073396,3,0.01,4457.75,0.0,0.0,0.0,0.0,XAUUSD.u,STR S1,
3739675,11072216,2026-08-28 22:56:18,1787957778955,1,0,26011001,11072216,3,0.01,4453.28,0.0,0.0,0.0,0.0,XAUUSD.u,STR S4,
3739689,11073484,2026-08-28 22:57:48,1787957868088,0,1,26011001,11073396,4,0.01,4456.45,0.0,0.0,1.3,0.0,XAUUSD.u,[sl 4456.45],
