trade_num,position_id,entry_deal_ticket,exit_deal_ticket,symbol,direction,grid_level,level_number,volume_lots,open_time,close_time,duration_seconds,duration_formatted,open_price,close_price,price_change,points_captured,gross_profit_usd,commission_usd,swap_usd,net_profit_usd,is_win,exit_type,exit_comment,sl_recorded_price,sl_slippage_points,account_balance_after_trade,cumulative_net_profit,day_of_week,hour_of_day,date
1,9525735,3347335,3347949,XAUUSD.u,BUY,STR B1,1,0.01,2026-08-21 13:03:11.986,2026-08-21 13:19:14.728,962.74,16m 2s,4592.61,4596.32,3.71,3.71,3.71,0.0,0.0,3.71,1,TRAILING_STOP,[sl 4596.32],4596.32,0.0,1003.71,3.71,Friday,13,2026-08-21
2,9525738,3347388,3348075,XAUUSD.u,BUY,STR B2,2,0.01,2026-08-21 13:03:49.402,2026-08-21 13:22:28.450,1119.05,18m 39s,4594.14,4599.62,5.48,5.48,5.48,0.0,0.0,5.48,1,TRAILING_STOP,[sl 4599.62],4599.62,0.0,1009.19,9.19,Friday,13,2026-08-21
3,9525740,3347877,3348076,XAUUSD.u,BUY,STR B3,3,0.01,2026-08-21 13:18:21.702,2026-08-21 13:22:28.450,246.75,4m 6s,4595.67,4599.62,3.95,3.95,3.95,0.0,0.0,3.95,1,TRAILING_STOP,[sl 4599.62],4599.62,0.0,1013.14,13.14,Friday,13,2026-08-21
4,9525742,3347914,3348078,XAUUSD.u,BUY,STR B4,4,0.01,2026-08-21 13:18:42.823,2026-08-21 13:22:30.708,227.88,3m 47s,4597.2,4598.08,0.88,0.88,0.88,0.0,0.0,0.88,1,TRAILING_STOP,[sl 4598.08],4598.08,0.0,1014.02,14.02,Friday,13,2026-08-21
5,9527361,3348109,3348229,XAUUSD.u,BUY,STR B4,4,0.01,2026-08-21 13:23:17.271,2026-08-21 13:24:51.457,94.19,1m 34s,4597.2,4597.39,0.19,0.19,0.19,0.0,0.0,0.19,1,TRAILING_STOP,[sl 4597.39],4597.39,0.0,1014.21,14.21,Friday,13,2026-08-21
6,9525739,3350098,3350751,XAUUSD.u,SELL,STR S2,2,0.01,2026-08-21 14:18:32.989,2026-08-21 14:35:58.828,1045.84,17m 25s,4588.02,4571.05,-16.97,16.97,16.97,0.0,0.0,16.97,1,BASKET_CLOSE,STR CLOSE,,,1031.18,31.18,Friday,14,2026-08-21
7,9525741,3350133,3350750,XAUUSD.u,SELL,STR S3,3,0.01,2026-08-21 14:18:58.850,2026-08-21 14:35:58.715,1019.87,16m 59s,4586.49,4571.05,-15.44,15.44,15.44,0.0,0.0,15.44,1,BASKET_CLOSE,STR CLOSE,,,1046.62,46.62,Friday,14,2026-08-21
8,9525743,3350195,3350749,XAUUSD.u,SELL,STR S4,4,0.01,2026-08-21 14:20:56.007,2026-08-21 14:35:58.602,902.6,15m 2s,4584.96,4571.05,-13.91,13.91,13.91,0.0,0.0,13.91,1,BASKET_CLOSE,STR CLOSE,,,1060.53,60.53,Friday,14,2026-08-21
9,9525745,3350218,3350748,XAUUSD.u,SELL,STR S5,5,0.01,2026-08-21 14:21:06.953,2026-08-21 14:35:58.490,891.54,14m 51s,4583.43,4571.05,-12.38,12.38,12.38,0.0,0.0,12.38,1,BASKET_CLOSE,STR CLOSE,,,1072.91,72.91,Friday,14,2026-08-21
10,9525747,3350417,3350747,XAUUSD.u,SELL,STR S6,6,0.01,2026-08-21 14:30:19.567,2026-08-21 14:35:58.377,338.81,5m 38s,4581.9,4571.15,-10.75,10.75,10.75,0.0,0.0,10.75,1,BASKET_CLOSE,STR CLOSE,,,1083.66,83.66,Friday,14,2026-08-21
11,9525749,3350434,3350746,XAUUSD.u,SELL,STR S7,7,0.01,2026-08-21 14:30:26.498,2026-08-21 14:35:58.264,331.77,5m 31s,4580.37,4571.15,-9.22,9.22,9.22,0.0,0.0,9.22,1,BASKET_CLOSE,STR CLOSE,,,1092.88,92.88,Friday,14,2026-08-21
12,9525755,3350519,3350745,XAUUSD.u,SELL,STR S8,8,0.01,2026-08-21 14:32:46.055,2026-08-21 14:35:58.150,192.09,3m 12s,4578.84,4571.16,-7.68,7.68,7.68,0.0,0.0,7.68,1,BASKET_CLOSE,STR CLOSE,,,1100.56,100.56,Friday,14,2026-08-21
13,9525757,3350571,3350744,XAUUSD.u,SELL,STR S9,9,0.01,2026-08-21 14:32:49.308,2026-08-21 14:35:58.037,188.73,3m 8s,4577.31,4571.09,-6.22,6.22,6.22,0.0,0.0,6.22,1,BASKET_CLOSE,STR CLOSE,,,1106.78,106.78,Friday,14,2026-08-21
14,9525759,3350669,3350743,XAUUSD.u,SELL,STR S10,10,0.01,2026-08-21 14:35:20.032,2026-08-21 14:35:57.924,37.89,37s,4575.78,4571.09,-4.69,4.69,4.69,0.0,0.0,4.69,1,BASKET_CLOSE,STR CLOSE,,,1111.47,111.47,Friday,14,2026-08-21
15,9525761,3350693,3350742,XAUUSD.u,SELL,STR S11,11,0.05,2026-08-21 14:35:29.023,2026-08-21 14:35:57.811,28.79,28s,4574.25,4571.09,-3.16,3.16,15.8,0.0,0.0,15.8,1,BASKET_CLOSE,STR CLOSE,,,1127.27,127.27,Friday,14,2026-08-21
16,9525763,3350710,3350741,XAUUSD.u,SELL,STR S12,12,0.05,2026-08-21 14:35:39.053,2026-08-21 14:35:57.699,18.65,18s,4572.72,4571.15,-1.57,1.57,7.85,0.0,0.0,7.85,1,BASKET_CLOSE,STR CLOSE,,,1135.12,135.12,Friday,14,2026-08-21
17,9525765,3350733,3350740,XAUUSD.u,SELL,STR S13,13,0.05,2026-08-21 14:35:54.466,2026-08-21 14:35:57.586,3.12,3s,4571.19,4571.15,-0.04,0.04,0.2,0.0,0.0,0.2,1,BASKET_CLOSE,STR CLOSE,,,1135.32,135.32,Friday,14,2026-08-21
18,9533693,3350967,3351121,XAUUSD.u,SELL,STR S1,1,0.01,2026-08-21 14:38:52.769,2026-08-21 14:40:21.975,89.21,1m 29s,4569.09,4565.09,-4.0,4.0,4.0,0.0,0.0,4.0,1,TRAILING_STOP,[sl 4565.09],4565.09,0.0,1139.32,139.32,Friday,14,2026-08-21
19,9533698,3350984,3351139,XAUUSD.u,SELL,STR S2,2,0.01,2026-08-21 14:38:57.840,2026-08-21 14:40:33.348,95.51,1m 35s,4567.57,4566.6,-0.97,0.97,0.97,0.0,0.0,0.97,1,TRAILING_STOP,[sl 4566.60],4566.6,0.0,1140.29,140.29,Friday,14,2026-08-21
20,9534205,3351178,3352350,XAUUSD.u,SELL,STR S1,1,0.01,2026-08-21 14:41:22.307,2026-08-21 15:11:24.150,1801.84,30m 1s,4569.09,4585.27,16.18,-16.18,-16.18,0.0,0.0,-16.18,0,BASKET_CLOSE,STR CLOSE,,,1124.11,124.11,Friday,14,2026-08-21
21,9533692,3351241,3351403,XAUUSD.u,BUY,STR B1,1,0.01,2026-08-21 14:42:17.472,2026-08-21 14:44:37.687,140.22,2m 20s,4572.13,4572.85,0.72,0.72,0.72,0.0,0.0,0.72,1,TRAILING_STOP,[sl 4572.85],4572.85,0.0,1124.83,124.83,Friday,14,2026-08-21
22,9533694,3351307,3351610,XAUUSD.u,BUY,STR B2,2,0.01,2026-08-21 14:43:26.914,2026-08-21 14:49:25.324,358.41,5m 58s,4573.65,4577.92,4.27,4.27,4.27,0.0,0.0,4.27,1,TRAILING_STOP,[sl 4577.92],4577.92,0.0,1129.1,129.1,Friday,14,2026-08-21
23,9533700,3351349,3351740,XAUUSD.u,BUY,STR B3,3,0.01,2026-08-21 14:43:40.492,2026-08-21 14:51:02.292,441.8,7m 21s,4575.17,4578.62,3.45,3.45,3.45,0.0,0.0,3.45,1,TRAILING_STOP,[sl 4578.62],4578.62,0.0,1132.55,132.55,Friday,14,2026-08-21
24,9533705,3351477,3351778,XAUUSD.u,BUY,STR B4,4,0.01,2026-08-21 14:46:00.437,2026-08-21 14:52:37.527,397.09,6m 37s,4576.69,4577.08,0.39,0.39,0.39,0.0,0.0,0.39,1,TRAILING_STOP,[sl 4577.08],4577.08,0.0,1132.94,132.94,Friday,14,2026-08-21
25,9533709,3351559,3352082,XAUUSD.u,BUY,STR B5,5,0.01,2026-08-21 14:48:05.042,2026-08-21 15:01:10.529,785.49,13m 5s,4578.21,4581.32,3.11,3.11,3.11,0.0,0.0,3.11,1,TRAILING_STOP,[sl 4581.32],4581.32,0.0,1136.05,136.05,Friday,14,2026-08-21
26,9533712,3351714,3352086,XAUUSD.u,BUY,STR B6,6,0.01,2026-08-21 14:50:09.506,2026-08-21 15:01:15.707,666.2,11m 6s,4579.73,4579.79,0.06,0.06,0.06,0.0,0.0,0.06,1,TRAILING_STOP,[sl 4579.79],4579.79,0.0,1136.11,136.11,Friday,14,2026-08-21
27,9535657,3351953,3352083,XAUUSD.u,BUY,STR B4,4,0.01,2026-08-21 14:57:14.851,2026-08-21 15:01:10.529,235.68,3m 55s,4576.69,4581.32,4.63,4.63,4.63,0.0,0.0,4.63,1,TRAILING_STOP,[sl 4581.32],4581.32,0.0,1140.74,140.74,Friday,14,2026-08-21
28,9535795,3351991,3352084,XAUUSD.u,BUY,STR B3,3,0.01,2026-08-21 14:59:01.424,2026-08-21 15:01:10.529,129.1,2m 9s,4575.17,4581.32,6.15,6.15,6.15,0.0,0.0,6.15,1,TRAILING_STOP,[sl 4581.32],4581.32,0.0,1146.89,146.89,Friday,14,2026-08-21
29,9533717,3352019,3352188,XAUUSD.u,BUY,STR B7,7,0.01,2026-08-21 15:00:35.577,2026-08-21 15:03:35.501,179.92,2m 59s,4581.25,4581.56,0.31,0.31,0.31,0.0,0.0,0.31,1,TRAILING_STOP,[sl 4581.56],4581.56,0.0,1147.2,147.2,Friday,15,2026-08-21
30,9533721,3352068,3352352,XAUUSD.u,BUY,STR B8,8,0.01,2026-08-21 15:00:50.426,2026-08-21 15:11:24.375,633.95,10m 33s,4582.77,4585.35,2.58,2.58,2.58,0.0,0.0,2.58,1,BASKET_CLOSE,STR CLOSE,,,1149.78,149.78,Friday,15,2026-08-21
31,9536003,3352087,3352177,XAUUSD.u,BUY,STR B6,6,0.01,2026-08-21 15:01:16.524,2026-08-21 15:03:20.235,123.71,2m 3s,4579.73,4583.1,3.37,3.37,3.37,0.0,0.0,3.37,1,TRAILING_STOP,[sl 4583.10],4583.1,0.0,1153.15,153.15,Friday,15,2026-08-21
32,9533726,3352146,3352351,XAUUSD.u,BUY,STR B9,9,0.01,2026-08-21 15:03:01.659,2026-08-21 15:11:24.262,502.6,8m 22s,4584.29,4585.35,1.06,1.06,1.06,0.0,0.0,1.06,1,BASKET_CLOSE,STR CLOSE,,,1154.21,154.21,Friday,15,2026-08-21
33,9536280,3352191,3352349,XAUUSD.u,BUY,STR B7,7,0.01,2026-08-21 15:03:37.223,2026-08-21 15:11:24.038,466.81,7m 46s,4581.25,4585.13,3.88,3.88,3.88,0.0,0.0,3.88,1,BASKET_CLOSE,STR CLOSE,,,1158.09,158.09,Friday,15,2026-08-21
34,9536561,3352258,3352305,XAUUSD.u,BUY,STR B6,6,0.01,2026-08-21 15:07:49.957,2026-08-21 15:09:40.817,110.86,1m 50s,4579.73,4580.26,0.53,0.53,0.53,0.0,0.0,0.53,1,TRAILING_STOP,[sl 4580.26],4580.26,0.0,1158.62,158.62,Friday,15,2026-08-21
35,9536700,3352306,3352347,XAUUSD.u,BUY,STR B6,6,0.01,2026-08-21 15:09:41.671,2026-08-21 15:11:23.925,102.25,1m 42s,4579.73,4585.15,5.42,5.42,5.42,0.0,0.0,5.42,1,BASKET_CLOSE,STR CLOSE,,,1164.04,164.04,Friday,15,2026-08-21
36,9536857,3352388,3353581,XAUUSD.u,SELL,STR S1,1,0.01,2026-08-21 15:11:58.006,2026-08-21 15:20:32.397,514.39,8m 34s,4585.1,4580.82,-4.28,4.28,4.28,0.0,0.0,4.28,1,TRAILING_STOP,[sl 4580.82],4580.82,0.0,1168.32,168.32,Friday,15,2026-08-21
37,9536861,3352753,3353592,XAUUSD.u,SELL,STR S2,2,0.01,2026-08-21 15:14:16.769,2026-08-21 15:20:38.453,381.68,6m 21s,4583.57,4582.35,-1.22,1.22,1.22,0.0,0.0,1.22,1,TRAILING_STOP,[sl 4582.35],4582.35,0.0,1169.54,169.54,Friday,15,2026-08-21
38,9536868,3353096,3354305,XAUUSD.u,SELL,STR S3,3,0.01,2026-08-21 15:17:47.650,2026-08-21 15:33:33.978,946.33,15m 46s,4582.04,4578.09,-3.95,3.95,3.95,0.0,0.0,3.95,1,BASKET_CLOSE,STR CLOSE,,,1173.49,173.49,Friday,15,2026-08-21
39,9536871,3353391,3354304,XAUUSD.u,SELL,STR S4,4,0.01,2026-08-21 15:19:03.455,2026-08-21 15:33:33.864,870.41,14m 30s,4580.51,4578.09,-2.42,2.42,2.42,0.0,0.0,2.42,1,BASKET_CLOSE,STR CLOSE,,,1175.91,175.91,Friday,15,2026-08-21
40,9538127,3353674,3354302,XAUUSD.u,SELL,STR S2,2,0.01,2026-08-21 15:21:13.848,2026-08-21 15:33:33.635,739.79,12m 19s,4583.57,4578.09,-5.48,5.48,5.48,0.0,0.0,5.48,1,BASKET_CLOSE,STR CLOSE,,,1181.39,181.39,Friday,15,2026-08-21
41,9538181,3353843,3353994,XAUUSD.u,SELL,STR S1,1,0.01,2026-08-21 15:22:38.363,2026-08-21 15:29:07.596,389.23,6m 29s,4585.1,4584.7,-0.4,0.4,0.4,0.0,0.0,0.4,1,TRAILING_STOP,[sl 4584.70],4584.7,0.0,1181.79,181.79,Friday,15,2026-08-21
42,9538759,3353997,3354049,XAUUSD.u,SELL,STR S1,1,0.01,2026-08-21 15:29:20.902,2026-08-21 15:31:09.185,108.28,1m 48s,4585.1,4584.62,-0.48,0.48,0.48,0.0,0.0,0.48,1,TRAILING_STOP,[sl 4584.62],4584.62,0.0,1182.27,182.27,Friday,15,2026-08-21
43,9538924,3354050,3354112,XAUUSD.u,SELL,STR S1,1,0.01,2026-08-21 15:31:11.783,2026-08-21 15:32:14.424,62.64,1m 2s,4585.1,4584.8,-0.3,0.3,0.3,0.0,0.0,0.3,1,TRAILING_STOP,[sl 4584.80],4584.8,0.0,1182.57,182.57,Friday,15,2026-08-21
44,9539131,3354143,3354300,XAUUSD.u,SELL,STR S1,1,0.01,2026-08-21 15:32:59.125,2026-08-21 15:33:33.521,34.4,34s,4585.1,4578.16,-6.94,6.94,6.94,0.0,0.0,6.94,1,BASKET_CLOSE,STR CLOSE,,,1189.51,189.51,Friday,15,2026-08-21
45,9536874,3354196,3354303,XAUUSD.u,SELL,STR S5,5,0.01,2026-08-21 15:33:22.360,2026-08-21 15:33:33.749,11.39,11s,4578.98,4578.09,-0.89,0.89,0.89,0.0,0.0,0.89,1,BASKET_CLOSE,STR CLOSE,,,1190.4,190.4,Friday,15,2026-08-21
46,9539327,3354342,3356132,XAUUSD.u,SELL,STR S1,1,0.01,2026-08-21 15:34:01.718,2026-08-21 16:03:01.078,1739.36,28m 59s,4576.12,4586.96,10.84,-10.84,-10.84,0.0,0.0,-10.84,0,BASKET_CLOSE,STR CLOSE,,,1179.56,179.56,Friday,15,2026-08-21
47,9539329,3354399,3356131,XAUUSD.u,SELL,STR S2,2,0.01,2026-08-21 15:34:48.465,2026-08-21 16:03:00.966,1692.5,28m 12s,4574.59,4586.97,12.38,-12.38,-12.38,0.0,0.0,-12.38,0,BASKET_CLOSE,STR CLOSE,,,1167.18,167.18,Friday,15,2026-08-21
48,9539326,3354485,3354575,XAUUSD.u,BUY,STR B1,1,0.01,2026-08-21 15:35:56.567,2026-08-21 15:37:21.205,84.64,1m 24s,4579.18,4580.68,1.5,1.5,1.5,0.0,0.0,1.5,1,TRAILING_STOP,[sl 4580.68],4580.68,0.0,1168.68,168.68,Friday,15,2026-08-21
49,9539328,3354493,3354828,XAUUSD.u,BUY,STR B2,2,0.01,2026-08-21 15:35:59.189,2026-08-21 15:38:55.731,176.54,2m 56s,4580.71,4589.56,8.85,8.85,8.85,0.0,0.0,8.85,1,TRAILING_STOP,[sl 4589.56],4589.56,0.0,1177.53,177.53,Friday,15,2026-08-21
50,9539330,3354528,3354829,XAUUSD.u,BUY,STR B3,3,0.01,2026-08-21 15:36:40.689,2026-08-21 15:38:55.731,135.04,2m 15s,4582.24,4589.47,7.23,7.23,7.23,0.0,0.0,7.23,1,TRAILING_STOP,[sl 4589.47],4589.47,0.0,1184.76,184.76,Friday,15,2026-08-21
51,9539332,3354615,3354830,XAUUSD.u,BUY,STR B4,4,0.01,2026-08-21 15:37:42.531,2026-08-21 15:38:55.731,73.2,1m 13s,4583.77,4589.48,5.71,5.71,5.71,0.0,0.0,5.71,1,TRAILING_STOP,[sl 4589.48],4589.48,0.0,1190.47,190.47,Friday,15,2026-08-21
52,9539334,3354627,3354831,XAUUSD.u,BUY,STR B5,5,0.01,2026-08-21 15:37:47.215,2026-08-21 15:38:55.731,68.52,1m 8s,4585.3,4589.5,4.2,4.2,4.2,0.0,0.0,4.2,1,TRAILING_STOP,[sl 4589.50],4589.5,0.0,1194.67,194.67,Friday,15,2026-08-21
53,9539337,3354647,3354863,XAUUSD.u,BUY,STR B6,6,0.01,2026-08-21 15:37:49.205,2026-08-21 15:39:16.001,86.8,1m 26s,4586.83,4587.93,1.1,1.1,1.1,0.0,0.0,1.1,1,TRAILING_STOP,[sl 4587.93],4587.93,0.0,1195.77,195.77,Friday,15,2026-08-21
54,9539339,3354708,3355318,XAUUSD.u,BUY,STR B7,7,0.01,2026-08-21 15:38:14.179,2026-08-21 15:48:22.736,608.56,10m 8s,4588.36,4591.42,3.06,3.06,3.06,0.0,0.0,3.06,1,TRAILING_STOP,[sl 4591.42],4591.42,0.0,1198.83,198.83,Friday,15,2026-08-21
55,9539341,3354798,3355327,XAUUSD.u,BUY,STR B8,8,0.01,2026-08-21 15:38:45.357,2026-08-21 15:48:30.232,584.88,9m 44s,4589.89,4589.96,0.07,0.07,0.07,0.0,0.0,0.07,1,TRAILING_STOP,[sl 4589.96],4589.96,0.0,1198.9,198.9,Friday,15,2026-08-21
56,9540323,3354897,3355037,XAUUSD.u,BUY,STR B6,6,0.01,2026-08-21 15:39:28.374,2026-08-21 15:42:27.918,179.54,2m 59s,4586.83,4587.58,0.75,0.75,0.75,0.0,0.0,0.75,1,TRAILING_STOP,[sl 4587.58],4587.58,0.0,1199.65,199.65,Friday,15,2026-08-21
57,9540339,3354908,3355015,XAUUSD.u,BUY,STR B5,5,0.01,2026-08-21 15:39:35.253,2026-08-21 15:41:09.697,94.44,1m 34s,4585.3,4588.47,3.17,3.17,3.17,0.0,0.0,3.17,1,TRAILING_STOP,[sl 4588.47],4588.47,0.0,1202.82,202.82,Friday,15,2026-08-21
58,9540615,3355040,3355319,XAUUSD.u,BUY,STR B6,6,0.01,2026-08-21 15:42:33.997,2026-08-21 15:48:22.736,348.74,5m 48s,4586.83,4591.29,4.46,4.46,4.46,0.0,0.0,4.46,1,TRAILING_STOP,[sl 4591.29],4591.29,0.0,1207.28,207.28,Friday,15,2026-08-21
59,9540776,3355122,3355163,XAUUSD.u,BUY,STR B5,5,0.01,2026-08-21 15:44:27.291,2026-08-21 15:45:27.537,60.25,1m 0s,4585.3,4585.54,0.24,0.24,0.24,0.0,0.0,0.24,1,TRAILING_STOP,[sl 4585.54],4585.54,0.0,1207.52,207.52,Friday,15,2026-08-21
60,9539344,3355283,3356130,XAUUSD.u,BUY,STR B9,9,0.01,2026-08-21 15:48:20.574,2026-08-21 16:03:00.850,880.28,14m 40s,4591.42,4586.91,-4.51,-4.51,-4.51,0.0,0.0,-4.51,0,BASKET_CLOSE,STR CLOSE,,,1203.01,203.01,Friday,15,2026-08-21
61,9539346,3355306,3356129,XAUUSD.u,BUY,STR B10,10,0.01,2026-08-21 15:48:21.113,2026-08-21 16:03:00.738,879.62,14m 39s,4592.95,4586.95,-6.0,-6.0,-6.0,0.0,0.0,-6.0,0,BASKET_CLOSE,STR CLOSE,,,1197.01,197.01,Friday,15,2026-08-21
62,9541213,3355328,3356128,XAUUSD.u,BUY,STR B8,8,0.01,2026-08-21 15:48:31.088,2026-08-21 16:03:00.625,869.54,14m 29s,4589.89,4586.91,-2.98,-2.98,-2.98,0.0,0.0,-2.98,0,BASKET_CLOSE,STR CLOSE,,,1194.03,194.03,Friday,15,2026-08-21
63,9541317,3355375,3356126,XAUUSD.u,BUY,STR B7,7,0.01,2026-08-21 15:49:39.407,2026-08-21 16:03:00.512,801.11,13m 21s,4588.36,4586.91,-1.45,-1.45,-1.45,0.0,0.0,-1.45,0,BASKET_CLOSE,STR CLOSE,,,1192.58,192.58,Friday,15,2026-08-21
64,9541518,3355477,3356125,XAUUSD.u,BUY,STR B6,6,0.01,2026-08-21 15:51:30.995,2026-08-21 16:03:00.400,689.4,11m 29s,4586.83,4586.92,0.09,0.09,0.09,0.0,0.0,0.09,1,BASKET_CLOSE,STR CLOSE,,,1192.67,192.67,Friday,15,2026-08-21
65,9541541,3355491,3356123,XAUUSD.u,BUY,STR B5,5,0.01,2026-08-21 15:51:43.137,2026-08-21 16:03:00.288,677.15,11m 17s,4585.3,4586.92,1.62,1.62,1.62,0.0,0.0,1.62,1,BASKET_CLOSE,STR CLOSE,,,1194.29,194.29,Friday,15,2026-08-21
66,9541687,3355591,3355610,XAUUSD.u,BUY,STR B3,3,0.01,2026-08-21 15:52:26.888,2026-08-21 15:52:50.955,24.07,24s,4582.24,4582.56,0.32,0.32,0.32,0.0,0.0,0.32,1,TRAILING_STOP,[sl 4582.56],4582.56,0.0,1194.61,194.61,Friday,15,2026-08-21
67,9541677,3355600,3356121,XAUUSD.u,BUY,STR B4,4,0.01,2026-08-21 15:52:30.592,2026-08-21 16:03:00.176,629.58,10m 29s,4583.77,4587.05,3.28,3.28,3.28,0.0,0.0,3.28,1,BASKET_CLOSE,STR CLOSE,,,1197.89,197.89,Friday,15,2026-08-21
68,9541733,3355612,3355912,XAUUSD.u,BUY,STR B3,3,0.01,2026-08-21 15:52:51.498,2026-08-21 15:57:32.553,281.06,4m 41s,4582.24,4582.67,0.43,0.43,0.43,0.0,0.0,0.43,1,TRAILING_STOP,[sl 4582.67],4582.67,0.0,1198.32,198.32,Friday,15,2026-08-21
69,9541849,3355666,3355875,XAUUSD.u,BUY,STR B2,2,0.01,2026-08-21 15:53:50.588,2026-08-21 15:55:59.185,128.6,2m 8s,4580.71,4583.89,3.18,3.18,3.18,0.0,0.0,3.18,1,TRAILING_STOP,[sl 4583.89],4583.89,0.0,1201.5,201.5,Friday,15,2026-08-21
70,9541880,3355698,3355876,XAUUSD.u,BUY,STR B1,1,0.01,2026-08-21 15:54:06.270,2026-08-21 15:55:59.185,112.92,1m 52s,4579.18,4583.89,4.71,4.71,4.71,0.0,0.0,4.71,1,TRAILING_STOP,[sl 4583.89],4583.89,0.0,1206.21,206.21,Friday,15,2026-08-21
71,9542345,3355938,3356119,XAUUSD.u,BUY,STR B3,3,0.01,2026-08-21 15:57:58.878,2026-08-21 16:03:00.063,301.19,5m 1s,4582.24,4586.93,4.69,4.69,4.69,0.0,0.0,4.69,1,BASKET_CLOSE,STR CLOSE,,,1210.9,210.9,Friday,15,2026-08-21
72,9542398,3355953,3356118,XAUUSD.u,BUY,STR B2,2,0.01,2026-08-21 15:58:24.691,2026-08-21 16:02:59.951,275.26,4m 35s,4580.71,4586.71,6.0,6.0,6.0,0.0,0.0,6.0,1,BASKET_CLOSE,STR CLOSE,,,1216.9,216.9,Friday,15,2026-08-21
73,9542857,3356148,3357003,XAUUSD.u,BUY,STR B1,1,0.01,2026-08-21 16:03:27.572,2026-08-21 16:22:57.659,1170.09,19m 30s,4588.75,4596.22,7.47,7.47,7.47,0.0,0.0,7.47,1,TRAILING_STOP,[sl 4596.22],4596.22,0.0,1224.37,224.37,Friday,16,2026-08-21
74,9542858,3356170,3358227,XAUUSD.u,SELL,STR S1,1,0.01,2026-08-21 16:03:51.475,2026-08-21 16:40:16.905,2185.43,36m 25s,4585.69,4582.61,-3.08,3.08,3.08,0.0,0.0,3.08,1,TRAILING_STOP,[sl 4582.61],4582.61,0.0,1227.45,227.45,Friday,16,2026-08-21
75,9542859,3356234,3357004,XAUUSD.u,BUY,STR B2,2,0.01,2026-08-21 16:05:43.437,2026-08-21 16:22:57.659,1034.22,17m 14s,4590.28,4596.22,5.94,5.94,5.94,0.0,0.0,5.94,1,TRAILING_STOP,[sl 4596.22],4596.22,0.0,1233.39,233.39,Friday,16,2026-08-21
76,9542860,3356389,3358244,XAUUSD.u,SELL,STR S2,2,0.01,2026-08-21 16:07:40.874,2026-08-21 16:40:44.917,1984.04,33m 4s,4584.16,4583.76,-0.4,0.4,0.4,0.0,0.0,0.4,1,TRAILING_STOP,[sl 4583.76],4583.76,0.0,1233.79,233.79,Friday,16,2026-08-21
77,9542861,3356745,3357005,XAUUSD.u,BUY,STR B3,3,0.01,2026-08-21 16:20:29.883,2026-08-21 16:22:57.660,147.78,2m 27s,4591.81,4596.22,4.41,4.41,4.41,0.0,0.0,4.41,1,TRAILING_STOP,[sl 4596.22],4596.22,0.0,1238.2,238.2,Friday,16,2026-08-21
78,9542864,3356799,3357128,XAUUSD.u,BUY,STR B4,4,0.01,2026-08-21 16:21:08.452,2026-08-21 16:24:43.765,215.31,3m 35s,4593.34,4596.84,3.5,3.5,3.5,0.0,0.0,3.5,1,TRAILING_STOP,[sl 4596.84],4596.84,0.0,1241.7,241.7,Friday,16,2026-08-21
79,9542867,3356829,3357279,XAUUSD.u,BUY,STR B5,5,0.01,2026-08-21 16:21:16.452,2026-08-21 16:26:42.221,325.77,5m 25s,4594.87,4599.26,4.39,4.39,4.39,0.0,0.0,4.39,1,TRAILING_STOP,[sl 4599.26],4599.26,0.0,1246.09,246.09,Friday,16,2026-08-21
80,9542869,3356892,3357497,XAUUSD.u,BUY,STR B6,6,0.01,2026-08-21 16:21:46.816,2026-08-21 16:30:31.960,525.14,8m 45s,4596.4,4602.27,5.87,5.87,5.87,0.0,0.0,5.87,1,TRAILING_STOP,[sl 4602.27],4602.27,0.0,1251.96,251.96,Friday,16,2026-08-21
81,9542872,3357074,3357498,XAUUSD.u,BUY,STR B7,7,0.01,2026-08-21 16:24:07.569,2026-08-21 16:30:31.960,384.39,6m 24s,4597.93,4602.27,4.34,4.34,4.34,0.0,0.0,4.34,1,TRAILING_STOP,[sl 4602.27],4602.27,0.0,1256.3,256.3,Friday,16,2026-08-21
82,9542874,3357204,3357502,XAUUSD.u,BUY,STR B8,8,0.01,2026-08-21 16:25:21.901,2026-08-21 16:30:36.897,315.0,5m 14s,4599.46,4600.73,1.27,1.27,1.27,0.0,0.0,1.27,1,TRAILING_STOP,[sl 4600.73],4600.73,0.0,1257.57,257.57,Friday,16,2026-08-21
83,9544302,3357541,3360195,XAUUSD.u,BUY,STR B8,8,0.01,2026-08-21 16:32:05.726,2026-08-21 17:25:12.476,3186.75,53m 6s,4599.46,4606.23,6.77,6.77,6.77,0.0,0.0,6.77,1,BASKET_CLOSE,STR CLOSE,,,1264.34,264.34,Friday,16,2026-08-21
84,9544309,3357549,3360192,XAUUSD.u,BUY,STR B7,7,0.01,2026-08-21 16:32:14.176,2026-08-21 17:25:12.364,3178.19,52m 58s,4597.93,4606.26,8.33,8.33,8.33,0.0,0.0,8.33,1,BASKET_CLOSE,STR CLOSE,,,1272.67,272.67,Friday,16,2026-08-21
85,9544388,3357625,3360191,XAUUSD.u,BUY,STR B6,6,0.01,2026-08-21 16:32:29.456,2026-08-21 17:25:12.251,3162.8,52m 42s,4596.4,4606.49,10.09,10.09,10.09,0.0,0.0,10.09,1,BASKET_CLOSE,STR CLOSE,,,1282.76,282.76,Friday,16,2026-08-21
86,9544436,3357675,3359590,XAUUSD.u,BUY,STR B4,4,0.01,2026-08-21 16:33:29.857,2026-08-21 17:08:49.011,2119.15,35m 19s,4593.34,4596.77,3.43,3.43,3.43,0.0,0.0,3.43,1,TRAILING_STOP,[sl 4596.77],4596.77,0.0,1286.19,286.19,Friday,16,2026-08-21
87,9544526,3357767,3358828,XAUUSD.u,BUY,STR B3,3,0.01,2026-08-21 16:34:16.577,2026-08-21 16:52:02.580,1066.0,17m 46s,4591.81,4592.33,0.52,0.52,0.52,0.0,0.0,0.52,1,TRAILING_STOP,[sl 4592.33],4592.33,0.0,1286.71,286.71,Friday,16,2026-08-21
88,9544561,3357839,3358812,XAUUSD.u,BUY,STR B2,2,0.01,2026-08-21 16:35:02.999,2026-08-21 16:51:29.946,986.95,16m 26s,4590.28,4593.9,3.62,3.62,3.62,0.0,0.0,3.62,1,TRAILING_STOP,[sl 4593.90],4593.9,0.0,1290.33,290.33,Friday,16,2026-08-21
89,9544616,3357864,3357926,XAUUSD.u,BUY,STR B1,1,0.01,2026-08-21 16:35:11.540,2026-08-21 16:36:49.234,97.69,1m 37s,4588.75,4589.76,1.01,1.01,1.01,0.0,0.0,1.01,1,TRAILING_STOP,[sl 4589.76],4589.76,0.0,1291.34,291.34,Friday,16,2026-08-21
90,9544694,3357972,3358813,XAUUSD.u,BUY,STR B1,1,0.01,2026-08-21 16:37:20.176,2026-08-21 16:51:29.982,849.81,14m 9s,4588.75,4593.87,5.12,5.12,5.12,0.0,0.0,5.12,1,TRAILING_STOP,[sl 4593.87],4593.87,0.0,1296.46,296.46,Friday,16,2026-08-21
91,9542862,3358105,3360203,XAUUSD.u,SELL,STR S3,3,0.01,2026-08-21 16:38:40.662,2026-08-21 17:25:13.041,2792.38,46m 32s,4582.63,4605.99,23.36,-23.36,-23.36,0.0,0.0,-23.36,0,BASKET_CLOSE,STR CLOSE,,,1273.1,273.1,Friday,16,2026-08-21
92,9542866,3358219,3360201,XAUUSD.u,SELL,STR S4,4,0.01,2026-08-21 16:40:12.841,2026-08-21 17:25:12.925,2700.08,45m 0s,4581.1,4605.99,24.89,-24.89,-24.89,0.0,0.0,-24.89,0,BASKET_CLOSE,STR CLOSE,,,1248.21,248.21,Friday,16,2026-08-21
93,9544951,3358246,3358376,XAUUSD.u,SELL,STR S2,2,0.01,2026-08-21 16:40:49.764,2026-08-21 16:42:34.084,104.32,1m 44s,4584.16,4584.08,-0.08,0.08,0.08,0.0,0.0,0.08,1,TRAILING_STOP,[sl 4584.08],4584.08,0.0,1248.29,248.29,Friday,16,2026-08-21
94,9544955,3358249,3358372,XAUUSD.u,SELL,STR S1,1,0.01,2026-08-21 16:40:55.728,2026-08-21 16:42:29.356,93.63,1m 33s,4585.69,4582.54,-3.15,3.15,3.15,0.0,0.0,3.15,1,TRAILING_STOP,[sl 4582.54],4582.54,0.0,1251.44,251.44,Friday,16,2026-08-21
95,9545081,3358377,3358559,XAUUSD.u,SELL,STR S2,2,0.01,2026-08-21 16:42:35.564,2026-08-21 16:45:54.573,199.01,3m 19s,4584.16,4583.83,-0.33,0.33,0.33,0.0,0.0,0.33,1,TRAILING_STOP,[sl 4583.83],4583.83,0.0,1251.77,251.77,Friday,16,2026-08-21
96,9545088,3358382,3358523,XAUUSD.u,SELL,STR S1,1,0.01,2026-08-21 16:42:50.703,2026-08-21 16:44:58.462,127.76,2m 7s,4585.69,4582.41,-3.28,3.28,3.28,0.0,0.0,3.28,1,TRAILING_STOP,[sl 4582.41],4582.41,0.0,1255.05,255.05,Friday,16,2026-08-21
97,9545278,3358582,3360190,XAUUSD.u,SELL,STR S2,2,0.01,2026-08-21 16:46:28.765,2026-08-21 17:25:12.137,2323.37,38m 43s,4584.16,4606.57,22.41,-22.41,-22.41,0.0,0.0,-22.41,0,BASKET_CLOSE,STR CLOSE,,,1232.64,232.64,Friday,16,2026-08-21
98,9545307,3358584,3360188,XAUUSD.u,SELL,STR S1,1,0.01,2026-08-21 16:46:34.856,2026-08-21 17:25:12.025,2317.17,38m 37s,4585.69,4606.5,20.81,-20.81,-20.81,0.0,0.0,-20.81,0,BASKET_CLOSE,STR CLOSE,,,1211.83,211.83,Friday,16,2026-08-21
99,9544424,3358776,3359615,XAUUSD.u,BUY,STR B5,5,0.01,2026-08-21 16:50:49.637,2026-08-21 17:09:34.890,1125.25,18m 45s,4594.87,4595.33,0.46,0.46,0.46,0.0,0.0,0.46,1,TRAILING_STOP,[sl 4595.33],4595.33,0.0,1212.29,212.29,Friday,16,2026-08-21
100,9545560,3358834,3359591,XAUUSD.u,BUY,STR B3,3,0.01,2026-08-21 16:52:05.557,2026-08-21 17:08:49.011,1003.45,16m 43s,4591.81,4596.77,4.96,4.96,4.96,0.0,0.0,4.96,1,TRAILING_STOP,[sl 4596.77],4596.77,0.0,1217.25,217.25,Friday,16,2026-08-21
101,9545599,3358889,3359399,XAUUSD.u,BUY,STR B2,2,0.01,2026-08-21 16:53:14.714,2026-08-21 17:06:25.595,790.88,13m 10s,4590.28,4594.57,4.29,4.29,4.29,0.0,0.0,4.29,1,TRAILING_STOP,[sl 4594.57],4594.57,0.0,1221.54,221.54,Friday,16,2026-08-21
102,9545644,3358917,3359153,XAUUSD.u,BUY,STR B1,1,0.01,2026-08-21 16:54:40.625,2026-08-21 17:00:21.104,340.48,5m 40s,4588.75,4589.39,0.64,0.64,0.64,0.0,0.0,0.64,1,TRAILING_STOP,[sl 4589.39],4589.39,0.0,1222.18,222.18,Friday,16,2026-08-21
103,9545898,3359165,3359280,XAUUSD.u,BUY,STR B1,1,0.01,2026-08-21 17:00:30.724,2026-08-21 17:04:30.780,240.06,4m 0s,4588.75,4592.95,4.2,4.2,4.2,0.0,0.0,4.2,1,TRAILING_STOP,[sl 4592.95],4592.95,0.0,1226.38,226.38,Friday,17,2026-08-21
104,9546365,3359627,3359746,XAUUSD.u,BUY,STR B5,5,0.01,2026-08-21 17:09:45.940,2026-08-21 17:11:55.661,129.72,2m 9s,4594.87,4594.88,0.01,0.01,0.01,0.0,0.0,0.01,1,TRAILING_STOP,[sl 4594.88],4594.88,0.0,1226.39,226.39,Friday,17,2026-08-21
105,9546493,3359747,3359910,XAUUSD.u,BUY,STR B5,5,0.01,2026-08-21 17:11:57.344,2026-08-21 17:19:50.635,473.29,7m 53s,4594.87,4596.25,1.38,1.38,1.38,0.0,0.0,1.38,1,TRAILING_STOP,[sl 4596.25],4596.25,0.0,1227.77,227.77,Friday,17,2026-08-21
106,9545446,3360020,3360185,XAUUSD.u,BUY,STR B9,9,0.01,2026-08-21 17:23:35.143,2026-08-21 17:25:11.912,96.77,1m 36s,4600.99,4606.27,5.28,5.28,5.28,0.0,0.0,5.28,1,BASKET_CLOSE,STR CLOSE,,,1233.05,233.05,Friday,17,2026-08-21
107,9545451,3360077,3360183,XAUUSD.u,BUY,STR B10,10,0.01,2026-08-21 17:24:41.828,2026-08-21 17:25:11.800,29.97,29s,4602.52,4605.98,3.46,3.46,3.46,0.0,0.0,3.46,1,BASKET_CLOSE,STR CLOSE,,,1236.51,236.51,Friday,17,2026-08-21
108,9542881,3360110,3360200,XAUUSD.u,BUY,STR B11,11,0.05,2026-08-21 17:25:05.769,2026-08-21 17:25:12.813,7.04,7s,4604.05,4606.07,2.02,2.02,10.1,0.0,0.0,10.1,1,BASKET_CLOSE,STR CLOSE,,,1246.61,246.61,Friday,17,2026-08-21
109,9542883,3360133,3360198,XAUUSD.u,BUY,STR B12,12,0.05,2026-08-21 17:25:06.309,2026-08-21 17:25:12.700,6.39,6s,4605.58,4606.04,0.46,0.46,2.3,0.0,0.0,2.3,1,BASKET_CLOSE,STR CLOSE,,,1248.91,248.91,Friday,17,2026-08-21
110,9542886,3360151,3360196,XAUUSD.u,BUY,STR B13,13,0.05,2026-08-21 17:25:06.755,2026-08-21 17:25:12.588,5.83,5s,4607.11,4606.23,-0.88,-0.88,-4.4,0.0,0.0,-4.4,0,BASKET_CLOSE,STR CLOSE,,,1244.51,244.51,Friday,17,2026-08-21
111,9546944,3360228,3360332,XAUUSD.u,SELL,STR S1,1,0.01,2026-08-21 17:25:36.499,2026-08-21 17:28:09.568,153.07,2m 33s,4604.03,4603.34,-0.69,0.69,0.69,0.0,0.0,0.69,1,TRAILING_STOP,[sl 4603.34],4603.34,0.0,1245.2,245.2,Friday,17,2026-08-21
112,9547154,3360355,3360559,XAUUSD.u,SELL,STR S1,1,0.01,2026-08-21 17:28:18.208,2026-08-21 17:33:18.137,299.93,4m 59s,4604.03,4603.03,-1.0,1.0,1.0,0.0,0.0,1.0,1,TRAILING_STOP,[sl 4603.03],4603.03,0.0,1246.2,246.2,Friday,17,2026-08-21
113,9547365,3360566,3361424,XAUUSD.u,SELL,STR S1,1,0.01,2026-08-21 17:33:25.287,2026-08-21 17:56:32.784,1387.5,23m 7s,4604.03,4614.13,10.1,-10.1,-10.1,0.0,0.0,-10.1,0,MANUAL/OTHER,,,,1236.1,236.1,Friday,17,2026-08-21
114,9546943,3360658,3361077,XAUUSD.u,BUY,STR B1,1,0.01,2026-08-21 17:35:09.846,2026-08-21 17:48:59.314,829.47,13m 49s,4607.11,4608.0,0.89,0.89,0.89,0.0,0.0,0.89,1,TRAILING_STOP,[sl 4608.00],4608.0,0.0,1236.99,236.99,Friday,17,2026-08-21
115,9546945,3360859,3361307,XAUUSD.u,BUY,STR B2,2,0.01,2026-08-21 17:41:51.419,2026-08-21 17:53:28.222,696.8,11m 36s,4608.65,4613.55,4.9,4.9,4.9,0.0,0.0,4.9,1,TRAILING_STOP,[sl 4613.55],4613.55,0.0,1241.89,241.89,Friday,17,2026-08-21
116,9546947,3360918,3361308,XAUUSD.u,BUY,STR B3,3,0.01,2026-08-21 17:42:51.736,2026-08-21 17:53:28.222,636.49,10m 36s,4610.19,4613.51,3.32,3.32,3.32,0.0,0.0,3.32,1,TRAILING_STOP,[sl 4613.51],4613.51,0.0,1245.21,245.21,Friday,17,2026-08-21
117,9546950,3361211,3361479,XAUUSD.u,BUY,STR B4,4,0.01,2026-08-21 17:52:36.820,2026-08-21 17:58:01.565,324.75,5m 24s,4611.73,4612.34,0.61,0.61,0.61,0.0,0.0,0.61,1,TRAILING_STOP,[sl 4612.34],4612.34,0.0,1245.82,245.82,Friday,17,2026-08-21
118,9546953,3361257,3361794,XAUUSD.u,BUY,STR B5,5,0.01,2026-08-21 17:53:12.187,2026-08-21 18:03:20.298,608.11,10m 8s,4613.27,4617.6,4.33,4.33,4.33,0.0,0.0,4.33,1,BASKET_CLOSE,STR CLOSE,,,1250.15,250.15,Friday,17,2026-08-21
119,9546957,3361288,3361793,XAUUSD.u,BUY,STR B6,6,0.01,2026-08-21 17:53:19.128,2026-08-21 18:03:20.186,601.06,10m 1s,4614.81,4617.6,2.79,2.79,2.79,0.0,0.0,2.79,1,BASKET_CLOSE,STR CLOSE,,,1252.94,252.94,Friday,17,2026-08-21
120,9548294,3361485,3361791,XAUUSD.u,BUY,STR B4,4,0.01,2026-08-21 17:58:07.008,2026-08-21 18:03:19.961,312.95,5m 12s,4611.73,4617.64,5.91,5.91,5.91,0.0,0.0,5.91,1,BASKET_CLOSE,STR CLOSE,,,1258.85,258.85,Friday,17,2026-08-21
121,9546961,3361702,3361792,XAUUSD.u,BUY,STR B7,7,0.01,2026-08-21 18:01:41.962,2026-08-21 18:03:20.074,98.11,1m 38s,4616.35,4617.61,1.26,1.26,1.26,0.0,0.0,1.26,1,BASKET_CLOSE,STR CLOSE,,,1260.11,260.11,Friday,18,2026-08-21
122,9548599,3361839,3362287,XAUUSD.u,SELL,STR S1,1,0.01,2026-08-21 18:05:30.007,2026-08-21 18:09:39.869,249.86,4m 9s,4616.04,4610.86,-5.18,5.18,5.18,0.0,0.0,5.18,1,TRAILING_STOP,[sl 4610.86],4610.86,0.0,1265.29,265.29,Friday,18,2026-08-21
123,9548601,3361865,3362288,XAUUSD.u,SELL,STR S2,2,0.01,2026-08-21 18:06:12.692,2026-08-21 18:09:39.869,207.18,3m 27s,4614.5,4610.86,-3.64,3.64,3.64,0.0,0.0,3.64,1,TRAILING_STOP,[sl 4610.86],4610.86,0.0,1268.93,268.93,Friday,18,2026-08-21
124,9548603,3362055,3362315,XAUUSD.u,SELL,STR S3,3,0.01,2026-08-21 18:08:22.367,2026-08-21 18:10:32.671,130.3,2m 10s,4612.96,4612.4,-0.56,0.56,0.56,0.0,0.0,0.56,1,TRAILING_STOP,[sl 4612.40],4612.4,0.0,1269.49,269.49,Friday,18,2026-08-21
125,9548605,3362158,3368728,XAUUSD.u,SELL,STR S4,4,0.01,2026-08-21 18:08:45.633,2026-08-21 22:49:00.329,16814.7,4h 40m 14s,4611.42,4604.95,-6.47,6.47,6.47,0.0,0.0,6.47,1,TRAILING_STOP,[sl 4604.95],4604.95,0.0,1275.96,275.96,Friday,18,2026-08-21
126,9548607,3362216,3368729,XAUUSD.u,SELL,STR S5,5,0.01,2026-08-21 18:09:04.015,2026-08-21 22:49:00.329,16796.31,4h 39m 56s,4609.88,4604.95,-4.93,4.93,4.93,0.0,0.0,4.93,1,TRAILING_STOP,[sl 4604.95],4604.95,0.0,1280.89,280.89,Friday,18,2026-08-21
127,9549182,3362319,3368666,XAUUSD.u,SELL,STR S3,3,0.01,2026-08-21 18:10:38.348,2026-08-21 22:40:26.506,16188.16,4h 29m 48s,4612.96,4609.21,-3.75,3.75,3.75,0.0,0.0,3.75,1,TRAILING_STOP,[sl 4609.21],4609.21,0.0,1284.64,284.64,Friday,18,2026-08-21
128,9549245,3362381,3362831,XAUUSD.u,SELL,STR S2,2,0.01,2026-08-21 18:12:58.980,2026-08-21 18:28:18.748,919.77,15m 19s,4614.5,4613.81,-0.69,0.69,0.69,0.0,0.0,0.69,1,TRAILING_STOP,[sl 4613.81],4613.81,0.0,1285.33,285.33,Friday,18,2026-08-21
129,9549372,3362527,3362589,XAUUSD.u,SELL,STR S1,1,0.01,2026-08-21 18:17:19.722,2026-08-21 18:21:05.374,225.65,3m 45s,4616.04,4614.6,-1.44,1.44,1.44,0.0,0.0,1.44,1,TRAILING_STOP,[sl 4614.60],4614.6,0.0,1286.77,286.77,Friday,18,2026-08-21
130,9548598,3362603,3363549,XAUUSD.u,BUY,STR B1,1,0.01,2026-08-21 18:21:07.435,2026-08-21 18:52:27.728,1880.29,31m 20s,4619.12,4625.2,6.08,6.08,6.08,0.0,0.0,6.08,1,TRAILING_STOP,[sl 4625.20],4625.2,0.0,1292.85,292.85,Friday,18,2026-08-21
131,9548600,3362619,3363550,XAUUSD.u,BUY,STR B2,2,0.01,2026-08-21 18:21:09.310,2026-08-21 18:52:27.728,1878.42,31m 18s,4620.66,4625.2,4.54,4.54,4.54,0.0,0.0,4.54,1,TRAILING_STOP,[sl 4625.20],4625.2,0.0,1297.39,297.39,Friday,18,2026-08-21
132,9549443,3362660,3362811,XAUUSD.u,SELL,STR S1,1,0.01,2026-08-21 18:21:42.358,2026-08-21 18:26:43.230,300.87,5m 0s,4616.04,4612.3,-3.74,3.74,3.74,0.0,0.0,3.74,1,TRAILING_STOP,[sl 4612.30],4612.3,0.0,1301.13,301.13,Friday,18,2026-08-21
133,9549689,3362847,3368667,XAUUSD.u,SELL,STR S2,2,0.01,2026-08-21 18:29:23.927,2026-08-21 22:40:26.560,15062.63,4h 11m 2s,4614.5,4609.32,-5.18,5.18,5.18,0.0,0.0,5.18,1,TRAILING_STOP,[sl 4609.32],4609.32,0.0,1306.31,306.31,Friday,18,2026-08-21
134,9549800,3362963,3368576,XAUUSD.u,SELL,STR S1,1,0.01,2026-08-21 18:34:18.883,2026-08-21 22:28:05.675,14026.79,3h 53m 46s,4616.04,4611.91,-4.13,4.13,4.13,0.0,0.0,4.13,1,TRAILING_STOP,[sl 4611.91],4611.91,0.0,1310.44,310.44,Friday,18,2026-08-21
135,9548602,3363294,3363707,XAUUSD.u,BUY,STR B3,3,0.01,2026-08-21 18:45:48.248,2026-08-21 18:56:43.754,655.51,10m 55s,4622.2,4626.16,3.96,3.96,3.96,0.0,0.0,3.96,1,TRAILING_STOP,[sl 4626.16],4626.16,0.0,1314.4,314.4,Friday,18,2026-08-21
136,9548604,3363389,3363934,XAUUSD.u,BUY,STR B4,4,0.01,2026-08-21 18:47:47.178,2026-08-21 19:00:41.834,774.66,12m 54s,4623.74,4627.72,3.98,3.98,3.98,0.0,0.0,3.98,1,TRAILING_STOP,[sl 4627.72],4627.72,0.0,1318.38,318.38,Friday,18,2026-08-21
137,9548606,3363486,3364035,XAUUSD.u,BUY,STR B5,5,0.01,2026-08-21 18:51:09.105,2026-08-21 19:03:53.247,764.14,12m 44s,4625.28,4629.46,4.18,4.18,4.18,0.0,0.0,4.18,1,TRAILING_STOP,[sl 4629.46],4629.46,0.0,1322.56,322.56,Friday,18,2026-08-21
138,9548608,3363618,3364057,XAUUSD.u,BUY,STR B6,6,0.01,2026-08-21 18:53:55.366,2026-08-21 19:04:27.366,632.0,10m 32s,4626.82,4627.89,1.07,1.07,1.07,0.0,0.0,1.07,1,TRAILING_STOP,[sl 4627.89],4627.89,0.0,1323.63,323.63,Friday,18,2026-08-21
139,9548610,3363752,3364991,XAUUSD.u,BUY,STR B7,7,0.01,2026-08-21 18:58:24.849,2026-08-21 19:11:03.810,758.96,12m 38s,4628.36,4629.13,0.77,0.77,0.77,0.0,0.0,0.77,1,TRAILING_STOP,[sl 4629.13],4629.13,0.0,1324.4,324.4,Friday,18,2026-08-21
140,9548612,3364003,3393636,XAUUSD.u,BUY,STR B8,8,0.01,2026-08-21 19:03:26.615,2026-08-24 02:05:10.639,198104.02,55h 1m 44s,4629.9,4633.48,3.58,3.58,3.58,0.0,0.0,3.58,1,TRAILING_STOP,[sl 4633.48],4633.48,0.0,1327.98,327.98,Friday,19,2026-08-21
141,9551150,3364327,3364903,XAUUSD.u,BUY,STR B6,6,0.01,2026-08-21 19:05:41.405,2026-08-21 19:09:46.961,245.56,4m 5s,4626.82,4630.62,3.8,3.8,3.8,0.0,0.0,3.8,1,TRAILING_STOP,[sl 4630.62],4630.62,0.0,1331.78,331.78,Friday,19,2026-08-21
142,9548614,3364844,3393639,XAUUSD.u,BUY,STR B9,9,0.01,2026-08-21 19:08:37.158,2026-08-24 02:05:10.726,197793.57,54h 56m 33s,4631.44,4632.14,0.7,0.7,0.7,0.0,0.0,0.7,1,TRAILING_STOP,[sl 4632.14],4632.14,0.0,1332.48,332.48,Friday,19,2026-08-21
143,9551995,3365197,3393638,XAUUSD.u,BUY,STR B6,6,0.01,2026-08-21 19:12:46.826,2026-08-24 02:05:10.639,197543.81,54h 52m 23s,4626.82,4633.96,7.14,7.14,7.14,0.0,0.0,7.14,1,TRAILING_STOP,[sl 4633.96],4633.96,0.0,1339.62,339.62,Friday,19,2026-08-21
144,9552036,3365243,3365443,XAUUSD.u,BUY,STR B3,3,0.01,2026-08-21 19:13:42.425,2026-08-21 19:19:53.399,370.97,6m 10s,4622.2,4622.89,0.69,0.69,0.69,0.0,0.0,0.69,1,TRAILING_STOP,[sl 4622.89],4622.89,0.0,1340.31,340.31,Friday,19,2026-08-21
145,9552026,3365262,3366751,XAUUSD.u,BUY,STR B4,4,0.01,2026-08-21 19:14:33.827,2026-08-21 20:11:01.547,3387.72,56m 27s,4623.74,4624.63,0.89,0.89,0.89,0.0,0.0,0.89,1,TRAILING_STOP,[sl 4624.63],4624.63,0.0,1341.2,341.2,Friday,19,2026-08-21
146,9552006,3365425,3393634,XAUUSD.u,BUY,STR B5,5,0.01,2026-08-21 19:18:34.020,2026-08-24 02:05:10.593,197196.57,54h 46m 36s,4625.28,4634.14,8.86,8.86,8.86,0.0,0.0,8.86,1,TRAILING_STOP,[sl 4634.14],4634.14,0.0,1350.06,350.06,Friday,19,2026-08-21
147,9552238,3365448,3366710,XAUUSD.u,BUY,STR B3,3,0.01,2026-08-21 19:20:05.511,2026-08-21 20:09:42.425,2976.91,49m 36s,4622.2,4626.17,3.97,3.97,3.97,0.0,0.0,3.97,1,TRAILING_STOP,[sl 4626.17],4626.17,0.0,1354.03,354.03,Friday,19,2026-08-21
148,9552273,3365505,3365966,XAUUSD.u,BUY,STR B2,2,0.01,2026-08-21 19:22:31.215,2026-08-21 19:30:15.934,464.72,7m 44s,4620.66,4621.41,0.75,0.75,0.75,0.0,0.0,0.75,1,TRAILING_STOP,[sl 4621.41],4621.41,0.0,1354.78,354.78,Friday,19,2026-08-21
149,9552326,3365562,3365939,XAUUSD.u,BUY,STR B1,1,0.01,2026-08-21 19:23:07.471,2026-08-21 19:28:41.278,333.81,5m 33s,4619.12,4622.93,3.81,3.81,3.81,0.0,0.0,3.81,1,TRAILING_STOP,[sl 4622.93],4622.93,0.0,1358.59,358.59,Friday,19,2026-08-21
150,9552767,3365985,3366204,XAUUSD.u,BUY,STR B2,2,0.01,2026-08-21 19:31:03.360,2026-08-21 19:44:27.902,804.54,13m 24s,4620.66,4621.77,1.11,1.11,1.11,0.0,0.0,1.11,1,TRAILING_STOP,[sl 4621.77],4621.77,0.0,1359.7,359.7,Friday,19,2026-08-21
151,9553018,3366209,3366653,XAUUSD.u,BUY,STR B2,2,0.01,2026-08-21 19:44:41.048,2026-08-21 20:05:44.774,1263.73,21m 3s,4620.66,4624.77,4.11,4.11,4.11,0.0,0.0,4.11,1,TRAILING_STOP,[sl 4624.77],4624.77,0.0,1363.81,363.81,Friday,19,2026-08-21
152,9553026,3366220,3366486,XAUUSD.u,BUY,STR B1,1,0.01,2026-08-21 19:44:53.166,2026-08-21 19:55:05.280,612.11,10m 12s,4619.12,4619.48,0.36,0.36,0.36,0.0,0.0,0.36,1,TRAILING_STOP,[sl 4619.48],4619.48,0.0,1364.17,364.17,Friday,19,2026-08-21
153,9553584,3366803,3367152,XAUUSD.u,BUY,STR B4,4,0.01,2026-08-21 20:11:49.741,2026-08-21 20:29:00.544,1030.8,17m 10s,4623.74,4624.7,0.96,0.96,0.96,0.0,0.0,0.96,1,TRAILING_STOP,[sl 4624.70],4624.7,0.0,1365.13,365.13,Friday,20,2026-08-21
154,9554042,3367258,3367536,XAUUSD.u,BUY,STR B2,2,0.01,2026-08-21 20:31:11.850,2026-08-21 20:48:54.672,1062.82,17m 42s,4620.66,4624.33,3.67,3.67,3.67,0.0,0.0,3.67,1,TRAILING_STOP,[sl 4624.33],4624.33,0.0,1368.8,368.8,Friday,20,2026-08-21
155,9553994,3367313,3367609,XAUUSD.u,BUY,STR B3,3,0.01,2026-08-21 20:34:44.312,2026-08-21 21:01:53.809,1629.5,27m 9s,4622.2,4622.79,0.59,0.59,0.59,0.0,0.0,0.59,1,TRAILING_STOP,[sl 4622.79],4622.79,0.0,1369.39,369.39,Friday,20,2026-08-21
156,9553977,3367513,3393640,XAUUSD.u,BUY,STR B4,4,0.01,2026-08-21 20:48:20.658,2026-08-24 02:05:10.727,191810.07,53h 16m 50s,4623.74,4633.16,9.42,9.42,9.42,0.0,0.0,9.42,1,TRAILING_STOP,[sl 4633.16],4633.16,0.0,1378.81,378.81,Friday,20,2026-08-21
157,9554422,3367613,3393446,XAUUSD.u,BUY,STR B3,3,0.01,2026-08-21 21:02:10.734,2026-08-24 02:00:14.830,190684.1,52h 58m 4s,4622.2,4622.43,0.23,0.23,0.23,0.0,0.0,0.23,1,TRAILING_STOP,[sl 4622.43],4622.43,0.0,1379.04,379.04,Friday,21,2026-08-21
158,9554507,3367696,3367790,XAUUSD.u,BUY,STR B1,1,0.01,2026-08-21 21:05:16.634,2026-08-21 21:16:44.440,687.81,11m 27s,4619.12,4620.38,1.26,1.26,1.26,0.0,0.0,1.26,1,TRAILING_STOP,[sl 4620.38],4620.38,0.0,1380.3,380.3,Friday,21,2026-08-21
159,9554495,3367729,3368261,XAUUSD.u,BUY,STR B2,2,0.01,2026-08-21 21:06:06.064,2026-08-21 21:55:11.767,2945.7,49m 5s,4620.66,4620.67,0.01,0.01,0.01,0.0,0.0,0.01,1,TRAILING_STOP,[sl 4620.67],4620.67,0.0,1380.31,380.31,Friday,21,2026-08-21
160,9554688,3367941,3368252,XAUUSD.u,BUY,STR B1,1,0.01,2026-08-21 21:29:27.945,2026-08-21 21:54:01.243,1473.3,24m 33s,4619.12,4622.21,3.09,3.09,3.09,0.0,0.0,3.09,1,TRAILING_STOP,[sl 4622.21],4622.21,0.0,1383.4,383.4,Friday,21,2026-08-21
161,9555058,3368262,3393439,XAUUSD.u,BUY,STR B2,2,0.01,2026-08-21 21:55:12.234,2026-08-24 02:00:07.912,187495.68,52h 4m 55s,4620.66,4623.98,3.32,3.32,3.32,0.0,0.0,3.32,1,TRAILING_STOP,[sl 4623.98],4623.98,0.0,1386.72,386.72,Friday,21,2026-08-21
162,9555080,3368291,3393440,XAUUSD.u,BUY,STR B1,1,0.01,2026-08-21 21:58:08.263,2026-08-24 02:00:07.912,187319.65,52h 1m 59s,4619.12,4623.95,4.83,4.83,4.83,0.0,0.0,4.83,1,TRAILING_STOP,[sl 4623.95],4623.95,0.0,1391.55,391.55,Friday,21,2026-08-21
163,9548609,3368649,3368730,XAUUSD.u,SELL,STR S6,6,0.01,2026-08-21 22:38:16.059,2026-08-21 22:49:00.329,644.27,10m 44s,4608.34,4604.95,-3.39,3.39,3.39,0.0,0.0,3.39,1,TRAILING_STOP,[sl 4604.95],4604.95,0.0,1394.94,394.94,Friday,22,2026-08-21
164,9548611,3368677,3368737,XAUUSD.u,SELL,STR S7,7,0.01,2026-08-21 22:47:39.184,2026-08-21 22:49:50.655,131.47,2m 11s,4606.8,4606.49,-0.31,0.31,0.31,0.0,0.0,0.31,1,TRAILING_STOP,[sl 4606.49],4606.49,0.0,1395.25,395.25,Friday,22,2026-08-21
165,9548613,3368709,3394574,XAUUSD.u,SELL,STR S8,8,0.01,2026-08-21 22:48:29.040,2026-08-24 02:27:00.334,185911.29,51h 38m 31s,4605.26,4597.97,-7.29,7.29,7.29,0.0,0.0,7.29,1,TRAILING_STOP,[sl 4597.97],4597.97,0.0,1402.54,402.54,Friday,22,2026-08-21
166,9548615,3368716,3394575,XAUUSD.u,SELL,STR S9,9,0.01,2026-08-21 22:48:32.765,2026-08-24 02:27:00.334,185907.57,51h 38m 27s,4603.72,4597.9,-5.82,5.82,5.82,0.0,0.0,5.82,1,TRAILING_STOP,[sl 4597.90],4597.9,0.0,1408.36,408.36,Friday,22,2026-08-21
167,9555541,3368743,3392454,XAUUSD.u,SELL,STR S7,7,0.01,2026-08-21 22:50:35.648,2026-08-24 01:01:00.187,180624.54,50h 10m 24s,4606.8,4606.04,-0.76,0.76,0.76,0.0,0.0,0.76,1,TRAILING_STOP,[sl 4606.04],4606.04,0.0,1409.12,409.12,Friday,22,2026-08-21
168,9551983,3393595,3393637,XAUUSD.u,BUY,STR B7,7,0.01,2026-08-24 02:05:08.385,2026-08-24 02:05:10.639,2.25,2s,4628.36,4633.96,5.6,5.6,5.6,0.0,0.0,5.6,1,TRAILING_STOP,[sl 4633.96],4633.96,0.0,1414.72,414.72,Monday,2,2026-08-24
169,9548616,3393615,3393676,XAUUSD.u,BUY,STR B10,10,0.01,2026-08-24 02:05:09.234,2026-08-24 02:05:24.917,15.68,15s,4632.98,4633.81,0.83,0.83,0.83,0.0,0.0,0.83,1,TRAILING_STOP,[sl 4633.81],4633.81,0.0,1415.55,415.55,Monday,2,2026-08-24
170,9548618,3393625,3393804,XAUUSD.u,BUY,STR B11,11,0.05,2026-08-24 02:05:09.368,2026-08-24 02:08:10.067,180.7,3m 0s,4634.52,4637.7,3.18,3.18,15.9,0.0,0.0,15.9,1,TRAILING_STOP,[sl 4637.70],4637.7,0.0,1431.45,431.45,Monday,2,2026-08-24
171,9548620,3393646,3393811,XAUUSD.u,BUY,STR B12,12,0.05,2026-08-24 02:05:12.718,2026-08-24 02:08:15.502,182.78,3m 2s,4636.06,4636.12,0.06,0.06,0.3,0.0,0.0,0.3,1,TRAILING_STOP,[sl 4636.12],4636.12,0.0,1431.75,431.75,Monday,2,2026-08-24
172,9548622,3393775,3393954,XAUUSD.u,BUY,STR B13,13,0.05,2026-08-24 02:07:41.583,2026-08-24 02:14:48.177,426.59,7m 6s,4637.6,4637.79,0.19,0.19,0.95,0.0,0.0,0.95,1,TRAILING_STOP,[sl 4637.79],4637.79,0.0,1432.7,432.7,Monday,2,2026-08-24
173,9548624,3393801,3398165,XAUUSD.u,BUY,STR B14,14,0.05,2026-08-24 02:08:02.604,2026-08-24 04:10:13.799,7331.19,2h 2m 11s,4639.14,4643.39,4.25,4.25,21.25,0.0,0.0,21.25,1,TRAILING_STOP,[sl 4643.39],4643.39,0.0,1453.95,453.95,Monday,2,2026-08-24
174,9548626,3393941,3398283,XAUUSD.u,BUY,STR B15,15,0.05,2026-08-24 02:14:18.161,2026-08-24 04:11:23.840,7025.68,1h 57m 5s,4640.68,4650.29,9.61,9.61,48.05,0.0,0.0,48.05,1,TRAILING_STOP,[sl 4650.29],4650.29,0.0,1502.0,502.0,Monday,2,2026-08-24
175,9548617,3394497,3394576,XAUUSD.u,SELL,STR S10,10,0.01,2026-08-24 02:26:30.805,2026-08-24 02:27:00.334,29.53,29s,4602.18,4598.02,-4.16,4.16,4.16,0.0,0.0,4.16,1,TRAILING_STOP,[sl 4598.02],4598.02,0.0,1506.16,506.16,Monday,2,2026-08-24
176,9548619,3394520,3394577,XAUUSD.u,SELL,STR S11,11,0.05,2026-08-24 02:26:37.676,2026-08-24 02:27:01.387,23.71,23s,4600.64,4599.58,-1.06,1.06,5.3,0.0,0.0,5.3,1,TRAILING_STOP,[sl 4599.58],4599.58,0.0,1511.46,511.46,Monday,2,2026-08-24
177,9548621,3394549,3394593,XAUUSD.u,SELL,STR S12,12,0.05,2026-08-24 02:26:52.590,2026-08-24 02:27:23.248,30.66,30s,4599.1,4598.07,-1.03,1.03,5.15,0.0,0.0,5.15,1,TRAILING_STOP,[sl 4598.07],4598.07,0.0,1516.61,516.61,Monday,2,2026-08-24
178,9548628,3398073,3398284,XAUUSD.u,BUY,STR B16,16,0.05,2026-08-24 04:08:59.822,2026-08-24 04:11:23.840,144.02,2m 24s,4642.22,4650.29,8.07,8.07,40.35,0.0,0.0,40.35,1,TRAILING_STOP,[sl 4650.29],4650.29,0.0,1556.96,556.96,Monday,4,2026-08-24
179,9548630,3398149,3398285,XAUUSD.u,BUY,STR B17,17,0.05,2026-08-24 04:10:06.452,2026-08-24 04:11:23.840,77.39,1m 17s,4643.76,4650.38,6.62,6.62,33.1,0.0,0.0,33.1,1,TRAILING_STOP,[sl 4650.38],4650.38,0.0,1590.06,590.06,Monday,4,2026-08-24
180,9548632,3398174,3398286,XAUUSD.u,BUY,STR B18,18,0.05,2026-08-24 04:10:33.696,2026-08-24 04:11:23.840,50.14,50s,4645.3,4650.3,5.0,5.0,25.0,0.0,0.0,25.0,1,TRAILING_STOP,[sl 4650.30],4650.3,0.0,1615.06,615.06,Monday,4,2026-08-24
181,9548634,3398195,3398287,XAUUSD.u,BUY,STR B19,19,0.05,2026-08-24 04:10:41.897,2026-08-24 04:11:23.840,41.94,41s,4646.84,4650.29,3.45,3.45,17.25,0.0,0.0,17.25,1,TRAILING_STOP,[sl 4650.29],4650.29,0.0,1632.31,632.31,Monday,4,2026-08-24
182,9548636,3398220,3398291,XAUUSD.u,BUY,STR B20,20,0.05,2026-08-24 04:10:49.511,2026-08-24 04:11:35.979,46.47,46s,4648.38,4648.73,0.35,0.35,1.75,0.0,0.0,1.75,1,TRAILING_STOP,[sl 4648.73],4648.73,0.0,1634.06,634.06,Monday,4,2026-08-24
183,9548638,3398237,3398504,XAUUSD.u,BUY,STR B21,21,0.2,2026-08-24 04:11:00.285,2026-08-24 04:18:47.771,467.49,7m 47s,4649.92,4653.59,3.67,3.67,73.4,0.0,0.0,73.4,1,TRAILING_STOP,[sl 4653.59],4653.59,0.0,1707.46,707.46,Monday,4,2026-08-24
184,9548640,3398258,3398518,XAUUSD.u,BUY,STR B22,22,0.2,2026-08-24 04:11:11.519,2026-08-24 04:20:01.360,529.84,8m 49s,4651.46,4652.33,0.87,0.87,17.4,0.0,0.0,17.4,1,TRAILING_STOP,[sl 4652.33],4652.33,0.0,1724.86,724.86,Monday,4,2026-08-24
185,9548643,3398448,3398692,XAUUSD.u,BUY,STR B23,23,0.2,2026-08-24 04:17:33.982,2026-08-24 04:30:10.335,756.35,12m 36s,4653.0,4653.75,0.75,0.75,15.0,0.0,0.0,15.0,1,TRAILING_STOP,[sl 4653.75],4653.75,0.0,1739.86,739.86,Monday,4,2026-08-24
186,9586858,3402037,3402466,XAUUSD.u,BUY,STR B1,1,0.01,2026-08-24 06:13:02.084,2026-08-24 06:22:36.467,574.38,9m 34s,4637.63,4637.8,0.17,0.17,0.17,0.0,0.0,0.17,1,TRAILING_STOP,[sl 4637.80],4637.8,0.0,1740.03,740.03,Monday,6,2026-08-24
187,9586860,3402204,3404346,XAUUSD.u,BUY,STR B2,2,0.01,2026-08-24 06:17:51.041,2026-08-24 07:10:00.235,3129.19,52m 9s,4639.18,4639.79,0.61,0.61,0.61,0.0,0.0,0.61,1,TRAILING_STOP,[sl 4639.79],4639.79,0.0,1740.64,740.64,Monday,6,2026-08-24
188,9586862,3402284,3404821,XAUUSD.u,BUY,STR B3,3,0.01,2026-08-24 06:18:53.205,2026-08-24 07:16:20.963,3447.76,57m 27s,4640.73,4643.97,3.24,3.24,3.24,0.0,0.0,3.24,1,TRAILING_STOP,[sl 4643.97],4643.97,0.0,1743.88,743.88,Monday,6,2026-08-24
189,9587468,3402537,3402709,XAUUSD.u,BUY,STR B1,1,0.01,2026-08-24 06:24:41.269,2026-08-24 06:30:57.652,376.38,6m 16s,4637.63,4638.93,1.3,1.3,1.3,0.0,0.0,1.3,1,TRAILING_STOP,[sl 4638.93],4638.93,0.0,1745.18,745.18,Monday,6,2026-08-24
190,9587716,3402779,3403886,XAUUSD.u,BUY,STR B1,1,0.01,2026-08-24 06:32:09.703,2026-08-24 07:04:27.057,1937.35,32m 17s,4637.63,4638.71,1.08,1.08,1.08,0.0,0.0,1.08,1,TRAILING_STOP,[sl 4638.71],4638.71,0.0,1746.26,746.26,Monday,6,2026-08-24
191,9586859,3402911,3406103,XAUUSD.u,SELL,STR S1,1,0.01,2026-08-24 06:33:46.221,2026-08-24 07:34:23.334,3637.11,1h 0m 37s,4634.53,4631.32,-3.21,3.21,3.21,0.0,0.0,3.21,1,TRAILING_STOP,[sl 4631.32],4631.32,0.0,1749.47,749.47,Monday,6,2026-08-24
192,9586864,3404164,3405053,XAUUSD.u,BUY,STR B4,4,0.01,2026-08-24 07:07:01.341,2026-08-24 07:19:23.216,741.88,12m 21s,4642.28,4643.5,1.22,1.22,1.22,0.0,0.0,1.22,1,TRAILING_STOP,[sl 4643.50],4643.5,0.0,1750.69,750.69,Monday,7,2026-08-24
193,9586866,3404741,3407490,XAUUSD.u,BUY,STR B5,5,0.01,2026-08-24 07:15:41.390,2026-08-24 08:06:47.227,3065.84,51m 5s,4643.83,4648.18,4.35,4.35,4.35,0.0,0.0,4.35,1,TRAILING_STOP,[sl 4648.18],4648.18,0.0,1755.04,755.04,Monday,7,2026-08-24
194,9586868,3404760,3407577,XAUUSD.u,BUY,STR B6,6,0.01,2026-08-24 07:15:44.550,2026-08-24 08:07:56.630,3132.08,52m 12s,4645.38,4646.71,1.33,1.33,1.33,0.0,0.0,1.33,1,TRAILING_STOP,[sl 4646.71],4646.71,0.0,1756.37,756.37,Monday,7,2026-08-24
195,9590080,3405129,3407320,XAUUSD.u,BUY,STR B3,3,0.01,2026-08-24 07:21:01.218,2026-08-24 08:03:20.566,2539.35,42m 19s,4640.73,4644.47,3.74,3.74,3.74,0.0,0.0,3.74,1,TRAILING_STOP,[sl 4644.47],4644.47,0.0,1760.11,760.11,Monday,7,2026-08-24
196,9590160,3405205,3405406,XAUUSD.u,BUY,STR B2,2,0.01,2026-08-24 07:22:12.824,2026-08-24 07:28:28.679,375.86,6m 15s,4639.18,4639.27,0.09,0.09,0.09,0.0,0.0,0.09,1,TRAILING_STOP,[sl 4639.27],4639.27,0.0,1760.2,760.2,Monday,7,2026-08-24
197,9590055,3405340,3407491,XAUUSD.u,BUY,STR B4,4,0.01,2026-08-24 07:27:42.519,2026-08-24 08:06:47.227,2344.71,39m 4s,4642.28,4648.18,5.9,5.9,5.9,0.0,0.0,5.9,1,TRAILING_STOP,[sl 4648.18],4648.18,0.0,1766.1,766.1,Monday,7,2026-08-24
198,9590365,3405413,3407117,XAUUSD.u,BUY,STR B2,2,0.01,2026-08-24 07:28:29.467,2026-08-24 07:54:13.004,1543.54,25m 43s,4639.18,4639.96,0.78,0.78,0.78,0.0,0.0,0.78,1,TRAILING_STOP,[sl 4639.96],4639.96,0.0,1766.88,766.88,Monday,7,2026-08-24
199,9590493,3405655,3407076,XAUUSD.u,BUY,STR B1,1,0.01,2026-08-24 07:29:50.837,2026-08-24 07:51:55.102,1324.27,22m 4s,4637.63,4641.04,3.41,3.41,3.41,0.0,0.0,3.41,1,TRAILING_STOP,[sl 4641.04],4641.04,0.0,1770.29,770.29,Monday,7,2026-08-24
200,9586861,3405707,3406144,XAUUSD.u,SELL,STR S2,2,0.01,2026-08-24 07:30:01.660,2026-08-24 07:35:00.081,298.42,4m 58s,4632.98,4632.86,-0.12,0.12,0.12,0.0,0.0,0.12,1,TRAILING_STOP,[sl 4632.86],4632.86,0.0,1770.41,770.41,Monday,7,2026-08-24
201,9591110,3406159,3406371,XAUUSD.u,SELL,STR S1,1,0.01,2026-08-24 07:35:22.648,2026-08-24 07:38:37.803,195.16,3m 15s,4634.53,4634.0,-0.53,0.53,0.53,0.0,0.0,0.53,1,TRAILING_STOP,[sl 4634.00],4634.0,0.0,1770.94,770.94,Monday,7,2026-08-24
202,9591357,3406403,3406827,XAUUSD.u,SELL,STR S1,1,0.01,2026-08-24 07:40:14.199,2026-08-24 07:47:57.352,463.15,7m 43s,4634.53,4633.38,-1.15,1.15,1.15,0.0,0.0,1.15,1,TRAILING_STOP,[sl 4633.38],4633.38,0.0,1772.09,772.09,Monday,7,2026-08-24
203,9591792,3406839,3412634,XAUUSD.u,SELL,STR S1,1,0.01,2026-08-24 07:48:34.249,2026-08-24 09:47:58.466,7164.22,1h 59m 24s,4634.53,4633.67,-0.86,0.86,0.86,0.0,0.0,0.86,1,TRAILING_STOP,[sl 4633.67],4633.67,0.0,1772.95,772.95,Monday,7,2026-08-24
204,9592127,3407171,3407321,XAUUSD.u,BUY,STR B2,2,0.01,2026-08-24 07:54:35.656,2026-08-24 08:03:20.566,524.91,8m 44s,4639.18,4644.47,5.29,5.29,5.29,0.0,0.0,5.29,1,TRAILING_STOP,[sl 4644.47],4644.47,0.0,1778.24,778.24,Monday,7,2026-08-24
205,9586870,3407425,3407732,XAUUSD.u,BUY,STR B7,7,0.01,2026-08-24 08:06:12.608,2026-08-24 08:09:31.998,199.39,3m 19s,4646.93,4650.22,3.29,3.29,3.29,0.0,0.0,3.29,1,TRAILING_STOP,[sl 4650.22],4650.22,0.0,1781.53,781.53,Monday,8,2026-08-24
206,9586872,3407461,3407757,XAUUSD.u,BUY,STR B8,8,0.01,2026-08-24 08:06:22.784,2026-08-24 08:10:23.792,241.01,4m 1s,4648.48,4648.67,0.19,0.19,0.19,0.0,0.0,0.19,1,TRAILING_STOP,[sl 4648.67],4648.67,0.0,1781.72,781.72,Monday,8,2026-08-24
207,9586874,3407661,3408050,XAUUSD.u,BUY,STR B9,9,0.01,2026-08-24 08:08:53.671,2026-08-24 08:16:25.029,451.36,7m 31s,4650.03,4655.33,5.3,5.3,5.3,0.0,0.0,5.3,1,TRAILING_STOP,[sl 4655.33],4655.33,0.0,1787.02,787.02,Monday,8,2026-08-24
208,9586877,3407687,3408045,XAUUSD.u,BUY,STR B10,10,0.01,2026-08-24 08:09:04.472,2026-08-24 08:16:16.281,431.81,7m 11s,4651.58,4655.46,3.88,3.88,3.88,0.0,0.0,3.88,1,TRAILING_STOP,[sl 4655.46],4655.46,0.0,1790.9,790.9,Monday,8,2026-08-24
209,9592715,3407758,3408052,XAUUSD.u,BUY,STR B8,8,0.01,2026-08-24 08:10:28.585,2026-08-24 08:16:26.653,358.07,5m 58s,4648.48,4655.22,6.74,6.74,6.74,0.0,0.0,6.74,1,TRAILING_STOP,[sl 4655.22],4655.22,0.0,1797.64,797.64,Monday,8,2026-08-24
210,9586879,3407909,3408142,XAUUSD.u,BUY,STR B11,11,0.05,2026-08-24 08:15:03.525,2026-08-24 08:17:08.470,124.94,2m 4s,4653.13,4657.67,4.54,4.54,22.7,0.0,0.0,22.7,1,TRAILING_STOP,[sl 4657.67],4657.67,0.0,1820.34,820.34,Monday,8,2026-08-24
211,9586881,3407950,3408146,XAUUSD.u,BUY,STR B12,12,0.05,2026-08-24 08:15:30.748,2026-08-24 08:17:13.905,103.16,1m 43s,4654.68,4656.12,1.44,1.44,7.2,0.0,0.0,7.2,1,TRAILING_STOP,[sl 4656.12],4656.12,0.0,1827.54,827.54,Monday,8,2026-08-24
212,9586883,3408009,3408249,XAUUSD.u,BUY,STR B13,13,0.05,2026-08-24 08:15:38.058,2026-08-24 08:19:53.062,255.0,4m 15s,4656.23,4656.91,0.68,0.68,3.4,0.0,0.0,3.4,1,TRAILING_STOP,[sl 4656.91],4656.91,0.0,1830.94,830.94,Monday,8,2026-08-24
213,9593443,3408389,3410739,XAUUSD.u,BUY,STR B10,10,0.01,2026-08-24 08:22:24.667,2026-08-24 09:00:34.285,2289.62,38m 9s,4651.58,4651.71,0.13,0.13,0.13,0.0,0.0,0.13,1,TRAILING_STOP,[sl 4651.71],4651.71,0.0,1831.07,831.07,Monday,8,2026-08-24
214,9593617,3408580,3409426,XAUUSD.u,BUY,STR B8,8,0.01,2026-08-24 08:22:57.653,2026-08-24 08:34:20.466,682.81,11m 22s,4648.48,4649.35,0.87,0.87,0.87,0.0,0.0,0.87,1,TRAILING_STOP,[sl 4649.35],4649.35,0.0,1831.94,831.94,Monday,8,2026-08-24
215,9593677,3408645,3408748,XAUUSD.u,BUY,STR B7,7,0.01,2026-08-24 08:23:41.976,2026-08-24 08:25:39.801,117.83,1m 57s,4646.93,4647.18,0.25,0.25,0.25,0.0,0.0,0.25,1,TRAILING_STOP,[sl 4647.18],4647.18,0.0,1832.19,832.19,Monday,8,2026-08-24
216,9593548,3408716,3409646,XAUUSD.u,BUY,STR B9,9,0.01,2026-08-24 08:24:59.427,2026-08-24 08:40:40.013,940.59,15m 40s,4650.03,4650.6,0.57,0.57,0.57,0.0,0.0,0.57,1,TRAILING_STOP,[sl 4650.60],4650.6,0.0,1832.76,832.76,Monday,8,2026-08-24
217,9593893,3408849,3409414,XAUUSD.u,BUY,STR B7,7,0.01,2026-08-24 08:26:14.589,2026-08-24 08:34:09.787,475.2,7m 55s,4646.93,4650.91,3.98,3.98,3.98,0.0,0.0,3.98,1,TRAILING_STOP,[sl 4650.91],4650.91,0.0,1836.74,836.74,Monday,8,2026-08-24
218,9593941,3408912,3409283,XAUUSD.u,BUY,STR B5,5,0.01,2026-08-24 08:26:29.125,2026-08-24 08:32:36.184,367.06,6m 7s,4643.83,4647.26,3.43,3.43,3.43,0.0,0.0,3.43,1,TRAILING_STOP,[sl 4647.26],4647.26,0.0,1840.17,840.17,Monday,8,2026-08-24
219,9593914,3408933,3409415,XAUUSD.u,BUY,STR B6,6,0.01,2026-08-24 08:26:52.210,2026-08-24 08:34:09.787,437.58,7m 17s,4645.38,4650.91,5.53,5.53,5.53,0.0,0.0,5.53,1,TRAILING_STOP,[sl 4650.91],4650.91,0.0,1845.7,845.7,Monday,8,2026-08-24
220,9594070,3409084,3409284,XAUUSD.u,BUY,STR B4,4,0.01,2026-08-24 08:29:54.364,2026-08-24 08:32:36.184,161.82,2m 41s,4642.28,4647.26,4.98,4.98,4.98,0.0,0.0,4.98,1,TRAILING_STOP,[sl 4647.26],4647.26,0.0,1850.68,850.68,Monday,8,2026-08-24
221,9594692,3409650,3410606,XAUUSD.u,BUY,STR B9,9,0.01,2026-08-24 08:40:44.687,2026-08-24 08:55:03.266,858.58,14m 18s,4650.03,4650.96,0.93,0.93,0.93,0.0,0.0,0.93,1,TRAILING_STOP,[sl 4650.96],4650.96,0.0,1851.61,851.61,Monday,8,2026-08-24
222,9594737,3409694,3410352,XAUUSD.u,BUY,STR B8,8,0.01,2026-08-24 08:41:59.106,2026-08-24 08:51:03.441,544.34,9m 4s,4648.48,4648.92,0.44,0.44,0.44,0.0,0.0,0.44,1,TRAILING_STOP,[sl 4648.92],4648.92,0.0,1852.05,852.05,Monday,8,2026-08-24
223,9594805,3409762,3410315,XAUUSD.u,BUY,STR B7,7,0.01,2026-08-24 08:43:00.493,2026-08-24 08:50:54.602,474.11,7m 54s,4646.93,4650.47,3.54,3.54,3.54,0.0,0.0,3.54,1,TRAILING_STOP,[sl 4650.47],4650.47,0.0,1855.59,855.59,Monday,8,2026-08-24
224,9594859,3409814,3410316,XAUUSD.u,BUY,STR B6,6,0.01,2026-08-24 08:43:46.181,2026-08-24 08:50:54.602,428.42,7m 8s,4645.38,4650.47,5.09,5.09,5.09,0.0,0.0,5.09,1,TRAILING_STOP,[sl 4650.47],4650.47,0.0,1860.68,860.68,Monday,8,2026-08-24
225,9594902,3409863,3410317,XAUUSD.u,BUY,STR B5,5,0.01,2026-08-24 08:44:05.618,2026-08-24 08:50:54.602,408.98,6m 48s,4643.83,4650.47,6.64,6.64,6.64,0.0,0.0,6.64,1,TRAILING_STOP,[sl 4650.47],4650.47,0.0,1867.32,867.32,Monday,8,2026-08-24
226,9594925,3409884,3410090,XAUUSD.u,BUY,STR B4,4,0.01,2026-08-24 08:44:11.943,2026-08-24 08:47:41.221,209.28,3m 29s,4642.28,4645.79,3.51,3.51,3.51,0.0,0.0,3.51,1,TRAILING_STOP,[sl 4645.79],4645.79,0.0,1870.83,870.83,Monday,8,2026-08-24
227,9595430,3410412,3410572,XAUUSD.u,BUY,STR B7,7,0.01,2026-08-24 08:51:33.318,2026-08-24 08:54:06.251,152.93,2m 32s,4646.93,4652.51,5.58,5.58,5.58,0.0,0.0,5.58,1,TRAILING_STOP,[sl 4652.51],4652.51,0.0,1876.41,876.41,Monday,8,2026-08-24
228,9595393,3410426,3410571,XAUUSD.u,BUY,STR B8,8,0.01,2026-08-24 08:51:46.182,2026-08-24 08:54:06.187,140.0,2m 20s,4648.48,4652.54,4.06,4.06,4.06,0.0,0.0,4.06,1,TRAILING_STOP,[sl 4652.54],4652.54,0.0,1880.47,880.47,Monday,8,2026-08-24
229,9595626,3410619,3410734,XAUUSD.u,BUY,STR B9,9,0.01,2026-08-24 08:55:15.168,2026-08-24 09:00:31.247,316.08,5m 16s,4650.03,4653.26,3.23,3.23,3.23,0.0,0.0,3.23,1,TRAILING_STOP,[sl 4653.26],4653.26,0.0,1883.7,883.7,Monday,8,2026-08-24
230,9595901,3410906,3411114,XAUUSD.u,BUY,STR B7,7,0.01,2026-08-24 09:07:24.014,2026-08-24 09:15:59.828,515.81,8m 35s,4646.93,4647.13,0.2,0.2,0.2,0.0,0.0,0.2,1,TRAILING_STOP,[sl 4647.13],4647.13,0.0,1883.9,883.9,Monday,9,2026-08-24
231,9595972,3410963,3411053,XAUUSD.u,BUY,STR B6,6,0.01,2026-08-24 09:09:11.432,2026-08-24 09:13:28.274,256.84,4m 16s,4645.38,4646.42,1.04,1.04,1.04,0.0,0.0,1.04,1,TRAILING_STOP,[sl 4646.42],4646.42,0.0,1884.94,884.94,Monday,9,2026-08-24
232,9596185,3411176,3411453,XAUUSD.u,BUY,STR B5,5,0.01,2026-08-24 09:16:28.279,2026-08-24 09:23:31.200,422.92,7m 2s,4643.83,4644.88,1.05,1.05,1.05,0.0,0.0,1.05,1,TRAILING_STOP,[sl 4644.88],4644.88,0.0,1885.99,885.99,Monday,9,2026-08-24
233,9596553,3411546,3411677,XAUUSD.u,BUY,STR B5,5,0.01,2026-08-24 09:23:57.059,2026-08-24 09:26:54.298,177.24,2m 57s,4643.83,4644.41,0.58,0.58,0.58,0.0,0.0,0.58,1,TRAILING_STOP,[sl 4644.41],4644.41,0.0,1886.57,886.57,Monday,9,2026-08-24
234,9596787,3411763,3412109,XAUUSD.u,BUY,STR B5,5,0.01,2026-08-24 09:29:26.036,2026-08-24 09:38:22.915,536.88,8m 56s,4643.83,4644.96,1.13,1.13,1.13,0.0,0.0,1.13,1,TRAILING_STOP,[sl 4644.96],4644.96,0.0,1887.7,887.7,Monday,9,2026-08-24
235,9596820,3411799,3412051,XAUUSD.u,BUY,STR B4,4,0.01,2026-08-24 09:30:27.886,2026-08-24 09:36:34.194,366.31,6m 6s,4642.28,4646.51,4.23,4.23,4.23,0.0,0.0,4.23,1,TRAILING_STOP,[sl 4646.51],4646.51,0.0,1891.93,891.93,Monday,9,2026-08-24
236,9597249,3412209,3413185,XAUUSD.u,BUY,STR B3,3,0.01,2026-08-24 09:41:48.762,2026-08-24 10:00:23.534,1114.77,18m 34s,4640.73,4640.79,0.06,0.06,0.06,0.0,0.0,0.06,1,TRAILING_STOP,[sl 4640.79],4640.79,0.0,1891.99,891.99,Monday,9,2026-08-24
237,9597306,3412267,3413163,XAUUSD.u,BUY,STR B2,2,0.01,2026-08-24 09:42:25.411,2026-08-24 09:59:45.604,1040.19,17m 20s,4639.18,4642.34,3.16,3.16,3.16,0.0,0.0,3.16,1,TRAILING_STOP,[sl 4642.34],4642.34,0.0,1895.15,895.15,Monday,9,2026-08-24
238,9597707,3412674,3412722,XAUUSD.u,SELL,STR S1,1,0.01,2026-08-24 09:49:03.119,2026-08-24 09:50:40.766,97.65,1m 37s,4634.53,4633.37,-1.16,1.16,1.16,0.0,0.0,1.16,1,TRAILING_STOP,[sl 4633.37],4633.37,0.0,1896.31,896.31,Monday,9,2026-08-24
239,9597775,3412732,3414551,XAUUSD.u,SELL,STR S1,1,0.01,2026-08-24 09:50:50.205,2026-08-24 10:30:17.638,2367.43,39m 27s,4634.53,4631.45,-3.08,3.08,3.08,0.0,0.0,3.08,1,TRAILING_STOP,[sl 4631.45],4631.45,0.0,1899.39,899.39,Monday,9,2026-08-24
240,9597393,3412905,3413164,XAUUSD.u,BUY,STR B1,1,0.01,2026-08-24 09:55:46.973,2026-08-24 09:59:45.604,238.63,3m 58s,4637.63,4642.34,4.71,4.71,4.71,0.0,0.0,4.71,1,TRAILING_STOP,[sl 4642.34],4642.34,0.0,1904.1,904.1,Monday,9,2026-08-24
241,9597219,3413120,3413503,XAUUSD.u,BUY,STR B4,4,0.01,2026-08-24 09:58:04.852,2026-08-24 10:07:56.493,591.64,9m 51s,4642.28,4642.5,0.22,0.22,0.22,0.0,0.0,0.22,1,TRAILING_STOP,[sl 4642.50],4642.5,0.0,1904.32,904.32,Monday,9,2026-08-24
242,9598259,3413195,3413490,XAUUSD.u,BUY,STR B3,3,0.01,2026-08-24 10:00:39.990,2026-08-24 10:07:27.534,407.54,6m 47s,4640.73,4644.04,3.31,3.31,3.31,0.0,0.0,3.31,1,TRAILING_STOP,[sl 4644.04],4644.04,0.0,1907.63,907.63,Monday,10,2026-08-24
243,9598281,3413219,3413491,XAUUSD.u,BUY,STR B2,2,0.01,2026-08-24 10:01:30.179,2026-08-24 10:07:27.534,357.36,5m 57s,4639.18,4644.04,4.86,4.86,4.86,0.0,0.0,4.86,1,TRAILING_STOP,[sl 4644.04],4644.04,0.0,1912.49,912.49,Monday,10,2026-08-24
244,9598303,3413246,3413408,XAUUSD.u,BUY,STR B1,1,0.01,2026-08-24 10:01:56.377,2026-08-24 10:05:59.003,242.63,4m 2s,4637.63,4639.01,1.38,1.38,1.38,0.0,0.0,1.38,1,TRAILING_STOP,[sl 4639.01],4639.01,0.0,1913.87,913.87,Monday,10,2026-08-24
245,9598482,3413413,3413492,XAUUSD.u,BUY,STR B1,1,0.01,2026-08-24 10:06:08.198,2026-08-24 10:07:27.534,79.34,1m 19s,4637.63,4644.04,6.41,6.41,6.41,0.0,0.0,6.41,1,TRAILING_STOP,[sl 4644.04],4644.04,0.0,1920.28,920.28,Monday,10,2026-08-24
246,9599713,3414681,3415125,XAUUSD.u,SELL,STR S1,1,0.01,2026-08-24 10:33:38.675,2026-08-24 10:43:30.704,592.03,9m 52s,4631.69,4644.34,12.65,-12.65,-12.65,0.0,0.0,-12.65,0,BASKET_CLOSE,STR CLOSE,,,1907.63,907.63,Monday,10,2026-08-24
247,9599712,3414700,3415126,XAUUSD.u,BUY,STR B1,1,0.01,2026-08-24 10:35:02.651,2026-08-24 10:43:30.816,508.17,8m 28s,4634.77,4644.38,9.61,9.61,9.61,0.0,0.0,9.61,1,BASKET_CLOSE,STR CLOSE,,,1917.24,917.24,Monday,10,2026-08-24
248,9599714,3414736,3415124,XAUUSD.u,BUY,STR B2,2,0.01,2026-08-24 10:36:58.071,2026-08-24 10:43:30.578,392.51,6m 32s,4636.31,4644.34,8.03,8.03,8.03,0.0,0.0,8.03,1,BASKET_CLOSE,STR CLOSE,,,1925.27,925.27,Monday,10,2026-08-24
249,9599716,3414918,3415123,XAUUSD.u,BUY,STR B3,3,0.01,2026-08-24 10:41:35.846,2026-08-24 10:43:30.465,114.62,1m 54s,4637.85,4644.1,6.25,6.25,6.25,0.0,0.0,6.25,1,BASKET_CLOSE,STR CLOSE,,,1931.52,931.52,Monday,10,2026-08-24
250,9599718,3414957,3415121,XAUUSD.u,BUY,STR B4,4,0.01,2026-08-24 10:41:47.474,2026-08-24 10:43:30.354,102.88,1m 42s,4639.39,4644.16,4.77,4.77,4.77,0.0,0.0,4.77,1,BASKET_CLOSE,STR CLOSE,,,1936.29,936.29,Monday,10,2026-08-24
251,9599720,3414992,3415119,XAUUSD.u,BUY,STR B5,5,0.01,2026-08-24 10:42:28.261,2026-08-24 10:43:30.242,61.98,1m 1s,4640.93,4644.12,3.19,3.19,3.19,0.0,0.0,3.19,1,BASKET_CLOSE,STR CLOSE,,,1939.48,939.48,Monday,10,2026-08-24
252,9599722,3415056,3415118,XAUUSD.u,BUY,STR B6,6,0.01,2026-08-24 10:43:03.277,2026-08-24 10:43:30.129,26.85,26s,4642.47,4644.15,1.68,1.68,1.68,0.0,0.0,1.68,1,BASKET_CLOSE,STR CLOSE,,,1941.16,941.16,Monday,10,2026-08-24
253,9599724,3415080,3415116,XAUUSD.u,BUY,STR B7,7,0.01,2026-08-24 10:43:20.888,2026-08-24 10:43:30.015,9.13,9s,4644.01,4644.15,0.14,0.14,0.14,0.0,0.0,0.14,1,BASKET_CLOSE,STR CLOSE,,,1941.3,941.3,Monday,10,2026-08-24
254,9600235,3415250,3415744,XAUUSD.u,SELL,STR S1,1,0.01,2026-08-24 10:46:57.309,2026-08-24 10:58:45.891,708.58,11m 48s,4643.42,4637.66,-5.76,5.76,5.76,0.0,0.0,5.76,1,TRAILING_STOP,[sl 4637.66],4637.66,0.0,1947.06,947.06,Monday,10,2026-08-24
255,9600240,3415432,3415745,XAUUSD.u,SELL,STR S2,2,0.01,2026-08-24 10:52:42.175,2026-08-24 10:58:45.891,363.72,6m 3s,4641.87,4637.66,-4.21,4.21,4.21,0.0,0.0,4.21,1,TRAILING_STOP,[sl 4637.66],4637.66,0.0,1951.27,951.27,Monday,10,2026-08-24
256,9600243,3415471,3415815,XAUUSD.u,SELL,STR S3,3,0.01,2026-08-24 10:53:23.563,2026-08-24 11:00:15.703,412.14,6m 52s,4640.32,4639.21,-1.11,1.11,1.11,0.0,0.0,1.11,1,TRAILING_STOP,[sl 4639.21],4639.21,0.0,1952.38,952.38,Monday,10,2026-08-24
257,9600245,3415606,3416716,XAUUSD.u,SELL,STR S4,4,0.01,2026-08-24 10:56:56.198,2026-08-24 11:16:58.241,1202.04,20m 2s,4638.77,4637.35,-1.42,1.42,1.42,0.0,0.0,1.42,1,BASKET_CLOSE,STR CLOSE,,,1953.8,953.8,Monday,10,2026-08-24
258,9600247,3415660,3416715,XAUUSD.u,SELL,STR S5,5,0.01,2026-08-24 10:57:19.379,2026-08-24 11:16:58.125,1178.75,19m 38s,4637.22,4637.3,0.08,-0.08,-0.08,0.0,0.0,-0.08,0,BASKET_CLOSE,STR CLOSE,,,1953.72,953.72,Monday,10,2026-08-24
259,9600950,3415846,3416713,XAUUSD.u,SELL,STR S3,3,0.01,2026-08-24 11:00:59.366,2026-08-24 11:16:58.012,958.65,15m 58s,4640.32,4637.32,-3.0,3.0,3.0,0.0,0.0,3.0,1,BASKET_CLOSE,STR CLOSE,,,1956.72,956.72,Monday,11,2026-08-24
260,9600987,3415889,3416710,XAUUSD.u,SELL,STR S2,2,0.01,2026-08-24 11:01:15.513,2026-08-24 11:16:57.894,942.38,15m 42s,4641.87,4637.39,-4.48,4.48,4.48,0.0,0.0,4.48,1,BASKET_CLOSE,STR CLOSE,,,1961.2,961.2,Monday,11,2026-08-24
261,9601125,3416061,3416363,XAUUSD.u,SELL,STR S1,1,0.01,2026-08-24 11:06:35.654,2026-08-24 11:12:30.398,354.74,5m 54s,4643.42,4642.85,-0.57,0.57,0.57,0.0,0.0,0.57,1,TRAILING_STOP,[sl 4642.85],4642.85,0.0,1961.77,961.77,Monday,11,2026-08-24
262,9601454,3416385,3416709,XAUUSD.u,SELL,STR S1,1,0.01,2026-08-24 11:12:36.531,2026-08-24 11:16:57.782,261.25,4m 21s,4643.42,4637.39,-6.03,6.03,6.03,0.0,0.0,6.03,1,BASKET_CLOSE,STR CLOSE,,,1967.8,967.8,Monday,11,2026-08-24
263,9601791,3416832,3422550,XAUUSD.u,SELL,STR S1,1,0.01,2026-08-24 11:17:12.508,2026-08-24 13:30:12.115,7979.61,2h 12m 59s,4635.72,4647.69,11.97,-11.97,-11.97,0.0,0.0,-11.97,0,BASKET_CLOSE,STR CLOSE,,,1955.83,955.83,Monday,11,2026-08-24
264,9601789,3416959,3419201,XAUUSD.u,BUY,STR B1,1,0.01,2026-08-24 11:20:39.731,2026-08-24 11:48:48.642,1688.91,28m 8s,4638.82,4643.63,4.81,4.81,4.81,0.0,0.0,4.81,1,TRAILING_STOP,[sl 4643.63],4643.63,0.0,1960.64,960.64,Monday,11,2026-08-24
265,9601793,3417678,3419202,XAUUSD.u,BUY,STR B2,2,0.01,2026-08-24 11:32:43.894,2026-08-24 11:48:48.643,964.75,16m 4s,4640.37,4643.63,3.26,3.26,3.26,0.0,0.0,3.26,1,TRAILING_STOP,[sl 4643.63],4643.63,0.0,1963.9,963.9,Monday,11,2026-08-24
266,9601794,3417923,3422549,XAUUSD.u,SELL,STR S2,2,0.01,2026-08-24 11:35:58.970,2026-08-24 13:30:12.002,6853.03,1h 54m 13s,4634.17,4647.69,13.52,-13.52,-13.52,0.0,0.0,-13.52,0,BASKET_CLOSE,STR CLOSE,,,1950.38,950.38,Monday,11,2026-08-24
267,9601795,3418832,3419298,XAUUSD.u,BUY,STR B3,3,0.01,2026-08-24 11:46:07.861,2026-08-24 11:51:06.173,298.31,4m 58s,4641.92,4642.31,0.39,0.39,0.39,0.0,0.0,0.39,1,TRAILING_STOP,[sl 4642.31],4642.31,0.0,1950.77,950.77,Monday,11,2026-08-24
268,9601797,3419014,3419638,XAUUSD.u,BUY,STR B4,4,0.01,2026-08-24 11:47:09.107,2026-08-24 12:01:15.018,845.91,14m 5s,4643.47,4646.8,3.33,3.33,3.33,0.0,0.0,3.33,1,TRAILING_STOP,[sl 4646.80],4646.8,0.0,1954.1,954.1,Monday,11,2026-08-24
269,9601799,3419173,3419770,XAUUSD.u,BUY,STR B5,5,0.01,2026-08-24 11:48:05.142,2026-08-24 12:04:24.175,979.03,16m 19s,4645.02,4648.41,3.39,3.39,3.39,0.0,0.0,3.39,1,TRAILING_STOP,[sl 4648.41],4648.41,0.0,1957.49,957.49,Monday,11,2026-08-24
270,9604393,3419364,3419640,XAUUSD.u,BUY,STR B3,3,0.01,2026-08-24 11:52:21.239,2026-08-24 12:01:15.019,533.78,8m 53s,4641.92,4646.8,4.88,4.88,4.88,0.0,0.0,4.88,1,TRAILING_STOP,[sl 4646.80],4646.8,0.0,1962.37,962.37,Monday,11,2026-08-24
271,9601801,3419552,3419828,XAUUSD.u,BUY,STR B6,6,0.01,2026-08-24 12:00:05.098,2026-08-24 12:06:43.307,398.21,6m 38s,4646.57,4647.08,0.51,0.51,0.51,0.0,0.0,0.51,1,TRAILING_STOP,[sl 4647.08],4647.08,0.0,1962.88,962.88,Monday,12,2026-08-24
272,9601804,3419579,3422548,XAUUSD.u,BUY,STR B7,7,0.01,2026-08-24 12:00:12.660,2026-08-24 13:30:11.887,5399.23,1h 29m 59s,4648.12,4647.65,-0.47,-0.47,-0.47,0.0,0.0,-0.47,0,BASKET_CLOSE,STR CLOSE,,,1962.41,962.41,Monday,12,2026-08-24
273,9601806,3419747,3422547,XAUUSD.u,BUY,STR B8,8,0.01,2026-08-24 12:03:58.391,2026-08-24 13:30:11.773,5173.38,1h 26m 13s,4649.67,4647.85,-1.82,-1.82,-1.82,0.0,0.0,-1.82,0,BASKET_CLOSE,STR CLOSE,,,1960.59,960.59,Monday,12,2026-08-24
274,9604872,3419834,3419909,XAUUSD.u,BUY,STR B6,6,0.01,2026-08-24 12:06:51.797,2026-08-24 12:09:41.684,169.89,2m 49s,4646.57,4646.76,0.19,0.19,0.19,0.0,0.0,0.19,1,TRAILING_STOP,[sl 4646.76],4646.76,0.0,1960.78,960.78,Monday,12,2026-08-24
275,9604967,3419934,3420121,XAUUSD.u,BUY,STR B6,6,0.01,2026-08-24 12:11:08.722,2026-08-24 12:15:12.664,243.94,4m 3s,4646.57,4647.0,0.43,0.43,0.43,0.0,0.0,0.43,1,TRAILING_STOP,[sl 4647.00],4647.0,0.0,1961.21,961.21,Monday,12,2026-08-24
276,9605219,3420197,3422545,XAUUSD.u,BUY,STR B6,6,0.01,2026-08-24 12:18:18.038,2026-08-24 13:30:11.661,4313.62,1h 11m 53s,4646.57,4647.85,1.28,1.28,1.28,0.0,0.0,1.28,1,BASKET_CLOSE,STR CLOSE,,,1962.49,962.49,Monday,12,2026-08-24
277,9605269,3420249,3420992,XAUUSD.u,BUY,STR B5,5,0.01,2026-08-24 12:20:43.578,2026-08-24 12:42:03.919,1280.34,21m 20s,4645.02,4646.0,0.98,0.98,0.98,0.0,0.0,0.98,1,TRAILING_STOP,[sl 4646.00],4646.0,0.0,1963.47,963.47,Monday,12,2026-08-24
278,9605450,3420432,3420948,XAUUSD.u,BUY,STR B4,4,0.01,2026-08-24 12:22:45.075,2026-08-24 12:40:30.442,1065.37,17m 45s,4643.47,4647.51,4.04,4.04,4.04,0.0,0.0,4.04,1,TRAILING_STOP,[sl 4647.51],4647.51,0.0,1967.51,967.51,Monday,12,2026-08-24
279,9606064,3421035,3422544,XAUUSD.u,BUY,STR B5,5,0.01,2026-08-24 12:42:41.571,2026-08-24 13:30:11.549,2849.98,47m 29s,4645.02,4647.85,2.83,2.83,2.83,0.0,0.0,2.83,1,BASKET_CLOSE,STR CLOSE,,,1970.34,970.34,Monday,12,2026-08-24
280,9606203,3421169,3421228,XAUUSD.u,BUY,STR B3,3,0.01,2026-08-24 12:47:43.357,2026-08-24 12:50:42.486,179.13,2m 59s,4641.92,4645.26,3.34,3.34,3.34,0.0,0.0,3.34,1,TRAILING_STOP,[sl 4645.26],4645.26,0.0,1973.68,973.68,Monday,12,2026-08-24
281,9606171,3421188,3421312,XAUUSD.u,BUY,STR B4,4,0.01,2026-08-24 12:48:53.878,2026-08-24 12:56:57.038,483.16,8m 3s,4643.47,4644.04,0.57,0.57,0.57,0.0,0.0,0.57,1,TRAILING_STOP,[sl 4644.04],4644.04,0.0,1974.25,974.25,Monday,12,2026-08-24
282,9606354,3421315,3421628,XAUUSD.u,BUY,STR B4,4,0.01,2026-08-24 12:57:03.173,2026-08-24 13:06:05.788,542.62,9m 2s,4643.47,4643.85,0.38,0.38,0.38,0.0,0.0,0.38,1,TRAILING_STOP,[sl 4643.85],4643.85,0.0,1974.63,974.63,Monday,12,2026-08-24
283,9606424,3421389,3421604,XAUUSD.u,BUY,STR B3,3,0.01,2026-08-24 13:00:37.995,2026-08-24 13:04:43.453,245.46,4m 5s,4641.92,4645.41,3.49,3.49,3.49,0.0,0.0,3.49,1,TRAILING_STOP,[sl 4645.41],4645.41,0.0,1978.12,978.12,Monday,13,2026-08-24
284,9606501,3421473,3421605,XAUUSD.u,BUY,STR B2,2,0.01,2026-08-24 13:01:29.082,2026-08-24 13:04:43.453,194.37,3m 14s,4640.37,4645.41,5.04,5.04,5.04,0.0,0.0,5.04,1,TRAILING_STOP,[sl 4645.41],4645.41,0.0,1983.16,983.16,Monday,13,2026-08-24
285,9606678,3421639,3422542,XAUUSD.u,BUY,STR B4,4,0.01,2026-08-24 13:06:17.748,2026-08-24 13:30:11.436,1433.69,23m 53s,4643.47,4647.82,4.35,4.35,4.35,0.0,0.0,4.35,1,BASKET_CLOSE,STR CLOSE,,,1987.51,987.51,Monday,13,2026-08-24
286,9606711,3421672,3422047,XAUUSD.u,BUY,STR B2,2,0.01,2026-08-24 13:06:38.209,2026-08-24 13:14:11.786,453.58,7m 33s,4640.37,4641.75,1.38,1.38,1.38,0.0,0.0,1.38,1,TRAILING_STOP,[sl 4641.75],4641.75,0.0,1988.89,988.89,Monday,13,2026-08-24
287,9606694,3421747,3422131,XAUUSD.u,BUY,STR B3,3,0.01,2026-08-24 13:08:20.312,2026-08-24 13:18:21.491,601.18,10m 1s,4641.92,4642.54,0.62,0.62,0.62,0.0,0.0,0.62,1,TRAILING_STOP,[sl 4642.54],4642.54,0.0,1989.51,989.51,Monday,13,2026-08-24
288,9607335,3422332,3422540,XAUUSD.u,BUY,STR B3,3,0.01,2026-08-24 13:24:33.031,2026-08-24 13:30:11.312,338.28,5m 38s,4641.92,4647.78,5.86,5.86,5.86,0.0,0.0,5.86,1,BASKET_CLOSE,STR CLOSE,,,1995.37,995.37,Monday,13,2026-08-24
289,9607570,3422561,3423167,XAUUSD.u,SELL,STR S1,1,0.01,2026-08-24 13:30:20.396,2026-08-24 13:35:14.841,294.44,4m 54s,4645.01,4657.97,12.96,-12.96,-12.96,0.0,0.0,-12.96,0,BASKET_CLOSE,STR CLOSE,,,1982.41,982.41,Monday,13,2026-08-24
290,9607569,3422673,3423168,XAUUSD.u,BUY,STR B1,1,0.01,2026-08-24 13:32:13.727,2026-08-24 13:35:14.953,181.23,3m 1s,4648.11,4658.06,9.95,9.95,9.95,0.0,0.0,9.95,1,BASKET_CLOSE,STR CLOSE,,,1992.36,992.36,Monday,13,2026-08-24
291,9607571,3422715,3423161,XAUUSD.u,BUY,STR B2,2,0.01,2026-08-24 13:32:22.788,2026-08-24 13:35:14.729,171.94,2m 51s,4649.66,4658.0,8.34,8.34,8.34,0.0,0.0,8.34,1,BASKET_CLOSE,STR CLOSE,,,2000.7,1000.7,Monday,13,2026-08-24
292,9607573,3422900,3423160,XAUUSD.u,BUY,STR B3,3,0.01,2026-08-24 13:34:58.869,2026-08-24 13:35:14.618,15.75,15s,4651.21,4657.67,6.46,6.46,6.46,0.0,0.0,6.46,1,BASKET_CLOSE,STR CLOSE,,,2007.16,1007.16,Monday,13,2026-08-24
293,9607575,3422946,3423159,XAUUSD.u,BUY,STR B4,4,0.01,2026-08-24 13:35:02.410,2026-08-24 13:35:14.505,12.1,12s,4652.76,4657.4,4.64,4.64,4.64,0.0,0.0,4.64,1,BASKET_CLOSE,STR CLOSE,,,2011.8,1011.8,Monday,13,2026-08-24
294,9607577,3422961,3423158,XAUUSD.u,BUY,STR B5,5,0.01,2026-08-24 13:35:02.851,2026-08-24 13:35:14.393,11.54,11s,4654.31,4657.35,3.04,3.04,3.04,0.0,0.0,3.04,1,BASKET_CLOSE,STR CLOSE,,,2014.84,1014.84,Monday,13,2026-08-24
295,9607579,3423019,3423157,XAUUSD.u,BUY,STR B6,6,0.01,2026-08-24 13:35:05.873,2026-08-24 13:35:14.280,8.41,8s,4655.86,4657.54,1.68,1.68,1.68,0.0,0.0,1.68,1,BASKET_CLOSE,STR CLOSE,,,2016.52,1016.52,Monday,13,2026-08-24
296,9607581,3423059,3423156,XAUUSD.u,BUY,STR B7,7,0.01,2026-08-24 13:35:07.805,2026-08-24 13:35:14.168,6.36,6s,4657.41,4657.43,0.02,0.02,0.02,0.0,0.0,0.02,1,BASKET_CLOSE,STR CLOSE,,,2016.54,1016.54,Monday,13,2026-08-24
297,9607583,3423070,3423154,XAUUSD.u,BUY,STR B8,8,0.01,2026-08-24 13:35:07.883,2026-08-24 13:35:14.056,6.17,6s,4658.96,4657.93,-1.03,-1.03,-1.03,0.0,0.0,-1.03,0,BASKET_CLOSE,STR CLOSE,,,2015.51,1015.51,Monday,13,2026-08-24
298,9607585,3423106,3423153,XAUUSD.u,BUY,STR B9,9,0.01,2026-08-24 13:35:08.163,2026-08-24 13:35:13.944,5.78,5s,4660.51,4658.09,-2.42,-2.42,-2.42,0.0,0.0,-2.42,0,BASKET_CLOSE,STR CLOSE,,,2013.09,1013.09,Monday,13,2026-08-24
299,9608218,3423177,3423409,XAUUSD.u,SELL,STR S1,1,0.01,2026-08-24 13:35:22.080,2026-08-24 13:36:14.262,52.18,52s,4656.03,4652.7,-3.33,3.33,3.33,0.0,0.0,3.33,1,TRAILING_STOP,[sl 4652.70],4652.7,0.0,2016.42,1016.42,Monday,13,2026-08-24
300,9608220,3423179,3423422,XAUUSD.u,SELL,STR S2,2,0.01,2026-08-24 13:35:23.299,2026-08-24 13:36:31.510,68.21,1m 8s,4654.48,4654.29,-0.19,0.19,0.19,0.0,0.0,0.19,1,TRAILING_STOP,[sl 4654.29],4654.29,0.0,2016.61,1016.61,Monday,13,2026-08-24
301,9608217,3423251,3423538,XAUUSD.u,BUY,STR B1,1,0.01,2026-08-24 13:35:27.824,2026-08-24 13:37:07.148,99.32,1m 39s,4659.13,4660.54,1.41,1.41,1.41,0.0,0.0,1.41,1,TRAILING_STOP,[sl 4660.54],4660.54,0.0,2018.02,1018.02,Monday,13,2026-08-24
302,9608222,3423273,3424829,XAUUSD.u,SELL,STR S3,3,0.01,2026-08-24 13:35:45.207,2026-08-24 13:50:40.986,895.78,14m 55s,4652.93,4651.42,-1.51,1.51,1.51,0.0,0.0,1.51,1,TRAILING_STOP,[sl 4651.42],4651.42,0.0,2019.53,1019.53,Monday,13,2026-08-24
303,9608225,3423329,3435247,XAUUSD.u,SELL,STR S4,4,0.01,2026-08-24 13:35:49.111,2026-08-24 14:32:58.233,3429.12,57m 9s,4651.38,4647.74,-3.64,3.64,3.64,0.0,0.0,3.64,1,TRAILING_STOP,[sl 4647.74],4647.74,0.0,2023.17,1023.17,Monday,13,2026-08-24
304,9608219,3423467,3423633,XAUUSD.u,BUY,STR B2,2,0.01,2026-08-24 13:36:44.737,2026-08-24 13:37:56.444,71.71,1m 11s,4660.68,4665.1,4.42,4.42,4.42,0.0,0.0,4.42,1,TRAILING_STOP,[sl 4665.10],4665.1,0.0,2027.59,1027.59,Monday,13,2026-08-24
305,9608221,3423490,3423700,XAUUSD.u,BUY,STR B3,3,0.01,2026-08-24 13:36:52.333,2026-08-24 13:38:24.021,91.69,1m 31s,4662.23,4667.76,5.53,5.53,5.53,0.0,0.0,5.53,1,TRAILING_STOP,[sl 4667.76],4667.76,0.0,2033.12,1033.12,Monday,13,2026-08-24
306,9608223,3423512,3423702,XAUUSD.u,BUY,STR B4,4,0.01,2026-08-24 13:36:56.333,2026-08-24 13:38:24.021,87.69,1m 27s,4663.78,4667.76,3.98,3.98,3.98,0.0,0.0,3.98,1,TRAILING_STOP,[sl 4667.76],4667.76,0.0,2037.1,1037.1,Monday,13,2026-08-24
307,9608226,3423590,3423742,XAUUSD.u,BUY,STR B5,5,0.01,2026-08-24 13:37:38.395,2026-08-24 13:38:41.152,62.76,1m 2s,4665.33,4668.48,3.15,3.15,3.15,0.0,0.0,3.15,1,TRAILING_STOP,[sl 4668.48],4668.48,0.0,2040.25,1040.25,Monday,13,2026-08-24
308,9608228,3423653,3423754,XAUUSD.u,BUY,STR B6,6,0.01,2026-08-24 13:38:09.389,2026-08-24 13:38:54.865,45.48,45s,4666.88,4666.93,0.05,0.05,0.05,0.0,0.0,0.05,1,TRAILING_STOP,[sl 4666.93],4666.93,0.0,2040.3,1040.3,Monday,13,2026-08-24
309,9608230,3423667,3437661,XAUUSD.u,BUY,STR B7,7,0.01,2026-08-24 13:38:10.021,2026-08-24 15:06:41.654,5311.63,1h 28m 31s,4668.43,4672.37,3.94,3.94,3.94,0.0,0.0,3.94,1,TRAILING_STOP,[sl 4672.37],4672.37,0.0,2044.24,1044.24,Monday,13,2026-08-24
310,9608232,3423715,3437694,XAUUSD.u,BUY,STR B8,8,0.01,2026-08-24 13:38:32.183,2026-08-24 15:07:33.818,5341.64,1h 29m 1s,4669.98,4671.04,1.06,1.06,1.06,0.0,0.0,1.06,1,TRAILING_STOP,[sl 4671.04],4671.04,0.0,2045.3,1045.3,Monday,13,2026-08-24
311,9608863,3423909,3437438,XAUUSD.u,BUY,STR B5,5,0.01,2026-08-24 13:39:15.487,2026-08-24 15:03:19.348,5043.86,1h 24m 3s,4665.33,4669.62,4.29,4.29,4.29,0.0,0.0,4.29,1,TRAILING_STOP,[sl 4669.62],4669.62,0.0,2049.59,1049.59,Monday,13,2026-08-24
312,9609162,3423930,3436044,XAUUSD.u,BUY,STR B4,4,0.01,2026-08-24 13:39:36.512,2026-08-24 14:41:58.715,3742.2,1h 2m 22s,4663.78,4664.92,1.14,1.14,1.14,0.0,0.0,1.14,1,TRAILING_STOP,[sl 4664.92],4664.92,0.0,2050.73,1050.73,Monday,13,2026-08-24
313,9609259,3423945,3424068,XAUUSD.u,BUY,STR B3,3,0.01,2026-08-24 13:39:46.589,2026-08-24 13:41:39.534,112.94,1m 52s,4662.23,4663.5,1.27,1.27,1.27,0.0,0.0,1.27,1,TRAILING_STOP,[sl 4663.50],4663.5,0.0,2052.0,1052.0,Monday,13,2026-08-24
314,9609347,3423966,3424027,XAUUSD.u,BUY,STR B2,2,0.01,2026-08-24 13:39:58.158,2026-08-24 13:40:50.944,52.79,52s,4660.68,4664.09,3.41,3.41,3.41,0.0,0.0,3.41,1,TRAILING_STOP,[sl 4664.09],4664.09,0.0,2055.41,1055.41,Monday,13,2026-08-24
315,9609608,3424096,3424153,XAUUSD.u,BUY,STR B1,1,0.01,2026-08-24 13:41:59.718,2026-08-24 13:42:58.289,58.57,58s,4659.13,4662.22,3.09,3.09,3.09,0.0,0.0,3.09,1,TRAILING_STOP,[sl 4662.22],4662.22,0.0,2058.5,1058.5,Monday,13,2026-08-24
316,9609599,3424124,3435985,XAUUSD.u,BUY,STR B2,2,0.01,2026-08-24 13:42:18.125,2026-08-24 14:41:06.095,3527.97,58m 47s,4660.68,4661.81,1.13,1.13,1.13,0.0,0.0,1.13,1,TRAILING_STOP,[sl 4661.81],4661.81,0.0,2059.63,1059.63,Monday,13,2026-08-24
317,9609597,3424136,3436038,XAUUSD.u,BUY,STR B3,3,0.01,2026-08-24 13:42:30.700,2026-08-24 14:41:57.917,3567.22,59m 27s,4662.23,4666.47,4.24,4.24,4.24,0.0,0.0,4.24,1,TRAILING_STOP,[sl 4666.47],4666.47,0.0,2063.87,1063.87,Monday,13,2026-08-24
318,9609701,3424179,3434774,XAUUSD.u,BUY,STR B1,1,0.01,2026-08-24 13:43:37.816,2026-08-24 14:30:11.538,2793.72,46m 33s,4659.13,4659.76,0.63,0.63,0.63,0.0,0.0,0.63,1,TRAILING_STOP,[sl 4659.76],4659.76,0.0,2064.5,1064.5,Monday,13,2026-08-24
319,9608538,3424224,3424734,XAUUSD.u,SELL,STR S1,1,0.01,2026-08-24 13:44:08.023,2026-08-24 13:48:42.367,274.34,4m 34s,4656.03,4651.24,-4.79,4.79,4.79,0.0,0.0,4.79,1,TRAILING_STOP,[sl 4651.24],4651.24,0.0,2069.29,1069.29,Monday,13,2026-08-24
320,9608528,3424265,3424733,XAUUSD.u,SELL,STR S2,2,0.01,2026-08-24 13:44:10.098,2026-08-24 13:48:42.367,272.27,4m 32s,4654.48,4651.24,-3.24,3.24,3.24,0.0,0.0,3.24,1,TRAILING_STOP,[sl 4651.24],4651.24,0.0,2072.53,1072.53,Monday,13,2026-08-24
321,9608227,3424725,3435264,XAUUSD.u,SELL,STR S5,5,0.01,2026-08-24 13:48:37.093,2026-08-24 14:33:00.532,2663.44,44m 23s,4649.83,4649.67,-0.16,0.16,0.16,0.0,0.0,0.16,1,TRAILING_STOP,[sl 4649.67],4649.67,0.0,2072.69,1072.69,Monday,13,2026-08-24
322,9610403,3424873,3435261,XAUUSD.u,SELL,STR S3,3,0.01,2026-08-24 13:52:25.636,2026-08-24 14:33:00.337,2434.7,40m 34s,4652.93,4649.37,-3.56,3.56,3.56,0.0,0.0,3.56,1,TRAILING_STOP,[sl 4649.37],4649.37,0.0,2076.25,1076.25,Monday,13,2026-08-24
323,9610452,3424946,3427698,XAUUSD.u,SELL,STR S2,2,0.01,2026-08-24 13:52:56.629,2026-08-24 14:04:35.805,699.18,11m 39s,4654.48,4653.64,-0.84,0.84,0.84,0.0,0.0,0.84,1,TRAILING_STOP,[sl 4653.64],4653.64,0.0,2077.09,1077.09,Monday,13,2026-08-24
324,9610561,3425041,3427618,XAUUSD.u,SELL,STR S1,1,0.01,2026-08-24 13:54:01.468,2026-08-24 14:02:45.463,524.0,8m 43s,4656.03,4652.66,-3.37,3.37,3.37,0.0,0.0,3.37,1,TRAILING_STOP,[sl 4652.66],4652.66,0.0,2080.46,1080.46,Monday,13,2026-08-24
325,9613189,3428157,3435158,XAUUSD.u,SELL,STR S2,2,0.01,2026-08-24 14:07:30.165,2026-08-24 14:32:55.338,1525.17,25m 25s,4654.48,4654.2,-0.28,0.28,0.28,0.0,0.0,0.28,1,TRAILING_STOP,[sl 4654.20],4654.2,0.0,2080.74,1080.74,Monday,14,2026-08-24
326,9613209,3428173,3431865,XAUUSD.u,SELL,STR S1,1,0.01,2026-08-24 14:07:53.986,2026-08-24 14:20:02.713,728.73,12m 8s,4656.03,4654.96,-1.07,1.07,1.07,0.0,0.0,1.07,1,TRAILING_STOP,[sl 4654.96],4654.96,0.0,2081.81,1081.81,Monday,14,2026-08-24
327,9616323,3431902,3435262,XAUUSD.u,SELL,STR S1,1,0.01,2026-08-24 14:20:05.064,2026-08-24 14:33:00.338,775.27,12m 55s,4656.03,4649.37,-6.66,6.66,6.66,0.0,0.0,6.66,1,TRAILING_STOP,[sl 4649.37],4649.37,0.0,2088.47,1088.47,Monday,14,2026-08-24
328,9618399,3434868,3435914,XAUUSD.u,BUY,STR B1,1,0.01,2026-08-24 14:30:23.148,2026-08-24 14:39:38.369,555.22,9m 15s,4659.13,4662.5,3.37,3.37,3.37,0.0,0.0,3.37,1,TRAILING_STOP,[sl 4662.50],4662.5,0.0,2091.84,1091.84,Monday,14,2026-08-24
329,9608229,3435197,3439316,XAUUSD.u,SELL,STR S6,6,0.01,2026-08-24 14:32:57.282,2026-08-24 15:34:54.015,3716.73,1h 1m 56s,4648.28,4679.47,31.19,-31.19,-31.19,0.0,0.0,-31.19,0,BASKET_CLOSE,STR CLOSE,,,2060.65,1060.65,Monday,14,2026-08-24
330,9608231,3435204,3439315,XAUUSD.u,SELL,STR S7,7,0.01,2026-08-24 14:32:57.377,2026-08-24 15:34:53.897,3716.52,1h 1m 56s,4646.73,4679.47,32.74,-32.74,-32.74,0.0,0.0,-32.74,0,BASKET_CLOSE,STR CLOSE,,,2027.91,1027.91,Monday,14,2026-08-24
331,9618800,3435269,3439311,XAUUSD.u,SELL,STR S4,4,0.01,2026-08-24 14:33:01.330,2026-08-24 15:34:53.446,3712.12,1h 1m 52s,4651.38,4679.62,28.24,-28.24,-28.24,0.0,0.0,-28.24,0,BASKET_CLOSE,STR CLOSE,,,1999.67,999.67,Monday,14,2026-08-24
332,9618801,3435282,3439310,XAUUSD.u,SELL,STR S5,5,0.01,2026-08-24 14:33:02.586,2026-08-24 15:34:53.334,3710.75,1h 1m 50s,4649.83,4679.68,29.85,-29.85,-29.85,0.0,0.0,-29.85,0,BASKET_CLOSE,STR CLOSE,,,1969.82,969.82,Monday,14,2026-08-24
333,9618977,3435451,3439309,XAUUSD.u,SELL,STR S3,3,0.01,2026-08-24 14:33:36.195,2026-08-24 15:34:53.221,3677.03,1h 1m 17s,4652.93,4679.56,26.63,-26.63,-26.63,0.0,0.0,-26.63,0,BASKET_CLOSE,STR CLOSE,,,1943.19,943.19,Monday,14,2026-08-24
334,9619010,3435482,3439308,XAUUSD.u,SELL,STR S2,2,0.01,2026-08-24 14:33:58.209,2026-08-24 15:34:53.109,3654.9,1h 0m 54s,4654.48,4679.51,25.03,-25.03,-25.03,0.0,0.0,-25.03,0,BASKET_CLOSE,STR CLOSE,,,1918.16,918.16,Monday,14,2026-08-24
335,9619093,3435604,3439307,XAUUSD.u,SELL,STR S1,1,0.01,2026-08-24 14:35:15.717,2026-08-24 15:34:52.997,3577.28,59m 37s,4656.03,4679.72,23.69,-23.69,-23.69,0.0,0.0,-23.69,0,BASKET_CLOSE,STR CLOSE,,,1894.47,894.47,Monday,14,2026-08-24
336,9608844,3436028,3437445,XAUUSD.u,BUY,STR B6,6,0.01,2026-08-24 14:41:55.422,2026-08-24 15:03:22.012,1286.59,21m 26s,4666.88,4668.06,1.18,1.18,1.18,0.0,0.0,1.18,1,TRAILING_STOP,[sl 4668.06],4668.06,0.0,1895.65,895.65,Monday,14,2026-08-24
337,9619589,3436066,3437115,XAUUSD.u,BUY,STR B4,4,0.01,2026-08-24 14:42:08.616,2026-08-24 14:56:34.085,865.47,14m 25s,4663.78,4664.41,0.63,0.63,0.63,0.0,0.0,0.63,1,TRAILING_STOP,[sl 4664.41],4664.41,0.0,1896.28,896.28,Monday,14,2026-08-24
338,9619682,3436077,3437084,XAUUSD.u,BUY,STR B3,3,0.01,2026-08-24 14:42:21.188,2026-08-24 14:55:33.846,792.66,13m 12s,4662.23,4665.95,3.72,3.72,3.72,0.0,0.0,3.72,1,TRAILING_STOP,[sl 4665.95],4665.95,0.0,1900.0,900.0,Monday,14,2026-08-24
339,9619729,3436123,3436975,XAUUSD.u,BUY,STR B2,2,0.01,2026-08-24 14:42:53.128,2026-08-24 14:52:12.033,558.9,9m 18s,4660.68,4664.51,3.83,3.83,3.83,0.0,0.0,3.83,1,TRAILING_STOP,[sl 4664.51],4664.51,0.0,1903.83,903.83,Monday,14,2026-08-24
340,9619810,3436660,3436976,XAUUSD.u,BUY,STR B1,1,0.01,2026-08-24 14:48:07.402,2026-08-24 14:52:12.033,244.63,4m 4s,4659.13,4664.51,5.38,5.38,5.38,0.0,0.0,5.38,1,TRAILING_STOP,[sl 4664.51],4664.51,0.0,1909.21,909.21,Monday,14,2026-08-24
341,9621244,3437144,3437440,XAUUSD.u,BUY,STR B3,3,0.01,2026-08-24 14:57:21.100,2026-08-24 15:03:19.348,358.25,5m 58s,4662.23,4669.62,7.39,7.39,7.39,0.0,0.0,7.39,1,TRAILING_STOP,[sl 4669.62],4669.62,0.0,1916.6,916.6,Monday,14,2026-08-24
342,9621231,3437182,3437439,XAUUSD.u,BUY,STR B4,4,0.01,2026-08-24 14:58:25.319,2026-08-24 15:03:19.348,294.03,4m 54s,4663.78,4669.66,5.88,5.88,5.88,0.0,0.0,5.88,1,TRAILING_STOP,[sl 4669.66],4669.66,0.0,1922.48,922.48,Monday,14,2026-08-24
343,9621575,3437490,3437662,XAUUSD.u,BUY,STR B6,6,0.01,2026-08-24 15:04:24.131,2026-08-24 15:06:41.654,137.52,2m 17s,4666.88,4672.37,5.49,5.49,5.49,0.0,0.0,5.49,1,TRAILING_STOP,[sl 4672.37],4672.37,0.0,1927.97,927.97,Monday,15,2026-08-24
344,9608234,3437547,3437957,XAUUSD.u,BUY,STR B9,9,0.01,2026-08-24 15:05:33.151,2026-08-24 15:12:42.035,428.88,7m 8s,4671.53,4676.29,4.76,4.76,4.76,0.0,0.0,4.76,1,TRAILING_STOP,[sl 4676.29],4676.29,0.0,1932.73,932.73,Monday,15,2026-08-24
345,9608237,3437622,3437958,XAUUSD.u,BUY,STR B10,10,0.01,2026-08-24 15:06:10.159,2026-08-24 15:12:42.035,391.88,6m 31s,4673.08,4676.29,3.21,3.21,3.21,0.0,0.0,3.21,1,TRAILING_STOP,[sl 4676.29],4676.29,0.0,1935.94,935.94,Monday,15,2026-08-24
346,9608240,3437768,3437968,XAUUSD.u,BUY,STR B11,11,0.06,2026-08-24 15:10:17.916,2026-08-24 15:12:47.218,149.3,2m 29s,4674.63,4674.73,0.1,0.1,0.6,0.0,0.0,0.6,1,TRAILING_STOP,[sl 4674.73],4674.73,0.0,1936.54,936.54,Monday,15,2026-08-24
347,9608242,3437871,3439314,XAUUSD.u,BUY,STR B12,12,0.06,2026-08-24 15:11:30.679,2026-08-24 15:34:53.785,1403.11,23m 23s,4676.18,4679.46,3.28,3.28,19.68,0.0,0.0,19.68,1,BASKET_CLOSE,STR CLOSE,,,1956.22,956.22,Monday,15,2026-08-24
348,9608245,3437908,3439313,XAUUSD.u,BUY,STR B13,13,0.06,2026-08-24 15:11:42.433,2026-08-24 15:34:53.671,1391.24,23m 11s,4677.73,4679.34,1.61,1.61,9.66,0.0,0.0,9.66,1,BASKET_CLOSE,STR CLOSE,,,1965.88,965.88,Monday,15,2026-08-24
349,9622046,3438001,3438205,XAUUSD.u,BUY,STR B11,11,0.06,2026-08-24 15:13:16.311,2026-08-24 15:15:33.294,136.98,2m 16s,4674.63,4674.89,0.26,0.26,1.56,0.0,0.0,1.56,1,TRAILING_STOP,[sl 4674.89],4674.89,0.0,1967.44,967.44,Monday,15,2026-08-24
350,9622322,3438310,3438995,XAUUSD.u,BUY,STR B10,10,0.01,2026-08-24 15:17:34.905,2026-08-24 15:30:42.730,787.83,13m 7s,4673.08,4676.87,3.79,3.79,3.79,0.0,0.0,3.79,1,TRAILING_STOP,[sl 4676.87],4676.87,0.0,1971.23,971.23,Monday,15,2026-08-24
351,9622316,3438336,3439019,XAUUSD.u,BUY,STR B11,11,0.06,2026-08-24 15:18:38.996,2026-08-24 15:31:18.269,759.27,12m 39s,4674.63,4675.19,0.56,0.56,3.36,0.0,0.0,3.36,1,TRAILING_STOP,[sl 4675.19],4675.19,0.0,1974.59,974.59,Monday,15,2026-08-24
352,9622469,3438449,3438863,XAUUSD.u,BUY,STR B9,9,0.01,2026-08-24 15:20:29.935,2026-08-24 15:29:43.833,553.9,9m 13s,4671.53,4671.62,0.09,0.09,0.09,0.0,0.0,0.09,1,TRAILING_STOP,[sl 4671.62],4671.62,0.0,1974.68,974.68,Monday,15,2026-08-24
353,9622562,3438495,3438836,XAUUSD.u,BUY,STR B8,8,0.01,2026-08-24 15:21:54.098,2026-08-24 15:28:30.910,396.81,6m 36s,4669.98,4673.17,3.19,3.19,3.19,0.0,0.0,3.19,1,TRAILING_STOP,[sl 4673.17],4673.17,0.0,1977.87,977.87,Monday,15,2026-08-24
354,9622658,3438674,3438837,XAUUSD.u,BUY,STR B7,7,0.01,2026-08-24 15:23:57.845,2026-08-24 15:28:30.911,273.07,4m 33s,4668.43,4673.17,4.74,4.74,4.74,0.0,0.0,4.74,1,TRAILING_STOP,[sl 4673.17],4673.17,0.0,1982.61,982.61,Monday,15,2026-08-24
355,9622931,3438864,3438996,XAUUSD.u,BUY,STR B9,9,0.01,2026-08-24 15:29:46.370,2026-08-24 15:30:42.730,56.36,56s,4671.53,4676.75,5.22,5.22,5.22,0.0,0.0,5.22,1,TRAILING_STOP,[sl 4676.75],4676.75,0.0,1987.83,987.83,Monday,15,2026-08-24
356,9623090,3439025,3439306,XAUUSD.u,BUY,STR B11,11,0.06,2026-08-24 15:31:20.924,2026-08-24 15:34:52.879,211.96,3m 31s,4674.63,4679.77,5.14,5.14,30.84,0.0,0.0,30.84,1,BASKET_CLOSE,STR CLOSE,,,2018.67,1018.67,Monday,15,2026-08-24
357,9623108,3439050,3439250,XAUUSD.u,BUY,STR B10,10,0.01,2026-08-24 15:31:40.905,2026-08-24 15:34:21.389,160.48,2m 40s,4673.08,4676.37,3.29,3.29,3.29,0.0,0.0,3.29,1,TRAILING_STOP,[sl 4676.37],4676.37,0.0,2021.96,1021.96,Monday,15,2026-08-24
358,9623157,3439091,3439139,XAUUSD.u,BUY,STR B9,9,0.01,2026-08-24 15:31:56.249,2026-08-24 15:32:33.826,37.58,37s,4671.53,4671.87,0.34,0.34,0.34,0.0,0.0,0.34,1,TRAILING_STOP,[sl 4671.87],4671.87,0.0,2022.3,1022.3,Monday,15,2026-08-24
359,9623206,3439140,3439221,XAUUSD.u,BUY,STR B9,9,0.01,2026-08-24 15:32:34.440,2026-08-24 15:33:59.516,85.08,1m 25s,4671.53,4674.97,3.44,3.44,3.44,0.0,0.0,3.44,1,TRAILING_STOP,[sl 4674.97],4674.97,0.0,2025.74,1025.74,Monday,15,2026-08-24
360,9608247,3439280,3439312,XAUUSD.u,BUY,STR B14,14,0.06,2026-08-24 15:34:38.447,2026-08-24 15:34:53.558,15.11,15s,4679.28,4679.5,0.22,0.22,1.32,0.0,0.0,1.32,1,BASKET_CLOSE,STR CLOSE,,,2027.06,1027.06,Monday,15,2026-08-24
361,9623384,3439399,3439578,XAUUSD.u,SELL,STR S1,1,0.01,2026-08-24 15:36:21.909,2026-08-24 15:37:42.254,80.34,1m 20s,4678.11,4673.24,-4.87,4.87,4.87,0.0,0.0,4.87,1,TRAILING_STOP,[sl 4673.24],4673.24,0.0,2031.93,1031.93,Monday,15,2026-08-24
362,9623386,3439420,3439577,XAUUSD.u,SELL,STR S2,2,0.01,2026-08-24 15:36:36.133,2026-08-24 15:37:42.174,66.04,1m 6s,4676.55,4673.22,-3.33,3.33,3.33,0.0,0.0,3.33,1,TRAILING_STOP,[sl 4673.22],4673.22,0.0,2035.26,1035.26,Monday,15,2026-08-24
363,9623388,3439501,3439661,XAUUSD.u,SELL,STR S3,3,0.01,2026-08-24 15:37:17.648,2026-08-24 15:38:29.308,71.66,1m 11s,4674.99,4670.42,-4.57,4.57,4.57,0.0,0.0,4.57,1,TRAILING_STOP,[sl 4670.42],4670.42,0.0,2039.83,1039.83,Monday,15,2026-08-24
364,9623391,3439546,3439666,XAUUSD.u,SELL,STR S4,4,0.01,2026-08-24 15:37:19.813,2026-08-24 15:38:32.423,72.61,1m 12s,4673.43,4671.98,-1.45,1.45,1.45,0.0,0.0,1.45,1,TRAILING_STOP,[sl 4671.98],4671.98,0.0,2041.28,1041.28,Monday,15,2026-08-24
365,9623393,3439562,3439763,XAUUSD.u,SELL,STR S5,5,0.01,2026-08-24 15:37:32.967,2026-08-24 15:39:45.981,133.01,2m 13s,4671.87,4670.42,-1.45,1.45,1.45,0.0,0.0,1.45,1,TRAILING_STOP,[sl 4670.42],4670.42,0.0,2042.73,1042.73,Monday,15,2026-08-24
366,9623395,3439653,3439814,XAUUSD.u,SELL,STR S6,6,0.01,2026-08-24 15:38:27.143,2026-08-24 15:40:12.237,105.09,1m 45s,4670.31,4666.78,-3.53,3.53,3.53,0.0,0.0,3.53,1,BASKET_CLOSE,STR CLOSE,,,2046.26,1046.26,Monday,15,2026-08-24
367,9623397,3439726,3439813,XAUUSD.u,SELL,STR S7,7,0.01,2026-08-24 15:39:20.499,2026-08-24 15:40:12.125,51.63,51s,4668.75,4666.78,-1.97,1.97,1.97,0.0,0.0,1.97,1,BASKET_CLOSE,STR CLOSE,,,2048.23,1048.23,Monday,15,2026-08-24
368,9623399,3439768,3439810,XAUUSD.u,SELL,STR S8,8,0.01,2026-08-24 15:40:00.303,2026-08-24 15:40:12.013,11.71,11s,4667.19,4666.74,-0.45,0.45,0.45,0.0,0.0,0.45,1,BASKET_CLOSE,STR CLOSE,,,2048.68,1048.68,Monday,15,2026-08-24
369,9623401,3439800,3439809,XAUUSD.u,SELL,STR S9,9,0.01,2026-08-24 15:40:05.995,2026-08-24 15:40:11.901,5.91,5s,4665.63,4666.72,1.09,-1.09,-1.09,0.0,0.0,-1.09,0,BASKET_CLOSE,STR CLOSE,,,2047.59,1047.59,Monday,15,2026-08-24
370,9623937,3439834,3439986,XAUUSD.u,BUY,STR B1,1,0.01,2026-08-24 15:40:29.180,2026-08-24 15:42:01.803,92.62,1m 32s,4668.69,4672.91,4.22,4.22,4.22,0.0,0.0,4.22,1,TRAILING_STOP,[sl 4672.91],4672.91,0.0,2051.81,1051.81,Monday,15,2026-08-24
371,9623940,3439842,3440021,XAUUSD.u,BUY,STR B2,2,0.01,2026-08-24 15:40:42.670,2026-08-24 15:42:42.940,120.27,2m 0s,4670.25,4671.3,1.05,1.05,1.05,0.0,0.0,1.05,1,TRAILING_STOP,[sl 4671.30],4671.3,0.0,2052.86,1052.86,Monday,15,2026-08-24
372,9623942,3439858,3440778,XAUUSD.u,BUY,STR B3,3,0.01,2026-08-24 15:40:49.284,2026-08-24 15:49:23.286,514.0,8m 34s,4671.81,4676.66,4.85,4.85,4.85,0.0,0.0,4.85,1,TRAILING_STOP,[sl 4676.66],4676.66,0.0,2057.71,1057.71,Monday,15,2026-08-24
373,9623944,3439960,3440779,XAUUSD.u,BUY,STR B4,4,0.01,2026-08-24 15:41:38.477,2026-08-24 15:49:24.039,465.56,7m 45s,4673.37,4676.59,3.22,3.22,3.22,0.0,0.0,3.22,1,TRAILING_STOP,[sl 4676.59],4676.59,0.0,2060.93,1060.93,Monday,15,2026-08-24
374,9624218,3440040,3440676,XAUUSD.u,BUY,STR B2,2,0.01,2026-08-24 15:42:50.022,2026-08-24 15:47:42.665,292.64,4m 52s,4670.25,4674.83,4.58,4.58,4.58,0.0,0.0,4.58,1,TRAILING_STOP,[sl 4674.83],4674.83,0.0,2065.51,1065.51,Monday,15,2026-08-24
375,9624235,3440062,3440677,XAUUSD.u,BUY,STR B1,1,0.01,2026-08-24 15:43:04.669,2026-08-24 15:47:42.665,278.0,4m 37s,4668.69,4674.83,6.14,6.14,6.14,0.0,0.0,6.14,1,TRAILING_STOP,[sl 4674.83],4674.83,0.0,2071.65,1071.65,Monday,15,2026-08-24
376,9623938,3440117,3440248,XAUUSD.u,SELL,STR S1,1,0.01,2026-08-24 15:43:52.191,2026-08-24 15:44:42.986,50.8,50s,4665.57,4661.62,-3.95,3.95,3.95,0.0,0.0,3.95,1,TRAILING_STOP,[sl 4661.62],4661.62,0.0,2075.6,1075.6,Monday,15,2026-08-24
377,9623941,3440175,3440310,XAUUSD.u,SELL,STR S2,2,0.01,2026-08-24 15:44:25.749,2026-08-24 15:45:04.688,38.94,38s,4664.01,4657.79,-6.22,6.22,6.22,0.0,0.0,6.22,1,TRAILING_STOP,[sl 4657.79],4657.79,0.0,2081.82,1081.82,Monday,15,2026-08-24
378,9623943,3440196,3440311,XAUUSD.u,SELL,STR S3,3,0.01,2026-08-24 15:44:31.005,2026-08-24 15:45:04.689,33.68,33s,4662.45,4657.79,-4.66,4.66,4.66,0.0,0.0,4.66,1,TRAILING_STOP,[sl 4657.79],4657.79,0.0,2086.48,1086.48,Monday,15,2026-08-24
379,9623945,3440236,3440312,XAUUSD.u,SELL,STR S4,4,0.01,2026-08-24 15:44:37.148,2026-08-24 15:45:04.689,27.54,27s,4660.89,4657.79,-3.1,3.1,3.1,0.0,0.0,3.1,1,TRAILING_STOP,[sl 4657.79],4657.79,0.0,2089.58,1089.58,Monday,15,2026-08-24
380,9623947,3440270,3442806,XAUUSD.u,SELL,STR S5,5,0.01,2026-08-24 15:44:55.168,2026-08-24 16:18:30.225,2015.06,33m 35s,4659.33,4658.68,-0.65,0.65,0.65,0.0,0.0,0.65,1,TRAILING_STOP,[sl 4658.68],4658.68,0.0,2090.23,1090.23,Monday,15,2026-08-24
381,9623949,3440295,3444369,XAUUSD.u,SELL,STR S6,6,0.01,2026-08-24 15:45:00.757,2026-08-24 16:42:30.051,3449.29,57m 29s,4657.77,4672.94,15.17,-15.17,-15.17,0.0,0.0,-15.17,0,BASKET_CLOSE,STR CLOSE,,,2075.06,1075.06,Monday,15,2026-08-24
382,9623951,3440306,3444367,XAUUSD.u,SELL,STR S7,7,0.01,2026-08-24 15:45:04.165,2026-08-24 16:42:29.827,3445.66,57m 25s,4656.21,4672.86,16.65,-16.65,-16.65,0.0,0.0,-16.65,0,BASKET_CLOSE,STR CLOSE,,,2058.41,1058.41,Monday,15,2026-08-24
383,9624520,3440352,3442700,XAUUSD.u,SELL,STR S4,4,0.01,2026-08-24 15:45:36.520,2026-08-24 16:16:38.917,1862.4,31m 2s,4660.89,4657.2,-3.69,3.69,3.69,0.0,0.0,3.69,1,TRAILING_STOP,[sl 4657.20],4657.2,0.0,2062.1,1062.1,Monday,15,2026-08-24
384,9624530,3440363,3441273,XAUUSD.u,SELL,STR S3,3,0.01,2026-08-24 15:45:49.249,2026-08-24 15:53:36.835,467.59,7m 47s,4662.45,4661.55,-0.9,0.9,0.9,0.0,0.0,0.9,1,TRAILING_STOP,[sl 4661.55],4661.55,0.0,2063.0,1063.0,Monday,15,2026-08-24
385,9624541,3440375,3441257,XAUUSD.u,SELL,STR S2,2,0.01,2026-08-24 15:45:57.920,2026-08-24 15:53:32.876,454.96,7m 34s,4664.01,4660.0,-4.01,4.01,4.01,0.0,0.0,4.01,1,TRAILING_STOP,[sl 4660.00],4660.0,0.0,2067.01,1067.01,Monday,15,2026-08-24
386,9624611,3440468,3441236,XAUUSD.u,SELL,STR S1,1,0.01,2026-08-24 15:46:09.476,2026-08-24 15:53:21.660,432.18,7m 12s,4665.57,4661.45,-4.12,4.12,4.12,0.0,0.0,4.12,1,TRAILING_STOP,[sl 4661.45],4661.45,0.0,2071.13,1071.13,Monday,15,2026-08-24
387,9623946,3440648,3440793,XAUUSD.u,BUY,STR B5,5,0.01,2026-08-24 15:47:30.329,2026-08-24 15:49:28.339,118.01,1m 58s,4674.93,4675.04,0.11,0.11,0.11,0.0,0.0,0.11,1,TRAILING_STOP,[sl 4675.04],4675.04,0.0,2071.24,1071.24,Monday,15,2026-08-24
388,9623948,3440702,3444370,XAUUSD.u,BUY,STR B6,6,0.01,2026-08-24 15:48:41.991,2026-08-24 16:42:30.164,3228.17,53m 48s,4676.49,4672.9,-3.59,-3.59,-3.59,0.0,0.0,-3.59,0,BASKET_CLOSE,STR CLOSE,,,2067.65,1067.65,Monday,15,2026-08-24
389,9623950,3440772,3444368,XAUUSD.u,BUY,STR B7,7,0.01,2026-08-24 15:49:18.973,2026-08-24 16:42:29.939,3190.97,53m 10s,4678.05,4672.87,-5.18,-5.18,-5.18,0.0,0.0,-5.18,0,BASKET_CLOSE,STR CLOSE,,,2062.47,1062.47,Monday,15,2026-08-24
390,9624956,3440794,3444099,XAUUSD.u,BUY,STR B5,5,0.01,2026-08-24 15:49:28.654,2026-08-24 16:38:13.689,2925.03,48m 45s,4674.93,4675.77,0.84,0.84,0.84,0.0,0.0,0.84,1,TRAILING_STOP,[sl 4675.77],4675.77,0.0,2063.31,1063.31,Monday,15,2026-08-24
391,9624962,3440845,3443937,XAUUSD.u,BUY,STR B4,4,0.01,2026-08-24 15:49:40.894,2026-08-24 16:36:41.571,2820.68,47m 0s,4673.37,4677.33,3.96,3.96,3.96,0.0,0.0,3.96,1,TRAILING_STOP,[sl 4677.33],4677.33,0.0,2067.27,1067.27,Monday,15,2026-08-24
392,9625086,3440926,3443498,XAUUSD.u,BUY,STR B3,3,0.01,2026-08-24 15:50:48.798,2026-08-24 16:29:55.720,2346.92,39m 6s,4671.81,4672.02,0.21,0.21,0.21,0.0,0.0,0.21,1,TRAILING_STOP,[sl 4672.02],4672.02,0.0,2067.48,1067.48,Monday,15,2026-08-24
393,9625190,3441028,3442163,XAUUSD.u,BUY,STR B1,1,0.01,2026-08-24 15:51:54.882,2026-08-24 16:11:20.342,1165.46,19m 25s,4668.69,4669.06,0.37,0.37,0.37,0.0,0.0,0.37,1,TRAILING_STOP,[sl 4669.06],4669.06,0.0,2067.85,1067.85,Monday,15,2026-08-24
394,9625468,3441303,3441577,XAUUSD.u,SELL,STR S2,2,0.01,2026-08-24 15:54:04.133,2026-08-24 15:58:49.881,285.75,4m 45s,4664.01,4662.58,-1.43,1.43,1.43,0.0,0.0,1.43,1,TRAILING_STOP,[sl 4662.58],4662.58,0.0,2069.28,1069.28,Monday,15,2026-08-24
395,9625493,3441322,3441573,XAUUSD.u,SELL,STR S1,1,0.01,2026-08-24 15:54:37.328,2026-08-24 15:58:40.712,243.38,4m 3s,4665.57,4661.03,-4.54,4.54,4.54,0.0,0.0,4.54,1,TRAILING_STOP,[sl 4661.03],4661.03,0.0,2073.82,1073.82,Monday,15,2026-08-24
396,9625451,3441524,3442702,XAUUSD.u,SELL,STR S3,3,0.01,2026-08-24 15:58:04.620,2026-08-24 16:16:41.139,1116.52,18m 36s,4662.45,4657.78,-4.67,4.67,4.67,0.0,0.0,4.67,1,TRAILING_STOP,[sl 4657.78],4657.78,0.0,2078.49,1078.49,Monday,15,2026-08-24
397,9625767,3441592,3441718,XAUUSD.u,SELL,STR S2,2,0.01,2026-08-24 15:59:10.549,2026-08-24 16:01:09.683,119.13,1m 59s,4664.01,4663.17,-0.84,0.84,0.84,0.0,0.0,0.84,1,TRAILING_STOP,[sl 4663.17],4663.17,0.0,2079.33,1079.33,Monday,15,2026-08-24
398,9625796,3441623,3441712,XAUUSD.u,SELL,STR S1,1,0.01,2026-08-24 16:00:12.932,2026-08-24 16:01:00.602,47.67,47s,4665.57,4661.62,-3.95,3.95,3.95,0.0,0.0,3.95,1,TRAILING_STOP,[sl 4661.62],4661.62,0.0,2083.28,1083.28,Monday,16,2026-08-24
399,9625905,3441735,3441864,XAUUSD.u,SELL,STR S2,2,0.01,2026-08-24 16:01:31.189,2026-08-24 16:04:49.714,198.53,3m 18s,4664.01,4663.46,-0.55,0.55,0.55,0.0,0.0,0.55,1,TRAILING_STOP,[sl 4663.46],4663.46,0.0,2083.83,1083.83,Monday,16,2026-08-24
400,9625915,3441738,3441849,XAUUSD.u,SELL,STR S1,1,0.01,2026-08-24 16:01:37.161,2026-08-24 16:04:21.671,164.51,2m 44s,4665.57,4661.99,-3.58,3.58,3.58,0.0,0.0,3.58,1,TRAILING_STOP,[sl 4661.99],4661.99,0.0,2087.41,1087.41,Monday,16,2026-08-24
401,9626044,3441867,3442703,XAUUSD.u,SELL,STR S2,2,0.01,2026-08-24 16:04:50.718,2026-08-24 16:16:41.139,710.42,11m 50s,4664.01,4657.78,-6.23,6.23,6.23,0.0,0.0,6.23,1,TRAILING_STOP,[sl 4657.78],4657.78,0.0,2093.64,1093.64,Monday,16,2026-08-24
402,9626130,3441952,3442441,XAUUSD.u,SELL,STR S1,1,0.01,2026-08-24 16:05:55.978,2026-08-24 16:13:27.572,451.59,7m 31s,4665.57,4665.24,-0.33,0.33,0.33,0.0,0.0,0.33,1,TRAILING_STOP,[sl 4665.24],4665.24,0.0,2093.97,1093.97,Monday,16,2026-08-24
403,9625181,3442085,3443491,XAUUSD.u,BUY,STR B2,2,0.01,2026-08-24 16:09:57.177,2026-08-24 16:29:32.005,1174.83,19m 34s,4670.25,4673.54,3.29,3.29,3.29,0.0,0.0,3.29,1,TRAILING_STOP,[sl 4673.54],4673.54,0.0,2097.26,1097.26,Monday,16,2026-08-24
404,9626620,3442444,3442704,XAUUSD.u,SELL,STR S1,1,0.01,2026-08-24 16:13:29.006,2026-08-24 16:16:41.139,192.13,3m 12s,4665.57,4657.78,-7.79,7.79,7.79,0.0,0.0,7.79,1,TRAILING_STOP,[sl 4657.78],4657.78,0.0,2105.05,1105.05,Monday,16,2026-08-24
405,9626992,3442826,3444366,XAUUSD.u,SELL,STR S5,5,0.01,2026-08-24 16:18:33.641,2026-08-24 16:42:29.715,1436.07,23m 56s,4659.33,4672.86,13.53,-13.53,-13.53,0.0,0.0,-13.53,0,BASKET_CLOSE,STR CLOSE,,,2091.52,1091.52,Monday,16,2026-08-24
406,9627065,3442904,3444365,XAUUSD.u,SELL,STR S4,4,0.01,2026-08-24 16:19:24.678,2026-08-24 16:42:29.603,1384.92,23m 4s,4660.89,4672.87,11.98,-11.98,-11.98,0.0,0.0,-11.98,0,BASKET_CLOSE,STR CLOSE,,,2079.54,1079.54,Monday,16,2026-08-24
407,9627107,3442941,3444364,XAUUSD.u,SELL,STR S2,2,0.01,2026-08-24 16:19:48.612,2026-08-24 16:42:29.491,1360.88,22m 40s,4664.01,4672.87,8.86,-8.86,-8.86,0.0,0.0,-8.86,0,BASKET_CLOSE,STR CLOSE,,,2070.68,1070.68,Monday,16,2026-08-24
408,9627166,3442988,3444363,XAUUSD.u,SELL,STR S1,1,0.01,2026-08-24 16:19:57.972,2026-08-24 16:42:29.379,1351.41,22m 31s,4665.57,4672.93,7.36,-7.36,-7.36,0.0,0.0,-7.36,0,BASKET_CLOSE,STR CLOSE,,,2063.32,1063.32,Monday,16,2026-08-24
409,9626341,3443051,3443492,XAUUSD.u,BUY,STR B1,1,0.01,2026-08-24 16:20:58.392,2026-08-24 16:29:32.005,513.61,8m 33s,4668.69,4673.54,4.85,4.85,4.85,0.0,0.0,4.85,1,TRAILING_STOP,[sl 4673.54],4673.54,0.0,2068.17,1068.17,Monday,16,2026-08-24
410,9627690,3443519,3443847,XAUUSD.u,BUY,STR B3,3,0.01,2026-08-24 16:29:59.216,2026-08-24 16:35:15.952,316.74,5m 16s,4671.81,4675.87,4.06,4.06,4.06,0.0,0.0,4.06,1,TRAILING_STOP,[sl 4675.87],4675.87,0.0,2072.23,1072.23,Monday,16,2026-08-24
411,9628899,3444100,3444362,XAUUSD.u,BUY,STR B5,5,0.01,2026-08-24 16:38:15.457,2026-08-24 16:42:29.266,253.81,4m 13s,4674.93,4672.92,-2.01,-2.01,-2.01,0.0,0.0,-2.01,0,BASKET_CLOSE,STR CLOSE,,,2070.22,1070.22,Monday,16,2026-08-24
412,9630578,3444379,3444994,XAUUSD.u,SELL,STR S1,1,0.01,2026-08-24 16:42:50.128,2026-08-24 16:50:35.430,465.3,7m 45s,4670.92,4662.95,-7.97,7.97,7.97,0.0,0.0,7.97,1,BASKET_CLOSE,STR CLOSE,,,2078.19,1078.19,Monday,16,2026-08-24
413,9630581,3444729,3444993,XAUUSD.u,SELL,STR S2,2,0.01,2026-08-24 16:48:27.649,2026-08-24 16:50:35.318,127.67,2m 7s,4669.36,4662.9,-6.46,6.46,6.46,0.0,0.0,6.46,1,BASKET_CLOSE,STR CLOSE,,,2084.65,1084.65,Monday,16,2026-08-24
414,9630584,3444810,3444992,XAUUSD.u,SELL,STR S3,3,0.01,2026-08-24 16:49:42.367,2026-08-24 16:50:35.205,52.84,52s,4667.8,4662.84,-4.96,4.96,4.96,0.0,0.0,4.96,1,BASKET_CLOSE,STR CLOSE,,,2089.61,1089.61,Monday,16,2026-08-24
415,9630587,3444838,3444991,XAUUSD.u,SELL,STR S4,4,0.01,2026-08-24 16:49:52.770,2026-08-24 16:50:35.093,42.32,42s,4666.24,4662.95,-3.29,3.29,3.29,0.0,0.0,3.29,1,BASKET_CLOSE,STR CLOSE,,,2092.9,1092.9,Monday,16,2026-08-24
416,9630591,3444893,3444990,XAUUSD.u,SELL,STR S5,5,0.01,2026-08-24 16:50:07.700,2026-08-24 16:50:34.981,27.28,27s,4664.68,4662.95,-1.73,1.73,1.73,0.0,0.0,1.73,1,BASKET_CLOSE,STR CLOSE,,,2094.63,1094.63,Monday,16,2026-08-24
417,9630595,3444960,3444989,XAUUSD.u,SELL,STR S6,6,0.01,2026-08-24 16:50:23.426,2026-08-24 16:50:34.869,11.44,11s,4663.12,4662.9,-0.22,0.22,0.22,0.0,0.0,0.22,1,BASKET_CLOSE,STR CLOSE,,,2094.85,1094.85,Monday,16,2026-08-24
418,9630598,3444979,3444988,XAUUSD.u,SELL,STR S7,7,0.01,2026-08-24 16:50:30.589,2026-08-24 16:50:34.757,4.17,4s,4661.56,4662.77,1.21,-1.21,-1.21,0.0,0.0,-1.21,0,BASKET_CLOSE,STR CLOSE,,,2093.64,1093.64,Monday,16,2026-08-24
419,9632279,3445005,3445172,XAUUSD.u,SELL,STR S1,1,0.01,2026-08-24 16:50:47.869,2026-08-24 16:52:16.491,88.62,1m 28s,4661.45,4660.38,-1.07,1.07,1.07,0.0,0.0,1.07,1,TRAILING_STOP,[sl 4660.38],4660.38,0.0,2094.71,1094.71,Monday,16,2026-08-24
420,9632281,3445042,3446291,XAUUSD.u,SELL,STR S2,2,0.01,2026-08-24 16:51:16.104,2026-08-24 17:04:45.310,809.21,13m 29s,4659.9,4675.85,15.95,-15.95,-15.95,0.0,0.0,-15.95,0,BASKET_CLOSE,STR CLOSE,,,2078.76,1078.76,Monday,16,2026-08-24
421,9632283,3445070,3446290,XAUUSD.u,SELL,STR S3,3,0.01,2026-08-24 16:51:23.044,2026-08-24 17:04:45.195,802.15,13m 22s,4658.35,4675.84,17.49,-17.49,-17.49,0.0,0.0,-17.49,0,BASKET_CLOSE,STR CLOSE,,,2061.27,1061.27,Monday,16,2026-08-24
422,9632613,3445281,3446287,XAUUSD.u,SELL,STR S1,1,0.01,2026-08-24 16:53:14.701,2026-08-24 17:04:44.855,690.15,11m 30s,4661.45,4675.99,14.54,-14.54,-14.54,0.0,0.0,-14.54,0,BASKET_CLOSE,STR CLOSE,,,2046.73,1046.73,Monday,16,2026-08-24
423,9632278,3445352,3445788,XAUUSD.u,BUY,STR B1,1,0.01,2026-08-24 16:53:32.856,2026-08-24 16:57:55.583,262.73,4m 22s,4664.55,4674.26,9.71,9.71,9.71,0.0,0.0,9.71,1,TRAILING_STOP,[sl 4674.26],4674.26,0.0,2056.44,1056.44,Monday,16,2026-08-24
424,9632280,3445417,3445789,XAUUSD.u,BUY,STR B2,2,0.01,2026-08-24 16:53:35.548,2026-08-24 16:57:55.584,260.04,4m 20s,4666.1,4674.26,8.16,8.16,8.16,0.0,0.0,8.16,1,TRAILING_STOP,[sl 4674.26],4674.26,0.0,2064.6,1064.6,Monday,16,2026-08-24
425,9632282,3445541,3445790,XAUUSD.u,BUY,STR B3,3,0.01,2026-08-24 16:54:50.148,2026-08-24 16:57:55.584,185.44,3m 5s,4667.65,4674.26,6.61,6.61,6.61,0.0,0.0,6.61,1,TRAILING_STOP,[sl 4674.26],4674.26,0.0,2071.21,1071.21,Monday,16,2026-08-24
426,9632284,3445682,3445791,XAUUSD.u,BUY,STR B4,4,0.01,2026-08-24 16:56:16.974,2026-08-24 16:57:55.584,98.61,1m 38s,4669.2,4674.26,5.06,5.06,5.06,0.0,0.0,5.06,1,TRAILING_STOP,[sl 4674.26],4674.26,0.0,2076.27,1076.27,Monday,16,2026-08-24
427,9632286,3445702,3445792,XAUUSD.u,BUY,STR B5,5,0.01,2026-08-24 16:56:31.341,2026-08-24 16:57:55.584,84.24,1m 24s,4670.75,4674.26,3.51,3.51,3.51,0.0,0.0,3.51,1,TRAILING_STOP,[sl 4674.26],4674.26,0.0,2079.78,1079.78,Monday,16,2026-08-24
428,9632288,3445744,3445825,XAUUSD.u,BUY,STR B6,6,0.01,2026-08-24 16:57:22.780,2026-08-24 16:58:49.876,87.1,1m 27s,4672.3,4672.71,0.41,0.41,0.41,0.0,0.0,0.41,1,TRAILING_STOP,[sl 4672.71],4672.71,0.0,2080.19,1080.19,Monday,16,2026-08-24
429,9632290,3445751,3446289,XAUUSD.u,BUY,STR B7,7,0.01,2026-08-24 16:57:35.651,2026-08-24 17:04:45.083,429.43,7m 9s,4673.85,4675.89,2.04,2.04,2.04,0.0,0.0,2.04,1,BASKET_CLOSE,STR CLOSE,,,2082.23,1082.23,Monday,16,2026-08-24
430,9632292,3445766,3446288,XAUUSD.u,BUY,STR B8,8,0.01,2026-08-24 16:57:39.029,2026-08-24 17:04:44.970,425.94,7m 5s,4675.4,4675.89,0.49,0.49,0.49,0.0,0.0,0.49,1,BASKET_CLOSE,STR CLOSE,,,2082.72,1082.72,Monday,16,2026-08-24
431,9633184,3445843,3446286,XAUUSD.u,BUY,STR B6,6,0.01,2026-08-24 16:59:06.887,2026-08-24 17:04:44.743,337.86,5m 37s,4672.3,4676.0,3.7,3.7,3.7,0.0,0.0,3.7,1,BASKET_CLOSE,STR CLOSE,,,2086.42,1086.42,Monday,16,2026-08-24
432,9633205,3445865,3446285,XAUUSD.u,BUY,STR B5,5,0.01,2026-08-24 16:59:33.334,2026-08-24 17:04:44.631,311.3,5m 11s,4670.75,4676.05,5.3,5.3,5.3,0.0,0.0,5.3,1,BASKET_CLOSE,STR CLOSE,,,2091.72,1091.72,Monday,16,2026-08-24
433,9633268,3445897,3446284,XAUUSD.u,BUY,STR B4,4,0.01,2026-08-24 17:00:31.509,2026-08-24 17:04:44.518,253.01,4m 13s,4669.2,4676.13,6.93,6.93,6.93,0.0,0.0,6.93,1,BASKET_CLOSE,STR CLOSE,,,2098.65,1098.65,Monday,17,2026-08-24
434,9633328,3445956,3446283,XAUUSD.u,BUY,STR B3,3,0.01,2026-08-24 17:00:42.226,2026-08-24 17:04:44.406,242.18,4m 2s,4667.65,4676.12,8.47,8.47,8.47,0.0,0.0,8.47,1,BASKET_CLOSE,STR CLOSE,,,2107.12,1107.12,Monday,17,2026-08-24
435,9633467,3446097,3446282,XAUUSD.u,BUY,STR B2,2,0.01,2026-08-24 17:02:02.830,2026-08-24 17:04:44.294,161.46,2m 41s,4666.1,4676.13,10.03,10.03,10.03,0.0,0.0,10.03,1,BASKET_CLOSE,STR CLOSE,,,2117.15,1117.15,Monday,17,2026-08-24
436,9633668,3446353,3446811,XAUUSD.u,SELL,STR S1,1,0.01,2026-08-24 17:05:31.168,2026-08-24 17:12:41.080,429.91,7m 9s,4674.29,4674.25,-0.04,0.04,0.04,0.0,0.0,0.04,1,TRAILING_STOP,[sl 4674.25],4674.25,0.0,2117.19,1117.19,Monday,17,2026-08-24
437,9633670,3446526,3447383,XAUUSD.u,SELL,STR S2,2,0.01,2026-08-24 17:10:12.004,2026-08-24 17:25:20.381,908.38,15m 8s,4672.73,4671.43,-1.3,1.3,1.3,0.0,0.0,1.3,1,TRAILING_STOP,[sl 4671.43],4671.43,0.0,2118.49,1118.49,Monday,17,2026-08-24
438,9633672,3446544,3448185,XAUUSD.u,SELL,STR S3,3,0.01,2026-08-24 17:11:17.424,2026-08-24 17:40:12.294,1734.87,28m 54s,4671.17,4666.66,-4.51,4.51,4.51,0.0,0.0,4.51,1,TRAILING_STOP,[sl 4666.66],4666.66,0.0,2123.0,1123.0,Monday,17,2026-08-24
439,9634226,3446813,3447219,XAUUSD.u,SELL,STR S1,1,0.01,2026-08-24 17:12:41.293,2026-08-24 17:18:30.258,348.96,5m 48s,4674.29,4672.94,-1.35,1.35,1.35,0.0,0.0,1.35,1,TRAILING_STOP,[sl 4672.94],4672.94,0.0,2124.35,1124.35,Monday,17,2026-08-24
440,9633674,3447304,3448230,XAUUSD.u,SELL,STR S4,4,0.01,2026-08-24 17:23:12.431,2026-08-24 17:40:43.055,1050.62,17m 30s,4669.61,4666.32,-3.29,3.29,3.29,0.0,0.0,3.29,1,TRAILING_STOP,[sl 4666.32],4666.32,0.0,2127.64,1127.64,Monday,17,2026-08-24
441,9634817,3447418,3448158,XAUUSD.u,SELL,STR S2,2,0.01,2026-08-24 17:26:53.856,2026-08-24 17:39:50.252,776.4,12m 56s,4672.73,4669.12,-3.61,3.61,3.61,0.0,0.0,3.61,1,TRAILING_STOP,[sl 4669.12],4669.12,0.0,2131.25,1131.25,Monday,17,2026-08-24
442,9634838,3447450,3447767,XAUUSD.u,SELL,STR S1,1,0.01,2026-08-24 17:27:25.987,2026-08-24 17:33:24.156,358.17,5m 58s,4674.29,4673.11,-1.18,1.18,1.18,0.0,0.0,1.18,1,TRAILING_STOP,[sl 4673.11],4673.11,0.0,2132.43,1132.43,Monday,17,2026-08-24
443,9633667,3447513,3448546,XAUUSD.u,BUY,STR B1,1,0.01,2026-08-24 17:29:04.266,2026-08-24 17:46:04.770,1020.5,17m 0s,4677.41,4657.81,-19.6,-19.6,-19.6,0.0,0.0,-19.6,0,BASKET_CLOSE,STR CLOSE,,,2112.83,1112.83,Monday,17,2026-08-24
444,9633669,3447531,3448545,XAUUSD.u,BUY,STR B2,2,0.01,2026-08-24 17:29:05.340,2026-08-24 17:46:04.658,1019.32,16m 59s,4678.97,4657.84,-21.13,-21.13,-21.13,0.0,0.0,-21.13,0,BASKET_CLOSE,STR CLOSE,,,2091.7,1091.7,Monday,17,2026-08-24
445,9635288,3447888,3448159,XAUUSD.u,SELL,STR S1,1,0.01,2026-08-24 17:36:10.115,2026-08-24 17:39:50.252,220.14,3m 40s,4674.29,4669.12,-5.17,5.17,5.17,0.0,0.0,5.17,1,TRAILING_STOP,[sl 4669.12],4669.12,0.0,2096.87,1096.87,Monday,17,2026-08-24
446,9633677,3448092,3448336,XAUUSD.u,SELL,STR S5,5,0.01,2026-08-24 17:39:15.483,2026-08-24 17:43:05.992,230.51,3m 50s,4668.05,4663.58,-4.47,4.47,4.47,0.0,0.0,4.47,1,TRAILING_STOP,[sl 4663.58],4663.58,0.0,2101.34,1101.34,Monday,17,2026-08-24
447,9633679,3448167,3448375,XAUUSD.u,SELL,STR S6,6,0.01,2026-08-24 17:40:02.031,2026-08-24 17:43:48.217,226.19,3m 46s,4666.49,4661.67,-4.82,4.82,4.82,0.0,0.0,4.82,1,TRAILING_STOP,[sl 4661.67],4661.67,0.0,2106.16,1106.16,Monday,17,2026-08-24
448,9633681,3448205,3448376,XAUUSD.u,SELL,STR S7,7,0.01,2026-08-24 17:40:33.104,2026-08-24 17:43:48.218,195.11,3m 15s,4664.93,4661.67,-3.26,3.26,3.26,0.0,0.0,3.26,1,TRAILING_STOP,[sl 4661.67],4661.67,0.0,2109.42,1109.42,Monday,17,2026-08-24
449,9633683,3448294,3448544,XAUUSD.u,SELL,STR S8,8,0.01,2026-08-24 17:42:06.137,2026-08-24 17:46:04.545,238.41,3m 58s,4663.37,4657.86,-5.51,5.51,5.51,0.0,0.0,5.51,1,BASKET_CLOSE,STR CLOSE,,,2114.93,1114.93,Monday,17,2026-08-24
450,9633685,3448342,3448543,XAUUSD.u,SELL,STR S9,9,0.01,2026-08-24 17:43:18.978,2026-08-24 17:46:04.433,165.46,2m 45s,4661.81,4657.82,-3.99,3.99,3.99,0.0,0.0,3.99,1,BASKET_CLOSE,STR CLOSE,,,2118.92,1118.92,Monday,17,2026-08-24
451,9633687,3448368,3448542,XAUUSD.u,SELL,STR S10,10,0.01,2026-08-24 17:43:39.840,2026-08-24 17:46:04.321,144.48,2m 24s,4660.25,4657.85,-2.4,2.4,2.4,0.0,0.0,2.4,1,BASKET_CLOSE,STR CLOSE,,,2121.32,1121.32,Monday,17,2026-08-24
452,9633689,3448450,3448541,XAUUSD.u,SELL,STR S11,11,0.06,2026-08-24 17:45:34.364,2026-08-24 17:46:04.207,29.84,29s,4658.69,4657.85,-0.84,0.84,5.04,0.0,0.0,5.04,1,BASKET_CLOSE,STR CLOSE,,,2126.36,1126.36,Monday,17,2026-08-24
453,9633691,3448489,3448540,XAUUSD.u,SELL,STR S12,12,0.06,2026-08-24 17:45:58.079,2026-08-24 17:46:04.095,6.02,6s,4657.13,4657.81,0.68,-0.68,-4.08,0.0,0.0,-4.08,0,BASKET_CLOSE,STR CLOSE,,,2122.28,1122.28,Monday,17,2026-08-24
454,9633693,3448502,3448539,XAUUSD.u,SELL,STR S13,13,0.06,2026-08-24 17:45:58.875,2026-08-24 17:46:03.982,5.11,5s,4655.57,4657.78,2.21,-2.21,-13.26,0.0,0.0,-13.26,0,BASKET_CLOSE,STR CLOSE,,,2109.02,1109.02,Monday,17,2026-08-24
455,9636912,3448553,3448695,XAUUSD.u,BUY,STR B1,1,0.01,2026-08-24 17:46:23.918,2026-08-24 17:48:02.217,98.3,1m 38s,4660.22,4660.26,0.04,0.04,0.04,0.0,0.0,0.04,1,TRAILING_STOP,[sl 4660.26],4660.26,0.0,2109.06,1109.06,Monday,17,2026-08-24
456,9636916,3448563,3449739,XAUUSD.u,BUY,STR B2,2,0.01,2026-08-24 17:46:35.339,2026-08-24 17:56:23.661,588.32,9m 48s,4661.77,4645.09,-16.68,-16.68,-16.68,0.0,0.0,-16.68,0,BASKET_CLOSE,STR CLOSE,,,2092.38,1092.38,Monday,17,2026-08-24
457,9636920,3448644,3449738,XAUUSD.u,BUY,STR B3,3,0.01,2026-08-24 17:47:16.066,2026-08-24 17:56:23.549,547.48,9m 7s,4663.32,4645.13,-18.19,-18.19,-18.19,0.0,0.0,-18.19,0,BASKET_CLOSE,STR CLOSE,,,2074.19,1074.19,Monday,17,2026-08-24
458,9636914,3448713,3448868,XAUUSD.u,SELL,STR S1,1,0.01,2026-08-24 17:48:08.957,2026-08-24 17:48:42.816,33.86,33s,4657.12,4652.33,-4.79,4.79,4.79,0.0,0.0,4.79,1,TRAILING_STOP,[sl 4652.33],4652.33,0.0,2078.98,1078.98,Monday,17,2026-08-24
459,9636917,3448724,3448869,XAUUSD.u,SELL,STR S2,2,0.01,2026-08-24 17:48:19.739,2026-08-24 17:48:42.816,23.08,23s,4655.57,4652.33,-3.24,3.24,3.24,0.0,0.0,3.24,1,TRAILING_STOP,[sl 4652.33],4652.33,0.0,2082.22,1082.22,Monday,17,2026-08-24
460,9636922,3448745,3448959,XAUUSD.u,SELL,STR S3,3,0.01,2026-08-24 17:48:23.944,2026-08-24 17:49:07.678,43.73,43s,4654.02,4649.24,-4.78,4.78,4.78,0.0,0.0,4.78,1,TRAILING_STOP,[sl 4649.24],4649.24,0.0,2087.0,1087.0,Monday,17,2026-08-24
461,9636926,3448787,3448960,XAUUSD.u,SELL,STR S4,4,0.01,2026-08-24 17:48:26.352,2026-08-24 17:49:07.678,41.33,41s,4652.47,4649.26,-3.21,3.21,3.21,0.0,0.0,3.21,1,TRAILING_STOP,[sl 4649.26],4649.26,0.0,2090.21,1090.21,Monday,17,2026-08-24
462,9636929,3448794,3448989,XAUUSD.u,SELL,STR S5,5,0.01,2026-08-24 17:48:26.674,2026-08-24 17:49:18.899,52.23,52s,4650.92,4647.1,-3.82,3.82,3.82,0.0,0.0,3.82,1,TRAILING_STOP,[sl 4647.10],4647.1,0.0,2094.03,1094.03,Monday,17,2026-08-24
463,9636934,3448915,3448996,XAUUSD.u,SELL,STR S6,6,0.01,2026-08-24 17:49:03.002,2026-08-24 17:49:25.810,22.81,22s,4649.37,4648.66,-0.71,0.71,0.71,0.0,0.0,0.71,1,TRAILING_STOP,[sl 4648.66],4648.66,0.0,2094.74,1094.74,Monday,17,2026-08-24
464,9636936,3448947,3449736,XAUUSD.u,SELL,STR S7,7,0.01,2026-08-24 17:49:05.810,2026-08-24 17:56:23.436,437.63,7m 17s,4647.82,4645.14,-2.68,2.68,2.68,0.0,0.0,2.68,1,BASKET_CLOSE,STR CLOSE,,,2097.42,1097.42,Monday,17,2026-08-24
465,9636938,3448978,3449735,XAUUSD.u,SELL,STR S8,8,0.01,2026-08-24 17:49:16.299,2026-08-24 17:56:23.324,427.02,7m 7s,4646.27,4645.04,-1.23,1.23,1.23,0.0,0.0,1.23,1,BASKET_CLOSE,STR CLOSE,,,2098.65,1098.65,Monday,17,2026-08-24
466,9638475,3449028,3449734,XAUUSD.u,SELL,STR S6,6,0.01,2026-08-24 17:49:30.369,2026-08-24 17:56:23.212,412.84,6m 52s,4649.37,4645.13,-4.24,4.24,4.24,0.0,0.0,4.24,1,BASKET_CLOSE,STR CLOSE,,,2102.89,1102.89,Monday,17,2026-08-24
467,9638864,3449152,3449733,XAUUSD.u,SELL,STR S5,5,0.01,2026-08-24 17:50:12.091,2026-08-24 17:56:23.100,371.01,6m 11s,4650.92,4645.43,-5.49,5.49,5.49,0.0,0.0,5.49,1,BASKET_CLOSE,STR CLOSE,,,2108.38,1108.38,Monday,17,2026-08-24
468,9638907,3449174,3449289,XAUUSD.u,SELL,STR S4,4,0.01,2026-08-24 17:50:17.413,2026-08-24 17:51:41.586,84.17,1m 24s,4652.47,4651.55,-0.92,0.92,0.92,0.0,0.0,0.92,1,TRAILING_STOP,[sl 4651.55],4651.55,0.0,2109.3,1109.3,Monday,17,2026-08-24
469,9639520,3449299,3449732,XAUUSD.u,SELL,STR S4,4,0.01,2026-08-24 17:51:43.834,2026-08-24 17:56:22.988,279.15,4m 39s,4652.47,4645.43,-7.04,7.04,7.04,0.0,0.0,7.04,1,BASKET_CLOSE,STR CLOSE,,,2116.34,1116.34,Monday,17,2026-08-24
470,9640402,3449509,3449729,XAUUSD.u,SELL,STR S2,2,0.01,2026-08-24 17:54:07.193,2026-08-24 17:56:22.764,135.57,2m 15s,4655.57,4645.4,-10.17,10.17,10.17,0.0,0.0,10.17,1,BASKET_CLOSE,STR CLOSE,,,2126.51,1126.51,Monday,17,2026-08-24
471,9640249,3449560,3449730,XAUUSD.u,SELL,STR S3,3,0.01,2026-08-24 17:54:54.807,2026-08-24 17:56:22.876,88.07,1m 28s,4654.02,4645.4,-8.62,8.62,8.62,0.0,0.0,8.62,1,BASKET_CLOSE,STR CLOSE,,,2135.13,1135.13,Monday,17,2026-08-24
472,9641313,3449836,3449970,XAUUSD.u,SELL,STR S1,1,0.01,2026-08-24 17:57:55.396,2026-08-24 17:58:25.586,30.19,30s,4643.76,4643.2,-0.56,0.56,0.56,0.0,0.0,0.56,1,TRAILING_STOP,[sl 4643.20],4643.2,0.0,2135.69,1135.69,Monday,17,2026-08-24
473,9641316,3449877,3454130,XAUUSD.u,SELL,STR S2,2,0.01,2026-08-24 17:58:00.608,2026-08-24 19:17:27.626,4767.02,1h 19m 27s,4642.21,4653.63,11.42,-11.42,-11.42,0.0,0.0,-11.42,0,BASKET_CLOSE,STR CLOSE,,,2124.27,1124.27,Monday,17,2026-08-24
474,9641319,3449918,3454129,XAUUSD.u,SELL,STR S3,3,0.01,2026-08-24 17:58:07.691,2026-08-24 19:17:27.514,4759.82,1h 19m 19s,4640.66,4653.63,12.97,-12.97,-12.97,0.0,0.0,-12.97,0,BASKET_CLOSE,STR CLOSE,,,2111.3,1111.3,Monday,17,2026-08-24
475,9642160,3449980,3454126,XAUUSD.u,SELL,STR S1,1,0.01,2026-08-24 17:58:34.760,2026-08-24 19:17:27.176,4732.42,1h 18m 52s,4643.76,4653.58,9.82,-9.82,-9.82,0.0,0.0,-9.82,0,BASKET_CLOSE,STR CLOSE,,,2101.48,1101.48,Monday,17,2026-08-24
476,9641311,3450088,3450224,XAUUSD.u,BUY,STR B1,1,0.01,2026-08-24 17:59:16.050,2026-08-24 18:00:06.447,50.4,50s,4646.86,4646.93,0.07,0.07,0.07,0.0,0.0,0.07,1,TRAILING_STOP,[sl 4646.93],4646.93,0.0,2101.55,1101.55,Monday,17,2026-08-24
477,9641315,3450173,3450293,XAUUSD.u,BUY,STR B2,2,0.01,2026-08-24 17:59:43.109,2026-08-24 18:00:42.903,59.79,59s,4648.41,4648.62,0.21,0.21,0.21,0.0,0.0,0.21,1,TRAILING_STOP,[sl 4648.62],4648.62,0.0,2101.76,1101.76,Monday,17,2026-08-24
478,9641317,3450191,3450482,XAUUSD.u,BUY,STR B3,3,0.01,2026-08-24 18:00:00.275,2026-08-24 18:01:48.807,108.53,1m 48s,4649.96,4655.96,6.0,6.0,6.0,0.0,0.0,6.0,1,TRAILING_STOP,[sl 4655.96],4655.96,0.0,2107.76,1107.76,Monday,18,2026-08-24
479,9642734,3450229,3450271,XAUUSD.u,BUY,STR B1,1,0.01,2026-08-24 18:00:06.746,2026-08-24 18:00:34.795,28.05,28s,4646.86,4650.17,3.31,3.31,3.31,0.0,0.0,3.31,1,TRAILING_STOP,[sl 4650.17],4650.17,0.0,2111.07,1111.07,Monday,18,2026-08-24
480,9641321,3450263,3450483,XAUUSD.u,BUY,STR B4,4,0.01,2026-08-24 18:00:23.500,2026-08-24 18:01:48.807,85.31,1m 25s,4651.51,4655.96,4.45,4.45,4.45,0.0,0.0,4.45,1,TRAILING_STOP,[sl 4655.96],4655.96,0.0,2115.52,1115.52,Monday,18,2026-08-24
481,9642976,3450306,3450484,XAUUSD.u,BUY,STR B2,2,0.01,2026-08-24 18:00:55.142,2026-08-24 18:01:48.808,53.67,53s,4648.41,4655.96,7.55,7.55,7.55,0.0,0.0,7.55,1,TRAILING_STOP,[sl 4655.96],4655.96,0.0,2123.07,1123.07,Monday,18,2026-08-24
482,9643148,3450319,3450485,XAUUSD.u,BUY,STR B1,1,0.01,2026-08-24 18:01:09.897,2026-08-24 18:01:48.808,38.91,38s,4646.86,4655.96,9.1,9.1,9.1,0.0,0.0,9.1,1,TRAILING_STOP,[sl 4655.96],4655.96,0.0,2132.17,1132.17,Monday,18,2026-08-24
483,9641324,3450367,3450488,XAUUSD.u,BUY,STR B5,5,0.01,2026-08-24 18:01:42.581,2026-08-24 18:01:50.392,7.81,7s,4653.06,4654.41,1.35,1.35,1.35,0.0,0.0,1.35,1,TRAILING_STOP,[sl 4654.41],4654.41,0.0,2133.52,1133.52,Monday,18,2026-08-24
484,9641327,3450371,3450720,XAUUSD.u,BUY,STR B6,6,0.01,2026-08-24 18:01:42.850,2026-08-24 18:04:19.008,156.16,2m 36s,4654.61,4660.17,5.56,5.56,5.56,0.0,0.0,5.56,1,TRAILING_STOP,[sl 4660.17],4660.17,0.0,2139.08,1139.08,Monday,18,2026-08-24
485,9641329,3450384,3450721,XAUUSD.u,BUY,STR B7,7,0.01,2026-08-24 18:01:43.170,2026-08-24 18:04:19.008,155.84,2m 35s,4656.16,4660.17,4.01,4.01,4.01,0.0,0.0,4.01,1,TRAILING_STOP,[sl 4660.17],4660.17,0.0,2143.09,1143.09,Monday,18,2026-08-24
486,9643649,3450519,3450611,XAUUSD.u,BUY,STR B5,5,0.01,2026-08-24 18:02:14.944,2026-08-24 18:02:57.922,42.98,42s,4653.06,4656.88,3.82,3.82,3.82,0.0,0.0,3.82,1,TRAILING_STOP,[sl 4656.88],4656.88,0.0,2146.91,1146.91,Monday,18,2026-08-24
487,9641332,3450548,3450863,XAUUSD.u,BUY,STR B8,8,0.01,2026-08-24 18:02:44.408,2026-08-24 18:06:07.185,202.78,3m 22s,4657.71,4658.79,1.08,1.08,1.08,0.0,0.0,1.08,1,TRAILING_STOP,[sl 4658.79],4658.79,0.0,2147.99,1147.99,Monday,18,2026-08-24
488,9641337,3450674,3454128,XAUUSD.u,BUY,STR B9,9,0.01,2026-08-24 18:03:54.314,2026-08-24 19:17:27.402,4413.09,1h 13m 33s,4659.26,4653.64,-5.62,-5.62,-5.62,0.0,0.0,-5.62,0,BASKET_CLOSE,STR CLOSE,,,2142.37,1142.37,Monday,18,2026-08-24
489,9641341,3450700,3454127,XAUUSD.u,BUY,STR B10,10,0.01,2026-08-24 18:04:10.690,2026-08-24 19:17:27.289,4396.6,1h 13m 16s,4660.81,4653.57,-7.24,-7.24,-7.24,0.0,0.0,-7.24,0,BASKET_CLOSE,STR CLOSE,,,2135.13,1135.13,Monday,18,2026-08-24
490,9644417,3450864,3452209,XAUUSD.u,BUY,STR B8,8,0.01,2026-08-24 18:06:10.096,2026-08-24 18:40:29.449,2059.35,34m 19s,4657.71,4659.23,1.52,1.52,1.52,0.0,0.0,1.52,1,TRAILING_STOP,[sl 4659.23],4659.23,0.0,2136.65,1136.65,Monday,18,2026-08-24
491,9644509,3450958,3451528,XAUUSD.u,BUY,STR B7,7,0.01,2026-08-24 18:08:27.831,2026-08-24 18:21:45.759,797.93,13m 17s,4656.16,4657.54,1.38,1.38,1.38,0.0,0.0,1.38,1,TRAILING_STOP,[sl 4657.54],4657.54,0.0,2138.03,1138.03,Monday,18,2026-08-24
492,9644562,3451011,3451424,XAUUSD.u,BUY,STR B6,6,0.01,2026-08-24 18:09:28.527,2026-08-24 18:19:35.187,606.66,10m 6s,4654.61,4659.09,4.48,4.48,4.48,0.0,0.0,4.48,1,TRAILING_STOP,[sl 4659.09],4659.09,0.0,2142.51,1142.51,Monday,18,2026-08-24
493,9645893,3452350,3454125,XAUUSD.u,BUY,STR B8,8,0.01,2026-08-24 18:46:13.678,2026-08-24 19:17:27.064,1873.39,31m 13s,4657.71,4653.66,-4.05,-4.05,-4.05,0.0,0.0,-4.05,0,BASKET_CLOSE,STR CLOSE,,,2138.46,1138.46,Monday,18,2026-08-24
494,9645935,3452447,3454124,XAUUSD.u,BUY,STR B7,7,0.01,2026-08-24 18:47:51.671,2026-08-24 19:17:26.952,1775.28,29m 35s,4656.16,4653.57,-2.59,-2.59,-2.59,0.0,0.0,-2.59,0,BASKET_CLOSE,STR CLOSE,,,2135.87,1135.87,Monday,18,2026-08-24
495,9646109,3452577,3454123,XAUUSD.u,BUY,STR B6,6,0.01,2026-08-24 18:51:49.782,2026-08-24 19:17:26.840,1537.06,25m 37s,4654.61,4653.6,-1.01,-1.01,-1.01,0.0,0.0,-1.01,0,BASKET_CLOSE,STR CLOSE,,,2134.86,1134.86,Monday,18,2026-08-24
496,9646193,3452661,3453689,XAUUSD.u,BUY,STR B4,4,0.01,2026-08-24 18:52:23.553,2026-08-24 19:10:00.199,1056.65,17m 36s,4651.51,4652.21,0.7,0.7,0.7,0.0,0.0,0.7,1,TRAILING_STOP,[sl 4652.21],4652.21,0.0,2135.56,1135.56,Monday,18,2026-08-24
497,9646148,3452712,3454122,XAUUSD.u,BUY,STR B5,5,0.01,2026-08-24 18:52:39.115,2026-08-24 19:17:26.728,1487.61,24m 47s,4653.06,4653.66,0.6,0.6,0.6,0.0,0.0,0.6,1,BASKET_CLOSE,STR CLOSE,,,2136.16,1136.16,Monday,18,2026-08-24
498,9646400,3452867,3453659,XAUUSD.u,BUY,STR B3,3,0.01,2026-08-24 18:55:58.729,2026-08-24 19:09:38.448,819.72,13m 39s,4649.96,4653.76,3.8,3.8,3.8,0.0,0.0,3.8,1,TRAILING_STOP,[sl 4653.76],4653.76,0.0,2139.96,1139.96,Monday,18,2026-08-24
499,9646477,3453211,3453464,XAUUSD.u,BUY,STR B1,1,0.01,2026-08-24 19:01:50.347,2026-08-24 19:07:47.384,357.04,5m 57s,4646.86,4649.97,3.11,3.11,3.11,0.0,0.0,3.11,1,TRAILING_STOP,[sl 4649.97],4649.97,0.0,2143.07,1143.07,Monday,19,2026-08-24
500,9646453,3453341,3453660,XAUUSD.u,BUY,STR B2,2,0.01,2026-08-24 19:07:40.291,2026-08-24 19:09:38.448,118.16,1m 58s,4648.41,4653.76,5.35,5.35,5.35,0.0,0.0,5.35,1,TRAILING_STOP,[sl 4653.76],4653.76,0.0,2148.42,1148.42,Monday,19,2026-08-24
501,9647220,3453699,3453890,XAUUSD.u,BUY,STR B4,4,0.01,2026-08-24 19:10:17.416,2026-08-24 19:13:45.001,207.59,3m 27s,4651.51,4651.66,0.15,0.15,0.15,0.0,0.0,0.15,1,TRAILING_STOP,[sl 4651.66],4651.66,0.0,2148.57,1148.57,Monday,19,2026-08-24
502,9647236,3453713,3453830,XAUUSD.u,BUY,STR B3,3,0.01,2026-08-24 19:10:52.686,2026-08-24 19:12:11.662,78.98,1m 18s,4649.96,4653.21,3.25,3.25,3.25,0.0,0.0,3.25,1,TRAILING_STOP,[sl 4653.21],4653.21,0.0,2151.82,1151.82,Monday,19,2026-08-24
503,9647414,3453896,3454121,XAUUSD.u,BUY,STR B4,4,0.01,2026-08-24 19:13:45.436,2026-08-24 19:17:26.616,221.18,3m 41s,4651.51,4653.86,2.35,2.35,2.35,0.0,0.0,2.35,1,BASKET_CLOSE,STR CLOSE,,,2154.17,1154.17,Monday,19,2026-08-24
504,9647510,3453992,3454119,XAUUSD.u,BUY,STR B2,2,0.01,2026-08-24 19:16:18.386,2026-08-24 19:17:26.390,68.0,1m 8s,4648.41,4653.89,5.48,5.48,5.48,0.0,0.0,5.48,1,BASKET_CLOSE,STR CLOSE,,,2159.65,1159.65,Monday,19,2026-08-24
505,9647488,3454061,3454120,XAUUSD.u,BUY,STR B3,3,0.01,2026-08-24 19:16:39.770,2026-08-24 19:17:26.502,46.73,46s,4649.96,4653.9,3.94,3.94,3.94,0.0,0.0,3.94,1,BASKET_CLOSE,STR CLOSE,,,2163.59,1163.59,Monday,19,2026-08-24
506,9647647,3454158,3454687,XAUUSD.u,SELL,STR S1,1,0.01,2026-08-24 19:18:50.625,2026-08-24 19:20:10.406,79.78,1m 19s,4652.18,4643.73,-8.45,8.45,8.45,0.0,0.0,8.45,1,BASKET_CLOSE,STR CLOSE,,,2172.04,1172.04,Monday,19,2026-08-24
507,9647649,3454298,3454684,XAUUSD.u,SELL,STR S2,2,0.01,2026-08-24 19:19:39.763,2026-08-24 19:20:10.294,30.53,30s,4650.63,4643.27,-7.36,7.36,7.36,0.0,0.0,7.36,1,BASKET_CLOSE,STR CLOSE,,,2179.4,1179.4,Monday,19,2026-08-24
508,9647651,3454376,3454683,XAUUSD.u,SELL,STR S3,3,0.01,2026-08-24 19:19:57.001,2026-08-24 19:20:10.182,13.18,13s,4649.08,4643.28,-5.8,5.8,5.8,0.0,0.0,5.8,1,BASKET_CLOSE,STR CLOSE,,,2185.2,1185.2,Monday,19,2026-08-24
509,9647653,3454491,3454681,XAUUSD.u,SELL,STR S4,4,0.01,2026-08-24 19:20:02.302,2026-08-24 19:20:10.070,7.77,7s,4647.53,4643.29,-4.24,4.24,4.24,0.0,0.0,4.24,1,BASKET_CLOSE,STR CLOSE,,,2189.44,1189.44,Monday,19,2026-08-24
510,9647655,3454497,3454680,XAUUSD.u,SELL,STR S5,5,0.01,2026-08-24 19:20:02.336,2026-08-24 19:20:09.957,7.62,7s,4645.98,4643.28,-2.7,2.7,2.7,0.0,0.0,2.7,1,BASKET_CLOSE,STR CLOSE,,,2192.14,1192.14,Monday,19,2026-08-24
511,9647657,3454580,3454678,XAUUSD.u,SELL,STR S6,6,0.01,2026-08-24 19:20:03.496,2026-08-24 19:20:09.845,6.35,6s,4644.43,4643.24,-1.19,1.19,1.19,0.0,0.0,1.19,1,BASKET_CLOSE,STR CLOSE,,,2193.33,1193.33,Monday,19,2026-08-24
512,9647659,3454652,3454677,XAUUSD.u,SELL,STR S7,7,0.01,2026-08-24 19:20:06.877,2026-08-24 19:20:09.733,2.86,2s,4642.88,4643.23,0.35,-0.35,-0.35,0.0,0.0,-0.35,0,BASKET_CLOSE,STR CLOSE,,,2192.98,1192.98,Monday,19,2026-08-24
513,9648267,3454701,3454820,XAUUSD.u,SELL,STR S1,1,0.01,2026-08-24 19:20:14.319,2026-08-24 19:21:01.941,47.62,47s,4642.72,4637.7,-5.02,5.02,5.02,0.0,0.0,5.02,1,TRAILING_STOP,[sl 4637.70],4637.7,0.0,2198.0,1198.0,Monday,19,2026-08-24
514,9648269,3454730,3454821,XAUUSD.u,SELL,STR S2,2,0.01,2026-08-24 19:20:23.110,2026-08-24 19:21:01.941,38.83,38s,4641.17,4637.7,-3.47,3.47,3.47,0.0,0.0,3.47,1,TRAILING_STOP,[sl 4637.70],4637.7,0.0,2201.47,1201.47,Monday,19,2026-08-24
515,9648271,3454783,3454858,XAUUSD.u,SELL,STR S3,3,0.01,2026-08-24 19:20:59.845,2026-08-24 19:21:16.884,17.04,17s,4639.62,4635.43,-4.19,4.19,4.19,0.0,0.0,4.19,1,TRAILING_STOP,[sl 4635.43],4635.43,0.0,2205.66,1205.66,Monday,19,2026-08-24
516,9648273,3454795,3454874,XAUUSD.u,SELL,STR S4,4,0.01,2026-08-24 19:20:59.968,2026-08-24 19:21:23.537,23.57,23s,4638.07,4634.2,-3.87,3.87,3.87,0.0,0.0,3.87,1,TRAILING_STOP,[sl 4634.20],4634.2,0.0,2209.53,1209.53,Monday,19,2026-08-24
517,9648275,3454816,3454882,XAUUSD.u,SELL,STR S5,5,0.01,2026-08-24 19:21:00.537,2026-08-24 19:21:27.807,27.27,27s,4636.52,4635.72,-0.8,0.8,0.8,0.0,0.0,0.8,1,TRAILING_STOP,[sl 4635.72],4635.72,0.0,2210.33,1210.33,Monday,19,2026-08-24
518,9648278,3454835,3454922,XAUUSD.u,SELL,STR S6,6,0.01,2026-08-24 19:21:12.517,2026-08-24 19:22:01.230,48.71,48s,4634.97,4631.29,-3.68,3.68,3.68,0.0,0.0,3.68,1,BASKET_CLOSE,STR CLOSE,,,2214.01,1214.01,Monday,19,2026-08-24
519,9648280,3454868,3454921,XAUUSD.u,SELL,STR S7,7,0.01,2026-08-24 19:21:22.343,2026-08-24 19:22:01.118,38.77,38s,4633.42,4631.35,-2.07,2.07,2.07,0.0,0.0,2.07,1,BASKET_CLOSE,STR CLOSE,,,2216.08,1216.08,Monday,19,2026-08-24
520,9648505,3454896,3454917,XAUUSD.u,SELL,STR S5,5,0.01,2026-08-24 19:21:42.732,2026-08-24 19:22:00.893,18.16,18s,4636.52,4631.28,-5.24,5.24,5.24,0.0,0.0,5.24,1,BASKET_CLOSE,STR CLOSE,,,2221.32,1221.32,Monday,19,2026-08-24
521,9648282,3454903,3454920,XAUUSD.u,SELL,STR S8,8,0.01,2026-08-24 19:21:54.800,2026-08-24 19:22:01.005,6.21,6s,4631.87,4631.2,-0.67,0.67,0.67,0.0,0.0,0.67,1,BASKET_CLOSE,STR CLOSE,,,2221.99,1221.99,Monday,19,2026-08-24
522,9648536,3454936,3455093,XAUUSD.u,BUY,STR B1,1,0.01,2026-08-24 19:22:08.171,2026-08-24 19:24:21.777,133.61,2m 13s,4632.97,4637.38,4.41,4.41,4.41,0.0,0.0,4.41,1,TRAILING_STOP,[sl 4637.38],4637.38,0.0,2226.4,1226.4,Monday,19,2026-08-24
523,9648538,3455010,3455110,XAUUSD.u,BUY,STR B2,2,0.01,2026-08-24 19:23:34.810,2026-08-24 19:24:41.616,66.81,1m 6s,4634.51,4635.83,1.32,1.32,1.32,0.0,0.0,1.32,1,TRAILING_STOP,[sl 4635.83],4635.83,0.0,2227.72,1227.72,Monday,19,2026-08-24
524,9648540,3455024,3455319,XAUUSD.u,BUY,STR B3,3,0.01,2026-08-24 19:23:54.490,2026-08-24 19:28:02.509,248.02,4m 8s,4636.05,4639.81,3.76,3.76,3.76,0.0,0.0,3.76,1,TRAILING_STOP,[sl 4639.81],4639.81,0.0,2231.48,1231.48,Monday,19,2026-08-24
525,9648542,3455033,3455379,XAUUSD.u,BUY,STR B4,4,0.01,2026-08-24 19:24:00.232,2026-08-24 19:29:04.543,304.31,5m 4s,4637.59,4644.81,7.22,7.22,7.22,0.0,0.0,7.22,1,BASKET_CLOSE,STR CLOSE,,,2238.7,1238.7,Monday,19,2026-08-24
526,9648802,3455135,3455320,XAUUSD.u,BUY,STR B2,2,0.01,2026-08-24 19:25:13.243,2026-08-24 19:28:02.509,169.27,2m 49s,4634.51,4639.81,5.3,5.3,5.3,0.0,0.0,5.3,1,TRAILING_STOP,[sl 4639.81],4639.81,0.0,2244.0,1244.0,Monday,19,2026-08-24
527,9648544,3455199,3455378,XAUUSD.u,BUY,STR B5,5,0.01,2026-08-24 19:27:18.184,2026-08-24 19:29:04.431,106.25,1m 46s,4639.13,4644.74,5.61,5.61,5.61,0.0,0.0,5.61,1,BASKET_CLOSE,STR CLOSE,,,2249.61,1249.61,Monday,19,2026-08-24
528,9648548,3455212,3455377,XAUUSD.u,BUY,STR B6,6,0.01,2026-08-24 19:27:21.500,2026-08-24 19:29:04.319,102.82,1m 42s,4640.67,4644.69,4.02,4.02,4.02,0.0,0.0,4.02,1,BASKET_CLOSE,STR CLOSE,,,2253.63,1253.63,Monday,19,2026-08-24
529,9648550,3455343,3455376,XAUUSD.u,BUY,STR B7,7,0.01,2026-08-24 19:28:58.065,2026-08-24 19:29:04.207,6.14,6s,4642.21,4644.91,2.7,2.7,2.7,0.0,0.0,2.7,1,BASKET_CLOSE,STR CLOSE,,,2256.33,1256.33,Monday,19,2026-08-24
530,9648553,3455363,3455375,XAUUSD.u,BUY,STR B8,8,0.01,2026-08-24 19:29:00.225,2026-08-24 19:29:04.092,3.87,3s,4643.75,4644.4,0.65,0.65,0.65,0.0,0.0,0.65,1,BASKET_CLOSE,STR CLOSE,,,2256.98,1256.98,Monday,19,2026-08-24
531,9649052,3455391,3455445,XAUUSD.u,SELL,STR S1,1,0.01,2026-08-24 19:29:12.896,2026-08-24 19:30:18.523,65.63,1m 5s,4642.68,4638.41,-4.27,4.27,4.27,0.0,0.0,4.27,1,TRAILING_STOP,[sl 4638.41],4638.41,0.0,2261.25,1261.25,Monday,19,2026-08-24
532,9649055,3455396,3455453,XAUUSD.u,SELL,STR S2,2,0.01,2026-08-24 19:29:34.189,2026-08-24 19:30:26.670,52.48,52s,4641.13,4639.96,-1.17,1.17,1.17,0.0,0.0,1.17,1,TRAILING_STOP,[sl 4639.96],4639.96,0.0,2262.42,1262.42,Monday,19,2026-08-24
533,9649058,3455405,3456017,XAUUSD.u,SELL,STR S3,3,0.01,2026-08-24 19:29:46.217,2026-08-24 19:36:21.417,395.2,6m 35s,4639.58,4638.82,-0.76,0.76,0.76,0.0,0.0,0.76,1,TRAILING_STOP,[sl 4638.82],4638.82,0.0,2263.18,1263.18,Monday,19,2026-08-24
534,9649060,3455413,3456330,XAUUSD.u,SELL,STR S4,4,0.01,2026-08-24 19:29:53.440,2026-08-24 19:49:14.452,1161.01,19m 21s,4638.03,4634.81,-3.22,3.22,3.22,0.0,0.0,3.22,1,BASKET_CLOSE,STR CLOSE,,,2266.4,1266.4,Monday,19,2026-08-24
535,9649063,3455694,3456329,XAUUSD.u,SELL,STR S5,5,0.01,2026-08-24 19:32:53.943,2026-08-24 19:49:14.340,980.4,16m 20s,4636.48,4634.81,-1.67,1.67,1.67,0.0,0.0,1.67,1,BASKET_CLOSE,STR CLOSE,,,2268.07,1268.07,Monday,19,2026-08-24
536,9649748,3456020,3456327,XAUUSD.u,SELL,STR S3,3,0.01,2026-08-24 19:36:26.160,2026-08-24 19:49:14.113,767.95,12m 47s,4639.58,4634.73,-4.85,4.85,4.85,0.0,0.0,4.85,1,BASKET_CLOSE,STR CLOSE,,,2272.92,1272.92,Monday,19,2026-08-24
537,9649769,3456041,3456259,XAUUSD.u,SELL,STR S1,1,0.01,2026-08-24 19:37:23.510,2026-08-24 19:47:26.093,602.58,10m 2s,4642.68,4638.47,-4.21,4.21,4.21,0.0,0.0,4.21,1,TRAILING_STOP,[sl 4638.47],4638.47,0.0,2277.13,1277.13,Monday,19,2026-08-24
538,9649752,3456068,3456326,XAUUSD.u,SELL,STR S2,2,0.01,2026-08-24 19:39:18.227,2026-08-24 19:49:14.001,595.77,9m 55s,4641.13,4634.71,-6.42,6.42,6.42,0.0,0.0,6.42,1,BASKET_CLOSE,STR CLOSE,,,2283.55,1283.55,Monday,19,2026-08-24
539,9649065,3456316,3456328,XAUUSD.u,SELL,STR S6,6,0.01,2026-08-24 19:49:10.620,2026-08-24 19:49:14.227,3.61,3s,4634.93,4634.77,-0.16,0.16,0.16,0.0,0.0,0.16,1,BASKET_CLOSE,STR CLOSE,,,2283.71,1283.71,Monday,19,2026-08-24
540,9650059,3456352,3457580,XAUUSD.u,BUY,STR B1,1,0.01,2026-08-24 19:49:28.191,2026-08-24 20:06:00.410,992.22,16m 32s,4636.38,4637.84,1.46,1.46,1.46,0.0,0.0,1.46,1,TRAILING_STOP,[sl 4637.84],4637.84,0.0,2285.17,1285.17,Monday,19,2026-08-24
541,9650060,3456392,3457804,XAUUSD.u,SELL,STR S1,1,0.01,2026-08-24 19:50:00.443,2026-08-24 20:09:00.284,1139.84,18m 59s,4633.3,4627.72,-5.58,5.58,5.58,0.0,0.0,5.58,1,TRAILING_STOP,[sl 4627.72],4627.72,0.0,2290.75,1290.75,Monday,19,2026-08-24
542,9650061,3456486,3458780,XAUUSD.u,BUY,STR B2,2,0.01,2026-08-24 19:50:44.720,2026-08-24 20:28:20.394,2255.67,37m 35s,4637.92,4639.29,1.37,1.37,1.37,0.0,0.0,1.37,1,TRAILING_STOP,[sl 4639.29],4639.29,0.0,2292.12,1292.12,Monday,19,2026-08-24
543,9650064,3457164,3460472,XAUUSD.u,BUY,STR B3,3,0.01,2026-08-24 20:02:27.256,2026-08-24 21:23:50.037,4882.78,1h 21m 22s,4639.46,4643.46,4.0,4.0,4.0,0.0,0.0,4.0,1,TRAILING_STOP,[sl 4643.46],4643.46,0.0,2296.12,1296.12,Monday,20,2026-08-24
544,9650062,3457707,3457805,XAUUSD.u,SELL,STR S2,2,0.01,2026-08-24 20:08:32.888,2026-08-24 20:09:00.284,27.4,27s,4631.76,4627.75,-4.01,4.01,4.01,0.0,0.0,4.01,1,TRAILING_STOP,[sl 4627.75],4627.75,0.0,2300.13,1300.13,Monday,20,2026-08-24
545,9650066,3457730,3457830,XAUUSD.u,SELL,STR S3,3,0.01,2026-08-24 20:08:36.566,2026-08-24 20:09:08.130,31.56,31s,4630.22,4626.72,-3.5,3.5,3.5,0.0,0.0,3.5,1,TRAILING_STOP,[sl 4626.72],4626.72,0.0,2303.63,1303.63,Monday,20,2026-08-24
546,9650069,3457777,3457841,XAUUSD.u,SELL,STR S4,4,0.01,2026-08-24 20:08:58.563,2026-08-24 20:09:10.559,12.0,11s,4628.68,4628.34,-0.34,0.34,0.34,0.0,0.0,0.34,1,TRAILING_STOP,[sl 4628.34],4628.34,0.0,2303.97,1303.97,Monday,20,2026-08-24
547,9650071,3457789,3462826,XAUUSD.u,SELL,STR S5,5,0.01,2026-08-24 20:08:58.639,2026-08-25 01:01:06.009,17527.37,4h 52m 7s,4627.14,4669.32,42.18,-42.18,-42.18,0.0,0.0,-42.18,0,BASKET_CLOSE,STR CLOSE,,,2261.79,1261.79,Monday,20,2026-08-24
548,9650073,3457820,3462825,XAUUSD.u,SELL,STR S6,6,0.01,2026-08-24 20:09:05.082,2026-08-25 01:01:05.897,17520.81,4h 52m 0s,4625.6,4669.32,43.72,-43.72,-43.72,0.0,0.0,-43.72,0,BASKET_CLOSE,STR CLOSE,,,2218.07,1218.07,Monday,20,2026-08-24
549,9651622,3457854,3459244,XAUUSD.u,SELL,STR S4,4,0.01,2026-08-24 20:09:11.750,2026-08-24 20:39:39.999,1828.25,30m 28s,4628.68,4628.39,-0.29,0.29,0.29,0.0,0.0,0.29,1,TRAILING_STOP,[sl 4628.39],4628.39,0.0,2218.36,1218.36,Monday,20,2026-08-24
550,9651642,3457908,3458351,XAUUSD.u,SELL,STR S2,2,0.01,2026-08-24 20:10:01.922,2026-08-24 20:20:26.446,624.52,10m 24s,4631.76,4630.42,-1.34,1.34,1.34,0.0,0.0,1.34,1,TRAILING_STOP,[sl 4630.42],4630.42,0.0,2219.7,1219.7,Monday,20,2026-08-24
551,9651688,3457924,3458114,XAUUSD.u,SELL,STR S1,1,0.01,2026-08-24 20:10:24.488,2026-08-24 20:14:27.002,242.51,4m 2s,4633.3,4633.24,-0.06,0.06,0.06,0.0,0.0,0.06,1,TRAILING_STOP,[sl 4633.24],4633.24,0.0,2219.76,1219.76,Monday,20,2026-08-24
552,9651640,3458088,3459194,XAUUSD.u,SELL,STR S3,3,0.01,2026-08-24 20:13:23.541,2026-08-24 20:38:44.158,1520.62,25m 20s,4630.22,4627.07,-3.15,3.15,3.15,0.0,0.0,3.15,1,TRAILING_STOP,[sl 4627.07],4627.07,0.0,2222.91,1222.91,Monday,20,2026-08-24
553,9651891,3458119,3458339,XAUUSD.u,SELL,STR S1,1,0.01,2026-08-24 20:14:43.132,2026-08-24 20:20:11.116,327.98,5m 27s,4633.3,4628.88,-4.42,4.42,4.42,0.0,0.0,4.42,1,TRAILING_STOP,[sl 4628.88],4628.88,0.0,2227.33,1227.33,Monday,20,2026-08-24
554,9652147,3458388,3459195,XAUUSD.u,SELL,STR S2,2,0.01,2026-08-24 20:21:23.819,2026-08-24 20:38:44.159,1040.34,17m 20s,4631.76,4627.07,-4.69,4.69,4.69,0.0,0.0,4.69,1,TRAILING_STOP,[sl 4627.07],4627.07,0.0,2232.02,1232.02,Monday,20,2026-08-24
555,9651367,3458546,3458774,XAUUSD.u,BUY,STR B1,1,0.01,2026-08-24 20:22:46.121,2026-08-24 20:28:14.914,328.79,5m 28s,4636.38,4640.8,4.42,4.42,4.42,0.0,0.0,4.42,1,TRAILING_STOP,[sl 4640.80],4640.8,0.0,2236.44,1236.44,Monday,20,2026-08-24
556,9650067,3458726,3460513,XAUUSD.u,BUY,STR B4,4,0.01,2026-08-24 20:27:11.595,2026-08-24 21:25:19.897,3488.3,58m 8s,4641.0,4641.91,0.91,0.91,0.91,0.0,0.0,0.91,1,TRAILING_STOP,[sl 4641.91],4641.91,0.0,2237.35,1237.35,Monday,20,2026-08-24
557,9652592,3458835,3460473,XAUUSD.u,BUY,STR B2,2,0.01,2026-08-24 20:31:44.378,2026-08-24 21:23:50.037,3125.66,52m 5s,4637.92,4643.46,5.54,5.54,5.54,0.0,0.0,5.54,1,TRAILING_STOP,[sl 4643.46],4643.46,0.0,2242.89,1242.89,Monday,20,2026-08-24
558,9652178,3458945,3459196,XAUUSD.u,SELL,STR S1,1,0.01,2026-08-24 20:34:57.737,2026-08-24 20:38:44.159,226.42,3m 46s,4633.3,4627.07,-6.23,6.23,6.23,0.0,0.0,6.23,1,TRAILING_STOP,[sl 4627.07],4627.07,0.0,2249.12,1249.12,Monday,20,2026-08-24
559,9653082,3459320,3462813,XAUUSD.u,SELL,STR S3,3,0.01,2026-08-24 20:39:59.505,2026-08-25 01:01:04.549,15665.04,4h 21m 5s,4630.22,4669.32,39.1,-39.1,-39.1,0.0,0.0,-39.1,0,BASKET_CLOSE,STR CLOSE,,,2210.02,1210.02,Monday,20,2026-08-24
560,9653169,3459408,3462811,XAUUSD.u,SELL,STR S1,1,0.01,2026-08-24 20:41:10.353,2026-08-25 01:01:04.324,15593.97,4h 19m 53s,4633.3,4669.32,36.02,-36.02,-36.02,0.0,0.0,-36.02,0,BASKET_CLOSE,STR CLOSE,,,2174.0,1174.0,Monday,20,2026-08-24
561,9653140,3459579,3462812,XAUUSD.u,SELL,STR S2,2,0.01,2026-08-24 20:48:26.696,2026-08-25 01:01:04.436,15157.74,4h 12m 37s,4631.76,4669.32,37.56,-37.56,-37.56,0.0,0.0,-37.56,0,BASKET_CLOSE,STR CLOSE,,,2136.44,1136.44,Monday,20,2026-08-24
562,9652628,3459705,3459885,XAUUSD.u,BUY,STR B1,1,0.01,2026-08-24 20:57:21.529,2026-08-24 21:07:31.115,609.59,10m 9s,4636.38,4637.75,1.37,1.37,1.37,0.0,0.0,1.37,1,TRAILING_STOP,[sl 4637.75],4637.75,0.0,2137.81,1137.81,Monday,20,2026-08-24
563,9653850,3460101,3460474,XAUUSD.u,BUY,STR B1,1,0.01,2026-08-24 21:14:12.183,2026-08-24 21:23:50.037,577.85,9m 37s,4636.38,4643.46,7.08,7.08,7.08,0.0,0.0,7.08,1,TRAILING_STOP,[sl 4643.46],4643.46,0.0,2144.89,1144.89,Monday,21,2026-08-24
564,9650070,3460388,3460855,XAUUSD.u,BUY,STR B5,5,0.01,2026-08-24 21:19:31.261,2026-08-24 21:42:32.749,1381.49,23m 1s,4642.54,4648.34,5.8,5.8,5.8,0.0,0.0,5.8,1,TRAILING_STOP,[sl 4648.34],4648.34,0.0,2150.69,1150.69,Monday,21,2026-08-24
565,9650072,3460425,3460856,XAUUSD.u,BUY,STR B6,6,0.01,2026-08-24 21:20:53.646,2026-08-24 21:42:34.609,1300.96,21m 40s,4644.08,4648.3,4.22,4.22,4.22,0.0,0.0,4.22,1,TRAILING_STOP,[sl 4648.30],4648.3,0.0,2154.91,1154.91,Monday,21,2026-08-24
566,9654266,3460524,3460667,XAUUSD.u,BUY,STR B4,4,0.01,2026-08-24 21:26:58.763,2026-08-24 21:37:50.955,652.19,10m 52s,4641.0,4644.41,3.41,3.41,3.41,0.0,0.0,3.41,1,TRAILING_STOP,[sl 4644.41],4644.41,0.0,2158.32,1158.32,Monday,21,2026-08-24
567,9650074,3460651,3461205,XAUUSD.u,BUY,STR B7,7,0.01,2026-08-24 21:37:01.314,2026-08-24 21:50:37.993,816.68,13m 36s,4645.62,4654.26,8.64,8.64,8.64,0.0,0.0,8.64,1,TRAILING_STOP,[sl 4654.26],4654.26,0.0,2166.96,1166.96,Monday,21,2026-08-24
568,9650076,3460735,3461201,XAUUSD.u,BUY,STR B8,8,0.01,2026-08-24 21:41:26.606,2026-08-24 21:50:35.694,549.09,9m 9s,4647.16,4654.38,7.22,7.22,7.22,0.0,0.0,7.22,1,TRAILING_STOP,[sl 4654.38],4654.38,0.0,2174.18,1174.18,Monday,21,2026-08-24
569,9650078,3460790,3461202,XAUUSD.u,BUY,STR B9,9,0.01,2026-08-24 21:42:11.816,2026-08-24 21:50:35.694,503.88,8m 23s,4648.7,4654.42,5.72,5.72,5.72,0.0,0.0,5.72,1,TRAILING_STOP,[sl 4654.42],4654.42,0.0,2179.9,1179.9,Monday,21,2026-08-24
570,9650080,3460906,3461203,XAUUSD.u,BUY,STR B10,10,0.01,2026-08-24 21:43:41.024,2026-08-24 21:50:37.393,416.37,6m 56s,4650.24,4654.34,4.1,4.1,4.1,0.0,0.0,4.1,1,TRAILING_STOP,[sl 4654.34],4654.34,0.0,2184.0,1184.0,Monday,21,2026-08-24
571,9650082,3460995,3461207,XAUUSD.u,BUY,STR B11,11,0.06,2026-08-24 21:47:30.240,2026-08-24 21:50:38.023,187.78,3m 7s,4651.78,4652.71,0.93,0.93,5.58,0.0,0.0,5.58,1,TRAILING_STOP,[sl 4652.71],4652.71,0.0,2189.58,1189.58,Monday,21,2026-08-24
572,9650086,3461069,3462824,XAUUSD.u,BUY,STR B12,12,0.06,2026-08-24 21:48:17.351,2026-08-25 01:01:05.785,11568.43,3h 12m 48s,4653.32,4668.99,15.67,15.67,94.02,0.0,0.0,94.02,1,BASKET_CLOSE,STR CLOSE,,,2283.6,1283.6,Monday,21,2026-08-24
573,9650090,3461154,3462823,XAUUSD.u,BUY,STR B13,13,0.06,2026-08-24 21:49:16.248,2026-08-25 01:01:05.672,11509.42,3h 11m 49s,4654.86,4668.99,14.13,14.13,84.78,0.0,0.0,84.78,1,BASKET_CLOSE,STR CLOSE,,,2368.38,1368.38,Monday,21,2026-08-24
574,9655007,3461279,3461522,XAUUSD.u,BUY,STR B11,11,0.06,2026-08-24 21:53:44.860,2026-08-24 22:11:58.745,1093.88,18m 13s,4651.78,4652.17,0.39,0.39,2.34,0.0,0.0,2.34,1,TRAILING_STOP,[sl 4652.17],4652.17,0.0,2370.72,1370.72,Monday,21,2026-08-24
575,9655255,3461579,3462810,XAUUSD.u,BUY,STR B11,11,0.06,2026-08-24 22:15:27.425,2026-08-25 01:01:04.212,9936.79,2h 45m 36s,4651.78,4668.99,17.21,17.21,103.26,0.0,0.0,103.26,1,BASKET_CLOSE,STR CLOSE,,,2473.98,1473.98,Monday,22,2026-08-24
576,9655470,3461748,3462809,XAUUSD.u,BUY,STR B10,10,0.01,2026-08-24 22:26:06.395,2026-08-25 01:01:04.097,9297.7,2h 34m 57s,4650.24,4669.01,18.77,18.77,18.77,0.0,0.0,18.77,1,BASKET_CLOSE,STR CLOSE,,,2492.75,1492.75,Monday,22,2026-08-24
577,9655546,3461823,3462808,XAUUSD.u,BUY,STR B9,9,0.01,2026-08-24 22:31:56.721,2026-08-25 01:01:03.985,8947.26,2h 29m 7s,4648.7,4669.01,20.31,20.31,20.31,0.0,0.0,20.31,1,BASKET_CLOSE,STR CLOSE,,,2513.06,1513.06,Monday,22,2026-08-24
578,9650092,3462748,3462822,XAUUSD.u,BUY,STR B14,14,0.06,2026-08-25 01:01:00.158,2026-08-25 01:01:05.560,5.4,5s,4656.4,4668.99,12.59,12.59,75.54,0.0,0.0,75.54,1,BASKET_CLOSE,STR CLOSE,,,2588.6,1588.6,Tuesday,1,2026-08-25
579,9650095,3462749,3462821,XAUUSD.u,BUY,STR B15,15,0.06,2026-08-25 01:01:00.158,2026-08-25 01:01:05.448,5.29,5s,4657.94,4668.99,11.05,11.05,66.3,0.0,0.0,66.3,1,BASKET_CLOSE,STR CLOSE,,,2654.9,1654.9,Tuesday,1,2026-08-25
580,9650097,3462750,3462820,XAUUSD.u,BUY,STR B16,16,0.06,2026-08-25 01:01:00.158,2026-08-25 01:01:05.335,5.18,5s,4659.48,4668.99,9.51,9.51,57.06,0.0,0.0,57.06,1,BASKET_CLOSE,STR CLOSE,,,2711.96,1711.96,Tuesday,1,2026-08-25
581,9650099,3462751,3462819,XAUUSD.u,BUY,STR B17,17,0.06,2026-08-25 01:01:00.158,2026-08-25 01:01:05.223,5.07,5s,4661.02,4668.99,7.97,7.97,47.82,0.0,0.0,47.82,1,BASKET_CLOSE,STR CLOSE,,,2759.78,1759.78,Tuesday,1,2026-08-25
582,9650101,3462752,3462818,XAUUSD.u,BUY,STR B18,18,0.06,2026-08-25 01:01:00.158,2026-08-25 01:01:05.111,4.95,4s,4662.56,4668.99,6.43,6.43,38.58,0.0,0.0,38.58,1,BASKET_CLOSE,STR CLOSE,,,2798.36,1798.36,Tuesday,1,2026-08-25
583,9650103,3462753,3462817,XAUUSD.u,BUY,STR B19,19,0.06,2026-08-25 01:01:00.158,2026-08-25 01:01:04.998,4.84,4s,4664.1,4668.99,4.89,4.89,29.34,0.0,0.0,29.34,1,BASKET_CLOSE,STR CLOSE,,,2827.7,1827.7,Tuesday,1,2026-08-25
584,9650105,3462754,3462816,XAUUSD.u,BUY,STR B20,20,0.06,2026-08-25 01:01:00.158,2026-08-25 01:01:04.886,4.73,4s,4665.64,4668.99,3.35,3.35,20.1,0.0,0.0,20.1,1,BASKET_CLOSE,STR CLOSE,,,2847.8,1847.8,Tuesday,1,2026-08-25
585,9650107,3462755,3462815,XAUUSD.u,BUY,STR B21,21,0.15,2026-08-25 01:01:00.158,2026-08-25 01:01:04.774,4.62,4s,4667.18,4668.99,1.81,1.81,27.15,0.0,0.0,27.15,1,BASKET_CLOSE,STR CLOSE,,,2874.95,1874.95,Tuesday,1,2026-08-25
586,9650109,3462757,3462814,XAUUSD.u,BUY,STR B22,22,0.15,2026-08-25 01:01:00.158,2026-08-25 01:01:04.661,4.5,4s,4668.72,4668.99,0.27,0.27,4.05,0.0,0.0,4.05,1,BASKET_CLOSE,STR CLOSE,,,2879.0,1879.0,Tuesday,1,2026-08-25
587,9656538,3462860,3463673,XAUUSD.u,SELL,STR S1,1,0.01,2026-08-25 01:06:50.932,2026-08-25 02:01:03.091,3252.16,54m 12s,4667.55,4688.76,21.21,-21.21,-21.21,0.0,0.0,-21.21,0,BASKET_CLOSE,STR CLOSE,,,2857.79,1857.79,Tuesday,1,2026-08-25
588,9656537,3462901,3463051,XAUUSD.u,BUY,STR B1,1,0.01,2026-08-25 01:10:53.542,2026-08-25 01:16:49.947,356.4,5m 56s,4670.67,4675.33,4.66,4.66,4.66,0.0,0.0,4.66,1,TRAILING_STOP,[sl 4675.33],4675.33,0.0,2862.45,1862.45,Tuesday,1,2026-08-25
589,9656540,3462928,3463112,XAUUSD.u,BUY,STR B2,2,0.01,2026-08-25 01:11:10.714,2026-08-25 01:23:36.660,745.95,12m 25s,4672.23,4673.73,1.5,1.5,1.5,0.0,0.0,1.5,1,TRAILING_STOP,[sl 4673.73],4673.73,0.0,2863.95,1863.95,Tuesday,1,2026-08-25
590,9656543,3462978,3463469,XAUUSD.u,BUY,STR B3,3,0.01,2026-08-25 01:15:13.525,2026-08-25 01:50:18.735,2105.21,35m 5s,4673.79,4681.09,7.3,7.3,7.3,0.0,0.0,7.3,1,TRAILING_STOP,[sl 4681.09],4681.09,0.0,2871.25,1871.25,Tuesday,1,2026-08-25
591,9656545,3463012,3463470,XAUUSD.u,BUY,STR B4,4,0.01,2026-08-25 01:15:24.613,2026-08-25 01:50:18.735,2094.12,34m 54s,4675.35,4681.09,5.74,5.74,5.74,0.0,0.0,5.74,1,TRAILING_STOP,[sl 4681.09],4681.09,0.0,2876.99,1876.99,Tuesday,1,2026-08-25
592,9656547,3463038,3463471,XAUUSD.u,BUY,STR B5,5,0.01,2026-08-25 01:16:21.595,2026-08-25 01:50:18.735,2037.14,33m 57s,4676.91,4681.1,4.19,4.19,4.19,0.0,0.0,4.19,1,TRAILING_STOP,[sl 4681.10],4681.1,0.0,2881.18,1881.18,Tuesday,1,2026-08-25
593,9656926,3463169,3463282,XAUUSD.u,BUY,STR B1,1,0.01,2026-08-25 01:27:48.141,2026-08-25 01:39:44.875,716.73,11m 56s,4670.67,4675.29,4.62,4.62,4.62,0.0,0.0,4.62,1,TRAILING_STOP,[sl 4675.29],4675.29,0.0,2885.8,1885.8,Tuesday,1,2026-08-25
594,9656904,3463234,3463353,XAUUSD.u,BUY,STR B2,2,0.01,2026-08-25 01:34:27.070,2026-08-25 01:46:03.222,696.15,11m 36s,4672.23,4675.48,3.25,3.25,3.25,0.0,0.0,3.25,1,TRAILING_STOP,[sl 4675.48],4675.48,0.0,2889.05,1889.05,Tuesday,1,2026-08-25
595,9656550,3463405,3463505,XAUUSD.u,BUY,STR B6,6,0.01,2026-08-25 01:50:12.203,2026-08-25 01:51:36.925,84.72,1m 24s,4678.47,4679.54,1.07,1.07,1.07,0.0,0.0,1.07,1,TRAILING_STOP,[sl 4679.54],4679.54,0.0,2890.12,1890.12,Tuesday,1,2026-08-25
596,9656552,3463433,3463644,XAUUSD.u,BUY,STR B7,7,0.01,2026-08-25 01:50:15.978,2026-08-25 02:00:37.726,621.75,10m 21s,4680.03,4687.1,7.07,7.07,7.07,0.0,0.0,7.07,1,TRAILING_STOP,[sl 4687.10],4687.1,0.0,2897.19,1897.19,Tuesday,1,2026-08-25
597,9656554,3463446,3463645,XAUUSD.u,BUY,STR B8,8,0.01,2026-08-25 01:50:16.236,2026-08-25 02:00:37.726,621.49,10m 21s,4681.59,4687.1,5.51,5.51,5.51,0.0,0.0,5.51,1,TRAILING_STOP,[sl 4687.10],4687.1,0.0,2902.7,1902.7,Tuesday,1,2026-08-25
598,9657278,3463515,3463647,XAUUSD.u,BUY,STR B6,6,0.01,2026-08-25 01:52:08.111,2026-08-25 02:00:37.727,509.62,8m 29s,4678.47,4687.1,8.63,8.63,8.63,0.0,0.0,8.63,1,TRAILING_STOP,[sl 4687.10],4687.1,0.0,2911.33,1911.33,Tuesday,1,2026-08-25
599,9656556,3463600,3463646,XAUUSD.u,BUY,STR B9,9,0.01,2026-08-25 02:00:24.002,2026-08-25 02:00:37.727,13.72,13s,4683.15,4687.1,3.95,3.95,3.95,0.0,0.0,3.95,1,TRAILING_STOP,[sl 4687.10],4687.1,0.0,2915.28,1915.28,Tuesday,2,2026-08-25
600,9656558,3463609,3463672,XAUUSD.u,BUY,STR B10,10,0.01,2026-08-25 02:00:24.694,2026-08-25 02:01:02.979,38.28,38s,4684.71,4688.71,4.0,4.0,4.0,0.0,0.0,4.0,1,BASKET_CLOSE,STR CLOSE,,,2919.28,1919.28,Tuesday,2,2026-08-25
601,9656560,3463626,3463671,XAUUSD.u,BUY,STR B11,11,0.06,2026-08-25 02:00:27.890,2026-08-25 02:01:02.867,34.98,34s,4686.27,4688.68,2.41,2.41,14.46,0.0,0.0,14.46,1,BASKET_CLOSE,STR CLOSE,,,2933.74,1933.74,Tuesday,2,2026-08-25
602,9656562,3463631,3463670,XAUUSD.u,BUY,STR B12,12,0.06,2026-08-25 02:00:28.699,2026-08-25 02:01:02.755,34.06,34s,4687.83,4688.94,1.11,1.11,6.66,0.0,0.0,6.66,1,BASKET_CLOSE,STR CLOSE,,,2940.4,1940.4,Tuesday,2,2026-08-25
603,9656564,3463660,3463669,XAUUSD.u,BUY,STR B13,13,0.06,2026-08-25 02:00:57.374,2026-08-25 02:01:02.643,5.27,5s,4689.39,4688.94,-0.45,-0.45,-2.7,0.0,0.0,-2.7,0,BASKET_CLOSE,STR CLOSE,,,2937.7,1937.7,Tuesday,2,2026-08-25
604,9657430,3463675,3463723,XAUUSD.u,SELL,STR S1,1,0.01,2026-08-25 02:01:21.294,2026-08-25 02:03:16.902,115.61,1m 55s,4687.28,4682.76,-4.52,4.52,4.52,0.0,0.0,4.52,1,TRAILING_STOP,[sl 4682.76],4682.76,0.0,2942.22,1942.22,Tuesday,2,2026-08-25
605,9657432,3463684,3463764,XAUUSD.u,SELL,STR S2,2,0.01,2026-08-25 02:01:37.621,2026-08-25 02:04:56.077,198.46,3m 18s,4685.72,4677.99,-7.73,7.73,7.73,0.0,0.0,7.73,1,BASKET_CLOSE,STR CLOSE,,,2949.95,1949.95,Tuesday,2,2026-08-25
606,9657434,3463702,3463763,XAUUSD.u,SELL,STR S3,3,0.01,2026-08-25 02:02:31.772,2026-08-25 02:04:55.965,144.19,2m 24s,4684.16,4677.97,-6.19,6.19,6.19,0.0,0.0,6.19,1,BASKET_CLOSE,STR CLOSE,,,2956.14,1956.14,Tuesday,2,2026-08-25
607,9657436,3463715,3463762,XAUUSD.u,SELL,STR S4,4,0.01,2026-08-25 02:03:08.888,2026-08-25 02:04:55.853,106.97,1m 46s,4682.6,4677.86,-4.74,4.74,4.74,0.0,0.0,4.74,1,BASKET_CLOSE,STR CLOSE,,,2960.88,1960.88,Tuesday,2,2026-08-25
608,9657438,3463729,3463761,XAUUSD.u,SELL,STR S5,5,0.01,2026-08-25 02:03:45.459,2026-08-25 02:04:55.741,70.28,1m 10s,4681.04,4677.96,-3.08,3.08,3.08,0.0,0.0,3.08,1,BASKET_CLOSE,STR CLOSE,,,2963.96,1963.96,Tuesday,2,2026-08-25
609,9657440,3463742,3463760,XAUUSD.u,SELL,STR S6,6,0.01,2026-08-25 02:04:11.236,2026-08-25 02:04:55.629,44.39,44s,4679.48,4678.02,-1.46,1.46,1.46,0.0,0.0,1.46,1,BASKET_CLOSE,STR CLOSE,,,2965.42,1965.42,Tuesday,2,2026-08-25
610,9657442,3463753,3463759,XAUUSD.u,SELL,STR S7,7,0.01,2026-08-25 02:04:50.520,2026-08-25 02:04:55.516,5.0,4s,4677.92,4678.01,0.09,-0.09,-0.09,0.0,0.0,-0.09,0,BASKET_CLOSE,STR CLOSE,,,2965.33,1965.33,Tuesday,2,2026-08-25
611,9657579,3463785,3463973,XAUUSD.u,SELL,STR S1,1,0.01,2026-08-25 02:05:17.084,2026-08-25 02:14:23.740,546.66,9m 6s,4675.73,4687.27,11.54,-11.54,-11.54,0.0,0.0,-11.54,0,BASKET_CLOSE,STR CLOSE,,,2953.79,1953.79,Tuesday,2,2026-08-25
612,9657578,3463792,3463852,XAUUSD.u,BUY,STR B1,1,0.01,2026-08-25 02:05:54.447,2026-08-25 02:07:29.448,95.0,1m 35s,4678.85,4684.87,6.02,6.02,6.02,0.0,0.0,6.02,1,TRAILING_STOP,[sl 4684.87],4684.87,0.0,2959.81,1959.81,Tuesday,2,2026-08-25
613,9657580,3463802,3463853,XAUUSD.u,BUY,STR B2,2,0.01,2026-08-25 02:06:25.042,2026-08-25 02:07:29.448,64.41,1m 4s,4680.41,4684.91,4.5,4.5,4.5,0.0,0.0,4.5,1,TRAILING_STOP,[sl 4684.91],4684.91,0.0,2964.31,1964.31,Tuesday,2,2026-08-25
614,9657582,3463813,3463859,XAUUSD.u,BUY,STR B3,3,0.01,2026-08-25 02:06:56.948,2026-08-25 02:07:41.130,44.18,44s,4681.97,4686.0,4.03,4.03,4.03,0.0,0.0,4.03,1,TRAILING_STOP,[sl 4686.00],4686.0,0.0,2968.34,1968.34,Tuesday,2,2026-08-25
615,9657584,3463822,3463870,XAUUSD.u,BUY,STR B4,4,0.01,2026-08-25 02:07:02.555,2026-08-25 02:08:16.480,73.92,1m 13s,4683.53,4684.44,0.91,0.91,0.91,0.0,0.0,0.91,1,TRAILING_STOP,[sl 4684.44],4684.44,0.0,2969.25,1969.25,Tuesday,2,2026-08-25
616,9657586,3463842,3463972,XAUUSD.u,BUY,STR B5,5,0.01,2026-08-25 02:07:24.933,2026-08-25 02:14:23.628,418.69,6m 58s,4685.09,4687.22,2.13,2.13,2.13,0.0,0.0,2.13,1,BASKET_CLOSE,STR CLOSE,,,2971.38,1971.38,Tuesday,2,2026-08-25
617,9657588,3463857,3463971,XAUUSD.u,BUY,STR B6,6,0.01,2026-08-25 02:07:38.595,2026-08-25 02:14:23.516,404.92,6m 44s,4686.65,4686.81,0.16,0.16,0.16,0.0,0.0,0.16,1,BASKET_CLOSE,STR CLOSE,,,2971.54,1971.54,Tuesday,2,2026-08-25
618,9657745,3463871,3463969,XAUUSD.u,BUY,STR B4,4,0.01,2026-08-25 02:08:17.208,2026-08-25 02:14:23.291,366.08,6m 6s,4683.53,4686.78,3.25,3.25,3.25,0.0,0.0,3.25,1,BASKET_CLOSE,STR CLOSE,,,2974.79,1974.79,Tuesday,2,2026-08-25
619,9657766,3463893,3463968,XAUUSD.u,BUY,STR B3,3,0.01,2026-08-25 02:09:44.863,2026-08-25 02:14:23.179,278.32,4m 38s,4681.97,4686.78,4.81,4.81,4.81,0.0,0.0,4.81,1,BASKET_CLOSE,STR CLOSE,,,2979.6,1979.6,Tuesday,2,2026-08-25
620,9657796,3463922,3463967,XAUUSD.u,BUY,STR B2,2,0.01,2026-08-25 02:12:06.116,2026-08-25 02:14:23.067,136.95,2m 16s,4680.41,4686.71,6.3,6.3,6.3,0.0,0.0,6.3,1,BASKET_CLOSE,STR CLOSE,,,2985.9,1985.9,Tuesday,2,2026-08-25
621,9657590,3463958,3463970,XAUUSD.u,BUY,STR B7,7,0.01,2026-08-25 02:14:17.578,2026-08-25 02:14:23.404,5.83,5s,4688.21,4686.81,-1.4,-1.4,-1.4,0.0,0.0,-1.4,0,BASKET_CLOSE,STR CLOSE,,,2984.5,1984.5,Tuesday,2,2026-08-25
622,9657850,3463981,3464021,XAUUSD.u,BUY,STR B1,1,0.01,2026-08-25 02:14:39.352,2026-08-25 02:15:19.867,40.52,40s,4688.66,4688.73,0.07,0.07,0.07,0.0,0.0,0.07,1,TRAILING_STOP,[sl 4688.73],4688.73,0.0,2984.57,1984.57,Tuesday,2,2026-08-25
623,9657852,3463998,3464473,XAUUSD.u,BUY,STR B2,2,0.01,2026-08-25 02:14:49.614,2026-08-25 02:39:21.984,1472.37,24m 32s,4690.22,4694.59,4.37,4.37,4.37,0.0,0.0,4.37,1,TRAILING_STOP,[sl 4694.59],4694.59,0.0,2988.94,1988.94,Tuesday,2,2026-08-25
624,9657854,3464008,3464485,XAUUSD.u,BUY,STR B3,3,0.01,2026-08-25 02:14:52.285,2026-08-25 02:40:38.771,1546.49,25m 46s,4691.78,4693.04,1.26,1.26,1.26,0.0,0.0,1.26,1,TRAILING_STOP,[sl 4693.04],4693.04,0.0,2990.2,1990.2,Tuesday,2,2026-08-25
625,9657960,3464023,3464327,XAUUSD.u,BUY,STR B1,1,0.01,2026-08-25 02:15:21.812,2026-08-25 02:32:12.128,1010.32,16m 50s,4688.66,4689.97,1.31,1.31,1.31,0.0,0.0,1.31,1,TRAILING_STOP,[sl 4689.97],4689.97,0.0,2991.51,1991.51,Tuesday,2,2026-08-25
626,9657851,3464036,3464132,XAUUSD.u,SELL,STR S1,1,0.01,2026-08-25 02:15:43.510,2026-08-25 02:20:42.742,299.23,4m 59s,4685.54,4680.93,-4.61,4.61,4.61,0.0,0.0,4.61,1,TRAILING_STOP,[sl 4680.93],4680.93,0.0,2996.12,1996.12,Tuesday,2,2026-08-25
627,9657853,3464055,3464135,XAUUSD.u,SELL,STR S2,2,0.01,2026-08-25 02:16:14.454,2026-08-25 02:20:53.895,279.44,4m 39s,4683.98,4682.49,-1.49,1.49,1.49,0.0,0.0,1.49,1,TRAILING_STOP,[sl 4682.49],4682.49,0.0,2997.61,1997.61,Tuesday,2,2026-08-25
628,9657855,3464081,3464199,XAUUSD.u,SELL,STR S3,3,0.01,2026-08-25 02:17:06.658,2026-08-25 02:26:49.156,582.5,9m 42s,4682.42,4678.38,-4.04,4.04,4.04,0.0,0.0,4.04,1,TRAILING_STOP,[sl 4678.38],4678.38,0.0,3001.65,2001.65,Tuesday,2,2026-08-25
629,9657857,3464121,3464212,XAUUSD.u,SELL,STR S4,4,0.01,2026-08-25 02:20:07.339,2026-08-25 02:28:37.028,509.69,8m 29s,4680.86,4679.93,-0.93,0.93,0.93,0.0,0.0,0.93,1,TRAILING_STOP,[sl 4679.93],4679.93,0.0,3002.58,2002.58,Tuesday,2,2026-08-25
630,9657859,3464173,3464859,XAUUSD.u,SELL,STR S5,5,0.01,2026-08-25 02:25:01.962,2026-08-25 03:01:13.600,2171.64,36m 11s,4679.3,4674.92,-4.38,4.38,4.38,0.0,0.0,4.38,1,TRAILING_STOP,[sl 4674.92],4674.92,0.0,3006.96,2006.96,Tuesday,2,2026-08-25
631,9657861,3464177,3464861,XAUUSD.u,SELL,STR S6,6,0.01,2026-08-25 02:25:13.260,2026-08-25 03:01:16.968,2163.71,36m 3s,4677.74,4676.55,-1.19,1.19,1.19,0.0,0.0,1.19,1,TRAILING_STOP,[sl 4676.55],4676.55,0.0,3008.15,2008.15,Tuesday,2,2026-08-25
632,9658152,3464215,3464810,XAUUSD.u,SELL,STR S4,4,0.01,2026-08-25 02:28:45.862,2026-08-25 03:00:57.317,1931.45,32m 11s,4680.86,4676.8,-4.06,4.06,4.06,0.0,0.0,4.06,1,TRAILING_STOP,[sl 4676.80],4676.8,0.0,3012.21,2012.21,Tuesday,2,2026-08-25
633,9658158,3464236,3464811,XAUUSD.u,SELL,STR S3,3,0.01,2026-08-25 02:29:15.070,2026-08-25 03:00:57.317,1902.25,31m 42s,4682.42,4676.8,-5.62,5.62,5.62,0.0,0.0,5.62,1,TRAILING_STOP,[sl 4676.80],4676.8,0.0,3017.83,2017.83,Tuesday,2,2026-08-25
634,9658181,3464245,3464766,XAUUSD.u,SELL,STR S2,2,0.01,2026-08-25 02:30:14.547,2026-08-25 03:00:23.130,1808.58,30m 8s,4683.98,4682.91,-1.07,1.07,1.07,0.0,0.0,1.07,1,TRAILING_STOP,[sl 4682.91],4682.91,0.0,3018.9,2018.9,Tuesday,2,2026-08-25
635,9658195,3464263,3464764,XAUUSD.u,SELL,STR S1,1,0.01,2026-08-25 02:30:54.589,2026-08-25 03:00:21.203,1766.61,29m 26s,4685.54,4681.38,-4.16,4.16,4.16,0.0,0.0,4.16,1,TRAILING_STOP,[sl 4681.38],4681.38,0.0,3023.06,2023.06,Tuesday,2,2026-08-25
636,9658288,3464349,3464419,XAUUSD.u,BUY,STR B1,1,0.01,2026-08-25 02:33:03.154,2026-08-25 02:37:55.231,292.08,4m 52s,4688.66,4692.87,4.21,4.21,4.21,0.0,0.0,4.21,1,TRAILING_STOP,[sl 4692.87],4692.87,0.0,3027.27,2027.27,Tuesday,2,2026-08-25
637,9657856,3464399,3464524,XAUUSD.u,BUY,STR B4,4,0.01,2026-08-25 02:37:09.876,2026-08-25 02:43:28.922,379.05,6m 19s,4693.34,4693.83,0.49,0.49,0.49,0.0,0.0,0.49,1,TRAILING_STOP,[sl 4693.83],4693.83,0.0,3027.76,2027.76,Tuesday,2,2026-08-25
638,9657858,3464436,3465767,XAUUSD.u,BUY,STR B5,5,0.01,2026-08-25 02:38:43.654,2026-08-25 03:27:29.498,2925.84,48m 45s,4694.9,4665.95,-28.95,-28.95,-28.95,0.0,0.0,-28.95,0,BASKET_CLOSE,STR CLOSE,,,2998.81,1998.81,Tuesday,2,2026-08-25
639,9657860,3464493,3465765,XAUUSD.u,BUY,STR B6,6,0.01,2026-08-25 02:42:08.654,2026-08-25 03:27:29.384,2720.73,45m 20s,4696.46,4665.96,-30.5,-30.5,-30.5,0.0,0.0,-30.5,0,BASKET_CLOSE,STR CLOSE,,,2968.31,1968.31,Tuesday,2,2026-08-25
640,9658474,3464534,3465757,XAUUSD.u,BUY,STR B4,4,0.01,2026-08-25 02:44:24.443,2026-08-25 03:27:28.821,2584.38,43m 4s,4693.34,4665.77,-27.57,-27.57,-27.57,0.0,0.0,-27.57,0,BASKET_CLOSE,STR CLOSE,,,2940.74,1940.74,Tuesday,2,2026-08-25
641,9658499,3464558,3465755,XAUUSD.u,BUY,STR B3,3,0.01,2026-08-25 02:46:17.088,2026-08-25 03:27:28.708,2471.62,41m 11s,4691.78,4665.63,-26.15,-26.15,-26.15,0.0,0.0,-26.15,0,BASKET_CLOSE,STR CLOSE,,,2914.59,1914.59,Tuesday,2,2026-08-25
642,9658505,3464568,3464644,XAUUSD.u,BUY,STR B2,2,0.01,2026-08-25 02:46:23.644,2026-08-25 02:51:23.766,300.12,5m 0s,4690.22,4691.35,1.13,1.13,1.13,0.0,0.0,1.13,1,TRAILING_STOP,[sl 4691.35],4691.35,0.0,2915.72,1915.72,Tuesday,2,2026-08-25
643,9658531,3464592,3464617,XAUUSD.u,BUY,STR B1,1,0.01,2026-08-25 02:47:49.038,2026-08-25 02:48:38.403,49.37,49s,4688.66,4691.91,3.25,3.25,3.25,0.0,0.0,3.25,1,TRAILING_STOP,[sl 4691.91],4691.91,0.0,2918.97,1918.97,Tuesday,2,2026-08-25
644,9658599,3464654,3465753,XAUUSD.u,BUY,STR B1,1,0.01,2026-08-25 02:52:24.251,2026-08-25 03:27:28.596,2104.34,35m 4s,4688.66,4665.51,-23.15,-23.15,-23.15,0.0,0.0,-23.15,0,BASKET_CLOSE,STR CLOSE,,,2895.82,1895.82,Tuesday,2,2026-08-25
645,9657864,3464797,3464912,XAUUSD.u,SELL,STR S7,7,0.01,2026-08-25 03:00:49.202,2026-08-25 03:03:18.228,149.03,2m 29s,4676.18,4672.71,-3.47,3.47,3.47,0.0,0.0,3.47,1,TRAILING_STOP,[sl 4672.71],4672.71,0.0,2899.29,1899.29,Tuesday,3,2026-08-25
646,9657866,3464828,3464914,XAUUSD.u,SELL,STR S8,8,0.01,2026-08-25 03:01:06.785,2026-08-25 03:03:27.856,141.07,2m 21s,4674.62,4674.26,-0.36,0.36,0.36,0.0,0.0,0.36,1,TRAILING_STOP,[sl 4674.26],4674.26,0.0,2899.65,1899.65,Tuesday,3,2026-08-25
647,9657868,3464879,3465467,XAUUSD.u,SELL,STR S9,9,0.01,2026-08-25 03:02:53.206,2026-08-25 03:24:50.090,1316.88,21m 56s,4673.06,4669.04,-4.02,4.02,4.02,0.0,0.0,4.02,1,TRAILING_STOP,[sl 4669.04],4669.04,0.0,2903.67,1903.67,Tuesday,3,2026-08-25
648,9657870,3464908,3465496,XAUUSD.u,SELL,STR S10,10,0.01,2026-08-25 03:03:08.284,2026-08-25 03:25:12.129,1323.85,22m 3s,4671.5,4667.76,-3.74,3.74,3.74,0.0,0.0,3.74,1,TRAILING_STOP,[sl 4667.76],4667.76,0.0,2907.41,1907.41,Tuesday,3,2026-08-25
649,9658860,3464915,3464973,XAUUSD.u,SELL,STR S8,8,0.01,2026-08-25 03:03:29.938,2026-08-25 03:06:36.818,186.88,3m 6s,4674.62,4674.34,-0.28,0.28,0.28,0.0,0.0,0.28,1,TRAILING_STOP,[sl 4674.34],4674.34,0.0,2907.69,1907.69,Tuesday,3,2026-08-25
650,9658873,3464931,3464961,XAUUSD.u,SELL,STR S7,7,0.01,2026-08-25 03:04:21.680,2026-08-25 03:05:49.825,88.14,1m 28s,4676.18,4672.79,-3.39,3.39,3.39,0.0,0.0,3.39,1,TRAILING_STOP,[sl 4672.79],4672.79,0.0,2911.08,1911.08,Tuesday,3,2026-08-25
651,9658876,3464935,3464962,XAUUSD.u,SELL,STR S6,6,0.01,2026-08-25 03:04:37.709,2026-08-25 03:05:49.825,72.12,1m 12s,4677.74,4672.79,-4.95,4.95,4.95,0.0,0.0,4.95,1,TRAILING_STOP,[sl 4672.79],4672.79,0.0,2916.03,1916.03,Tuesday,3,2026-08-25
652,9658919,3464974,3465468,XAUUSD.u,SELL,STR S8,8,0.01,2026-08-25 03:06:40.232,2026-08-25 03:24:50.090,1089.86,18m 9s,4674.62,4669.04,-5.58,5.58,5.58,0.0,0.0,5.58,1,TRAILING_STOP,[sl 4669.04],4669.04,0.0,2921.61,1921.61,Tuesday,3,2026-08-25
653,9658920,3464975,3465469,XAUUSD.u,SELL,STR S7,7,0.01,2026-08-25 03:06:49.886,2026-08-25 03:24:50.090,1080.2,18m 0s,4676.18,4669.04,-7.14,7.14,7.14,0.0,0.0,7.14,1,TRAILING_STOP,[sl 4669.04],4669.04,0.0,2928.75,1928.75,Tuesday,3,2026-08-25
654,9658924,3464979,3465164,XAUUSD.u,SELL,STR S6,6,0.01,2026-08-25 03:07:01.261,2026-08-25 03:16:23.945,562.68,9m 22s,4677.74,4676.44,-1.3,1.3,1.3,0.0,0.0,1.3,1,TRAILING_STOP,[sl 4676.44],4676.44,0.0,2930.05,1930.05,Tuesday,3,2026-08-25
655,9658928,3465003,3465050,XAUUSD.u,SELL,STR S5,5,0.01,2026-08-25 03:07:14.138,2026-08-25 03:08:50.169,96.03,1m 36s,4679.3,4677.97,-1.33,1.33,1.33,0.0,0.0,1.33,1,TRAILING_STOP,[sl 4677.97],4677.97,0.0,2931.38,1931.38,Tuesday,3,2026-08-25
656,9659003,3465061,3465090,XAUUSD.u,SELL,STR S5,5,0.01,2026-08-25 03:09:01.827,2026-08-25 03:12:10.179,188.35,3m 8s,4679.3,4678.05,-1.25,1.25,1.25,0.0,0.0,1.25,1,TRAILING_STOP,[sl 4678.05],4678.05,0.0,2932.63,1932.63,Tuesday,3,2026-08-25
657,9659043,3465102,3465109,XAUUSD.u,SELL,STR S5,5,0.01,2026-08-25 03:14:01.273,2026-08-25 03:14:45.581,44.31,44s,4679.3,4679.23,-0.07,0.07,0.07,0.0,0.0,0.07,1,TRAILING_STOP,[sl 4679.23],4679.23,0.0,2932.7,1932.7,Tuesday,3,2026-08-25
658,9659116,3465169,3465206,XAUUSD.u,SELL,STR S6,6,0.01,2026-08-25 03:17:19.437,2026-08-25 03:18:28.032,68.59,1m 8s,4677.74,4677.45,-0.29,0.29,0.29,0.0,0.0,0.29,1,TRAILING_STOP,[sl 4677.45],4677.45,0.0,2932.99,1932.99,Tuesday,3,2026-08-25
659,9659119,3465173,3465200,XAUUSD.u,SELL,STR S5,5,0.01,2026-08-25 03:17:26.957,2026-08-25 03:18:06.727,39.77,39s,4679.3,4675.92,-3.38,3.38,3.38,0.0,0.0,3.38,1,TRAILING_STOP,[sl 4675.92],4675.92,0.0,2936.37,1936.37,Tuesday,3,2026-08-25
660,9659162,3465210,3465470,XAUUSD.u,SELL,STR S6,6,0.01,2026-08-25 03:18:42.670,2026-08-25 03:24:50.091,367.42,6m 7s,4677.74,4669.04,-8.7,8.7,8.7,0.0,0.0,8.7,1,TRAILING_STOP,[sl 4669.04],4669.04,0.0,2945.07,1945.07,Tuesday,3,2026-08-25
661,9659168,3465216,3465254,XAUUSD.u,SELL,STR S5,5,0.01,2026-08-25 03:19:19.649,2026-08-25 03:21:54.269,154.62,2m 34s,4679.3,4675.75,-3.55,3.55,3.55,0.0,0.0,3.55,1,TRAILING_STOP,[sl 4675.75],4675.75,0.0,2948.62,1948.62,Tuesday,3,2026-08-25
662,9657872,3465280,3465764,XAUUSD.u,SELL,STR S11,11,0.06,2026-08-25 03:23:35.474,2026-08-25 03:27:29.272,233.8,3m 53s,4669.94,4665.86,-4.08,4.08,24.48,0.0,0.0,24.48,1,BASKET_CLOSE,STR CLOSE,,,2973.1,1973.1,Tuesday,3,2026-08-25
663,9657874,3465402,3465762,XAUUSD.u,SELL,STR S12,12,0.06,2026-08-25 03:23:57.663,2026-08-25 03:27:29.160,211.5,3m 31s,4668.38,4665.86,-2.52,2.52,15.12,0.0,0.0,15.12,1,BASKET_CLOSE,STR CLOSE,,,2988.22,1988.22,Tuesday,3,2026-08-25
664,9657876,3465476,3465761,XAUUSD.u,SELL,STR S13,13,0.06,2026-08-25 03:24:54.893,2026-08-25 03:27:29.048,154.16,2m 34s,4666.82,4665.83,-0.99,0.99,5.94,0.0,0.0,5.94,1,BASKET_CLOSE,STR CLOSE,,,2994.16,1994.16,Tuesday,3,2026-08-25
665,9657878,3465611,3465759,XAUUSD.u,SELL,STR S14,14,0.06,2026-08-25 03:27:17.727,2026-08-25 03:27:28.934,11.21,11s,4665.26,4665.8,0.54,-0.54,-3.24,0.0,0.0,-3.24,0,BASKET_CLOSE,STR CLOSE,,,2990.92,1990.92,Tuesday,3,2026-08-25
666,9659728,3465793,3465872,XAUUSD.u,BUY,STR B1,1,0.01,2026-08-25 03:27:34.587,2026-08-25 03:29:13.165,98.58,1m 38s,4667.83,4671.21,3.38,3.38,3.38,0.0,0.0,3.38,1,TRAILING_STOP,[sl 4671.21],4671.21,0.0,2994.3,1994.3,Tuesday,3,2026-08-25
667,9659731,3465827,3465879,XAUUSD.u,BUY,STR B2,2,0.01,2026-08-25 03:27:52.578,2026-08-25 03:29:40.916,108.34,1m 48s,4669.39,4669.65,0.26,0.26,0.26,0.0,0.0,0.26,1,TRAILING_STOP,[sl 4669.65],4669.65,0.0,2994.56,1994.56,Tuesday,3,2026-08-25
668,9659734,3465845,3465965,XAUUSD.u,BUY,STR B3,3,0.01,2026-08-25 03:28:02.792,2026-08-25 03:33:50.319,347.53,5m 47s,4670.95,4671.56,0.61,0.61,0.61,0.0,0.0,0.61,1,TRAILING_STOP,[sl 4671.56],4671.56,0.0,2995.17,1995.17,Tuesday,3,2026-08-25
669,9659737,3465864,3466078,XAUUSD.u,BUY,STR B4,4,0.01,2026-08-25 03:28:43.448,2026-08-25 03:36:52.341,488.89,8m 8s,4672.51,4673.94,1.43,1.43,1.43,0.0,0.0,1.43,1,BASKET_CLOSE,STR CLOSE,,,2996.6,1996.6,Tuesday,3,2026-08-25
670,9659888,3465880,3465955,XAUUSD.u,BUY,STR B2,2,0.01,2026-08-25 03:29:42.469,2026-08-25 03:32:58.461,195.99,3m 15s,4669.39,4673.12,3.73,3.73,3.73,0.0,0.0,3.73,1,TRAILING_STOP,[sl 4673.12],4673.12,0.0,3000.33,2000.33,Tuesday,3,2026-08-25
671,9659741,3465924,3466077,XAUUSD.u,BUY,STR B5,5,0.01,2026-08-25 03:32:45.192,2026-08-25 03:36:52.228,247.04,4m 7s,4674.07,4673.94,-0.13,-0.13,-0.13,0.0,0.0,-0.13,0,BASKET_CLOSE,STR CLOSE,,,3000.2,2000.2,Tuesday,3,2026-08-25
672,9659983,3465971,3466076,XAUUSD.u,BUY,STR B3,3,0.01,2026-08-25 03:34:35.970,2026-08-25 03:36:52.116,136.15,2m 16s,4670.95,4674.01,3.06,3.06,3.06,0.0,0.0,3.06,1,BASKET_CLOSE,STR CLOSE,,,3003.26,2003.26,Tuesday,3,2026-08-25
673,9659997,3466015,3466074,XAUUSD.u,BUY,STR B1,1,0.01,2026-08-25 03:34:55.183,2026-08-25 03:36:51.892,116.71,1m 56s,4667.83,4673.88,6.05,6.05,6.05,0.0,0.0,6.05,1,BASKET_CLOSE,STR CLOSE,,,3009.31,2009.31,Tuesday,3,2026-08-25
674,9659987,3466038,3466075,XAUUSD.u,BUY,STR B2,2,0.01,2026-08-25 03:35:50.862,2026-08-25 03:36:52.004,61.14,1m 1s,4669.39,4673.86,4.47,4.47,4.47,0.0,0.0,4.47,1,BASKET_CLOSE,STR CLOSE,,,3013.78,2013.78,Tuesday,3,2026-08-25
675,9660091,3466094,3466183,XAUUSD.u,SELL,STR S1,1,0.01,2026-08-25 03:37:45.683,2026-08-25 03:41:11.977,206.29,3m 26s,4671.28,4670.8,-0.48,0.48,0.48,0.0,0.0,0.48,1,TRAILING_STOP,[sl 4670.80],4670.8,0.0,3014.26,2014.26,Tuesday,3,2026-08-25
676,9660093,3466099,3466332,XAUUSD.u,SELL,STR S2,2,0.01,2026-08-25 03:38:18.538,2026-08-25 03:47:35.196,556.66,9m 16s,4669.72,4668.34,-1.38,1.38,1.38,0.0,0.0,1.38,1,TRAILING_STOP,[sl 4668.34],4668.34,0.0,3015.64,2015.64,Tuesday,3,2026-08-25
677,9660095,3466130,3466758,XAUUSD.u,SELL,STR S3,3,0.01,2026-08-25 03:40:02.164,2026-08-25 03:55:49.184,947.02,15m 47s,4668.16,4662.87,-5.29,5.29,5.29,0.0,0.0,5.29,1,TRAILING_STOP,[sl 4662.87],4662.87,0.0,3020.93,2020.93,Tuesday,3,2026-08-25
678,9660259,3466188,3466257,XAUUSD.u,SELL,STR S1,1,0.01,2026-08-25 03:41:12.454,2026-08-25 03:46:43.221,330.77,5m 30s,4671.28,4671.11,-0.17,0.17,0.17,0.0,0.0,0.17,1,TRAILING_STOP,[sl 4671.11],4671.11,0.0,3021.1,2021.1,Tuesday,3,2026-08-25
679,9660333,3466258,3466325,XAUUSD.u,SELL,STR S1,1,0.01,2026-08-25 03:46:44.278,2026-08-25 03:47:29.245,44.97,44s,4671.28,4666.79,-4.49,4.49,4.49,0.0,0.0,4.49,1,TRAILING_STOP,[sl 4666.79],4666.79,0.0,3025.59,2025.59,Tuesday,3,2026-08-25
680,9660097,3466270,3466759,XAUUSD.u,SELL,STR S4,4,0.01,2026-08-25 03:47:13.373,2026-08-25 03:55:49.184,515.81,8m 35s,4666.6,4662.83,-3.77,3.77,3.77,0.0,0.0,3.77,1,TRAILING_STOP,[sl 4662.83],4662.83,0.0,3029.36,2029.36,Tuesday,3,2026-08-25
681,9660090,3466390,3466965,XAUUSD.u,BUY,STR B1,1,0.01,2026-08-25 03:48:43.294,2026-08-25 03:59:03.161,619.87,10m 19s,4674.4,4658.15,-16.25,-16.25,-16.25,0.0,0.0,-16.25,0,BASKET_CLOSE,STR CLOSE,,,3013.11,2013.11,Tuesday,3,2026-08-25
682,9660453,3466444,3466569,XAUUSD.u,SELL,STR S1,1,0.01,2026-08-25 03:50:19.160,2026-08-25 03:51:13.270,54.11,54s,4671.28,4667.85,-3.43,3.43,3.43,0.0,0.0,3.43,1,TRAILING_STOP,[sl 4667.85],4667.85,0.0,3016.54,2016.54,Tuesday,3,2026-08-25
683,9660418,3466453,3466575,XAUUSD.u,SELL,STR S2,2,0.01,2026-08-25 03:50:19.748,2026-08-25 03:51:24.538,64.79,1m 4s,4669.72,4669.38,-0.34,0.34,0.34,0.0,0.0,0.34,1,TRAILING_STOP,[sl 4669.38],4669.38,0.0,3016.88,2016.88,Tuesday,3,2026-08-25
684,9660654,3466579,3466700,XAUUSD.u,SELL,STR S2,2,0.01,2026-08-25 03:51:26.432,2026-08-25 03:54:42.170,195.74,3m 15s,4669.72,4665.33,-4.39,4.39,4.39,0.0,0.0,4.39,1,TRAILING_STOP,[sl 4665.33],4665.33,0.0,3021.27,2021.27,Tuesday,3,2026-08-25
685,9660099,3466668,3466964,XAUUSD.u,SELL,STR S5,5,0.01,2026-08-25 03:54:32.248,2026-08-25 03:59:03.049,270.8,4m 30s,4665.04,4658.16,-6.88,6.88,6.88,0.0,0.0,6.88,1,BASKET_CLOSE,STR CLOSE,,,3028.15,2028.15,Tuesday,3,2026-08-25
686,9660101,3466726,3466963,XAUUSD.u,SELL,STR S6,6,0.01,2026-08-25 03:55:30.779,2026-08-25 03:59:02.937,212.16,3m 32s,4663.48,4658.08,-5.4,5.4,5.4,0.0,0.0,5.4,1,BASKET_CLOSE,STR CLOSE,,,3033.55,2033.55,Tuesday,3,2026-08-25
687,9660103,3466740,3466962,XAUUSD.u,SELL,STR S7,7,0.01,2026-08-25 03:55:34.188,2026-08-25 03:59:02.825,208.64,3m 28s,4661.92,4658.01,-3.91,3.91,3.91,0.0,0.0,3.91,1,BASKET_CLOSE,STR CLOSE,,,3037.46,2037.46,Tuesday,3,2026-08-25
688,9660105,3466828,3466961,XAUUSD.u,SELL,STR S8,8,0.01,2026-08-25 03:58:45.971,2026-08-25 03:59:02.712,16.74,16s,4660.36,4658.01,-2.35,2.35,2.35,0.0,0.0,2.35,1,BASKET_CLOSE,STR CLOSE,,,3039.81,2039.81,Tuesday,3,2026-08-25
689,9660108,3466937,3466960,XAUUSD.u,SELL,STR S9,9,0.01,2026-08-25 03:58:56.552,2026-08-25 03:59:02.600,6.05,6s,4658.8,4658.23,-0.57,0.57,0.57,0.0,0.0,0.57,1,BASKET_CLOSE,STR CLOSE,,,3040.38,2040.38,Tuesday,3,2026-08-25
690,9661035,3467058,3467323,XAUUSD.u,SELL,STR S1,1,0.01,2026-08-25 04:00:23.355,2026-08-25 04:04:14.214,230.86,3m 50s,4656.35,4652.24,-4.11,4.11,4.11,0.0,0.0,4.11,1,TRAILING_STOP,[sl 4652.24],4652.24,0.0,3044.49,2044.49,Tuesday,4,2026-08-25
691,9661034,3467081,3467468,XAUUSD.u,BUY,STR B1,1,0.01,2026-08-25 04:01:05.029,2026-08-25 04:06:05.279,300.25,5m 0s,4659.45,4642.56,-16.89,-16.89,-16.89,0.0,0.0,-16.89,0,BASKET_CLOSE,STR CLOSE,,,3027.6,2027.6,Tuesday,4,2026-08-25
692,9661036,3467091,3467467,XAUUSD.u,BUY,STR B2,2,0.01,2026-08-25 04:01:17.849,2026-08-25 04:06:05.167,287.32,4m 47s,4661.0,4642.78,-18.22,-18.22,-18.22,0.0,0.0,-18.22,0,BASKET_CLOSE,STR CLOSE,,,3009.38,2009.38,Tuesday,4,2026-08-25
693,9661037,3467233,3467466,XAUUSD.u,SELL,STR S2,2,0.01,2026-08-25 04:03:03.297,2026-08-25 04:06:05.054,181.76,3m 1s,4654.8,4642.66,-12.14,12.14,12.14,0.0,0.0,12.14,1,BASKET_CLOSE,STR CLOSE,,,3021.52,2021.52,Tuesday,4,2026-08-25
694,9661039,3467264,3467465,XAUUSD.u,SELL,STR S3,3,0.01,2026-08-25 04:03:34.796,2026-08-25 04:06:04.942,150.15,2m 30s,4653.25,4642.69,-10.56,10.56,10.56,0.0,0.0,10.56,1,BASKET_CLOSE,STR CLOSE,,,3032.08,2032.08,Tuesday,4,2026-08-25
695,9661041,3467295,3467464,XAUUSD.u,SELL,STR S4,4,0.01,2026-08-25 04:03:49.469,2026-08-25 04:06:04.830,135.36,2m 15s,4651.7,4642.67,-9.03,9.03,9.03,0.0,0.0,9.03,1,BASKET_CLOSE,STR CLOSE,,,3041.11,2041.11,Tuesday,4,2026-08-25
696,9661043,3467340,3467463,XAUUSD.u,SELL,STR S5,5,0.01,2026-08-25 04:05:12.186,2026-08-25 04:06:04.718,52.53,52s,4650.15,4642.73,-7.42,7.42,7.42,0.0,0.0,7.42,1,BASKET_CLOSE,STR CLOSE,,,3048.53,2048.53,Tuesday,4,2026-08-25
697,9661045,3467369,3467462,XAUUSD.u,SELL,STR S6,6,0.01,2026-08-25 04:05:22.825,2026-08-25 04:06:04.605,41.78,41s,4648.6,4642.6,-6.0,6.0,6.0,0.0,0.0,6.0,1,BASKET_CLOSE,STR CLOSE,,,3054.53,2054.53,Tuesday,4,2026-08-25
698,9661047,3467391,3467460,XAUUSD.u,SELL,STR S7,7,0.01,2026-08-25 04:05:27.412,2026-08-25 04:06:04.493,37.08,37s,4647.05,4642.72,-4.33,4.33,4.33,0.0,0.0,4.33,1,BASKET_CLOSE,STR CLOSE,,,3058.86,2058.86,Tuesday,4,2026-08-25
699,9661049,3467420,3467458,XAUUSD.u,SELL,STR S8,8,0.01,2026-08-25 04:05:55.725,2026-08-25 04:06:04.381,8.66,8s,4645.5,4642.86,-2.64,2.64,2.64,0.0,0.0,2.64,1,BASKET_CLOSE,STR CLOSE,,,3061.5,2061.5,Tuesday,4,2026-08-25
700,9661051,3467430,3467457,XAUUSD.u,SELL,STR S9,9,0.01,2026-08-25 04:05:58.666,2026-08-25 04:06:04.268,5.6,5s,4643.95,4642.94,-1.01,1.01,1.01,0.0,0.0,1.01,1,BASKET_CLOSE,STR CLOSE,,,3062.51,2062.51,Tuesday,4,2026-08-25
701,9661053,3467433,3467456,XAUUSD.u,SELL,STR S10,10,0.01,2026-08-25 04:05:58.666,2026-08-25 04:06:04.155,5.49,5s,4642.4,4643.29,0.89,-0.89,-0.89,0.0,0.0,-0.89,0,BASKET_CLOSE,STR CLOSE,,,3061.62,2061.62,Tuesday,4,2026-08-25
702,9661580,3467488,3468449,XAUUSD.u,BUY,STR B1,1,0.01,2026-08-25 04:06:39.193,2026-08-25 04:22:43.931,964.74,16m 4s,4643.48,4653.54,10.06,10.06,10.06,0.0,0.0,10.06,1,TRAILING_STOP,[sl 4653.54],4653.54,0.0,3071.68,2071.68,Tuesday,4,2026-08-25
703,9661581,3467497,3469780,XAUUSD.u,SELL,STR S1,1,0.01,2026-08-25 04:06:58.671,2026-08-25 04:44:50.984,2272.31,37m 52s,4640.38,4632.69,-7.69,7.69,7.69,0.0,0.0,7.69,1,TRAILING_STOP,[sl 4632.69],4632.69,0.0,3079.37,2079.37,Tuesday,4,2026-08-25
704,9661582,3467526,3468450,XAUUSD.u,BUY,STR B2,2,0.01,2026-08-25 04:07:34.106,2026-08-25 04:22:43.931,909.83,15m 9s,4645.03,4653.54,8.51,8.51,8.51,0.0,0.0,8.51,1,TRAILING_STOP,[sl 4653.54],4653.54,0.0,3087.88,2087.88,Tuesday,4,2026-08-25
705,9661583,3467802,3469781,XAUUSD.u,SELL,STR S2,2,0.01,2026-08-25 04:13:56.186,2026-08-25 04:44:50.984,1854.8,30m 54s,4638.83,4632.69,-6.14,6.14,6.14,0.0,0.0,6.14,1,TRAILING_STOP,[sl 4632.69],4632.69,0.0,3094.02,2094.02,Tuesday,4,2026-08-25
706,9661584,3467853,3468451,XAUUSD.u,BUY,STR B3,3,0.01,2026-08-25 04:16:59.441,2026-08-25 04:22:43.931,344.49,5m 44s,4646.58,4653.54,6.96,6.96,6.96,0.0,0.0,6.96,1,TRAILING_STOP,[sl 4653.54],4653.54,0.0,3100.98,2100.98,Tuesday,4,2026-08-25
707,9661586,3467904,3468452,XAUUSD.u,BUY,STR B4,4,0.01,2026-08-25 04:18:16.838,2026-08-25 04:22:43.931,267.09,4m 27s,4648.13,4653.54,5.41,5.41,5.41,0.0,0.0,5.41,1,TRAILING_STOP,[sl 4653.54],4653.54,0.0,3106.39,2106.39,Tuesday,4,2026-08-25
708,9661588,3468038,3468453,XAUUSD.u,BUY,STR B5,5,0.01,2026-08-25 04:19:27.860,2026-08-25 04:22:43.931,196.07,3m 16s,4649.68,4653.54,3.86,3.86,3.86,0.0,0.0,3.86,1,TRAILING_STOP,[sl 4653.54],4653.54,0.0,3110.25,2110.25,Tuesday,4,2026-08-25
709,9661590,3468166,3468646,XAUUSD.u,BUY,STR B6,6,0.01,2026-08-25 04:20:40.805,2026-08-25 04:30:01.206,560.4,9m 20s,4651.23,4655.39,4.16,4.16,4.16,0.0,0.0,4.16,1,TRAILING_STOP,[sl 4655.39],4655.39,0.0,3114.41,2114.41,Tuesday,4,2026-08-25
710,9661592,3468282,3468652,XAUUSD.u,BUY,STR B7,7,0.01,2026-08-25 04:21:06.545,2026-08-25 04:30:01.745,535.2,8m 55s,4652.78,4653.84,1.06,1.06,1.06,0.0,0.0,1.06,1,TRAILING_STOP,[sl 4653.84],4653.84,0.0,3115.47,2115.47,Tuesday,4,2026-08-25
711,9661594,3468372,3477828,XAUUSD.u,BUY,STR B8,8,0.01,2026-08-25 04:22:03.094,2026-08-25 07:32:15.196,11412.1,3h 10m 12s,4654.33,4640.21,-14.12,-14.12,-14.12,0.0,0.0,-14.12,0,BASKET_CLOSE,STR CLOSE,,,3101.35,2101.35,Tuesday,4,2026-08-25
712,9661597,3468487,3477827,XAUUSD.u,BUY,STR B9,9,0.01,2026-08-25 04:24:35.423,2026-08-25 07:32:15.083,11259.66,3h 7m 39s,4655.88,4640.19,-15.69,-15.69,-15.69,0.0,0.0,-15.69,0,BASKET_CLOSE,STR CLOSE,,,3085.66,2085.66,Tuesday,4,2026-08-25
713,9662826,3468688,3477825,XAUUSD.u,BUY,STR B7,7,0.01,2026-08-25 04:30:07.658,2026-08-25 07:32:14.859,10927.2,3h 2m 7s,4652.78,4640.26,-12.52,-12.52,-12.52,0.0,0.0,-12.52,0,BASKET_CLOSE,STR CLOSE,,,3073.14,2073.14,Tuesday,4,2026-08-25
714,9662864,3468727,3468851,XAUUSD.u,BUY,STR B6,6,0.01,2026-08-25 04:30:29.766,2026-08-25 04:31:28.219,58.45,58s,4651.23,4651.58,0.35,0.35,0.35,0.0,0.0,0.35,1,TRAILING_STOP,[sl 4651.58],4651.58,0.0,3073.49,2073.49,Tuesday,4,2026-08-25
715,9663087,3468951,3477824,XAUUSD.u,BUY,STR B6,6,0.01,2026-08-25 04:32:41.628,2026-08-25 07:32:14.745,10773.12,2h 59m 33s,4651.23,4640.35,-10.88,-10.88,-10.88,0.0,0.0,-10.88,0,BASKET_CLOSE,STR CLOSE,,,3062.61,2062.61,Tuesday,4,2026-08-25
716,9663128,3468990,3477823,XAUUSD.u,BUY,STR B4,4,0.01,2026-08-25 04:32:47.841,2026-08-25 07:32:14.633,10766.79,2h 59m 26s,4648.13,4639.9,-8.23,-8.23,-8.23,0.0,0.0,-8.23,0,BASKET_CLOSE,STR CLOSE,,,3054.38,2054.38,Tuesday,4,2026-08-25
717,9663178,3469050,3477822,XAUUSD.u,BUY,STR B3,3,0.01,2026-08-25 04:33:09.836,2026-08-25 07:32:14.521,10744.68,2h 59m 4s,4646.58,4639.88,-6.7,-6.7,-6.7,0.0,0.0,-6.7,0,BASKET_CLOSE,STR CLOSE,,,3047.68,2047.68,Tuesday,4,2026-08-25
718,9663242,3469104,3477821,XAUUSD.u,BUY,STR B2,2,0.01,2026-08-25 04:33:48.677,2026-08-25 07:32:14.408,10705.73,2h 58m 25s,4645.03,4639.91,-5.12,-5.12,-5.12,0.0,0.0,-5.12,0,BASKET_CLOSE,STR CLOSE,,,3042.56,2042.56,Tuesday,4,2026-08-25
719,9663260,3469122,3469240,XAUUSD.u,BUY,STR B1,1,0.01,2026-08-25 04:33:52.431,2026-08-25 04:35:47.264,114.83,1m 54s,4643.48,4644.6,1.12,1.12,1.12,0.0,0.0,1.12,1,TRAILING_STOP,[sl 4644.60],4644.6,0.0,3043.68,2043.68,Tuesday,4,2026-08-25
720,9663390,3469253,3469576,XAUUSD.u,BUY,STR B1,1,0.01,2026-08-25 04:35:53.641,2026-08-25 04:43:15.175,441.53,7m 21s,4643.48,4644.46,0.98,0.98,0.98,0.0,0.0,0.98,1,TRAILING_STOP,[sl 4644.46],4644.46,0.0,3044.66,2044.66,Tuesday,4,2026-08-25
721,9663723,3469586,3477550,XAUUSD.u,BUY,STR B1,1,0.01,2026-08-25 04:43:20.468,2026-08-25 07:30:02.181,10001.71,2h 46m 41s,4643.48,4644.89,1.41,1.41,1.41,0.0,0.0,1.41,1,TRAILING_STOP,[sl 4644.89],4644.89,0.0,3046.07,2046.07,Tuesday,4,2026-08-25
722,9661585,3469707,3469782,XAUUSD.u,SELL,STR S3,3,0.01,2026-08-25 04:44:39.297,2026-08-25 04:44:50.984,11.69,11s,4637.28,4632.69,-4.59,4.59,4.59,0.0,0.0,4.59,1,TRAILING_STOP,[sl 4632.69],4632.69,0.0,3050.66,2050.66,Tuesday,4,2026-08-25
723,9661587,3469726,3469823,XAUUSD.u,SELL,STR S4,4,0.01,2026-08-25 04:44:42.707,2026-08-25 04:45:05.685,22.98,22s,4635.73,4631.82,-3.91,3.91,3.91,0.0,0.0,3.91,1,TRAILING_STOP,[sl 4631.82],4631.82,0.0,3054.57,2054.57,Tuesday,4,2026-08-25
724,9661589,3469742,3469835,XAUUSD.u,SELL,STR S5,5,0.01,2026-08-25 04:44:43.982,2026-08-25 04:45:20.218,36.24,36s,4634.18,4633.35,-0.83,0.83,0.83,0.0,0.0,0.83,1,TRAILING_STOP,[sl 4633.35],4633.35,0.0,3055.4,2055.4,Tuesday,4,2026-08-25
725,9661591,3469752,3470295,XAUUSD.u,SELL,STR S6,6,0.01,2026-08-25 04:44:44.282,2026-08-25 04:51:37.956,413.67,6m 53s,4632.63,4620.03,-12.6,12.6,12.6,0.0,0.0,12.6,1,TRAILING_STOP,[sl 4620.03],4620.03,0.0,3068.0,2068.0,Tuesday,4,2026-08-25
726,9661593,3469796,3470280,XAUUSD.u,SELL,STR S7,7,0.01,2026-08-25 04:45:00.004,2026-08-25 04:51:36.979,396.98,6m 36s,4631.08,4620.98,-10.1,10.1,10.1,0.0,0.0,10.1,1,TRAILING_STOP,[sl 4620.98],4620.98,0.0,3078.1,2078.1,Tuesday,4,2026-08-25
727,9664000,3469864,3470178,XAUUSD.u,SELL,STR S5,5,0.01,2026-08-25 04:46:22.599,2026-08-25 04:51:29.746,307.15,5m 7s,4634.18,4630.07,-4.11,4.11,4.11,0.0,0.0,4.11,1,TRAILING_STOP,[sl 4630.07],4630.07,0.0,3082.21,2082.21,Tuesday,4,2026-08-25
728,9664030,3469924,3470036,XAUUSD.u,SELL,STR S4,4,0.01,2026-08-25 04:47:36.533,2026-08-25 04:49:49.039,132.51,2m 12s,4635.73,4632.62,-3.11,3.11,3.11,0.0,0.0,3.11,1,TRAILING_STOP,[sl 4632.62],4632.62,0.0,3085.32,2085.32,Tuesday,4,2026-08-25
729,9664085,3469953,3470037,XAUUSD.u,SELL,STR S3,3,0.01,2026-08-25 04:48:30.371,2026-08-25 04:49:49.039,78.67,1m 18s,4637.28,4632.65,-4.63,4.63,4.63,0.0,0.0,4.63,1,TRAILING_STOP,[sl 4632.65],4632.65,0.0,3089.95,2089.95,Tuesday,4,2026-08-25
730,9664208,3470073,3470116,XAUUSD.u,SELL,STR S4,4,0.01,2026-08-25 04:50:21.156,2026-08-25 04:50:55.190,34.03,34s,4635.73,4635.23,-0.5,0.5,0.5,0.0,0.0,0.5,1,TRAILING_STOP,[sl 4635.23],4635.23,0.0,3090.45,2090.45,Tuesday,4,2026-08-25
731,9661595,3470162,3470281,XAUUSD.u,SELL,STR S8,8,0.01,2026-08-25 04:51:25.760,2026-08-25 04:51:36.979,11.22,11s,4629.53,4620.66,-8.87,8.87,8.87,0.0,0.0,8.87,1,TRAILING_STOP,[sl 4620.66],4620.66,0.0,3099.32,2099.32,Tuesday,4,2026-08-25
732,9661599,3470185,3470296,XAUUSD.u,SELL,STR S9,9,0.01,2026-08-25 04:51:34.147,2026-08-25 04:51:37.956,3.81,3s,4627.98,4619.83,-8.15,8.15,8.15,0.0,0.0,8.15,1,TRAILING_STOP,[sl 4619.83],4619.83,0.0,3107.47,2107.47,Tuesday,4,2026-08-25
733,9661601,3470192,3470297,XAUUSD.u,SELL,STR S10,10,0.01,2026-08-25 04:51:34.891,2026-08-25 04:51:37.956,3.06,3s,4626.43,4620.08,-6.35,6.35,6.35,0.0,0.0,6.35,1,TRAILING_STOP,[sl 4620.08],4620.08,0.0,3113.82,2113.82,Tuesday,4,2026-08-25
734,9661603,3470215,3470298,XAUUSD.u,SELL,STR S11,11,0.06,2026-08-25 04:51:35.919,2026-08-25 04:51:37.956,2.04,2s,4624.88,4620.16,-4.72,4.72,28.32,0.0,0.0,28.32,1,TRAILING_STOP,[sl 4620.16],4620.16,0.0,3142.14,2142.14,Tuesday,4,2026-08-25
735,9661605,3470244,3470307,XAUUSD.u,SELL,STR S12,12,0.06,2026-08-25 04:51:36.088,2026-08-25 04:51:41.155,5.07,5s,4623.33,4622.0,-1.33,1.33,7.98,0.0,0.0,7.98,1,TRAILING_STOP,[sl 4622.00],4622.0,0.0,3150.12,2150.12,Tuesday,4,2026-08-25
736,9661609,3470261,3477326,XAUUSD.u,SELL,STR S14,14,0.03,2026-08-25 04:51:36.501,2026-08-25 07:23:36.938,9120.44,2h 32m 0s,4620.23,4643.93,23.7,-23.7,-71.1,0.0,0.0,-71.1,0,MANUAL/OTHER,,,,3079.02,2079.02,Tuesday,4,2026-08-25
737,9661609,3470261,3477826,XAUUSD.u,SELL,STR S14,14,0.03,2026-08-25 04:51:36.501,2026-08-25 07:32:14.971,9638.47,2h 40m 38s,4620.23,4640.31,20.08,-20.08,-60.24,0.0,0.0,-60.24,0,BASKET_CLOSE,STR CLOSE,,,3018.78,2018.78,Tuesday,4,2026-08-25
738,9664483,3470371,3470394,XAUUSD.u,SELL,STR S10,10,0.01,2026-08-25 04:52:30.536,2026-08-25 04:53:10.202,39.67,39s,4626.43,4623.2,-3.23,3.23,3.23,0.0,0.0,3.23,1,TRAILING_STOP,[sl 4623.20],4623.2,0.0,3022.01,2022.01,Tuesday,4,2026-08-25
739,9664472,3470384,3470395,XAUUSD.u,SELL,STR S11,11,0.06,2026-08-25 04:52:50.096,2026-08-25 04:53:10.242,20.15,20s,4624.88,4624.73,-0.15,0.15,0.9,0.0,0.0,0.9,1,TRAILING_STOP,[sl 4624.73],4624.73,0.0,3022.91,2022.91,Tuesday,4,2026-08-25
740,9664509,3470414,3470538,XAUUSD.u,SELL,STR S10,10,0.01,2026-08-25 04:53:15.347,2026-08-25 04:58:12.424,297.08,4m 57s,4626.43,4622.62,-3.81,3.81,3.81,0.0,0.0,3.81,1,TRAILING_STOP,[sl 4622.62],4622.62,0.0,3026.72,2026.72,Tuesday,4,2026-08-25
741,9664541,3470429,3470539,XAUUSD.u,SELL,STR S9,9,0.01,2026-08-25 04:53:38.673,2026-08-25 04:58:12.424,273.75,4m 33s,4627.98,4622.62,-5.36,5.36,5.36,0.0,0.0,5.36,1,TRAILING_STOP,[sl 4622.62],4622.62,0.0,3032.08,2032.08,Tuesday,4,2026-08-25
742,9664507,3470505,3470544,XAUUSD.u,SELL,STR S11,11,0.06,2026-08-25 04:57:42.590,2026-08-25 04:58:17.061,34.47,34s,4624.88,4624.14,-0.74,0.74,4.44,0.0,0.0,4.44,1,TRAILING_STOP,[sl 4624.14],4624.14,0.0,3036.52,2036.52,Tuesday,4,2026-08-25
743,9664677,3470557,3477328,XAUUSD.u,SELL,STR S11,11,0.03,2026-08-25 04:59:16.873,2026-08-25 07:23:46.450,8669.58,2h 24m 29s,4624.88,4644.01,19.13,-19.13,-57.39,0.0,0.0,-57.39,0,MANUAL/OTHER,,,,2979.13,1979.13,Tuesday,4,2026-08-25
744,9664677,3470557,3477820,XAUUSD.u,SELL,STR S11,11,0.03,2026-08-25 04:59:16.873,2026-08-25 07:32:14.295,9177.42,2h 32m 57s,4624.88,4639.97,15.09,-15.09,-45.27,0.0,0.0,-45.27,0,BASKET_CLOSE,STR CLOSE,,,2933.86,1933.86,Tuesday,4,2026-08-25
745,9664689,3470571,3470695,XAUUSD.u,SELL,STR S9,9,0.01,2026-08-25 04:59:52.157,2026-08-25 05:04:16.675,264.52,4m 24s,4627.98,4623.91,-4.07,4.07,4.07,0.0,0.0,4.07,1,TRAILING_STOP,[sl 4623.91],4623.91,0.0,2937.93,1937.93,Tuesday,4,2026-08-25
746,9664693,3470576,3470696,XAUUSD.u,SELL,STR S8,8,0.01,2026-08-25 05:00:01.865,2026-08-25 05:04:16.676,254.81,4m 14s,4629.53,4623.99,-5.54,5.54,5.54,0.0,0.0,5.54,1,TRAILING_STOP,[sl 4623.99],4623.99,0.0,2943.47,1943.47,Tuesday,5,2026-08-25
747,9664743,3470622,3470662,XAUUSD.u,SELL,STR S7,7,0.01,2026-08-25 05:00:55.332,2026-08-25 05:03:11.324,135.99,2m 15s,4631.08,4626.67,-4.41,4.41,4.41,0.0,0.0,4.41,1,TRAILING_STOP,[sl 4626.67],4626.67,0.0,2947.88,1947.88,Tuesday,5,2026-08-25
748,9664688,3470650,3470749,XAUUSD.u,SELL,STR S10,10,0.01,2026-08-25 05:03:05.665,2026-08-25 05:05:10.254,124.59,2m 4s,4626.43,4625.48,-0.95,0.95,0.95,0.0,0.0,0.95,1,TRAILING_STOP,[sl 4625.48],4625.48,0.0,2948.83,1948.83,Tuesday,5,2026-08-25
749,9664878,3470770,3474383,XAUUSD.u,SELL,STR S9,9,0.01,2026-08-25 05:05:22.101,2026-08-25 06:43:46.178,5904.08,1h 38m 24s,4627.98,4627.01,-0.97,0.97,0.97,0.0,0.0,0.97,1,TRAILING_STOP,[sl 4627.01],4627.01,0.0,2949.8,1949.8,Tuesday,5,2026-08-25
750,9664902,3470781,3473956,XAUUSD.u,SELL,STR S8,8,0.01,2026-08-25 05:05:50.523,2026-08-25 06:34:50.329,5339.81,1h 28m 59s,4629.53,4629.43,-0.1,0.1,0.1,0.0,0.0,0.1,1,TRAILING_STOP,[sl 4629.43],4629.43,0.0,2949.9,1949.9,Tuesday,5,2026-08-25
751,9664929,3470807,3473806,XAUUSD.u,SELL,STR S6,6,0.01,2026-08-25 05:06:44.089,2026-08-25 06:32:14.743,5130.65,1h 25m 30s,4632.63,4632.14,-0.49,0.49,0.49,0.0,0.0,0.49,1,TRAILING_STOP,[sl 4632.14],4632.14,0.0,2950.39,1950.39,Tuesday,5,2026-08-25
752,9665008,3470889,3472869,XAUUSD.u,SELL,STR S5,5,0.01,2026-08-25 05:07:22.017,2026-08-25 06:03:30.873,3368.86,56m 8s,4634.18,4634.15,-0.03,0.03,0.03,0.0,0.0,0.03,1,TRAILING_STOP,[sl 4634.15],4634.15,0.0,2950.42,1950.42,Tuesday,5,2026-08-25
753,9665046,3470930,3471251,XAUUSD.u,SELL,STR S4,4,0.01,2026-08-25 05:08:00.176,2026-08-25 05:16:05.558,485.38,8m 5s,4635.73,4635.05,-0.68,0.68,0.68,0.0,0.0,0.68,1,TRAILING_STOP,[sl 4635.05],4635.05,0.0,2951.1,1951.1,Tuesday,5,2026-08-25
754,9665080,3470963,3471189,XAUUSD.u,SELL,STR S3,3,0.01,2026-08-25 05:09:12.674,2026-08-25 05:13:30.670,258.0,4m 17s,4637.28,4636.87,-0.41,0.41,0.41,0.0,0.0,0.41,1,TRAILING_STOP,[sl 4636.87],4636.87,0.0,2951.51,1951.51,Tuesday,5,2026-08-25
755,9665414,3471254,3472361,XAUUSD.u,SELL,STR S4,4,0.01,2026-08-25 05:16:08.706,2026-08-25 05:47:38.669,1889.96,31m 29s,4635.73,4634.89,-0.84,0.84,0.84,0.0,0.0,0.84,1,TRAILING_STOP,[sl 4634.89],4634.89,0.0,2952.35,1952.35,Tuesday,5,2026-08-25
756,9665826,3471665,3472359,XAUUSD.u,SELL,STR S3,3,0.01,2026-08-25 05:25:42.220,2026-08-25 05:47:29.657,1307.44,21m 47s,4637.28,4633.35,-3.93,3.93,3.93,0.0,0.0,3.93,1,TRAILING_STOP,[sl 4633.35],4633.35,0.0,2956.28,1956.28,Tuesday,5,2026-08-25
757,9666068,3471821,3472224,XAUUSD.u,SELL,STR S1,1,0.01,2026-08-25 05:33:09.070,2026-08-25 05:41:16.328,487.26,8m 7s,4640.38,4635.73,-4.65,4.65,4.65,0.0,0.0,4.65,1,TRAILING_STOP,[sl 4635.73],4635.73,0.0,2960.93,1960.93,Tuesday,5,2026-08-25
758,9665971,3472086,3472223,XAUUSD.u,SELL,STR S2,2,0.01,2026-08-25 05:39:02.865,2026-08-25 05:41:16.328,133.46,2m 13s,4638.83,4635.73,-3.1,3.1,3.1,0.0,0.0,3.1,1,TRAILING_STOP,[sl 4635.73],4635.73,0.0,2964.03,1964.03,Tuesday,5,2026-08-25
759,9667032,3472625,3472825,XAUUSD.u,SELL,STR S4,4,0.01,2026-08-25 05:56:12.885,2026-08-25 06:01:16.219,303.33,5m 3s,4635.73,4632.61,-3.12,3.12,3.12,0.0,0.0,3.12,1,TRAILING_STOP,[sl 4632.61],4632.61,0.0,2967.15,1967.15,Tuesday,5,2026-08-25
760,9664917,3472786,3473941,XAUUSD.u,SELL,STR S7,7,0.01,2026-08-25 06:00:42.597,2026-08-25 06:34:40.134,2037.54,33m 57s,4631.08,4627.89,-3.19,3.19,3.19,0.0,0.0,3.19,1,TRAILING_STOP,[sl 4627.89],4627.89,0.0,2970.34,1970.34,Tuesday,6,2026-08-25
761,9667308,3472904,3473705,XAUUSD.u,SELL,STR S4,4,0.01,2026-08-25 06:04:12.410,2026-08-25 06:27:00.532,1368.12,22m 48s,4635.73,4631.12,-4.61,4.61,4.61,0.0,0.0,4.61,1,TRAILING_STOP,[sl 4631.12],4631.12,0.0,2974.95,1974.95,Tuesday,6,2026-08-25
762,9667616,3473210,3473527,XAUUSD.u,SELL,STR S3,3,0.01,2026-08-25 06:13:27.002,2026-08-25 06:23:40.106,613.1,10m 13s,4637.28,4632.71,-4.57,4.57,4.57,0.0,0.0,4.57,1,TRAILING_STOP,[sl 4632.71],4632.71,0.0,2979.52,1979.52,Tuesday,6,2026-08-25
763,9667272,3473325,3473757,XAUUSD.u,SELL,STR S5,5,0.01,2026-08-25 06:18:35.943,2026-08-25 06:29:33.110,657.17,10m 57s,4634.18,4630.61,-3.57,3.57,3.57,0.0,0.0,3.57,1,TRAILING_STOP,[sl 4630.61],4630.61,0.0,2983.09,1983.09,Tuesday,6,2026-08-25
764,9668239,3473810,3473942,XAUUSD.u,SELL,STR S6,6,0.01,2026-08-25 06:32:16.966,2026-08-25 06:34:40.134,143.17,2m 23s,4632.63,4627.89,-4.74,4.74,4.74,0.0,0.0,4.74,1,TRAILING_STOP,[sl 4627.89],4627.89,0.0,2987.83,1987.83,Tuesday,6,2026-08-25
765,9664872,3473900,3477819,XAUUSD.u,SELL,STR S10,10,0.01,2026-08-25 06:34:26.210,2026-08-25 07:32:14.182,3467.97,57m 47s,4626.43,4639.94,13.51,-13.51,-13.51,0.0,0.0,-13.51,0,BASKET_CLOSE,STR CLOSE,,,2974.32,1974.32,Tuesday,6,2026-08-25
766,9668380,3473974,3474191,XAUUSD.u,SELL,STR S8,8,0.01,2026-08-25 06:35:08.588,2026-08-25 06:42:11.047,422.46,7m 2s,4629.53,4625.47,-4.06,4.06,4.06,0.0,0.0,4.06,1,TRAILING_STOP,[sl 4625.47],4625.47,0.0,2978.38,1978.38,Tuesday,6,2026-08-25
767,9668399,3473984,3474192,XAUUSD.u,SELL,STR S7,7,0.01,2026-08-25 06:35:21.033,2026-08-25 06:42:11.047,410.01,6m 50s,4631.08,4625.47,-5.61,5.61,5.61,0.0,0.0,5.61,1,TRAILING_STOP,[sl 4625.47],4625.47,0.0,2983.99,1983.99,Tuesday,6,2026-08-25
768,9669264,3474852,3475609,XAUUSD.u,SELL,STR S9,9,0.01,2026-08-25 06:52:47.625,2026-08-25 07:01:37.768,530.14,8m 50s,4627.98,4627.26,-0.72,0.72,0.72,0.0,0.0,0.72,1,TRAILING_STOP,[sl 4627.26],4627.26,0.0,2984.71,1984.71,Tuesday,6,2026-08-25
769,9670031,3475625,3477818,XAUUSD.u,SELL,STR S9,9,0.01,2026-08-25 07:01:40.892,2026-08-25 07:32:14.070,1833.18,30m 33s,4627.98,4639.96,11.98,-11.98,-11.98,0.0,0.0,-11.98,0,BASKET_CLOSE,STR CLOSE,,,2972.73,1972.73,Tuesday,7,2026-08-25
770,9670922,3476522,3477817,XAUUSD.u,SELL,STR S5,5,0.01,2026-08-25 07:06:08.966,2026-08-25 07:32:13.958,1564.99,26m 4s,4634.18,4639.68,5.5,-5.5,-5.5,0.0,0.0,-5.5,0,BASKET_CLOSE,STR CLOSE,,,2967.23,1967.23,Tuesday,7,2026-08-25
771,9670979,3476569,3477816,XAUUSD.u,SELL,STR S4,4,0.01,2026-08-25 07:06:55.016,2026-08-25 07:32:13.846,1518.83,25m 18s,4635.73,4639.68,3.95,-3.95,-3.95,0.0,0.0,-3.95,0,BASKET_CLOSE,STR CLOSE,,,2963.28,1963.28,Tuesday,7,2026-08-25
772,9671068,3476671,3476820,XAUUSD.u,SELL,STR S2,2,0.01,2026-08-25 07:07:43.179,2026-08-25 07:11:11.223,208.04,3m 28s,4638.83,4637.93,-0.9,0.9,0.9,0.0,0.0,0.9,1,TRAILING_STOP,[sl 4637.93],4637.93,0.0,2964.18,1964.18,Tuesday,7,2026-08-25
773,9671033,3476732,3477815,XAUUSD.u,SELL,STR S3,3,0.01,2026-08-25 07:07:56.115,2026-08-25 07:32:13.733,1457.62,24m 17s,4637.28,4639.78,2.5,-2.5,-2.5,0.0,0.0,-2.5,0,BASKET_CLOSE,STR CLOSE,,,2961.68,1961.68,Tuesday,7,2026-08-25
774,9671207,3476845,3477814,XAUUSD.u,SELL,STR S2,2,0.01,2026-08-25 07:12:50.175,2026-08-25 07:32:13.620,1163.44,19m 23s,4638.83,4639.84,1.01,-1.01,-1.01,0.0,0.0,-1.01,0,BASKET_CLOSE,STR CLOSE,,,2960.67,1960.67,Tuesday,7,2026-08-25
775,9671323,3476977,3477813,XAUUSD.u,SELL,STR S1,1,0.01,2026-08-25 07:16:02.351,2026-08-25 07:32:13.508,971.16,16m 11s,4640.38,4639.82,-0.56,0.56,0.56,0.0,0.0,0.56,1,BASKET_CLOSE,STR CLOSE,,,2961.23,1961.23,Tuesday,7,2026-08-25
776,9671922,3477580,3477812,XAUUSD.u,BUY,STR B1,1,0.01,2026-08-25 07:30:13.666,2026-08-25 07:32:13.396,119.73,1m 59s,4643.48,4639.74,-3.74,-3.74,-3.74,0.0,0.0,-3.74,0,BASKET_CLOSE,STR CLOSE,,,2957.49,1957.49,Tuesday,7,2026-08-25
777,9672210,3477878,3478089,XAUUSD.u,BUY,STR B1,1,0.01,2026-08-25 07:33:03.163,2026-08-25 07:36:40.011,216.85,3m 36s,4642.03,4643.52,1.49,1.49,1.49,0.0,0.0,1.49,1,TRAILING_STOP,[sl 4643.52],4643.52,0.0,2958.98,1958.98,Tuesday,7,2026-08-25
778,9672212,3477937,3480526,XAUUSD.u,BUY,STR B2,2,0.01,2026-08-25 07:34:02.372,2026-08-25 08:08:41.653,2079.28,34m 39s,4643.58,4647.02,3.44,3.44,3.44,0.0,0.0,3.44,1,TRAILING_STOP,[sl 4647.02],4647.02,0.0,2962.42,1962.42,Tuesday,7,2026-08-25
779,9672216,3478005,3481492,XAUUSD.u,BUY,STR B3,3,0.01,2026-08-25 07:35:27.978,2026-08-25 08:10:37.656,2109.68,35m 9s,4645.13,4648.55,3.42,3.42,3.42,0.0,0.0,3.42,1,TRAILING_STOP,[sl 4648.55],4648.55,0.0,2965.84,1965.84,Tuesday,7,2026-08-25
780,9672220,3478071,3481668,XAUUSD.u,BUY,STR B4,4,0.01,2026-08-25 07:36:19.828,2026-08-25 08:15:40.850,2361.02,39m 21s,4646.68,4647.46,0.78,0.78,0.78,0.0,0.0,0.78,1,TRAILING_STOP,[sl 4647.46],4647.46,0.0,2966.62,1966.62,Tuesday,7,2026-08-25
781,9672718,3478291,3479800,XAUUSD.u,BUY,STR B1,1,0.01,2026-08-25 07:40:31.061,2026-08-25 07:58:29.284,1078.22,17m 58s,4642.03,4643.0,0.97,0.97,0.97,0.0,0.0,0.97,1,TRAILING_STOP,[sl 4643.00],4643.0,0.0,2967.59,1967.59,Tuesday,7,2026-08-25
782,9672211,3478486,3486031,XAUUSD.u,SELL,STR S1,1,0.01,2026-08-25 07:42:43.159,2026-08-25 09:30:34.856,6471.7,1h 47m 51s,4638.93,4637.47,-1.46,1.46,1.46,0.0,0.0,1.46,1,TRAILING_STOP,[sl 4637.47],4637.47,0.0,2969.05,1969.05,Tuesday,7,2026-08-25
783,9672215,3478882,3486949,XAUUSD.u,SELL,STR S2,2,0.01,2026-08-25 07:49:07.829,2026-08-25 09:40:10.237,6662.41,1h 51m 2s,4637.38,4637.12,-0.26,0.26,0.26,0.0,0.0,0.26,1,TRAILING_STOP,[sl 4637.12],4637.12,0.0,2969.31,1969.31,Tuesday,7,2026-08-25
784,9674194,3479817,3480527,XAUUSD.u,BUY,STR B1,1,0.01,2026-08-25 07:58:38.160,2026-08-25 08:08:41.653,603.49,10m 3s,4642.03,4647.02,4.99,4.99,4.99,0.0,0.0,4.99,1,TRAILING_STOP,[sl 4647.02],4647.02,0.0,2974.3,1974.3,Tuesday,7,2026-08-25
785,9672222,3480365,3482272,XAUUSD.u,BUY,STR B5,5,0.01,2026-08-25 08:07:35.264,2026-08-25 08:27:02.154,1166.89,19m 26s,4648.23,4651.96,3.73,3.73,3.73,0.0,0.0,3.73,1,TRAILING_STOP,[sl 4651.96],4651.96,0.0,2978.03,1978.03,Tuesday,8,2026-08-25
786,9672224,3481334,3482328,XAUUSD.u,BUY,STR B6,6,0.01,2026-08-25 08:10:25.865,2026-08-25 08:29:00.406,1114.54,18m 34s,4649.78,4650.41,0.63,0.63,0.63,0.0,0.0,0.63,1,TRAILING_STOP,[sl 4650.41],4650.41,0.0,2978.66,1978.66,Tuesday,8,2026-08-25
787,9676156,3481843,3482101,XAUUSD.u,BUY,STR B4,4,0.01,2026-08-25 08:21:01.800,2026-08-25 08:23:53.286,171.49,2m 51s,4646.68,4650.0,3.32,3.32,3.32,0.0,0.0,3.32,1,TRAILING_STOP,[sl 4650.00],4650.0,0.0,2981.98,1981.98,Tuesday,8,2026-08-25
788,9676678,3482387,3482666,XAUUSD.u,BUY,STR B6,6,0.01,2026-08-25 08:30:15.993,2026-08-25 08:36:57.843,401.85,6m 41s,4649.78,4650.46,0.68,0.68,0.68,0.0,0.0,0.68,1,TRAILING_STOP,[sl 4650.46],4650.46,0.0,2982.66,1982.66,Tuesday,8,2026-08-25
789,9677014,3482701,3503231,XAUUSD.u,BUY,STR B6,6,0.01,2026-08-25 08:38:19.416,2026-08-25 14:04:35.680,19576.26,5h 26m 16s,4649.78,4636.38,-13.4,-13.4,-13.4,0.0,0.0,-13.4,0,BASKET_CLOSE,STR CLOSE,,,2969.26,1969.26,Tuesday,8,2026-08-25
790,9677278,3482977,3503230,XAUUSD.u,BUY,STR B5,5,0.01,2026-08-25 08:44:02.176,2026-08-25 14:04:35.558,19233.38,5h 20m 33s,4648.23,4636.43,-11.8,-11.8,-11.8,0.0,0.0,-11.8,0,BASKET_CLOSE,STR CLOSE,,,2957.46,1957.46,Tuesday,8,2026-08-25
791,9677383,3483078,3503229,XAUUSD.u,BUY,STR B4,4,0.01,2026-08-25 08:45:16.796,2026-08-25 14:04:35.443,19158.65,5h 19m 18s,4646.68,4636.59,-10.09,-10.09,-10.09,0.0,0.0,-10.09,0,BASKET_CLOSE,STR CLOSE,,,2947.37,1947.37,Tuesday,8,2026-08-25
792,9677655,3483415,3503228,XAUUSD.u,BUY,STR B3,3,0.01,2026-08-25 08:52:35.490,2026-08-25 14:04:35.329,18719.84,5h 11m 59s,4645.13,4636.53,-8.6,-8.6,-8.6,0.0,0.0,-8.6,0,BASKET_CLOSE,STR CLOSE,,,2938.77,1938.77,Tuesday,8,2026-08-25
793,9677806,3483508,3501838,XAUUSD.u,BUY,STR B2,2,0.01,2026-08-25 08:53:54.675,2026-08-25 13:52:30.998,17916.32,4h 58m 36s,4643.58,4644.38,0.8,0.8,0.8,0.0,0.0,0.8,1,TRAILING_STOP,[sl 4644.38],4644.38,0.0,2939.57,1939.57,Tuesday,8,2026-08-25
794,9677876,3483567,3490295,XAUUSD.u,BUY,STR B1,1,0.01,2026-08-25 08:54:33.776,2026-08-25 10:25:05.891,5432.11,1h 30m 32s,4642.03,4642.38,0.35,0.35,0.35,0.0,0.0,0.35,1,TRAILING_STOP,[sl 4642.38],4642.38,0.0,2939.92,1939.92,Tuesday,8,2026-08-25
795,9672217,3485806,3487687,XAUUSD.u,SELL,STR S3,3,0.01,2026-08-25 09:29:28.762,2026-08-25 09:58:07.014,1718.25,28m 38s,4635.83,4631.47,-4.36,4.36,4.36,0.0,0.0,4.36,1,TRAILING_STOP,[sl 4631.47],4631.47,0.0,2944.28,1944.28,Tuesday,9,2026-08-25
796,9680418,3486102,3486557,XAUUSD.u,SELL,STR S1,1,0.01,2026-08-25 09:31:42.082,2026-08-25 09:34:36.422,174.34,2m 54s,4638.93,4635.79,-3.14,3.14,3.14,0.0,0.0,3.14,1,TRAILING_STOP,[sl 4635.79],4635.79,0.0,2947.42,1947.42,Tuesday,9,2026-08-25
797,9672221,3486495,3487817,XAUUSD.u,SELL,STR S4,4,0.01,2026-08-25 09:33:57.674,2026-08-25 10:01:06.307,1628.63,27m 8s,4634.28,4629.55,-4.73,4.73,4.73,0.0,0.0,4.73,1,TRAILING_STOP,[sl 4629.55],4629.55,0.0,2952.15,1952.15,Tuesday,9,2026-08-25
798,9681380,3487022,3487485,XAUUSD.u,SELL,STR S1,1,0.01,2026-08-25 09:44:19.901,2026-08-25 09:52:42.697,502.8,8m 22s,4638.93,4634.23,-4.7,4.7,4.7,0.0,0.0,4.7,1,TRAILING_STOP,[sl 4634.23],4634.23,0.0,2956.85,1956.85,Tuesday,9,2026-08-25
799,9681365,3487183,3487484,XAUUSD.u,SELL,STR S2,2,0.01,2026-08-25 09:47:33.364,2026-08-25 09:52:42.696,309.33,5m 9s,4637.38,4634.23,-3.15,3.15,3.15,0.0,0.0,3.15,1,TRAILING_STOP,[sl 4634.23],4634.23,0.0,2960.0,1960.0,Tuesday,9,2026-08-25
800,9672223,3487459,3487818,XAUUSD.u,SELL,STR S5,5,0.01,2026-08-25 09:52:33.055,2026-08-25 10:01:06.307,513.25,8m 33s,4632.73,4629.55,-3.18,3.18,3.18,0.0,0.0,3.18,1,TRAILING_STOP,[sl 4629.55],4629.55,0.0,2963.18,1963.18,Tuesday,9,2026-08-25
801,9672225,3487565,3488023,XAUUSD.u,SELL,STR S6,6,0.01,2026-08-25 09:54:59.172,2026-08-25 10:02:49.549,470.38,7m 50s,4631.18,4627.96,-3.22,3.22,3.22,0.0,0.0,3.22,1,TRAILING_STOP,[sl 4627.96],4627.96,0.0,2966.4,1966.4,Tuesday,9,2026-08-25
802,9672227,3487741,3488244,XAUUSD.u,SELL,STR S7,7,0.01,2026-08-25 10:00:39.751,2026-08-25 10:06:25.484,345.73,5m 45s,4629.63,4628.51,-1.12,1.12,1.12,0.0,0.0,1.12,1,TRAILING_STOP,[sl 4628.51],4628.51,0.0,2967.52,1967.52,Tuesday,10,2026-08-25
803,9672229,3487806,3488692,XAUUSD.u,SELL,STR S8,8,0.01,2026-08-25 10:01:04.598,2026-08-25 10:09:22.555,497.96,8m 17s,4628.08,4621.78,-6.3,6.3,6.3,0.0,0.0,6.3,1,TRAILING_STOP,[sl 4621.78],4621.78,0.0,2973.82,1973.82,Tuesday,10,2026-08-25
804,9672231,3488011,3488693,XAUUSD.u,SELL,STR S9,9,0.01,2026-08-25 10:02:42.229,2026-08-25 10:09:22.555,400.33,6m 40s,4626.53,4621.78,-4.75,4.75,4.75,0.0,0.0,4.75,1,TRAILING_STOP,[sl 4621.78],4621.78,0.0,2978.57,1978.57,Tuesday,10,2026-08-25
805,9672233,3488425,3488694,XAUUSD.u,SELL,STR S10,10,0.01,2026-08-25 10:08:42.711,2026-08-25 10:09:22.555,39.84,39s,4624.98,4621.78,-3.2,3.2,3.2,0.0,0.0,3.2,1,TRAILING_STOP,[sl 4621.78],4621.78,0.0,2981.77,1981.77,Tuesday,10,2026-08-25
806,9672235,3488497,3488720,XAUUSD.u,SELL,STR S11,11,0.06,2026-08-25 10:08:51.299,2026-08-25 10:09:28.420,37.12,37s,4623.43,4623.32,-0.11,0.11,0.66,0.0,0.0,0.66,1,TRAILING_STOP,[sl 4623.32],4623.32,0.0,2982.43,1982.43,Tuesday,10,2026-08-25
807,9672237,3488580,3501416,XAUUSD.u,SELL,STR S12,12,0.01,2026-08-25 10:08:54.395,2026-08-25 13:43:58.943,12904.55,3h 35m 4s,4621.88,4641.92,20.04,-20.04,-20.04,0.0,0.0,-20.04,0,MANUAL/OTHER,,,,2962.39,1962.39,Tuesday,10,2026-08-25
808,9672237,3488580,3502676,XAUUSD.u,SELL,STR S12,12,0.02,2026-08-25 10:08:54.395,2026-08-25 13:59:43.844,13849.45,3h 50m 49s,4621.88,4642.55,20.67,-20.67,-41.34,0.0,0.0,-41.34,0,MANUAL/OTHER,,,,2921.05,1921.05,Tuesday,10,2026-08-25
809,9672237,3488580,3502712,XAUUSD.u,SELL,STR S12,12,0.01,2026-08-25 10:08:54.395,2026-08-25 14:00:13.189,13878.79,3h 51m 18s,4621.88,4642.1,20.22,-20.22,-20.22,0.0,0.0,-20.22,0,MANUAL/OTHER,,,,2900.83,1900.83,Tuesday,10,2026-08-25
810,9672237,3488580,3503215,XAUUSD.u,SELL,STR S12,12,0.02,2026-08-25 10:08:54.395,2026-08-25 14:04:28.461,14134.07,3h 55m 34s,4621.88,4636.64,14.76,-14.76,-29.52,0.0,0.0,-29.52,0,MANUAL/OTHER,,,,2871.31,1871.31,Tuesday,10,2026-08-25
811,9672239,3488644,3501413,XAUUSD.u,SELL,STR S13,13,0.02,2026-08-25 10:09:03.147,2026-08-25 13:43:46.439,12883.29,3h 34m 43s,4620.33,4641.84,21.51,-21.51,-43.02,0.0,0.0,-43.02,0,MANUAL/OTHER,,,,2828.29,1828.29,Tuesday,10,2026-08-25
812,9672239,3488644,3502680,XAUUSD.u,SELL,STR S13,13,0.01,2026-08-25 10:09:03.147,2026-08-25 13:59:53.544,13850.4,3h 50m 50s,4620.33,4642.86,22.53,-22.53,-22.53,0.0,0.0,-22.53,0,MANUAL/OTHER,,,,2805.76,1805.76,Tuesday,10,2026-08-25
813,9672239,3488644,3502703,XAUUSD.u,SELL,STR S13,13,0.01,2026-08-25 10:09:03.147,2026-08-25 14:00:06.464,13863.32,3h 51m 3s,4620.33,4641.96,21.63,-21.63,-21.63,0.0,0.0,-21.63,0,MANUAL/OTHER,,,,2784.13,1784.13,Tuesday,10,2026-08-25
814,9672239,3488644,3503232,XAUUSD.u,SELL,STR S13,13,0.02,2026-08-25 10:09:03.147,2026-08-25 14:04:35.794,14132.65,3h 55m 32s,4620.33,4636.46,16.13,-16.13,-32.26,0.0,0.0,-32.26,0,BASKET_CLOSE,STR CLOSE,,,2751.87,1751.87,Tuesday,10,2026-08-25
815,9683085,3488742,3501418,XAUUSD.u,SELL,STR S11,11,0.01,2026-08-25 10:09:50.328,2026-08-25 13:44:09.648,12859.32,3h 34m 19s,4623.43,4642.03,18.6,-18.6,-18.6,0.0,0.0,-18.6,0,MANUAL/OTHER,,,,2733.27,1733.27,Tuesday,10,2026-08-25
816,9683085,3488742,3502682,XAUUSD.u,SELL,STR S11,11,0.03,2026-08-25 10:09:50.328,2026-08-25 14:00:00.964,13810.64,3h 50m 10s,4623.43,4642.53,19.1,-19.1,-57.3,0.0,0.0,-57.3,0,MANUAL/OTHER,,,,2675.97,1675.97,Tuesday,10,2026-08-25
817,9683085,3488742,3503227,XAUUSD.u,SELL,STR S11,11,0.02,2026-08-25 10:09:50.328,2026-08-25 14:04:35.206,14084.88,3h 54m 44s,4623.43,4636.46,13.03,-13.03,-26.06,0.0,0.0,-26.06,0,BASKET_CLOSE,STR CLOSE,,,2649.91,1649.91,Tuesday,10,2026-08-25
818,9683500,3489250,3493209,XAUUSD.u,SELL,STR S8,8,0.01,2026-08-25 10:15:50.127,2026-08-25 11:07:05.196,3075.07,51m 15s,4628.08,4628.05,-0.03,0.03,0.03,0.0,0.0,0.03,1,TRAILING_STOP,[sl 4628.05],4628.05,0.0,2649.94,1649.94,Tuesday,10,2026-08-25
819,9683725,3489368,3491870,XAUUSD.u,SELL,STR S7,7,0.01,2026-08-25 10:17:28.451,2026-08-25 10:42:33.102,1504.65,25m 4s,4629.63,4629.05,-0.58,0.58,0.58,0.0,0.0,0.58,1,TRAILING_STOP,[sl 4629.05],4629.05,0.0,2650.52,1650.52,Tuesday,10,2026-08-25
820,9684082,3489704,3491806,XAUUSD.u,SELL,STR S6,6,0.01,2026-08-25 10:22:07.858,2026-08-25 10:41:41.201,1173.34,19m 33s,4631.18,4627.51,-3.67,3.67,3.67,0.0,0.0,3.67,1,TRAILING_STOP,[sl 4627.51],4627.51,0.0,2654.19,1654.19,Tuesday,10,2026-08-25
821,9684214,3489839,3491808,XAUUSD.u,SELL,STR S4,4,0.01,2026-08-25 10:23:04.487,2026-08-25 10:41:41.201,1116.71,18m 36s,4634.28,4627.51,-6.77,6.77,6.77,0.0,0.0,6.77,1,TRAILING_STOP,[sl 4627.51],4627.51,0.0,2660.96,1660.96,Tuesday,10,2026-08-25
822,9684173,3489874,3491807,XAUUSD.u,SELL,STR S5,5,0.01,2026-08-25 10:23:18.435,2026-08-25 10:41:41.201,1102.77,18m 22s,4632.73,4627.51,-5.22,5.22,5.22,0.0,0.0,5.22,1,TRAILING_STOP,[sl 4627.51],4627.51,0.0,2666.18,1666.18,Tuesday,10,2026-08-25
823,9684352,3489988,3490877,XAUUSD.u,SELL,STR S1,1,0.01,2026-08-25 10:23:50.230,2026-08-25 10:29:03.087,312.86,5m 12s,4638.93,4633.48,-5.45,5.45,5.45,0.0,0.0,5.45,1,TRAILING_STOP,[sl 4633.48],4633.48,0.0,2671.63,1671.63,Tuesday,10,2026-08-25
824,9684337,3489998,3490876,XAUUSD.u,SELL,STR S2,2,0.01,2026-08-25 10:23:51.273,2026-08-25 10:29:03.087,311.81,5m 11s,4637.38,4633.48,-3.9,3.9,3.9,0.0,0.0,3.9,1,TRAILING_STOP,[sl 4633.48],4633.48,0.0,2675.53,1675.53,Tuesday,10,2026-08-25
825,9684666,3490334,3500457,XAUUSD.u,BUY,STR B1,1,0.01,2026-08-25 10:25:10.988,2026-08-25 13:22:48.488,10657.5,2h 57m 37s,4642.03,4642.17,0.14,0.14,0.14,0.0,0.0,0.14,1,TRAILING_STOP,[sl 4642.17],4642.17,0.0,2675.67,1675.67,Tuesday,10,2026-08-25
826,9684327,3490706,3491017,XAUUSD.u,SELL,STR S3,3,0.01,2026-08-25 10:27:40.054,2026-08-25 10:31:48.922,248.87,4m 8s,4635.83,4635.02,-0.81,0.81,0.81,0.0,0.0,0.81,1,TRAILING_STOP,[sl 4635.02],4635.02,0.0,2676.48,1676.48,Tuesday,10,2026-08-25
827,9686289,3491939,3492713,XAUUSD.u,SELL,STR S6,6,0.01,2026-08-25 10:44:03.435,2026-08-25 10:52:18.911,495.48,8m 15s,4631.18,4626.79,-4.39,4.39,4.39,0.0,0.0,4.39,1,TRAILING_STOP,[sl 4626.79],4626.79,0.0,2680.87,1680.87,Tuesday,10,2026-08-25
828,9686422,3492219,3492714,XAUUSD.u,SELL,STR S5,5,0.01,2026-08-25 10:46:34.937,2026-08-25 10:52:18.911,343.97,5m 43s,4632.73,4626.79,-5.94,5.94,5.94,0.0,0.0,5.94,1,TRAILING_STOP,[sl 4626.79],4626.79,0.0,2686.81,1686.81,Tuesday,10,2026-08-25
829,9686260,3492333,3492890,XAUUSD.u,SELL,STR S7,7,0.01,2026-08-25 10:48:24.756,2026-08-25 10:58:03.333,578.58,9m 38s,4629.63,4628.33,-1.3,1.3,1.3,0.0,0.0,1.3,1,TRAILING_STOP,[sl 4628.33],4628.33,0.0,2688.11,1688.11,Tuesday,10,2026-08-25
830,9687235,3492903,3493115,XAUUSD.u,SELL,STR S7,7,0.01,2026-08-25 10:58:26.139,2026-08-25 11:03:57.156,331.02,5m 31s,4629.63,4626.51,-3.12,3.12,3.12,0.0,0.0,3.12,1,TRAILING_STOP,[sl 4626.51],4626.51,0.0,2691.23,1691.23,Tuesday,10,2026-08-25
831,9687579,3493224,3494358,XAUUSD.u,SELL,STR S7,7,0.01,2026-08-25 11:07:26.393,2026-08-25 11:31:30.838,1444.44,24m 4s,4629.63,4625.78,-3.85,3.85,3.85,0.0,0.0,3.85,1,TRAILING_STOP,[sl 4625.78],4625.78,0.0,2695.08,1695.08,Tuesday,11,2026-08-25
832,9687640,3493280,3494281,XAUUSD.u,SELL,STR S6,6,0.01,2026-08-25 11:07:55.969,2026-08-25 11:30:30.168,1354.2,22m 34s,4631.18,4627.37,-3.81,3.81,3.81,0.0,0.0,3.81,1,TRAILING_STOP,[sl 4627.37],4627.37,0.0,2698.89,1698.89,Tuesday,11,2026-08-25
833,9687748,3493404,3493704,XAUUSD.u,SELL,STR S5,5,0.01,2026-08-25 11:10:02.374,2026-08-25 11:17:12.085,429.71,7m 9s,4632.73,4632.49,-0.24,0.24,0.24,0.0,0.0,0.24,1,TRAILING_STOP,[sl 4632.49],4632.49,0.0,2699.13,1699.13,Tuesday,11,2026-08-25
834,9688166,3493809,3494282,XAUUSD.u,SELL,STR S5,5,0.01,2026-08-25 11:17:42.592,2026-08-25 11:30:30.168,767.58,12m 47s,4632.73,4627.37,-5.36,5.36,5.36,0.0,0.0,5.36,1,TRAILING_STOP,[sl 4627.37],4627.37,0.0,2704.49,1704.49,Tuesday,11,2026-08-25
835,9687565,3494125,3494390,XAUUSD.u,SELL,STR S8,8,0.01,2026-08-25 11:26:12.072,2026-08-25 11:31:54.080,342.01,5m 42s,4628.08,4627.32,-0.76,0.76,0.76,0.0,0.0,0.76,1,TRAILING_STOP,[sl 4627.32],4627.32,0.0,2705.25,1705.25,Tuesday,11,2026-08-25
836,9688838,3494424,3503226,XAUUSD.u,SELL,STR S8,8,0.01,2026-08-25 11:32:44.569,2026-08-25 14:04:35.091,9110.52,2h 31m 50s,4628.08,4636.28,8.2,-8.2,-8.2,0.0,0.0,-8.2,0,BASKET_CLOSE,STR CLOSE,,,2697.05,1697.05,Tuesday,11,2026-08-25
837,9689099,3494688,3495319,XAUUSD.u,SELL,STR S3,3,0.01,2026-08-25 11:34:08.507,2026-08-25 11:40:09.991,361.48,6m 1s,4635.83,4631.08,-4.75,4.75,4.75,0.0,0.0,4.75,1,TRAILING_STOP,[sl 4631.08],4631.08,0.0,2701.8,1701.8,Tuesday,11,2026-08-25
838,9689142,3494726,3495320,XAUUSD.u,SELL,STR S2,2,0.01,2026-08-25 11:34:10.980,2026-08-25 11:40:09.991,359.01,5m 59s,4637.38,4631.08,-6.3,6.3,6.3,0.0,0.0,6.3,1,TRAILING_STOP,[sl 4631.08],4631.08,0.0,2708.1,1708.1,Tuesday,11,2026-08-25
839,9689271,3494856,3494916,XAUUSD.u,SELL,STR S1,1,0.01,2026-08-25 11:34:45.549,2026-08-25 11:35:23.650,38.1,38s,4638.93,4635.51,-3.42,3.42,3.42,0.0,0.0,3.42,1,TRAILING_STOP,[sl 4635.51],4635.51,0.0,2711.52,1711.52,Tuesday,11,2026-08-25
840,9689091,3494913,3495318,XAUUSD.u,SELL,STR S4,4,0.01,2026-08-25 11:35:21.557,2026-08-25 11:40:09.991,288.43,4m 48s,4634.28,4631.08,-3.2,3.2,3.2,0.0,0.0,3.2,1,TRAILING_STOP,[sl 4631.08],4631.08,0.0,2714.72,1714.72,Tuesday,11,2026-08-25
841,9689078,3495128,3495338,XAUUSD.u,SELL,STR S5,5,0.01,2026-08-25 11:38:40.541,2026-08-25 11:40:38.682,118.14,1m 58s,4632.73,4632.62,-0.11,0.11,0.11,0.0,0.0,0.11,1,TRAILING_STOP,[sl 4632.62],4632.62,0.0,2714.83,1714.83,Tuesday,11,2026-08-25
842,9689061,3495184,3503225,XAUUSD.u,SELL,STR S6,6,0.01,2026-08-25 11:39:13.334,2026-08-25 14:04:34.977,8721.64,2h 25m 21s,4631.18,4636.27,5.09,-5.09,-5.09,0.0,0.0,-5.09,0,BASKET_CLOSE,STR CLOSE,,,2709.74,1709.74,Tuesday,11,2026-08-25
843,9689775,3495350,3503224,XAUUSD.u,SELL,STR S4,4,0.01,2026-08-25 11:40:58.905,2026-08-25 14:04:34.862,8615.96,2h 23m 35s,4634.28,4636.27,1.99,-1.99,-1.99,0.0,0.0,-1.99,0,BASKET_CLOSE,STR CLOSE,,,2707.75,1707.75,Tuesday,11,2026-08-25
844,9689794,3495370,3503223,XAUUSD.u,SELL,STR S3,3,0.01,2026-08-25 11:41:09.617,2026-08-25 14:04:34.748,8605.13,2h 23m 25s,4635.83,4636.27,0.44,-0.44,-0.44,0.0,0.0,-0.44,0,BASKET_CLOSE,STR CLOSE,,,2707.31,1707.31,Tuesday,11,2026-08-25
845,9690078,3495666,3497541,XAUUSD.u,SELL,STR S1,1,0.01,2026-08-25 11:43:41.535,2026-08-25 12:05:02.492,1280.96,21m 20s,4638.93,4634.86,-4.07,4.07,4.07,0.0,0.0,4.07,1,TRAILING_STOP,[sl 4634.86],4634.86,0.0,2711.38,1711.38,Tuesday,11,2026-08-25
846,9689985,3495692,3497625,XAUUSD.u,SELL,STR S2,2,0.01,2026-08-25 11:43:47.039,2026-08-25 12:08:46.105,1499.07,24m 59s,4637.38,4636.4,-0.98,0.98,0.98,0.0,0.0,0.98,1,TRAILING_STOP,[sl 4636.40],4636.4,0.0,2712.36,1712.36,Tuesday,11,2026-08-25
847,9692305,3497795,3498385,XAUUSD.u,SELL,STR S2,2,0.01,2026-08-25 12:11:48.458,2026-08-25 12:31:13.505,1165.05,19m 25s,4637.38,4636.11,-1.27,1.27,1.27,0.0,0.0,1.27,1,TRAILING_STOP,[sl 4636.11],4636.11,0.0,2713.63,1713.63,Tuesday,12,2026-08-25
848,9692650,3498108,3498378,XAUUSD.u,SELL,STR S1,1,0.01,2026-08-25 12:18:33.402,2026-08-25 12:30:58.149,744.75,12m 24s,4638.93,4634.59,-4.34,4.34,4.34,0.0,0.0,4.34,1,TRAILING_STOP,[sl 4634.59],4634.59,0.0,2717.97,1717.97,Tuesday,12,2026-08-25
849,9693168,3498565,3503222,XAUUSD.u,SELL,STR S2,2,0.01,2026-08-25 12:37:39.748,2026-08-25 14:04:34.634,5214.89,1h 26m 54s,4637.38,4636.27,-1.11,1.11,1.11,0.0,0.0,1.11,1,BASKET_CLOSE,STR CLOSE,,,2719.08,1719.08,Tuesday,12,2026-08-25
850,9695520,3500498,3501376,XAUUSD.u,BUY,STR B1,1,0.01,2026-08-25 13:23:15.149,2026-08-25 13:41:32.986,1097.84,18m 17s,4642.03,4642.22,0.19,0.19,0.19,0.0,0.0,0.19,1,TRAILING_STOP,[sl 4642.22],4642.22,0.0,2719.27,1719.27,Tuesday,13,2026-08-25
851,9696516,3501378,3501789,XAUUSD.u,BUY,STR B1,1,0.01,2026-08-25 13:41:37.220,2026-08-25 13:51:06.425,569.21,9m 29s,4642.03,4645.93,3.9,3.9,3.9,0.0,0.0,3.9,1,TRAILING_STOP,[sl 4645.93],4645.93,0.0,2723.17,1723.17,Tuesday,13,2026-08-25
852,9697273,3501909,3503221,XAUUSD.u,BUY,STR B2,2,0.01,2026-08-25 13:52:45.944,2026-08-25 14:04:34.520,708.58,11m 48s,4643.58,4636.27,-7.31,-7.31,-7.31,0.0,0.0,-7.31,0,BASKET_CLOSE,STR CLOSE,,,2715.86,1715.86,Tuesday,13,2026-08-25
853,9697459,3501983,3503220,XAUUSD.u,BUY,STR B1,1,0.01,2026-08-25 13:53:30.920,2026-08-25 14:04:34.390,663.47,11m 3s,4642.03,4636.27,-5.76,-5.76,-5.76,0.0,0.0,-5.76,0,BASKET_CLOSE,STR CLOSE,,,2710.1,1710.1,Tuesday,13,2026-08-25
854,9698670,3502964,3503219,XAUUSD.u,SELL,STR S1,1,0.01,2026-08-25 14:02:36.394,2026-08-25 14:04:34.261,117.87,1m 57s,4638.93,4636.27,-2.66,2.66,2.66,0.0,0.0,2.66,1,BASKET_CLOSE,STR CLOSE,,,2712.76,1712.76,Tuesday,14,2026-08-25
855,9699315,3503305,3503679,XAUUSD.u,BUY,STR B1,1,0.01,2026-08-25 14:06:11.405,2026-08-25 14:12:17.936,366.53,6m 6s,4637.94,4639.09,1.15,1.15,1.15,0.0,0.0,1.15,1,TRAILING_STOP,[sl 4639.09],4639.09,0.0,2713.91,1713.91,Tuesday,14,2026-08-25
856,9699317,3503551,3505945,XAUUSD.u,BUY,STR B2,2,0.01,2026-08-25 14:11:39.345,2026-08-25 14:51:54.057,2414.71,40m 14s,4639.49,4642.76,3.27,3.27,3.27,0.0,0.0,3.27,1,TRAILING_STOP,[sl 4642.76],4642.76,0.0,2717.18,1717.18,Tuesday,14,2026-08-25
857,9699319,3503637,3506020,XAUUSD.u,BUY,STR B3,3,0.01,2026-08-25 14:11:59.474,2026-08-25 14:53:42.009,2502.53,41m 42s,4641.04,4641.21,0.17,0.17,0.17,0.0,0.0,0.17,1,TRAILING_STOP,[sl 4641.21],4641.21,0.0,2717.35,1717.35,Tuesday,14,2026-08-25
858,9700115,3503774,3505785,XAUUSD.u,BUY,STR B1,1,0.01,2026-08-25 14:15:10.051,2026-08-25 14:49:18.309,2048.26,34m 8s,4637.94,4641.22,3.28,3.28,3.28,0.0,0.0,3.28,1,TRAILING_STOP,[sl 4641.22],4641.22,0.0,2720.63,1720.63,Tuesday,14,2026-08-25
859,9699316,3503913,3505022,XAUUSD.u,SELL,STR S1,1,0.01,2026-08-25 14:18:39.440,2026-08-25 14:40:44.244,1324.8,22m 4s,4634.84,4633.32,-1.52,1.52,1.52,0.0,0.0,1.52,1,TRAILING_STOP,[sl 4633.32],4633.32,0.0,2722.15,1722.15,Tuesday,14,2026-08-25
860,9699318,3504004,3507557,XAUUSD.u,SELL,STR S2,2,0.01,2026-08-25 14:19:17.695,2026-08-25 15:08:05.329,2927.63,48m 47s,4633.29,4629.77,-3.52,3.52,3.52,0.0,0.0,3.52,1,TRAILING_STOP,[sl 4629.77],4629.77,0.0,2725.67,1725.67,Tuesday,14,2026-08-25
861,9699320,3504871,3507618,XAUUSD.u,SELL,STR S3,3,0.01,2026-08-25 14:39:33.742,2026-08-25 15:09:24.091,1790.35,29m 50s,4631.74,4631.31,-0.43,0.43,0.43,0.0,0.0,0.43,1,TRAILING_STOP,[sl 4631.31],4631.31,0.0,2726.1,1726.1,Tuesday,14,2026-08-25
862,9701760,3505078,3506724,XAUUSD.u,SELL,STR S1,1,0.01,2026-08-25 14:41:37.922,2026-08-25 15:01:03.373,1165.45,19m 25s,4634.84,4634.34,-0.5,0.5,0.5,0.0,0.0,0.5,1,TRAILING_STOP,[sl 4634.34],4634.34,0.0,2726.6,1726.6,Tuesday,14,2026-08-25
863,9699324,3505914,3509047,XAUUSD.u,BUY,STR B5,5,0.01,2026-08-25 14:51:33.867,2026-08-25 15:23:07.912,1894.05,31m 34s,4644.14,4614.08,-30.06,-30.06,-30.06,0.0,0.0,-30.06,0,BASKET_CLOSE,STR CLOSE,,,2696.54,1696.54,Tuesday,14,2026-08-25
864,9702721,3506026,3509032,XAUUSD.u,BUY,STR B3,3,0.01,2026-08-25 14:53:55.307,2026-08-25 15:23:07.125,1751.82,29m 11s,4641.04,4614.74,-26.3,-26.3,-26.3,0.0,0.0,-26.3,0,BASKET_CLOSE,STR CLOSE,,,2670.24,1670.24,Tuesday,14,2026-08-25
865,9702853,3506146,3509031,XAUUSD.u,BUY,STR B2,2,0.01,2026-08-25 14:57:32.654,2026-08-25 15:23:07.012,1534.36,25m 34s,4639.49,4614.58,-24.91,-24.91,-24.91,0.0,0.0,-24.91,0,BASKET_CLOSE,STR CLOSE,,,2645.33,1645.33,Tuesday,14,2026-08-25
866,9703416,3506741,3507139,XAUUSD.u,SELL,STR S1,1,0.01,2026-08-25 15:01:08.156,2026-08-25 15:04:04.719,176.56,2m 56s,4634.84,4633.37,-1.47,1.47,1.47,0.0,0.0,1.47,1,TRAILING_STOP,[sl 4633.37],4633.37,0.0,2646.8,1646.8,Tuesday,15,2026-08-25
867,9703859,3507172,3507492,XAUUSD.u,SELL,STR S1,1,0.01,2026-08-25 15:04:38.499,2026-08-25 15:07:32.789,174.29,2m 54s,4634.84,4630.26,-4.58,4.58,4.58,0.0,0.0,4.58,1,TRAILING_STOP,[sl 4630.26],4630.26,0.0,2651.38,1651.38,Tuesday,15,2026-08-25
868,9699323,3507350,3508305,XAUUSD.u,SELL,STR S4,4,0.01,2026-08-25 15:06:57.434,2026-08-25 15:15:21.122,503.69,8m 23s,4630.19,4623.68,-6.51,6.51,6.51,0.0,0.0,6.51,1,TRAILING_STOP,[sl 4623.68],4623.68,0.0,2657.89,1657.89,Tuesday,15,2026-08-25
869,9699325,3507515,3508306,XAUUSD.u,SELL,STR S5,5,0.01,2026-08-25 15:07:51.522,2026-08-25 15:15:21.122,449.6,7m 29s,4628.64,4623.67,-4.97,4.97,4.97,0.0,0.0,4.97,1,TRAILING_STOP,[sl 4623.67],4623.67,0.0,2662.86,1662.86,Tuesday,15,2026-08-25
870,9704250,3507624,3508308,XAUUSD.u,SELL,STR S3,3,0.01,2026-08-25 15:09:26.129,2026-08-25 15:15:21.122,354.99,5m 54s,4631.74,4623.68,-8.06,8.06,8.06,0.0,0.0,8.06,1,TRAILING_STOP,[sl 4623.68],4623.68,0.0,2670.92,1670.92,Tuesday,15,2026-08-25
871,9704406,3507794,3508309,XAUUSD.u,SELL,STR S2,2,0.01,2026-08-25 15:12:05.359,2026-08-25 15:15:21.122,195.76,3m 15s,4633.29,4623.68,-9.61,9.61,9.61,0.0,0.0,9.61,1,TRAILING_STOP,[sl 4623.68],4623.68,0.0,2680.53,1680.53,Tuesday,15,2026-08-25
872,9699327,3508058,3508307,XAUUSD.u,SELL,STR S6,6,0.01,2026-08-25 15:14:11.991,2026-08-25 15:15:21.122,69.13,1m 9s,4627.09,4623.68,-3.41,3.41,3.41,0.0,0.0,3.41,1,TRAILING_STOP,[sl 4623.68],4623.68,0.0,2683.94,1683.94,Tuesday,15,2026-08-25
873,9699329,3508103,3508409,XAUUSD.u,SELL,STR S7,7,0.01,2026-08-25 15:14:32.680,2026-08-25 15:16:06.708,94.03,1m 34s,4625.54,4622.21,-3.33,3.33,3.33,0.0,0.0,3.33,1,TRAILING_STOP,[sl 4622.21],4622.21,0.0,2687.27,1687.27,Tuesday,15,2026-08-25
874,9699331,3508208,3508426,XAUUSD.u,SELL,STR S8,8,0.01,2026-08-25 15:14:50.178,2026-08-25 15:16:31.892,101.71,1m 41s,4623.99,4623.76,-0.23,0.23,0.23,0.0,0.0,0.23,1,TRAILING_STOP,[sl 4623.76],4623.76,0.0,2687.5,1687.5,Tuesday,15,2026-08-25
875,9699333,3508280,3509045,XAUUSD.u,SELL,STR S9,9,0.01,2026-08-25 15:15:05.545,2026-08-25 15:23:07.799,482.25,8m 2s,4622.44,4614.15,-8.29,8.29,8.29,0.0,0.0,8.29,1,BASKET_CLOSE,STR CLOSE,,,2695.79,1695.79,Tuesday,15,2026-08-25
876,9699335,3508386,3509042,XAUUSD.u,SELL,STR S10,10,0.01,2026-08-25 15:16:01.734,2026-08-25 15:23:07.687,425.95,7m 5s,4620.89,4614.17,-6.72,6.72,6.72,0.0,0.0,6.72,1,BASKET_CLOSE,STR CLOSE,,,2702.51,1702.51,Tuesday,15,2026-08-25
877,9705186,3508429,3509029,XAUUSD.u,SELL,STR S8,8,0.01,2026-08-25 15:16:33.897,2026-08-25 15:23:06.900,393.0,6m 33s,4623.99,4614.78,-9.21,9.21,9.21,0.0,0.0,9.21,1,BASKET_CLOSE,STR CLOSE,,,2711.72,1711.72,Tuesday,15,2026-08-25
878,9705379,3508490,3509026,XAUUSD.u,SELL,STR S7,7,0.01,2026-08-25 15:17:18.890,2026-08-25 15:23:06.788,347.9,5m 47s,4625.54,4615.13,-10.41,10.41,10.41,0.0,0.0,10.41,1,BASKET_CLOSE,STR CLOSE,,,2722.13,1722.13,Tuesday,15,2026-08-25
879,9705404,3508501,3509024,XAUUSD.u,SELL,STR S6,6,0.01,2026-08-25 15:17:31.551,2026-08-25 15:23:06.676,335.12,5m 35s,4627.09,4615.29,-11.8,11.8,11.8,0.0,0.0,11.8,1,BASKET_CLOSE,STR CLOSE,,,2733.93,1733.93,Tuesday,15,2026-08-25
880,9699337,3508849,3509040,XAUUSD.u,SELL,STR S11,11,0.06,2026-08-25 15:22:59.203,2026-08-25 15:23:07.575,8.37,8s,4619.34,4613.94,-5.4,5.4,32.4,0.0,0.0,32.4,1,BASKET_CLOSE,STR CLOSE,,,2766.33,1766.33,Tuesday,15,2026-08-25
881,9699339,3508880,3509039,XAUUSD.u,SELL,STR S12,12,0.06,2026-08-25 15:23:01.713,2026-08-25 15:23:07.463,5.75,5s,4617.79,4613.95,-3.84,3.84,23.04,0.0,0.0,23.04,1,BASKET_CLOSE,STR CLOSE,,,2789.37,1789.37,Tuesday,15,2026-08-25
882,9699341,3508920,3509037,XAUUSD.u,SELL,STR S13,13,0.06,2026-08-25 15:23:01.965,2026-08-25 15:23:07.350,5.38,5s,4616.24,4613.96,-2.28,2.28,13.68,0.0,0.0,13.68,1,BASKET_CLOSE,STR CLOSE,,,2803.05,1803.05,Tuesday,15,2026-08-25
883,9699343,3508964,3509035,XAUUSD.u,SELL,STR S14,14,0.06,2026-08-25 15:23:02.129,2026-08-25 15:23:07.237,5.11,5s,4614.69,4614.03,-0.66,0.66,3.96,0.0,0.0,3.96,1,BASKET_CLOSE,STR CLOSE,,,2807.01,1807.01,Tuesday,15,2026-08-25
884,9706514,3509086,3509368,XAUUSD.u,SELL,STR S1,1,0.01,2026-08-25 15:23:26.838,2026-08-25 15:25:37.135,130.3,2m 10s,4613.94,4610.64,-3.3,3.3,3.3,0.0,0.0,3.3,1,TRAILING_STOP,[sl 4610.64],4610.64,0.0,2810.31,1810.31,Tuesday,15,2026-08-25
885,9706512,3509128,3510071,XAUUSD.u,BUY,STR B1,1,0.01,2026-08-25 15:23:37.578,2026-08-25 15:32:14.966,517.39,8m 37s,4617.02,4621.22,4.2,4.2,4.2,0.0,0.0,4.2,1,TRAILING_STOP,[sl 4621.22],4621.22,0.0,2814.51,1814.51,Tuesday,15,2026-08-25
886,9706519,3509269,3509433,XAUUSD.u,SELL,STR S2,2,0.01,2026-08-25 15:25:25.640,2026-08-25 15:26:40.649,75.01,1m 15s,4612.4,4612.21,-0.19,0.19,0.19,0.0,0.0,0.19,1,TRAILING_STOP,[sl 4612.21],4612.21,0.0,2814.7,1814.7,Tuesday,15,2026-08-25
887,9706524,3509299,3511855,XAUUSD.u,SELL,STR S3,3,0.01,2026-08-25 15:25:28.157,2026-08-25 15:47:43.767,1335.61,22m 15s,4610.86,4607.21,-3.65,3.65,3.65,0.0,0.0,3.65,1,TRAILING_STOP,[sl 4607.21],4607.21,0.0,2818.35,1818.35,Tuesday,15,2026-08-25
888,9706530,3509318,3511894,XAUUSD.u,SELL,STR S4,4,0.01,2026-08-25 15:25:28.835,2026-08-25 15:48:11.324,1362.49,22m 42s,4609.32,4608.47,-0.85,0.85,0.85,0.0,0.0,0.85,1,TRAILING_STOP,[sl 4608.47],4608.47,0.0,2819.2,1819.2,Tuesday,15,2026-08-25
889,9707181,3509435,3509769,XAUUSD.u,SELL,STR S2,2,0.01,2026-08-25 15:26:41.867,2026-08-25 15:30:04.701,202.83,3m 22s,4612.4,4612.34,-0.06,0.06,0.06,0.0,0.0,0.06,1,TRAILING_STOP,[sl 4612.34],4612.34,0.0,2819.26,1819.26,Tuesday,15,2026-08-25
890,9707223,3509449,3509766,XAUUSD.u,SELL,STR S1,1,0.01,2026-08-25 15:26:50.993,2026-08-25 15:30:04.175,193.18,3m 13s,4613.94,4610.8,-3.14,3.14,3.14,0.0,0.0,3.14,1,TRAILING_STOP,[sl 4610.80],4610.8,0.0,2822.4,1822.4,Tuesday,15,2026-08-25
891,9708063,3509774,3511856,XAUUSD.u,SELL,STR S2,2,0.01,2026-08-25 15:30:05.403,2026-08-25 15:47:43.767,1058.36,17m 38s,4612.4,4607.23,-5.17,5.17,5.17,0.0,0.0,5.17,1,TRAILING_STOP,[sl 4607.23],4607.23,0.0,2827.57,1827.57,Tuesday,15,2026-08-25
892,9708079,3509800,3510666,XAUUSD.u,SELL,STR S1,1,0.01,2026-08-25 15:30:08.768,2026-08-25 15:37:05.867,417.1,6m 57s,4613.94,4612.81,-1.13,1.13,1.13,0.0,0.0,1.13,1,TRAILING_STOP,[sl 4612.81],4612.81,0.0,2828.7,1828.7,Tuesday,15,2026-08-25
893,9706515,3509922,3510102,XAUUSD.u,BUY,STR B2,2,0.01,2026-08-25 15:31:34.640,2026-08-25 15:32:22.700,48.06,48s,4618.56,4619.68,1.12,1.12,1.12,0.0,0.0,1.12,1,TRAILING_STOP,[sl 4619.68],4619.68,0.0,2829.82,1829.82,Tuesday,15,2026-08-25
894,9706522,3510007,3510262,XAUUSD.u,BUY,STR B3,3,0.01,2026-08-25 15:31:48.928,2026-08-25 15:34:25.225,156.3,2m 36s,4620.1,4620.58,0.48,0.48,0.48,0.0,0.0,0.48,1,TRAILING_STOP,[sl 4620.58],4620.58,0.0,2830.3,1830.3,Tuesday,15,2026-08-25
895,9706527,3510038,3513214,XAUUSD.u,BUY,STR B4,4,0.01,2026-08-25 15:32:04.495,2026-08-25 16:07:07.748,2103.25,35m 3s,4621.64,4621.85,0.21,0.21,0.21,0.0,0.0,0.21,1,TRAILING_STOP,[sl 4621.85],4621.85,0.0,2830.51,1830.51,Tuesday,15,2026-08-25
896,9706531,3510169,3513476,XAUUSD.u,BUY,STR B5,5,0.01,2026-08-25 15:33:46.590,2026-08-25 16:11:59.129,2292.54,38m 12s,4623.18,4623.46,0.28,0.28,0.28,0.0,0.0,0.28,1,TRAILING_STOP,[sl 4623.46],4623.46,0.0,2830.79,1830.79,Tuesday,15,2026-08-25
897,9708725,3510264,3513200,XAUUSD.u,BUY,STR B3,3,0.01,2026-08-25 15:34:25.994,2026-08-25 16:06:57.971,1951.98,32m 31s,4620.1,4623.33,3.23,3.23,3.23,0.0,0.0,3.23,1,TRAILING_STOP,[sl 4623.33],4623.33,0.0,2834.02,1834.02,Tuesday,15,2026-08-25
898,9708794,3510334,3513201,XAUUSD.u,BUY,STR B2,2,0.01,2026-08-25 15:35:41.758,2026-08-25 16:06:57.971,1876.21,31m 16s,4618.56,4623.33,4.77,4.77,4.77,0.0,0.0,4.77,1,TRAILING_STOP,[sl 4623.33],4623.33,0.0,2838.79,1838.79,Tuesday,15,2026-08-25
899,9708846,3510387,3510952,XAUUSD.u,BUY,STR B1,1,0.01,2026-08-25 15:36:13.434,2026-08-25 15:39:42.308,208.87,3m 28s,4617.02,4617.31,0.29,0.29,0.29,0.0,0.0,0.29,1,TRAILING_STOP,[sl 4617.31],4617.31,0.0,2839.08,1839.08,Tuesday,15,2026-08-25
900,9709168,3510981,3511857,XAUUSD.u,SELL,STR S1,1,0.01,2026-08-25 15:39:48.215,2026-08-25 15:47:43.846,475.63,7m 55s,4613.94,4607.3,-6.64,6.64,6.64,0.0,0.0,6.64,1,TRAILING_STOP,[sl 4607.30],4607.3,0.0,2845.72,1845.72,Tuesday,15,2026-08-25
901,9709423,3511013,3511233,XAUUSD.u,BUY,STR B1,1,0.01,2026-08-25 15:40:07.566,2026-08-25 15:41:16.016,68.45,1m 8s,4617.02,4618.42,1.4,1.4,1.4,0.0,0.0,1.4,1,TRAILING_STOP,[sl 4618.42],4618.42,0.0,2847.12,1847.12,Tuesday,15,2026-08-25
902,9709699,3511239,3512682,XAUUSD.u,BUY,STR B1,1,0.01,2026-08-25 15:41:18.298,2026-08-25 16:00:37.587,1159.29,19m 19s,4617.02,4617.68,0.66,0.66,0.66,0.0,0.0,0.66,1,TRAILING_STOP,[sl 4617.68],4617.68,0.0,2847.78,1847.78,Tuesday,15,2026-08-25
903,9706534,3511817,3515030,XAUUSD.u,SELL,STR S6,6,0.01,2026-08-25 15:47:39.018,2026-08-25 16:34:48.013,2828.99,47m 8s,4606.24,4631.43,25.19,-25.19,-25.19,0.0,0.0,-25.19,0,BASKET_CLOSE,STR CLOSE,,,2822.59,1822.59,Tuesday,15,2026-08-25
904,9710783,3511940,3512162,XAUUSD.u,SELL,STR S4,4,0.01,2026-08-25 15:48:15.255,2026-08-25 15:53:53.823,338.57,5m 38s,4609.32,4608.91,-0.41,0.41,0.41,0.0,0.0,0.41,1,TRAILING_STOP,[sl 4608.91],4608.91,0.0,2823.0,1823.0,Tuesday,15,2026-08-25
905,9711642,3512166,3512353,XAUUSD.u,SELL,STR S4,4,0.01,2026-08-25 15:53:56.180,2026-08-25 15:55:27.190,91.01,1m 31s,4609.32,4608.94,-0.38,0.38,0.38,0.0,0.0,0.38,1,TRAILING_STOP,[sl 4608.94],4608.94,0.0,2823.38,1823.38,Tuesday,15,2026-08-25
906,9711657,3512281,3512341,XAUUSD.u,SELL,STR S3,3,0.01,2026-08-25 15:54:10.990,2026-08-25 15:55:13.677,62.69,1m 2s,4610.86,4607.4,-3.46,3.46,3.46,0.0,0.0,3.46,1,TRAILING_STOP,[sl 4607.40],4607.4,0.0,2826.84,1826.84,Tuesday,15,2026-08-25
907,9712068,3512366,3515023,XAUUSD.u,SELL,STR S3,3,0.01,2026-08-25 15:55:56.607,2026-08-25 16:34:47.443,2330.84,38m 50s,4610.86,4631.14,20.28,-20.28,-20.28,0.0,0.0,-20.28,0,BASKET_CLOSE,STR CLOSE,,,2806.56,1806.56,Tuesday,15,2026-08-25
908,9712164,3512408,3512472,XAUUSD.u,SELL,STR S2,2,0.01,2026-08-25 15:56:29.571,2026-08-25 15:58:16.722,107.15,1m 47s,4612.4,4611.37,-1.03,1.03,1.03,0.0,0.0,1.03,1,TRAILING_STOP,[sl 4611.37],4611.37,0.0,2807.59,1807.59,Tuesday,15,2026-08-25
909,9712064,3512450,3515024,XAUUSD.u,SELL,STR S4,4,0.01,2026-08-25 15:57:56.048,2026-08-25 16:34:47.557,2211.51,36m 51s,4609.32,4631.16,21.84,-21.84,-21.84,0.0,0.0,-21.84,0,BASKET_CLOSE,STR CLOSE,,,2785.75,1785.75,Tuesday,15,2026-08-25
910,9712605,3512476,3515022,XAUUSD.u,SELL,STR S2,2,0.01,2026-08-25 15:58:33.858,2026-08-25 16:34:47.328,2173.47,36m 13s,4612.4,4631.14,18.74,-18.74,-18.74,0.0,0.0,-18.74,0,BASKET_CLOSE,STR CLOSE,,,2767.01,1767.01,Tuesday,15,2026-08-25
911,9712702,3512495,3515021,XAUUSD.u,SELL,STR S1,1,0.01,2026-08-25 15:59:01.096,2026-08-25 16:34:47.215,2146.12,35m 46s,4613.94,4631.14,17.2,-17.2,-17.2,0.0,0.0,-17.2,0,BASKET_CLOSE,STR CLOSE,,,2749.81,1749.81,Tuesday,15,2026-08-25
912,9713118,3512699,3512761,XAUUSD.u,BUY,STR B1,1,0.01,2026-08-25 16:00:39.925,2026-08-25 16:01:40.968,61.04,1m 1s,4617.02,4617.75,0.73,0.73,0.73,0.0,0.0,0.73,1,TRAILING_STOP,[sl 4617.75],4617.75,0.0,2750.54,1750.54,Tuesday,16,2026-08-25
913,9713456,3512848,3512974,XAUUSD.u,BUY,STR B1,1,0.01,2026-08-25 16:03:10.715,2026-08-25 16:06:03.027,172.31,2m 52s,4617.02,4620.6,3.58,3.58,3.58,0.0,0.0,3.58,1,TRAILING_STOP,[sl 4620.60],4620.6,0.0,2754.12,1754.12,Tuesday,16,2026-08-25
914,9706533,3513108,3514300,XAUUSD.u,BUY,STR B6,6,0.01,2026-08-25 16:06:44.672,2026-08-25 16:28:19.561,1294.89,21m 34s,4624.72,4625.43,0.71,0.71,0.71,0.0,0.0,0.71,1,TRAILING_STOP,[sl 4625.43],4625.43,0.0,2754.83,1754.83,Tuesday,16,2026-08-25
915,9714013,3513220,3513419,XAUUSD.u,BUY,STR B4,4,0.01,2026-08-25 16:07:11.403,2026-08-25 16:10:57.409,226.01,3m 46s,4621.64,4624.73,3.09,3.09,3.09,0.0,0.0,3.09,1,TRAILING_STOP,[sl 4624.73],4624.73,0.0,2757.92,1757.92,Tuesday,16,2026-08-25
916,9714092,3513294,3513421,XAUUSD.u,BUY,STR B3,3,0.01,2026-08-25 16:08:33.859,2026-08-25 16:10:58.915,145.06,2m 25s,4620.1,4624.66,4.56,4.56,4.56,0.0,0.0,4.56,1,TRAILING_STOP,[sl 4624.66],4624.66,0.0,2762.48,1762.48,Tuesday,16,2026-08-25
917,9706535,3513398,3514995,XAUUSD.u,BUY,STR B7,7,0.01,2026-08-25 16:10:51.019,2026-08-25 16:34:19.881,1408.86,23m 28s,4626.26,4629.75,3.49,3.49,3.49,0.0,0.0,3.49,1,TRAILING_STOP,[sl 4629.75],4629.75,0.0,2765.97,1765.97,Tuesday,16,2026-08-25
918,9714346,3513551,3514234,XAUUSD.u,BUY,STR B5,5,0.01,2026-08-25 16:14:07.458,2026-08-25 16:25:58.562,711.1,11m 51s,4623.18,4626.73,3.55,3.55,3.55,0.0,0.0,3.55,1,TRAILING_STOP,[sl 4626.73],4626.73,0.0,2769.52,1769.52,Tuesday,16,2026-08-25
919,9714403,3513606,3513792,XAUUSD.u,BUY,STR B3,3,0.01,2026-08-25 16:15:28.737,2026-08-25 16:18:57.140,208.4,3m 28s,4620.1,4623.39,3.29,3.29,3.29,0.0,0.0,3.29,1,TRAILING_STOP,[sl 4623.39],4623.39,0.0,2772.81,1772.81,Tuesday,16,2026-08-25
920,9714393,3513659,3513796,XAUUSD.u,BUY,STR B4,4,0.01,2026-08-25 16:15:46.991,2026-08-25 16:19:04.159,197.17,3m 17s,4621.64,4621.85,0.21,0.21,0.21,0.0,0.0,0.21,1,TRAILING_STOP,[sl 4621.85],4621.85,0.0,2773.02,1773.02,Tuesday,16,2026-08-25
921,9714600,3513798,3514235,XAUUSD.u,BUY,STR B4,4,0.01,2026-08-25 16:19:04.762,2026-08-25 16:25:58.562,413.8,6m 53s,4621.64,4626.73,5.09,5.09,5.09,0.0,0.0,5.09,1,TRAILING_STOP,[sl 4626.73],4626.73,0.0,2778.11,1778.11,Tuesday,16,2026-08-25
922,9714632,3513829,3513958,XAUUSD.u,BUY,STR B3,3,0.01,2026-08-25 16:19:46.775,2026-08-25 16:22:04.621,137.85,2m 17s,4620.1,4621.44,1.34,1.34,1.34,0.0,0.0,1.34,1,TRAILING_STOP,[sl 4621.44],4621.44,0.0,2779.45,1779.45,Tuesday,16,2026-08-25
923,9714784,3513979,3514236,XAUUSD.u,BUY,STR B3,3,0.01,2026-08-25 16:22:19.130,2026-08-25 16:25:58.562,219.43,3m 39s,4620.1,4626.73,6.63,6.63,6.63,0.0,0.0,6.63,1,TRAILING_STOP,[sl 4626.73],4626.73,0.0,2786.08,1786.08,Tuesday,16,2026-08-25
924,9706537,3514145,3515029,XAUUSD.u,BUY,STR B8,8,0.01,2026-08-25 16:25:25.263,2026-08-25 16:34:47.899,562.64,9m 22s,4627.8,4631.4,3.6,3.6,3.6,0.0,0.0,3.6,1,BASKET_CLOSE,STR CLOSE,,,2789.68,1789.68,Tuesday,16,2026-08-25
925,9715140,3514338,3514878,XAUUSD.u,BUY,STR B6,6,0.01,2026-08-25 16:29:37.064,2026-08-25 16:32:41.923,184.86,3m 4s,4624.72,4628.21,3.49,3.49,3.49,0.0,0.0,3.49,1,TRAILING_STOP,[sl 4628.21],4628.21,0.0,2793.17,1793.17,Tuesday,16,2026-08-25
926,9715176,3514378,3514879,XAUUSD.u,BUY,STR B5,5,0.01,2026-08-25 16:30:17.377,2026-08-25 16:32:41.923,144.55,2m 24s,4623.18,4628.21,5.03,5.03,5.03,0.0,0.0,5.03,1,TRAILING_STOP,[sl 4628.21],4628.21,0.0,2798.2,1798.2,Tuesday,16,2026-08-25
927,9715246,3514500,3514599,XAUUSD.u,BUY,STR B1,1,0.01,2026-08-25 16:30:32.545,2026-08-25 16:30:49.186,16.64,16s,4617.02,4620.71,3.69,3.69,3.69,0.0,0.0,3.69,1,TRAILING_STOP,[sl 4620.71],4620.71,0.0,2801.89,1801.89,Tuesday,16,2026-08-25
928,9715242,3514562,3514654,XAUUSD.u,BUY,STR B2,2,0.01,2026-08-25 16:30:37.255,2026-08-25 16:31:16.091,38.84,38s,4618.56,4622.04,3.48,3.48,3.48,0.0,0.0,3.48,1,TRAILING_STOP,[sl 4622.04],4622.04,0.0,2805.37,1805.37,Tuesday,16,2026-08-25
929,9715223,3514567,3514881,XAUUSD.u,BUY,STR B3,3,0.01,2026-08-25 16:30:38.277,2026-08-25 16:32:41.923,123.65,2m 3s,4620.1,4628.21,8.11,8.11,8.11,0.0,0.0,8.11,1,TRAILING_STOP,[sl 4628.21],4628.21,0.0,2813.48,1813.48,Tuesday,16,2026-08-25
930,9715199,3514579,3514880,XAUUSD.u,BUY,STR B4,4,0.01,2026-08-25 16:30:42.052,2026-08-25 16:32:41.923,119.87,1m 59s,4621.64,4628.21,6.57,6.57,6.57,0.0,0.0,6.57,1,TRAILING_STOP,[sl 4628.21],4628.21,0.0,2820.05,1820.05,Tuesday,16,2026-08-25
931,9706539,3514837,3515027,XAUUSD.u,BUY,STR B9,9,0.01,2026-08-25 16:32:18.155,2026-08-25 16:34:47.786,149.63,2m 29s,4629.34,4631.4,2.06,2.06,2.06,0.0,0.0,2.06,1,BASKET_CLOSE,STR CLOSE,,,2822.11,1822.11,Tuesday,16,2026-08-25
932,9706542,3514970,3515025,XAUUSD.u,BUY,STR B10,10,0.01,2026-08-25 16:34:01.825,2026-08-25 16:34:47.673,45.85,45s,4630.88,4631.36,0.48,0.48,0.48,0.0,0.0,0.48,1,BASKET_CLOSE,STR CLOSE,,,2822.59,1822.59,Tuesday,16,2026-08-25
933,9715807,3515086,3516140,XAUUSD.u,SELL,STR S1,1,0.01,2026-08-25 16:34:57.744,2026-08-25 16:49:38.993,881.25,14m 41s,4629.8,4637.3,7.5,-7.5,-7.5,0.0,0.0,-7.5,0,BASKET_CLOSE,STR CLOSE,,,2815.09,1815.09,Tuesday,16,2026-08-25
934,9715806,3515432,3515530,XAUUSD.u,BUY,STR B1,1,0.01,2026-08-25 16:37:53.549,2026-08-25 16:38:35.690,42.14,42s,4632.88,4634.4,1.52,1.52,1.52,0.0,0.0,1.52,1,TRAILING_STOP,[sl 4634.40],4634.4,0.0,2816.61,1816.61,Tuesday,16,2026-08-25
935,9715808,3515487,3515668,XAUUSD.u,BUY,STR B2,2,0.01,2026-08-25 16:38:05.058,2026-08-25 16:40:31.259,146.2,2m 26s,4634.42,4637.0,2.58,2.58,2.58,0.0,0.0,2.58,1,TRAILING_STOP,[sl 4637.00],4637.0,0.0,2819.19,1819.19,Tuesday,16,2026-08-25
936,9715810,3515573,3515667,XAUUSD.u,BUY,STR B3,3,0.01,2026-08-25 16:39:25.881,2026-08-25 16:40:30.829,64.95,1m 4s,4635.96,4637.15,1.19,1.19,1.19,0.0,0.0,1.19,1,TRAILING_STOP,[sl 4637.15],4637.15,0.0,2820.38,1820.38,Tuesday,16,2026-08-25
937,9715812,3515621,3516139,XAUUSD.u,BUY,STR B4,4,0.01,2026-08-25 16:39:42.594,2026-08-25 16:49:38.879,596.28,9m 56s,4637.5,4637.29,-0.21,-0.21,-0.21,0.0,0.0,-0.21,0,BASKET_CLOSE,STR CLOSE,,,2820.17,1820.17,Tuesday,16,2026-08-25
938,9716473,3515679,3515974,XAUUSD.u,BUY,STR B3,3,0.01,2026-08-25 16:40:44.079,2026-08-25 16:45:40.381,296.3,4m 56s,4635.96,4638.66,2.7,2.7,2.7,0.0,0.0,2.7,1,TRAILING_STOP,[sl 4638.66],4638.66,0.0,2822.87,1822.87,Tuesday,16,2026-08-25
939,9716581,3515796,3515975,XAUUSD.u,BUY,STR B2,2,0.01,2026-08-25 16:42:23.081,2026-08-25 16:45:40.883,197.8,3m 17s,4634.42,4638.6,4.18,4.18,4.18,0.0,0.0,4.18,1,TRAILING_STOP,[sl 4638.60],4638.6,0.0,2827.05,1827.05,Tuesday,16,2026-08-25
940,9716609,3515851,3515976,XAUUSD.u,BUY,STR B1,1,0.01,2026-08-25 16:43:10.126,2026-08-25 16:45:40.883,150.76,2m 30s,4632.88,4638.6,5.72,5.72,5.72,0.0,0.0,5.72,1,TRAILING_STOP,[sl 4638.60],4638.6,0.0,2832.77,1832.77,Tuesday,16,2026-08-25
941,9715816,3515932,3516138,XAUUSD.u,BUY,STR B5,5,0.01,2026-08-25 16:45:05.927,2026-08-25 16:49:38.766,272.84,4m 32s,4639.04,4637.29,-1.75,-1.75,-1.75,0.0,0.0,-1.75,0,BASKET_CLOSE,STR CLOSE,,,2831.02,1831.02,Tuesday,16,2026-08-25
942,9716893,3516098,3516137,XAUUSD.u,BUY,STR B3,3,0.01,2026-08-25 16:48:08.382,2026-08-25 16:49:38.652,90.27,1m 30s,4635.96,4637.28,1.32,1.32,1.32,0.0,0.0,1.32,1,BASKET_CLOSE,STR CLOSE,,,2832.34,1832.34,Tuesday,16,2026-08-25
943,9716935,3516156,3516843,XAUUSD.u,SELL,STR S1,1,0.01,2026-08-25 16:50:39.711,2026-08-25 17:04:43.396,843.68,14m 3s,4635.55,4632.09,-3.46,3.46,3.46,0.0,0.0,3.46,1,BASKET_CLOSE,STR CLOSE,,,2835.8,1835.8,Tuesday,16,2026-08-25
944,9716937,3516189,3516842,XAUUSD.u,SELL,STR S2,2,0.01,2026-08-25 16:51:19.218,2026-08-25 17:04:43.283,804.07,13m 24s,4634.0,4632.09,-1.91,1.91,1.91,0.0,0.0,1.91,1,BASKET_CLOSE,STR CLOSE,,,2837.71,1837.71,Tuesday,16,2026-08-25
945,9716939,3516791,3516841,XAUUSD.u,SELL,STR S3,3,0.01,2026-08-25 17:03:52.696,2026-08-25 17:04:43.163,50.47,50s,4632.45,4632.09,-0.36,0.36,0.36,0.0,0.0,0.36,1,BASKET_CLOSE,STR CLOSE,,,2838.07,1838.07,Tuesday,17,2026-08-25
946,9717678,3516862,3517656,XAUUSD.u,BUY,STR B1,1,0.01,2026-08-25 17:05:06.148,2026-08-25 17:17:13.194,727.05,12m 7s,4633.13,4636.8,3.67,3.67,3.67,0.0,0.0,3.67,1,TRAILING_STOP,[sl 4636.80],4636.8,0.0,2841.74,1841.74,Tuesday,17,2026-08-25
947,9717680,3517139,3518078,XAUUSD.u,BUY,STR B2,2,0.01,2026-08-25 17:12:07.083,2026-08-25 17:21:05.126,538.04,8m 58s,4634.67,4642.63,7.96,7.96,7.96,0.0,0.0,7.96,1,BASKET_CLOSE,STR CLOSE,,,2849.7,1849.7,Tuesday,17,2026-08-25
948,9717679,3517377,3518079,XAUUSD.u,SELL,STR S1,1,0.01,2026-08-25 17:15:27.298,2026-08-25 17:21:05.250,337.95,5m 37s,4630.05,4642.53,12.48,-12.48,-12.48,0.0,0.0,-12.48,0,BASKET_CLOSE,STR CLOSE,,,2837.22,1837.22,Tuesday,17,2026-08-25
949,9717682,3517556,3518076,XAUUSD.u,BUY,STR B3,3,0.01,2026-08-25 17:16:43.957,2026-08-25 17:21:05.007,261.05,4m 21s,4636.21,4642.54,6.33,6.33,6.33,0.0,0.0,6.33,1,BASKET_CLOSE,STR CLOSE,,,2843.55,1843.55,Tuesday,17,2026-08-25
950,9717684,3517602,3518074,XAUUSD.u,BUY,STR B4,4,0.01,2026-08-25 17:17:01.712,2026-08-25 17:21:04.881,243.17,4m 3s,4637.75,4642.62,4.87,4.87,4.87,0.0,0.0,4.87,1,BASKET_CLOSE,STR CLOSE,,,2848.42,1848.42,Tuesday,17,2026-08-25
951,9717686,3517788,3518073,XAUUSD.u,BUY,STR B5,5,0.01,2026-08-25 17:19:42.402,2026-08-25 17:21:04.767,82.36,1m 22s,4639.29,4642.57,3.28,3.28,3.28,0.0,0.0,3.28,1,BASKET_CLOSE,STR CLOSE,,,2851.7,1851.7,Tuesday,17,2026-08-25
952,9717688,3518009,3518070,XAUUSD.u,BUY,STR B6,6,0.01,2026-08-25 17:20:59.299,2026-08-25 17:21:04.653,5.35,5s,4640.83,4642.47,1.64,1.64,1.64,0.0,0.0,1.64,1,BASKET_CLOSE,STR CLOSE,,,2853.34,1853.34,Tuesday,17,2026-08-25
953,9718814,3518111,3518673,XAUUSD.u,SELL,STR S1,1,0.01,2026-08-25 17:21:35.558,2026-08-25 17:27:48.477,372.92,6m 12s,4641.01,4640.29,-0.72,0.72,0.72,0.0,0.0,0.72,1,TRAILING_STOP,[sl 4640.29],4640.29,0.0,2854.06,1854.06,Tuesday,17,2026-08-25
954,9718813,3518156,3519418,XAUUSD.u,BUY,STR B1,1,0.01,2026-08-25 17:21:53.008,2026-08-25 17:34:07.798,734.79,12m 14s,4644.11,4649.47,5.36,5.36,5.36,0.0,0.0,5.36,1,TRAILING_STOP,[sl 4649.47],4649.47,0.0,2859.42,1859.42,Tuesday,17,2026-08-25
955,9718817,3518473,3526334,XAUUSD.u,SELL,STR S2,2,0.01,2026-08-25 17:26:33.351,2026-08-25 19:11:45.682,6312.33,1h 45m 12s,4639.46,4635.8,-3.66,3.66,3.66,0.0,0.0,3.66,1,TRAILING_STOP,[sl 4635.80],4635.8,0.0,2863.08,1863.08,Tuesday,17,2026-08-25
956,9718821,3518612,3526379,XAUUSD.u,SELL,STR S3,3,0.01,2026-08-25 17:27:01.656,2026-08-25 19:12:31.270,6329.61,1h 45m 29s,4637.91,4637.34,-0.57,0.57,0.57,0.0,0.0,0.57,1,TRAILING_STOP,[sl 4637.34],4637.34,0.0,2863.65,1863.65,Tuesday,17,2026-08-25
957,9719454,3518709,3524809,XAUUSD.u,SELL,STR S1,1,0.01,2026-08-25 17:28:01.433,2026-08-25 18:36:05.234,4083.8,1h 8m 3s,4641.01,4640.25,-0.76,0.76,0.76,0.0,0.0,0.76,1,TRAILING_STOP,[sl 4640.25],4640.25,0.0,2864.41,1864.41,Tuesday,17,2026-08-25
958,9718815,3519142,3519419,XAUUSD.u,BUY,STR B2,2,0.01,2026-08-25 17:33:32.227,2026-08-25 17:34:07.798,35.57,35s,4645.66,4649.46,3.8,3.8,3.8,0.0,0.0,3.8,1,TRAILING_STOP,[sl 4649.46],4649.46,0.0,2868.21,1868.21,Tuesday,17,2026-08-25
959,9718818,3519197,3519438,XAUUSD.u,BUY,STR B3,3,0.01,2026-08-25 17:33:40.192,2026-08-25 17:34:12.449,32.26,32s,4647.21,4647.91,0.7,0.7,0.7,0.0,0.0,0.7,1,TRAILING_STOP,[sl 4647.91],4647.91,0.0,2868.91,1868.91,Tuesday,17,2026-08-25
960,9718823,3519294,3519888,XAUUSD.u,BUY,STR B4,4,0.01,2026-08-25 17:33:56.667,2026-08-25 17:36:16.171,139.5,2m 19s,4648.76,4654.38,5.62,5.62,5.62,0.0,0.0,5.62,1,TRAILING_STOP,[sl 4654.38],4654.38,0.0,2874.53,1874.53,Tuesday,17,2026-08-25
961,9718825,3519331,3519889,XAUUSD.u,BUY,STR B5,5,0.01,2026-08-25 17:33:57.548,2026-08-25 17:36:16.171,138.62,2m 18s,4650.31,4654.34,4.03,4.03,4.03,0.0,0.0,4.03,1,TRAILING_STOP,[sl 4654.34],4654.34,0.0,2878.56,1878.56,Tuesday,17,2026-08-25
962,9718828,3519617,3519951,XAUUSD.u,BUY,STR B6,6,0.01,2026-08-25 17:35:21.270,2026-08-25 17:36:27.964,66.69,1m 6s,4651.86,4655.75,3.89,3.89,3.89,0.0,0.0,3.89,1,TRAILING_STOP,[sl 4655.75],4655.75,0.0,2882.45,1882.45,Tuesday,17,2026-08-25
963,9718830,3519781,3519992,XAUUSD.u,BUY,STR B7,7,0.01,2026-08-25 17:35:58.689,2026-08-25 17:36:50.914,52.23,52s,4653.41,4654.2,0.79,0.79,0.79,0.0,0.0,0.79,1,TRAILING_STOP,[sl 4654.20],4654.2,0.0,2883.24,1883.24,Tuesday,17,2026-08-25
964,9718832,3519829,3520336,XAUUSD.u,BUY,STR B8,8,0.01,2026-08-25 17:36:02.674,2026-08-25 17:39:23.184,200.51,3m 20s,4654.96,4655.41,0.45,0.45,0.45,0.0,0.0,0.45,1,TRAILING_STOP,[sl 4655.41],4655.41,0.0,2883.69,1883.69,Tuesday,17,2026-08-25
965,9718835,3519907,3533253,XAUUSD.u,BUY,STR B9,9,0.01,2026-08-25 17:36:21.240,2026-08-25 21:11:28.717,12907.48,3h 35m 7s,4656.51,4662.66,6.15,6.15,6.15,0.0,0.0,6.15,1,BASKET_CLOSE,STR CLOSE,,,2889.84,1889.84,Tuesday,17,2026-08-25
966,9718838,3520153,3533252,XAUUSD.u,BUY,STR B10,10,0.01,2026-08-25 17:38:28.308,2026-08-25 21:11:28.601,12780.29,3h 33m 0s,4658.06,4662.66,4.6,4.6,4.6,0.0,0.0,4.6,1,BASKET_CLOSE,STR CLOSE,,,2894.44,1894.44,Tuesday,17,2026-08-25
967,9720990,3520363,3520758,XAUUSD.u,BUY,STR B8,8,0.01,2026-08-25 17:39:26.822,2026-08-25 17:42:41.634,194.81,3m 14s,4654.96,4656.37,1.41,1.41,1.41,0.0,0.0,1.41,1,TRAILING_STOP,[sl 4656.37],4656.37,0.0,2895.85,1895.85,Tuesday,17,2026-08-25
968,9721415,3520799,3533249,XAUUSD.u,BUY,STR B8,8,0.01,2026-08-25 17:43:33.754,2026-08-25 21:11:28.258,12474.5,3h 27m 54s,4654.96,4662.66,7.7,7.7,7.7,0.0,0.0,7.7,1,BASKET_CLOSE,STR CLOSE,,,2903.55,1903.55,Tuesday,17,2026-08-25
969,9721855,3521275,3532352,XAUUSD.u,BUY,STR B6,6,0.01,2026-08-25 17:48:24.524,2026-08-25 21:01:19.128,11574.6,3h 12m 54s,4651.86,4656.43,4.57,4.57,4.57,0.0,0.0,4.57,1,TRAILING_STOP,[sl 4656.43],4656.43,0.0,2908.12,1908.12,Tuesday,17,2026-08-25
970,9721651,3521383,3532408,XAUUSD.u,BUY,STR B7,7,0.01,2026-08-25 17:49:24.961,2026-08-25 21:03:07.785,11622.82,3h 13m 42s,4653.41,4654.88,1.47,1.47,1.47,0.0,0.0,1.47,1,TRAILING_STOP,[sl 4654.88],4654.88,0.0,2909.59,1909.59,Tuesday,17,2026-08-25
971,9722074,3521502,3522303,XAUUSD.u,BUY,STR B5,5,0.01,2026-08-25 17:50:17.933,2026-08-25 17:58:35.167,497.23,8m 17s,4650.31,4650.96,0.65,0.65,0.65,0.0,0.0,0.65,1,TRAILING_STOP,[sl 4650.96],4650.96,0.0,2910.24,1910.24,Tuesday,17,2026-08-25
972,9723069,3522605,3532353,XAUUSD.u,BUY,STR B5,5,0.01,2026-08-25 18:03:15.747,2026-08-25 21:01:19.128,10683.38,2h 58m 3s,4650.31,4656.43,6.12,6.12,6.12,0.0,0.0,6.12,1,TRAILING_STOP,[sl 4656.43],4656.43,0.0,2916.36,1916.36,Tuesday,18,2026-08-25
973,9723131,3522701,3532354,XAUUSD.u,BUY,STR B4,4,0.01,2026-08-25 18:04:09.108,2026-08-25 21:01:19.128,10630.02,2h 57m 10s,4648.76,4656.43,7.67,7.67,7.67,0.0,0.0,7.67,1,TRAILING_STOP,[sl 4656.43],4656.43,0.0,2924.03,1924.03,Tuesday,18,2026-08-25
974,9723330,3522929,3528598,XAUUSD.u,BUY,STR B3,3,0.01,2026-08-25 18:05:34.158,2026-08-25 20:13:24.261,7670.1,2h 7m 50s,4647.21,4647.25,0.04,0.04,0.04,0.0,0.0,0.04,1,TRAILING_STOP,[sl 4647.25],4647.25,0.0,2924.07,1924.07,Tuesday,18,2026-08-25
975,9723650,3523246,3528579,XAUUSD.u,BUY,STR B2,2,0.01,2026-08-25 18:09:50.224,2026-08-25 20:12:51.585,7381.36,2h 3m 1s,4645.66,4648.8,3.14,3.14,3.14,0.0,0.0,3.14,1,TRAILING_STOP,[sl 4648.80],4648.8,0.0,2927.21,1927.21,Tuesday,18,2026-08-25
976,9723733,3523340,3524036,XAUUSD.u,BUY,STR B1,1,0.01,2026-08-25 18:10:35.177,2026-08-25 18:19:20.981,525.8,8m 45s,4644.11,4644.29,0.18,0.18,0.18,0.0,0.0,0.18,1,TRAILING_STOP,[sl 4644.29],4644.29,0.0,2927.39,1927.39,Tuesday,18,2026-08-25
977,9724433,3524048,3528211,XAUUSD.u,BUY,STR B1,1,0.01,2026-08-25 18:19:27.427,2026-08-25 20:02:01.947,6154.52,1h 42m 34s,4644.11,4645.45,1.34,1.34,1.34,0.0,0.0,1.34,1,TRAILING_STOP,[sl 4645.45],4645.45,0.0,2928.73,1928.73,Tuesday,18,2026-08-25
978,9727087,3524832,3526257,XAUUSD.u,SELL,STR S1,1,0.01,2026-08-25 18:36:21.376,2026-08-25 19:10:37.671,2056.3,34m 16s,4641.01,4636.82,-4.19,4.19,4.19,0.0,0.0,4.19,1,TRAILING_STOP,[sl 4636.82],4636.82,0.0,2932.92,1932.92,Tuesday,18,2026-08-25
979,9718824,3526129,3533255,XAUUSD.u,SELL,STR S4,4,0.01,2026-08-25 19:08:39.774,2026-08-25 21:11:28.960,7369.19,2h 2m 49s,4636.36,4662.72,26.36,-26.36,-26.36,0.0,0.0,-26.36,0,BASKET_CLOSE,STR CLOSE,,,2906.56,1906.56,Tuesday,19,2026-08-25
980,9718826,3526294,3533254,XAUUSD.u,SELL,STR S5,5,0.01,2026-08-25 19:11:25.195,2026-08-25 21:11:28.831,7203.64,2h 0m 3s,4634.81,4662.77,27.96,-27.96,-27.96,0.0,0.0,-27.96,0,BASKET_CLOSE,STR CLOSE,,,2878.6,1878.6,Tuesday,19,2026-08-25
981,9732193,3526387,3526495,XAUUSD.u,SELL,STR S3,3,0.01,2026-08-25 19:12:40.826,2026-08-25 19:16:22.365,221.54,3m 41s,4637.91,4637.61,-0.3,0.3,0.3,0.0,0.0,0.3,1,TRAILING_STOP,[sl 4637.61],4637.61,0.0,2878.9,1878.9,Tuesday,19,2026-08-25
982,9732491,3526438,3526474,XAUUSD.u,SELL,STR S2,2,0.01,2026-08-25 19:14:32.686,2026-08-25 19:15:39.846,67.16,1m 7s,4639.46,4636.07,-3.39,3.39,3.39,0.0,0.0,3.39,1,TRAILING_STOP,[sl 4636.07],4636.07,0.0,2882.29,1882.29,Tuesday,19,2026-08-25
983,9732808,3526499,3533247,XAUUSD.u,SELL,STR S3,3,0.01,2026-08-25 19:16:24.635,2026-08-25 21:11:28.032,6903.4,1h 55m 3s,4637.91,4662.79,24.88,-24.88,-24.88,0.0,0.0,-24.88,0,BASKET_CLOSE,STR CLOSE,,,2857.41,1857.41,Tuesday,19,2026-08-25
984,9733204,3526607,3527301,XAUUSD.u,SELL,STR S1,1,0.01,2026-08-25 19:18:47.205,2026-08-25 19:29:02.839,615.63,10m 15s,4641.01,4637.74,-3.27,3.27,3.27,0.0,0.0,3.27,1,TRAILING_STOP,[sl 4637.74],4637.74,0.0,2860.68,1860.68,Tuesday,19,2026-08-25
985,9733004,3526983,3527389,XAUUSD.u,SELL,STR S2,2,0.01,2026-08-25 19:23:59.594,2026-08-25 19:31:52.658,473.06,7m 53s,4639.46,4639.29,-0.17,0.17,0.17,0.0,0.0,0.17,1,TRAILING_STOP,[sl 4639.29],4639.29,0.0,2860.85,1860.85,Tuesday,19,2026-08-25
986,9735949,3527391,3533246,XAUUSD.u,SELL,STR S2,2,0.01,2026-08-25 19:31:53.024,2026-08-25 21:11:27.918,5974.89,1h 39m 34s,4639.46,4662.79,23.33,-23.33,-23.33,0.0,0.0,-23.33,0,BASKET_CLOSE,STR CLOSE,,,2837.52,1837.52,Tuesday,19,2026-08-25
987,9741685,3528626,3531117,XAUUSD.u,BUY,STR B3,3,0.01,2026-08-25 20:13:37.807,2026-08-25 20:31:33.692,1075.88,17m 55s,4647.21,4647.52,0.31,0.31,0.31,0.0,0.0,0.31,1,TRAILING_STOP,[sl 4647.52],4647.52,0.0,2837.83,1837.83,Tuesday,20,2026-08-25
988,9742914,3531312,3531882,XAUUSD.u,BUY,STR B3,3,0.01,2026-08-25 20:33:14.761,2026-08-25 20:49:23.922,969.16,16m 9s,4647.21,4650.67,3.46,3.46,3.46,0.0,0.0,3.46,1,TRAILING_STOP,[sl 4650.67],4650.67,0.0,2841.29,1841.29,Tuesday,20,2026-08-25
989,9723494,3532839,3533248,XAUUSD.u,BUY,STR B11,11,0.06,2026-08-25 21:07:58.451,2026-08-25 21:11:28.145,209.69,3m 29s,4659.61,4662.66,3.05,3.05,18.3,0.0,0.0,18.3,1,BASKET_CLOSE,STR CLOSE,,,2859.59,1859.59,Tuesday,21,2026-08-25
990,9718843,3533056,3533251,XAUUSD.u,BUY,STR B12,12,0.06,2026-08-25 21:10:18.829,2026-08-25 21:11:28.487,69.66,1m 9s,4661.16,4662.66,1.5,1.5,9.0,0.0,0.0,9.0,1,BASKET_CLOSE,STR CLOSE,,,2868.59,1868.59,Tuesday,21,2026-08-25
991,9718845,3533122,3533250,XAUUSD.u,BUY,STR B13,13,0.06,2026-08-25 21:10:19.918,2026-08-25 21:11:28.373,68.45,1m 8s,4662.71,4662.66,-0.05,-0.05,-0.3,0.0,0.0,-0.3,0,BASKET_CLOSE,STR CLOSE,,,2868.29,1868.29,Tuesday,21,2026-08-25
992,9748874,3533324,3535220,XAUUSD.u,SELL,STR S1,1,0.01,2026-08-25 21:12:37.279,2026-08-25 21:42:59.265,1821.99,30m 21s,4661.33,4661.21,-0.12,0.12,0.12,0.0,0.0,0.12,1,TRAILING_STOP,[sl 4661.21],4661.21,0.0,2868.41,1868.41,Tuesday,21,2026-08-25
993,9748873,3533665,3534323,XAUUSD.u,BUY,STR B1,1,0.01,2026-08-25 21:16:23.700,2026-08-25 21:22:46.229,382.53,6m 22s,4664.43,4664.92,0.49,0.49,0.49,0.0,0.0,0.49,1,TRAILING_STOP,[sl 4664.92],4664.92,0.0,2868.9,1868.9,Tuesday,21,2026-08-25
994,9748875,3534108,3538769,XAUUSD.u,BUY,STR B2,2,0.01,2026-08-25 21:17:13.363,2026-08-26 01:01:20.515,13447.15,3h 44m 7s,4665.98,4671.46,5.48,5.48,5.48,0.0,0.0,5.48,1,TRAILING_STOP,[sl 4671.46],4671.46,0.0,2874.38,1874.38,Tuesday,21,2026-08-25
995,9748878,3534208,3538770,XAUUSD.u,BUY,STR B3,3,0.01,2026-08-25 21:19:29.887,2026-08-26 01:01:20.515,13310.63,3h 41m 50s,4667.53,4671.46,3.93,3.93,3.93,0.0,0.0,3.93,1,TRAILING_STOP,[sl 4671.46],4671.46,0.0,2878.31,1878.31,Tuesday,21,2026-08-25
996,9751324,3534379,3535795,XAUUSD.u,BUY,STR B1,1,0.01,2026-08-25 21:24:55.888,2026-08-25 22:02:45.945,2270.06,37m 50s,4664.43,4664.54,0.11,0.11,0.11,0.0,0.0,0.11,1,TRAILING_STOP,[sl 4664.54],4664.54,0.0,2878.42,1878.42,Tuesday,21,2026-08-25
997,9748877,3534603,3541068,XAUUSD.u,SELL,STR S2,2,0.01,2026-08-25 21:31:04.342,2026-08-26 01:47:21.284,15376.94,4h 16m 16s,4659.78,4659.0,-0.78,0.78,0.78,0.0,0.0,0.78,1,TRAILING_STOP,[sl 4659.00],4659.0,0.0,2879.2,1879.2,Tuesday,21,2026-08-25
998,9748880,3534789,3541342,XAUUSD.u,SELL,STR S3,3,0.01,2026-08-25 21:37:18.523,2026-08-26 01:59:47.994,15749.47,4h 22m 29s,4658.23,4655.03,-3.2,3.2,3.2,0.0,0.0,3.2,1,TRAILING_STOP,[sl 4655.03],4655.03,0.0,2882.4,1882.4,Tuesday,21,2026-08-25
999,9754803,3535318,3538731,XAUUSD.u,SELL,STR S1,1,0.01,2026-08-25 21:43:41.488,2026-08-26 01:01:00.289,11838.8,3h 17m 18s,4661.33,4660.91,-0.42,0.42,0.42,0.0,0.0,0.42,1,TRAILING_STOP,[sl 4660.91],4660.91,0.0,2882.82,1882.82,Tuesday,21,2026-08-25
1000,9758415,3535839,3535936,XAUUSD.u,BUY,STR B1,1,0.01,2026-08-25 22:08:10.482,2026-08-25 22:14:59.788,409.31,6m 49s,4664.43,4665.93,1.5,1.5,1.5,0.0,0.0,1.5,1,TRAILING_STOP,[sl 4665.93],4665.93,0.0,2884.32,1884.32,Tuesday,22,2026-08-25
1001,9748882,3535889,3538967,XAUUSD.u,BUY,STR B4,4,0.01,2026-08-25 22:10:06.322,2026-08-26 01:09:16.983,10750.66,2h 59m 10s,4669.08,4669.9,0.82,0.82,0.82,0.0,0.0,0.82,1,TRAILING_STOP,[sl 4669.90],4669.9,0.0,2885.14,1885.14,Tuesday,22,2026-08-25
1002,9760783,3535995,3538771,XAUUSD.u,BUY,STR B1,1,0.01,2026-08-25 22:25:37.254,2026-08-26 01:01:20.515,9343.26,2h 35m 43s,4664.43,4671.46,7.03,7.03,7.03,0.0,0.0,7.03,1,TRAILING_STOP,[sl 4671.46],4671.46,0.0,2892.17,1892.17,Tuesday,22,2026-08-25
1003,9748885,3538733,3543650,XAUUSD.u,BUY,STR B5,5,0.01,2026-08-26 01:01:00.289,2026-08-26 02:38:58.646,5878.36,1h 37m 58s,4670.63,4640.2,-30.43,-30.43,-30.43,0.0,0.0,-30.43,0,BASKET_CLOSE,STR CLOSE,,,2861.74,1861.74,Wednesday,1,2026-08-26
1004,9748888,3538735,3543649,XAUUSD.u,BUY,STR B6,6,0.01,2026-08-26 01:01:00.290,2026-08-26 02:38:58.526,5878.24,1h 37m 58s,4672.18,4640.2,-31.98,-31.98,-31.98,0.0,0.0,-31.98,0,BASKET_CLOSE,STR CLOSE,,,2829.76,1829.76,Wednesday,1,2026-08-26
1005,9783367,3539276,3543645,XAUUSD.u,BUY,STR B3,3,0.01,2026-08-26 01:12:05.346,2026-08-26 02:38:58.046,5212.7,1h 26m 52s,4667.53,4640.2,-27.33,-27.33,-27.33,0.0,0.0,-27.33,0,BASKET_CLOSE,STR CLOSE,,,2802.43,1802.43,Wednesday,1,2026-08-26
1006,9784645,3539597,3543644,XAUUSD.u,BUY,STR B2,2,0.01,2026-08-26 01:21:22.167,2026-08-26 02:38:57.934,4655.77,1h 17m 35s,4665.98,4640.29,-25.69,-25.69,-25.69,0.0,0.0,-25.69,0,BASKET_CLOSE,STR CLOSE,,,2776.74,1776.74,Wednesday,1,2026-08-26
1007,9784842,3539730,3543643,XAUUSD.u,BUY,STR B1,1,0.01,2026-08-26 01:22:23.802,2026-08-26 02:38:57.820,4594.02,1h 16m 34s,4664.43,4640.29,-24.14,-24.14,-24.14,0.0,0.0,-24.14,0,BASKET_CLOSE,STR CLOSE,,,2752.6,1752.6,Wednesday,1,2026-08-26
1008,9781854,3539925,3540993,XAUUSD.u,SELL,STR S1,1,0.01,2026-08-26 01:25:13.606,2026-08-26 01:45:51.485,1237.88,20m 37s,4661.33,4657.45,-3.88,3.88,3.88,0.0,0.0,3.88,1,TRAILING_STOP,[sl 4657.45],4657.45,0.0,2756.48,1756.48,Wednesday,1,2026-08-26
1009,9748883,3540726,3541352,XAUUSD.u,SELL,STR S4,4,0.01,2026-08-26 01:42:27.369,2026-08-26 02:00:12.518,1065.15,17m 45s,4656.68,4656.58,-0.1,0.1,0.1,0.0,0.0,0.1,1,TRAILING_STOP,[sl 4656.58],4656.58,0.0,2756.58,1756.58,Wednesday,1,2026-08-26
1010,9748887,3541198,3542125,XAUUSD.u,SELL,STR S5,5,0.01,2026-08-26 01:50:20.394,2026-08-26 02:12:38.461,1338.07,22m 18s,4655.13,4654.85,-0.28,0.28,0.28,0.0,0.0,0.28,1,TRAILING_STOP,[sl 4654.85],4654.85,0.0,2756.86,1756.86,Wednesday,1,2026-08-26
1011,9748891,3541307,3543168,XAUUSD.u,SELL,STR S6,6,0.01,2026-08-26 01:58:42.429,2026-08-26 02:26:20.769,1658.34,27m 38s,4653.58,4644.68,-8.9,8.9,8.9,0.0,0.0,8.9,1,TRAILING_STOP,[sl 4644.68],4644.68,0.0,2765.76,1765.76,Wednesday,1,2026-08-26
1012,9790438,3541358,3541455,XAUUSD.u,SELL,STR S4,4,0.01,2026-08-26 02:00:13.617,2026-08-26 02:02:37.535,143.92,2m 23s,4656.68,4655.67,-1.01,1.01,1.01,0.0,0.0,1.01,1,TRAILING_STOP,[sl 4655.67],4655.67,0.0,2766.77,1766.77,Wednesday,2,2026-08-26
1013,9790903,3541459,3541542,XAUUSD.u,SELL,STR S4,4,0.01,2026-08-26 02:02:48.097,2026-08-26 02:04:16.326,88.23,1m 28s,4656.68,4653.34,-3.34,3.34,3.34,0.0,0.0,3.34,1,TRAILING_STOP,[sl 4653.34],4653.34,0.0,2770.11,1770.11,Wednesday,2,2026-08-26
1014,9748894,3541483,3543169,XAUUSD.u,SELL,STR S7,7,0.01,2026-08-26 02:04:09.900,2026-08-26 02:26:20.769,1330.87,22m 10s,4652.03,4644.68,-7.35,7.35,7.35,0.0,0.0,7.35,1,TRAILING_STOP,[sl 4644.68],4644.68,0.0,2777.46,1777.46,Wednesday,2,2026-08-26
1015,9748899,3542274,3543170,XAUUSD.u,SELL,STR S8,8,0.01,2026-08-26 02:15:14.995,2026-08-26 02:26:20.987,665.99,11m 5s,4650.48,4644.74,-5.74,5.74,5.74,0.0,0.0,5.74,1,TRAILING_STOP,[sl 4644.74],4644.74,0.0,2783.2,1783.2,Wednesday,2,2026-08-26
1016,9748902,3542804,3543171,XAUUSD.u,SELL,STR S9,9,0.01,2026-08-26 02:21:51.957,2026-08-26 02:26:21.335,269.38,4m 29s,4648.93,4644.76,-4.17,4.17,4.17,0.0,0.0,4.17,1,TRAILING_STOP,[sl 4644.76],4644.76,0.0,2787.37,1787.37,Wednesday,2,2026-08-26
1017,9748907,3542847,3543220,XAUUSD.u,SELL,STR S10,10,0.01,2026-08-26 02:22:04.858,2026-08-26 02:28:03.381,358.52,5m 58s,4647.38,4646.32,-1.06,1.06,1.06,0.0,0.0,1.06,1,TRAILING_STOP,[sl 4646.32],4646.32,0.0,2788.43,1788.43,Wednesday,2,2026-08-26
1018,9748911,3542961,3543545,XAUUSD.u,SELL,STR S11,11,0.06,2026-08-26 02:23:10.172,2026-08-26 02:36:04.785,774.61,12m 54s,4645.83,4641.7,-4.13,4.13,24.78,0.0,0.0,24.78,1,TRAILING_STOP,[sl 4641.70],4641.7,0.0,2813.21,1813.21,Wednesday,2,2026-08-26
1019,9748914,3543124,3543555,XAUUSD.u,SELL,STR S12,12,0.06,2026-08-26 02:25:40.368,2026-08-26 02:36:28.480,648.11,10m 48s,4644.28,4643.29,-0.99,0.99,5.94,0.0,0.0,5.94,1,TRAILING_STOP,[sl 4643.29],4643.29,0.0,2819.15,1819.15,Wednesday,2,2026-08-26
1020,9796433,3543247,3543546,XAUUSD.u,SELL,STR S10,10,0.01,2026-08-26 02:28:37.730,2026-08-26 02:36:04.785,447.06,7m 27s,4647.38,4641.72,-5.66,5.66,5.66,0.0,0.0,5.66,1,TRAILING_STOP,[sl 4641.72],4641.72,0.0,2824.81,1824.81,Wednesday,2,2026-08-26
1021,9797143,3543453,3543547,XAUUSD.u,SELL,STR S9,9,0.01,2026-08-26 02:33:45.253,2026-08-26 02:36:04.785,139.53,2m 19s,4648.93,4641.74,-7.19,7.19,7.19,0.0,0.0,7.19,1,TRAILING_STOP,[sl 4641.74],4641.74,0.0,2832.0,1832.0,Wednesday,2,2026-08-26
1022,9748917,3543516,3543648,XAUUSD.u,SELL,STR S13,13,0.06,2026-08-26 02:36:02.083,2026-08-26 02:38:58.412,176.33,2m 56s,4642.73,4640.25,-2.48,2.48,14.88,0.0,0.0,14.88,1,BASKET_CLOSE,STR CLOSE,,,2846.88,1846.88,Wednesday,2,2026-08-26
1023,9748922,3543533,3543647,XAUUSD.u,SELL,STR S14,14,0.06,2026-08-26 02:36:03.871,2026-08-26 02:38:58.293,174.42,2m 54s,4641.18,4640.27,-0.91,0.91,5.46,0.0,0.0,5.46,1,BASKET_CLOSE,STR CLOSE,,,2852.34,1852.34,Wednesday,2,2026-08-26
1024,9797896,3543560,3543642,XAUUSD.u,SELL,STR S12,12,0.06,2026-08-26 02:36:31.503,2026-08-26 02:38:57.706,146.2,2m 26s,4644.28,4640.34,-3.94,3.94,23.64,0.0,0.0,23.64,1,BASKET_CLOSE,STR CLOSE,,,2875.98,1875.98,Wednesday,2,2026-08-26
1025,9748924,3543616,3543646,XAUUSD.u,SELL,STR S15,15,0.06,2026-08-26 02:38:37.600,2026-08-26 02:38:58.159,20.56,20s,4639.63,4640.24,0.61,-0.61,-3.66,0.0,0.0,-3.66,0,BASKET_CLOSE,STR CLOSE,,,2872.32,1872.32,Wednesday,2,2026-08-26
1026,9798369,3543750,3544479,XAUUSD.u,SELL,STR S1,1,0.01,2026-08-26 02:40:39.046,2026-08-26 02:56:29.490,950.44,15m 50s,4638.49,4637.61,-0.88,0.88,0.88,0.0,0.0,0.88,1,TRAILING_STOP,[sl 4637.61],4637.61,0.0,2873.2,1873.2,Wednesday,2,2026-08-26
1027,9798371,3543894,3544599,XAUUSD.u,SELL,STR S2,2,0.01,2026-08-26 02:43:10.367,2026-08-26 03:00:03.670,1013.3,16m 53s,4636.94,4632.85,-4.09,4.09,4.09,0.0,0.0,4.09,1,TRAILING_STOP,[sl 4632.85],4632.85,0.0,2877.29,1877.29,Wednesday,2,2026-08-26
1028,9798373,3544427,3544601,XAUUSD.u,SELL,STR S3,3,0.01,2026-08-26 02:53:51.314,2026-08-26 03:00:04.056,372.74,6m 12s,4635.39,4634.37,-1.02,1.02,1.02,0.0,0.0,1.02,1,TRAILING_STOP,[sl 4634.37],4634.37,0.0,2878.31,1878.31,Wednesday,2,2026-08-26
1029,9802122,3544486,3544600,XAUUSD.u,SELL,STR S1,1,0.01,2026-08-26 02:57:03.649,2026-08-26 03:00:04.025,180.38,3m 0s,4638.49,4634.28,-4.21,4.21,4.21,0.0,0.0,4.21,1,TRAILING_STOP,[sl 4634.28],4634.28,0.0,2882.52,1882.52,Wednesday,2,2026-08-26
1030,9798376,3544544,3544632,XAUUSD.u,SELL,STR S4,4,0.01,2026-08-26 03:00:01.805,2026-08-26 03:00:09.289,7.48,7s,4633.84,4634.51,0.67,-0.67,-0.67,0.0,0.0,-0.67,0,BASKET_CLOSE,STR CLOSE,,,2881.85,1881.85,Wednesday,3,2026-08-26
1031,9798380,3544564,3544630,XAUUSD.u,SELL,STR S5,5,0.01,2026-08-26 03:00:02.509,2026-08-26 03:00:09.176,6.67,6s,4632.29,4634.69,2.4,-2.4,-2.4,0.0,0.0,-2.4,0,BASKET_CLOSE,STR CLOSE,,,2879.45,1879.45,Wednesday,3,2026-08-26
1032,9798384,3544581,3544629,XAUUSD.u,SELL,STR S6,6,0.01,2026-08-26 03:00:02.799,2026-08-26 03:00:09.062,6.26,6s,4630.74,4634.54,3.8,-3.8,-3.8,0.0,0.0,-3.8,0,BASKET_CLOSE,STR CLOSE,,,2875.65,1875.65,Wednesday,3,2026-08-26
1033,9802635,3544713,3544935,XAUUSD.u,BUY,STR B1,1,0.01,2026-08-26 03:00:17.869,2026-08-26 03:01:18.111,60.24,1m 0s,4635.65,4639.6,3.95,3.95,3.95,0.0,0.0,3.95,1,TRAILING_STOP,[sl 4639.60],4639.6,0.0,2879.6,1879.6,Wednesday,3,2026-08-26
1034,9802638,3544725,3544943,XAUUSD.u,BUY,STR B2,2,0.01,2026-08-26 03:00:21.231,2026-08-26 03:01:34.427,73.2,1m 13s,4637.19,4638.05,0.86,0.86,0.86,0.0,0.0,0.86,1,TRAILING_STOP,[sl 4638.05],4638.05,0.0,2880.46,1880.46,Wednesday,3,2026-08-26
1035,9802643,3544795,3544994,XAUUSD.u,BUY,STR B3,3,0.01,2026-08-26 03:00:24.441,2026-08-26 03:03:41.422,196.98,3m 16s,4638.73,4639.54,0.81,0.81,0.81,0.0,0.0,0.81,1,TRAILING_STOP,[sl 4639.54],4639.54,0.0,2881.27,1881.27,Wednesday,3,2026-08-26
1036,9802648,3544877,3545152,XAUUSD.u,BUY,STR B4,4,0.01,2026-08-26 03:00:48.678,2026-08-26 03:04:32.742,224.06,3m 44s,4640.27,4645.08,4.81,4.81,4.81,0.0,0.0,4.81,1,BASKET_CLOSE,STR CLOSE,,,2886.08,1886.08,Wednesday,3,2026-08-26
1037,9803133,3544946,3544988,XAUUSD.u,BUY,STR B2,2,0.01,2026-08-26 03:01:36.803,2026-08-26 03:03:24.153,107.35,1m 47s,4637.19,4641.09,3.9,3.9,3.9,0.0,0.0,3.9,1,TRAILING_STOP,[sl 4641.09],4641.09,0.0,2889.98,1889.98,Wednesday,3,2026-08-26
1038,9802651,3544975,3545150,XAUUSD.u,BUY,STR B5,5,0.01,2026-08-26 03:03:00.890,2026-08-26 03:04:32.628,91.74,1m 31s,4641.81,4645.03,3.22,3.22,3.22,0.0,0.0,3.22,1,BASKET_CLOSE,STR CLOSE,,,2893.2,1893.2,Wednesday,3,2026-08-26
1039,9802659,3545011,3545149,XAUUSD.u,BUY,STR B6,6,0.01,2026-08-26 03:04:21.385,2026-08-26 03:04:32.515,11.13,11s,4643.35,4645.0,1.65,1.65,1.65,0.0,0.0,1.65,1,BASKET_CLOSE,STR CLOSE,,,2894.85,1894.85,Wednesday,3,2026-08-26
1040,9802662,3545117,3545147,XAUUSD.u,BUY,STR B7,7,0.01,2026-08-26 03:04:25.214,2026-08-26 03:04:32.391,7.18,7s,4644.89,4645.0,0.11,0.11,0.11,0.0,0.0,0.11,1,BASKET_CLOSE,STR CLOSE,,,2894.96,1894.96,Wednesday,3,2026-08-26
1041,9803697,3545248,3545896,XAUUSD.u,BUY,STR B1,1,0.01,2026-08-26 03:04:58.803,2026-08-26 03:18:50.633,831.83,13m 51s,4646.39,4647.34,0.95,0.95,0.95,0.0,0.0,0.95,1,TRAILING_STOP,[sl 4647.34],4647.34,0.0,2895.91,1895.91,Wednesday,3,2026-08-26
1042,9803699,3545353,3546388,XAUUSD.u,SELL,STR S1,1,0.01,2026-08-26 03:07:46.984,2026-08-26 03:35:37.026,1670.04,27m 50s,4643.29,4642.21,-1.08,1.08,1.08,0.0,0.0,1.08,1,TRAILING_STOP,[sl 4642.21],4642.21,0.0,2896.99,1896.99,Wednesday,3,2026-08-26
1043,9803702,3545378,3549226,XAUUSD.u,SELL,STR S2,2,0.01,2026-08-26 03:08:01.167,2026-08-26 04:35:18.772,5237.6,1h 27m 17s,4641.74,4665.36,23.62,-23.62,-23.62,0.0,0.0,-23.62,0,BASKET_CLOSE,STR CLOSE,,,2873.37,1873.37,Wednesday,3,2026-08-26
1044,9803700,3545638,3547051,XAUUSD.u,BUY,STR B2,2,0.01,2026-08-26 03:16:26.171,2026-08-26 03:51:10.480,2084.31,34m 44s,4647.94,4651.42,3.48,3.48,3.48,0.0,0.0,3.48,1,TRAILING_STOP,[sl 4651.42],4651.42,0.0,2876.85,1876.85,Wednesday,3,2026-08-26
1045,9803703,3545732,3548245,XAUUSD.u,BUY,STR B3,3,0.01,2026-08-26 03:16:33.796,2026-08-26 03:58:44.710,2530.91,42m 10s,4649.49,4659.37,9.88,9.88,9.88,0.0,0.0,9.88,1,TRAILING_STOP,[sl 4659.37],4659.37,0.0,2886.73,1886.73,Wednesday,3,2026-08-26
1046,9806385,3545945,3547052,XAUUSD.u,BUY,STR B1,1,0.01,2026-08-26 03:19:43.032,2026-08-26 03:51:10.480,1887.45,31m 27s,4646.39,4651.42,5.03,5.03,5.03,0.0,0.0,5.03,1,TRAILING_STOP,[sl 4651.42],4651.42,0.0,2891.76,1891.76,Wednesday,3,2026-08-26
1047,9803704,3546330,3549224,XAUUSD.u,SELL,STR S3,3,0.01,2026-08-26 03:33:50.240,2026-08-26 04:35:18.650,3688.41,1h 1m 28s,4640.19,4665.35,25.16,-25.16,-25.16,0.0,0.0,-25.16,0,BASKET_CLOSE,STR CLOSE,,,2866.6,1866.6,Wednesday,3,2026-08-26
1048,9808680,3546416,3546640,XAUUSD.u,SELL,STR S1,1,0.01,2026-08-26 03:36:26.404,2026-08-26 03:42:25.300,358.9,5m 58s,4643.29,4643.04,-0.25,0.25,0.25,0.0,0.0,0.25,1,TRAILING_STOP,[sl 4643.04],4643.04,0.0,2866.85,1866.85,Wednesday,3,2026-08-26
1049,9809561,3546642,3549219,XAUUSD.u,SELL,STR S1,1,0.01,2026-08-26 03:42:26.628,2026-08-26 04:35:18.080,3171.45,52m 51s,4643.29,4665.38,22.09,-22.09,-22.09,0.0,0.0,-22.09,0,BASKET_CLOSE,STR CLOSE,,,2844.76,1844.76,Wednesday,3,2026-08-26
1050,9803706,3546872,3548246,XAUUSD.u,BUY,STR B4,4,0.01,2026-08-26 03:49:51.670,2026-08-26 03:58:44.710,533.04,8m 53s,4651.04,4659.37,8.33,8.33,8.33,0.0,0.0,8.33,1,TRAILING_STOP,[sl 4659.37],4659.37,0.0,2853.09,1853.09,Wednesday,3,2026-08-26
1051,9803709,3546994,3548243,XAUUSD.u,BUY,STR B5,5,0.01,2026-08-26 03:50:31.942,2026-08-26 03:58:44.612,492.67,8m 12s,4652.59,4659.38,6.79,6.79,6.79,0.0,0.0,6.79,1,TRAILING_STOP,[sl 4659.38],4659.38,0.0,2859.88,1859.88,Wednesday,3,2026-08-26
1052,9803712,3547752,3548244,XAUUSD.u,BUY,STR B6,6,0.01,2026-08-26 03:55:57.492,2026-08-26 03:58:44.612,167.12,2m 47s,4654.14,4659.38,5.24,5.24,5.24,0.0,0.0,5.24,1,TRAILING_STOP,[sl 4659.38],4659.38,0.0,2865.12,1865.12,Wednesday,3,2026-08-26
1053,9803715,3547903,3548247,XAUUSD.u,BUY,STR B7,7,0.01,2026-08-26 03:57:16.681,2026-08-26 03:58:44.710,88.03,1m 28s,4655.69,4659.37,3.68,3.68,3.68,0.0,0.0,3.68,1,TRAILING_STOP,[sl 4659.37],4659.37,0.0,2868.8,1868.8,Wednesday,3,2026-08-26
1054,9803718,3548149,3548278,XAUUSD.u,BUY,STR B8,8,0.01,2026-08-26 03:57:37.708,2026-08-26 03:59:21.164,103.46,1m 43s,4657.24,4657.81,0.57,0.57,0.57,0.0,0.0,0.57,1,TRAILING_STOP,[sl 4657.81],4657.81,0.0,2869.37,1869.37,Wednesday,3,2026-08-26
1055,9803721,3548183,3549098,XAUUSD.u,BUY,STR B9,9,0.01,2026-08-26 03:57:48.113,2026-08-26 04:31:36.162,2028.05,33m 48s,4658.79,4659.47,0.68,0.68,0.68,0.0,0.0,0.68,1,TRAILING_STOP,[sl 4659.47],4659.47,0.0,2870.05,1870.05,Wednesday,3,2026-08-26
1056,9803724,3548209,3549223,XAUUSD.u,BUY,STR B10,10,0.01,2026-08-26 03:58:02.673,2026-08-26 04:35:18.536,2235.86,37m 15s,4660.34,4665.25,4.91,4.91,4.91,0.0,0.0,4.91,1,BASKET_CLOSE,STR CLOSE,,,2874.96,1874.96,Wednesday,3,2026-08-26
1057,9812942,3548289,3548574,XAUUSD.u,BUY,STR B8,8,0.01,2026-08-26 03:59:35.169,2026-08-26 04:11:48.288,733.12,12m 13s,4657.24,4658.71,1.47,1.47,1.47,0.0,0.0,1.47,1,TRAILING_STOP,[sl 4658.71],4658.71,0.0,2876.43,1876.43,Wednesday,3,2026-08-26
1058,9813041,3548327,3548424,XAUUSD.u,BUY,STR B7,7,0.01,2026-08-26 04:00:16.481,2026-08-26 04:05:05.596,289.12,4m 49s,4655.69,4658.97,3.28,3.28,3.28,0.0,0.0,3.28,1,TRAILING_STOP,[sl 4658.97],4658.97,0.0,2879.71,1879.71,Wednesday,4,2026-08-26
1059,9816575,3548836,3549096,XAUUSD.u,BUY,STR B8,8,0.01,2026-08-26 04:27:59.413,2026-08-26 04:31:32.028,212.62,3m 32s,4657.24,4661.02,3.78,3.78,3.78,0.0,0.0,3.78,1,TRAILING_STOP,[sl 4661.02],4661.02,0.0,2883.49,1883.49,Wednesday,4,2026-08-26
1060,9803728,3548984,3549222,XAUUSD.u,BUY,STR B11,11,0.06,2026-08-26 04:30:48.663,2026-08-26 04:35:18.419,269.76,4m 29s,4661.89,4665.32,3.43,3.43,20.58,0.0,0.0,20.58,1,BASKET_CLOSE,STR CLOSE,,,2904.07,1904.07,Wednesday,4,2026-08-26
1061,9803731,3549122,3549221,XAUUSD.u,BUY,STR B12,12,0.06,2026-08-26 04:33:21.223,2026-08-26 04:35:18.306,117.08,1m 57s,4663.44,4665.32,1.88,1.88,11.28,0.0,0.0,11.28,1,BASKET_CLOSE,STR CLOSE,,,2915.35,1915.35,Wednesday,4,2026-08-26
1062,9803735,3549194,3549220,XAUUSD.u,BUY,STR B13,13,0.06,2026-08-26 04:35:11.502,2026-08-26 04:35:18.193,6.69,6s,4664.99,4665.33,0.34,0.34,2.04,0.0,0.0,2.04,1,BASKET_CLOSE,STR CLOSE,,,2917.39,1917.39,Wednesday,4,2026-08-26
1063,9817948,3549250,3549298,XAUUSD.u,SELL,STR S1,1,0.01,2026-08-26 04:36:12.755,2026-08-26 04:38:35.921,143.17,2m 23s,4663.69,4662.67,-1.02,1.02,1.02,0.0,0.0,1.02,1,TRAILING_STOP,[sl 4662.67],4662.67,0.0,2918.41,1918.41,Wednesday,4,2026-08-26
1064,9817952,3549251,3550652,XAUUSD.u,SELL,STR S2,2,0.01,2026-08-26 04:36:14.529,2026-08-26 05:00:52.154,1477.62,24m 37s,4662.13,4655.16,-6.97,6.97,6.97,0.0,0.0,6.97,1,TRAILING_STOP,[sl 4655.16],4655.16,0.0,2925.38,1925.38,Wednesday,4,2026-08-26
1065,9817956,3549273,3550653,XAUUSD.u,SELL,STR S3,3,0.01,2026-08-26 04:37:15.912,2026-08-26 05:00:52.154,1416.24,23m 36s,4660.57,4655.16,-5.41,5.41,5.41,0.0,0.0,5.41,1,TRAILING_STOP,[sl 4655.16],4655.16,0.0,2930.79,1930.79,Wednesday,4,2026-08-26
1066,9818439,3549307,3550448,XAUUSD.u,SELL,STR S1,1,0.01,2026-08-26 04:38:55.953,2026-08-26 04:58:38.353,1182.4,19m 42s,4663.69,4659.63,-4.06,4.06,4.06,0.0,0.0,4.06,1,TRAILING_STOP,[sl 4659.63],4659.63,0.0,2934.85,1934.85,Wednesday,4,2026-08-26
1067,9817947,3549417,3549605,XAUUSD.u,BUY,STR B1,1,0.01,2026-08-26 04:41:37.361,2026-08-26 04:44:22.400,165.04,2m 45s,4666.81,4667.69,0.88,0.88,0.88,0.0,0.0,0.88,1,TRAILING_STOP,[sl 4667.69],4667.69,0.0,2935.73,1935.73,Wednesday,4,2026-08-26
1068,9817950,3549464,3552161,XAUUSD.u,BUY,STR B2,2,0.01,2026-08-26 04:42:13.911,2026-08-26 05:45:08.474,3774.56,1h 2m 54s,4668.37,4644.92,-23.45,-23.45,-23.45,0.0,0.0,-23.45,0,BASKET_CLOSE,STR CLOSE,,,2912.28,1912.28,Wednesday,4,2026-08-26
1069,9817955,3549534,3552160,XAUUSD.u,BUY,STR B3,3,0.01,2026-08-26 04:43:24.940,2026-08-26 05:45:08.357,3703.42,1h 1m 43s,4669.93,4644.92,-25.01,-25.01,-25.01,0.0,0.0,-25.01,0,BASKET_CLOSE,STR CLOSE,,,2887.27,1887.27,Wednesday,4,2026-08-26
1070,9819790,3549777,3552156,XAUUSD.u,BUY,STR B1,1,0.01,2026-08-26 04:48:29.872,2026-08-26 05:45:07.882,3398.01,56m 38s,4666.81,4644.94,-21.87,-21.87,-21.87,0.0,0.0,-21.87,0,BASKET_CLOSE,STR CLOSE,,,2865.4,1865.4,Wednesday,4,2026-08-26
1071,9817959,3550377,3550654,XAUUSD.u,SELL,STR S4,4,0.01,2026-08-26 04:57:11.830,2026-08-26 05:00:52.155,220.32,3m 40s,4659.01,4655.16,-3.85,3.85,3.85,0.0,0.0,3.85,1,TRAILING_STOP,[sl 4655.16],4655.16,0.0,2869.25,1869.25,Wednesday,4,2026-08-26
1072,9817961,3550488,3550668,XAUUSD.u,SELL,STR S5,5,0.01,2026-08-26 05:00:04.591,2026-08-26 05:01:33.575,88.98,1m 28s,4657.45,4656.71,-0.74,0.74,0.74,0.0,0.0,0.74,1,TRAILING_STOP,[sl 4656.71],4656.71,0.0,2869.99,1869.99,Wednesday,5,2026-08-26
1073,9817963,3550526,3551150,XAUUSD.u,SELL,STR S6,6,0.01,2026-08-26 05:00:30.268,2026-08-26 05:11:20.162,649.89,10m 49s,4655.89,4648.92,-6.97,6.97,6.97,0.0,0.0,6.97,1,TRAILING_STOP,[sl 4648.92],4648.92,0.0,2876.96,1876.96,Wednesday,5,2026-08-26
1074,9817965,3550551,3551151,XAUUSD.u,SELL,STR S7,7,0.01,2026-08-26 05:00:30.739,2026-08-26 05:11:20.162,649.42,10m 49s,4654.33,4648.92,-5.41,5.41,5.41,0.0,0.0,5.41,1,TRAILING_STOP,[sl 4648.92],4648.92,0.0,2882.37,1882.37,Wednesday,5,2026-08-26
1075,9821944,3550693,3551153,XAUUSD.u,SELL,STR S5,5,0.01,2026-08-26 05:02:25.671,2026-08-26 05:11:20.162,534.49,8m 54s,4657.45,4648.92,-8.53,8.53,8.53,0.0,0.0,8.53,1,TRAILING_STOP,[sl 4648.92],4648.92,0.0,2890.9,1890.9,Wednesday,5,2026-08-26
1076,9817967,3550825,3551152,XAUUSD.u,SELL,STR S8,8,0.01,2026-08-26 05:07:15.260,2026-08-26 05:11:20.162,244.9,4m 4s,4652.77,4648.92,-3.85,3.85,3.85,0.0,0.0,3.85,1,TRAILING_STOP,[sl 4648.92],4648.92,0.0,2894.75,1894.75,Wednesday,5,2026-08-26
1077,9817969,3550881,3551275,XAUUSD.u,SELL,STR S9,9,0.01,2026-08-26 05:07:30.770,2026-08-26 05:18:52.691,681.92,11m 21s,4651.21,4647.76,-3.45,3.45,3.45,0.0,0.0,3.45,1,TRAILING_STOP,[sl 4647.76],4647.76,0.0,2898.2,1898.2,Wednesday,5,2026-08-26
1078,9817972,3551008,3551326,XAUUSD.u,SELL,STR S10,10,0.01,2026-08-26 05:09:36.621,2026-08-26 05:21:20.741,704.12,11m 44s,4649.65,4649.13,-0.52,0.52,0.52,0.0,0.0,0.52,1,TRAILING_STOP,[sl 4649.13],4649.13,0.0,2898.72,1898.72,Wednesday,5,2026-08-26
1079,9817974,3551115,3552159,XAUUSD.u,SELL,STR S11,11,0.06,2026-08-26 05:11:09.201,2026-08-26 05:45:08.244,2039.04,33m 59s,4648.09,4644.97,-3.12,3.12,18.72,0.0,0.0,18.72,1,BASKET_CLOSE,STR CLOSE,,,2917.44,1917.44,Wednesday,5,2026-08-26
1080,9817977,3551250,3552158,XAUUSD.u,SELL,STR S12,12,0.06,2026-08-26 05:17:29.394,2026-08-26 05:45:08.128,1658.73,27m 38s,4646.53,4644.96,-1.57,1.57,9.42,0.0,0.0,9.42,1,BASKET_CLOSE,STR CLOSE,,,2926.86,1926.86,Wednesday,5,2026-08-26
1081,9824148,3551334,3552155,XAUUSD.u,SELL,STR S10,10,0.01,2026-08-26 05:21:31.628,2026-08-26 05:45:07.768,1416.14,23m 36s,4649.65,4645.03,-4.62,4.62,4.62,0.0,0.0,4.62,1,BASKET_CLOSE,STR CLOSE,,,2931.48,1931.48,Wednesday,5,2026-08-26
1082,9825323,3551772,3552154,XAUUSD.u,SELL,STR S9,9,0.01,2026-08-26 05:30:31.144,2026-08-26 05:45:07.642,876.5,14m 36s,4651.21,4644.99,-6.22,6.22,6.22,0.0,0.0,6.22,1,BASKET_CLOSE,STR CLOSE,,,2937.7,1937.7,Wednesday,5,2026-08-26
1083,9817981,3552142,3552157,XAUUSD.u,SELL,STR S13,13,0.06,2026-08-26 05:45:02.308,2026-08-26 05:45:07.995,5.69,5s,4644.97,4644.96,-0.01,0.01,0.06,0.0,0.0,0.06,1,BASKET_CLOSE,STR CLOSE,,,2937.76,1937.76,Wednesday,5,2026-08-26
1084,9827146,3552216,3554451,XAUUSD.u,SELL,STR S1,1,0.01,2026-08-26 05:45:53.211,2026-08-26 07:01:41.678,4548.47,1h 15m 48s,4643.28,4642.04,-1.24,1.24,1.24,0.0,0.0,1.24,1,TRAILING_STOP,[sl 4642.04],4642.04,0.0,2939.0,1939.0,Wednesday,5,2026-08-26
1085,9827149,3553172,3556706,XAUUSD.u,SELL,STR S2,2,0.01,2026-08-26 06:15:20.866,2026-08-26 07:45:16.229,5395.36,1h 29m 55s,4641.73,4637.88,-3.85,3.85,3.85,0.0,0.0,3.85,1,TRAILING_STOP,[sl 4637.88],4637.88,0.0,2942.85,1942.85,Wednesday,6,2026-08-26
1086,9827151,3553897,3556845,XAUUSD.u,SELL,STR S3,3,0.01,2026-08-26 06:40:11.495,2026-08-26 07:48:07.769,4076.27,1h 7m 56s,4640.18,4638.7,-1.48,1.48,1.48,0.0,0.0,1.48,1,TRAILING_STOP,[sl 4638.70],4638.7,0.0,2944.33,1944.33,Wednesday,6,2026-08-26
1087,9836374,3554506,3556233,XAUUSD.u,SELL,STR S1,1,0.01,2026-08-26 07:02:58.977,2026-08-26 07:40:00.737,2221.76,37m 1s,4643.28,4641.84,-1.44,1.44,1.44,0.0,0.0,1.44,1,TRAILING_STOP,[sl 4641.84],4641.84,0.0,2945.77,1945.77,Wednesday,7,2026-08-26
1088,9827145,3555391,3555668,XAUUSD.u,BUY,STR B1,1,0.01,2026-08-26 07:30:15.704,2026-08-26 07:31:07.496,51.79,51s,4646.38,4646.48,0.1,0.1,0.1,0.0,0.0,0.1,1,TRAILING_STOP,[sl 4646.48],4646.48,0.0,2945.87,1945.87,Wednesday,7,2026-08-26
1089,9827147,3555596,3563565,XAUUSD.u,BUY,STR B2,2,0.01,2026-08-26 07:30:26.909,2026-08-26 09:55:59.650,8732.74,2h 25m 32s,4647.93,4626.86,-21.07,-21.07,-21.07,0.0,0.0,-21.07,0,BASKET_CLOSE,STR CLOSE,,,2924.8,1924.8,Wednesday,7,2026-08-26
1090,9827150,3555637,3563564,XAUUSD.u,BUY,STR B3,3,0.01,2026-08-26 07:30:42.171,2026-08-26 09:55:59.537,8717.37,2h 25m 17s,4649.48,4626.86,-22.62,-22.62,-22.62,0.0,0.0,-22.62,0,BASKET_CLOSE,STR CLOSE,,,2902.18,1902.18,Wednesday,7,2026-08-26
1091,9840797,3555691,3563561,XAUUSD.u,BUY,STR B1,1,0.01,2026-08-26 07:31:37.877,2026-08-26 09:55:59.193,8661.32,2h 24m 21s,4646.38,4626.86,-19.52,-19.52,-19.52,0.0,0.0,-19.52,0,BASKET_CLOSE,STR CLOSE,,,2882.66,1882.66,Wednesday,7,2026-08-26
1092,9842262,3556325,3556707,XAUUSD.u,SELL,STR S1,1,0.01,2026-08-26 07:40:51.382,2026-08-26 07:45:16.229,264.85,4m 24s,4643.28,4637.88,-5.4,5.4,5.4,0.0,0.0,5.4,1,TRAILING_STOP,[sl 4637.88],4637.88,0.0,2888.06,1888.06,Wednesday,7,2026-08-26
1093,9827154,3556548,3558046,XAUUSD.u,SELL,STR S4,4,0.01,2026-08-26 07:44:41.693,2026-08-26 08:18:31.409,2029.72,33m 49s,4638.63,4632.94,-5.69,5.69,5.69,0.0,0.0,5.69,1,TRAILING_STOP,[sl 4632.94],4632.94,0.0,2893.75,1893.75,Wednesday,7,2026-08-26
1094,9827156,3556649,3558047,XAUUSD.u,SELL,STR S5,5,0.01,2026-08-26 07:45:03.176,2026-08-26 08:18:31.409,2008.23,33m 28s,4637.08,4632.94,-4.14,4.14,4.14,0.0,0.0,4.14,1,TRAILING_STOP,[sl 4632.94],4632.94,0.0,2897.89,1897.89,Wednesday,7,2026-08-26
1095,9843427,3556860,3557378,XAUUSD.u,SELL,STR S3,3,0.01,2026-08-26 07:48:26.678,2026-08-26 08:04:01.596,934.92,15m 34s,4640.18,4639.42,-0.76,0.76,0.76,0.0,0.0,0.76,1,TRAILING_STOP,[sl 4639.42],4639.42,0.0,2898.65,1898.65,Wednesday,7,2026-08-26
1096,9845407,3557392,3557647,XAUUSD.u,SELL,STR S3,3,0.01,2026-08-26 08:04:14.757,2026-08-26 08:12:17.344,482.59,8m 2s,4640.18,4639.35,-0.83,0.83,0.83,0.0,0.0,0.83,1,TRAILING_STOP,[sl 4639.35],4639.35,0.0,2899.48,1899.48,Wednesday,8,2026-08-26
1097,9827158,3557710,3558123,XAUUSD.u,SELL,STR S6,6,0.01,2026-08-26 08:15:21.828,2026-08-26 08:20:01.303,279.48,4m 39s,4635.53,4634.48,-1.05,1.05,1.05,0.0,0.0,1.05,1,TRAILING_STOP,[sl 4634.48],4634.48,0.0,2900.53,1900.53,Wednesday,8,2026-08-26
1098,9827161,3557858,3558303,XAUUSD.u,SELL,STR S7,7,0.01,2026-08-26 08:16:34.640,2026-08-26 08:22:32.669,358.03,5m 58s,4633.98,4630.51,-3.47,3.47,3.47,0.0,0.0,3.47,1,TRAILING_STOP,[sl 4630.51],4630.51,0.0,2904.0,1904.0,Wednesday,8,2026-08-26
1099,9827164,3557972,3558466,XAUUSD.u,SELL,STR S8,8,0.01,2026-08-26 08:18:04.449,2026-08-26 08:24:08.186,363.74,6m 3s,4632.43,4627.73,-4.7,4.7,4.7,0.0,0.0,4.7,1,TRAILING_STOP,[sl 4627.73],4627.73,0.0,2908.7,1908.7,Wednesday,8,2026-08-26
1100,9827166,3558158,3558467,XAUUSD.u,SELL,STR S9,9,0.01,2026-08-26 08:21:35.738,2026-08-26 08:24:08.186,152.45,2m 32s,4630.88,4627.73,-3.15,3.15,3.15,0.0,0.0,3.15,1,TRAILING_STOP,[sl 4627.73],4627.73,0.0,2911.85,1911.85,Wednesday,8,2026-08-26
1101,9827168,3558252,3558640,XAUUSD.u,SELL,STR S10,10,0.01,2026-08-26 08:22:23.487,2026-08-26 08:26:00.031,216.54,3m 36s,4629.33,4628.06,-1.27,1.27,1.27,0.0,0.0,1.27,1,TRAILING_STOP,[sl 4628.06],4628.06,0.0,2913.12,1913.12,Wednesday,8,2026-08-26
1102,9827170,3558366,3563563,XAUUSD.u,SELL,STR S11,11,0.06,2026-08-26 08:23:21.423,2026-08-26 09:55:59.422,5558.0,1h 32m 37s,4627.78,4626.87,-0.91,0.91,5.46,0.0,0.0,5.46,1,BASKET_CLOSE,STR CLOSE,,,2918.58,1918.58,Wednesday,8,2026-08-26
1103,9827172,3558428,3563562,XAUUSD.u,SELL,STR S12,12,0.06,2026-08-26 08:23:29.237,2026-08-26 09:55:59.307,5550.07,1h 32m 30s,4626.23,4626.87,0.64,-0.64,-3.84,0.0,0.0,-3.84,0,BASKET_CLOSE,STR CLOSE,,,2914.74,1914.74,Wednesday,8,2026-08-26
1104,9849656,3558889,3563560,XAUUSD.u,SELL,STR S10,10,0.01,2026-08-26 08:31:51.232,2026-08-26 09:55:59.081,5047.85,1h 24m 7s,4629.33,4626.87,-2.46,2.46,2.46,0.0,0.0,2.46,1,BASKET_CLOSE,STR CLOSE,,,2917.2,1917.2,Wednesday,8,2026-08-26
1105,9850172,3559024,3559180,XAUUSD.u,SELL,STR S9,9,0.01,2026-08-26 08:35:00.140,2026-08-26 08:39:41.076,280.94,4m 40s,4630.88,4630.47,-0.41,0.41,0.41,0.0,0.0,0.41,1,TRAILING_STOP,[sl 4630.47],4630.47,0.0,2917.61,1917.61,Wednesday,8,2026-08-26
1106,9850920,3559197,3563559,XAUUSD.u,SELL,STR S9,9,0.01,2026-08-26 08:40:04.422,2026-08-26 09:55:58.968,4554.55,1h 15m 54s,4630.88,4626.82,-4.06,4.06,4.06,0.0,0.0,4.06,1,BASKET_CLOSE,STR CLOSE,,,2921.67,1921.67,Wednesday,8,2026-08-26
1107,9851140,3559249,3563014,XAUUSD.u,SELL,STR S8,8,0.01,2026-08-26 08:41:39.683,2026-08-26 09:41:20.507,3580.82,59m 40s,4632.43,4630.0,-2.43,2.43,2.43,0.0,0.0,2.43,1,TRAILING_STOP,[sl 4630.00],4630.0,0.0,2924.1,1924.1,Wednesday,8,2026-08-26
1108,9851638,3559489,3560471,XAUUSD.u,SELL,STR S7,7,0.01,2026-08-26 08:44:11.087,2026-08-26 08:59:02.195,891.11,14m 51s,4633.98,4633.76,-0.22,0.22,0.22,0.0,0.0,0.22,1,TRAILING_STOP,[sl 4633.76],4633.76,0.0,2924.32,1924.32,Wednesday,8,2026-08-26
1109,9852033,3559711,3560397,XAUUSD.u,SELL,STR S6,6,0.01,2026-08-26 08:47:25.965,2026-08-26 08:56:50.914,564.95,9m 24s,4635.53,4632.22,-3.31,3.31,3.31,0.0,0.0,3.31,1,TRAILING_STOP,[sl 4632.22],4632.22,0.0,2927.63,1927.63,Wednesday,8,2026-08-26
1110,9853994,3560498,3563015,XAUUSD.u,SELL,STR S7,7,0.01,2026-08-26 08:59:12.173,2026-08-26 09:41:20.507,2528.33,42m 8s,4633.98,4630.0,-3.98,3.98,3.98,0.0,0.0,3.98,1,TRAILING_STOP,[sl 4630.00],4630.0,0.0,2931.61,1931.61,Wednesday,8,2026-08-26
1111,9854167,3560576,3562159,XAUUSD.u,SELL,STR S6,6,0.01,2026-08-26 09:00:10.953,2026-08-26 09:24:31.061,1460.11,24m 20s,4635.53,4635.33,-0.2,0.2,0.2,0.0,0.0,0.2,1,TRAILING_STOP,[sl 4635.33],4635.33,0.0,2931.81,1931.81,Wednesday,9,2026-08-26
1112,9854525,3560695,3561517,XAUUSD.u,SELL,STR S5,5,0.01,2026-08-26 09:01:59.168,2026-08-26 09:11:22.585,563.42,9m 23s,4637.08,4636.4,-0.68,0.68,0.68,0.0,0.0,0.68,1,TRAILING_STOP,[sl 4636.40],4636.4,0.0,2932.49,1932.49,Wednesday,9,2026-08-26
1113,9854621,3560763,3561391,XAUUSD.u,SELL,STR S4,4,0.01,2026-08-26 09:02:20.953,2026-08-26 09:09:15.989,415.04,6m 55s,4638.63,4634.86,-3.77,3.77,3.77,0.0,0.0,3.77,1,TRAILING_STOP,[sl 4634.86],4634.86,0.0,2936.26,1936.26,Wednesday,9,2026-08-26
1114,9857320,3561784,3562003,XAUUSD.u,SELL,STR S5,5,0.01,2026-08-26 09:17:23.848,2026-08-26 09:21:14.648,230.8,3m 50s,4637.08,4633.79,-3.29,3.29,3.29,0.0,0.0,3.29,1,TRAILING_STOP,[sl 4633.79],4633.79,0.0,2939.55,1939.55,Wednesday,9,2026-08-26
1115,9858588,3562238,3562602,XAUUSD.u,SELL,STR S6,6,0.01,2026-08-26 09:25:43.815,2026-08-26 09:32:42.165,418.35,6m 58s,4635.53,4634.09,-1.44,1.44,1.44,0.0,0.0,1.44,1,TRAILING_STOP,[sl 4634.09],4634.09,0.0,2940.99,1940.99,Wednesday,9,2026-08-26
1116,9859841,3562668,3563016,XAUUSD.u,SELL,STR S6,6,0.01,2026-08-26 09:34:11.857,2026-08-26 09:41:20.508,428.65,7m 8s,4635.53,4630.0,-5.53,5.53,5.53,0.0,0.0,5.53,1,TRAILING_STOP,[sl 4630.00],4630.0,0.0,2946.52,1946.52,Wednesday,9,2026-08-26
1117,9861505,3563198,3563558,XAUUSD.u,SELL,STR S8,8,0.01,2026-08-26 09:48:18.789,2026-08-26 09:55:58.855,460.07,7m 40s,4632.43,4626.82,-5.61,5.61,5.61,0.0,0.0,5.61,1,BASKET_CLOSE,STR CLOSE,,,2952.13,1952.13,Wednesday,9,2026-08-26
1118,9861580,3563242,3563374,XAUUSD.u,SELL,STR S7,7,0.01,2026-08-26 09:49:21.146,2026-08-26 09:52:18.373,177.23,2m 57s,4633.98,4629.45,-4.53,4.53,4.53,0.0,0.0,4.53,1,TRAILING_STOP,[sl 4629.45],4629.45,0.0,2956.66,1956.66,Wednesday,9,2026-08-26
1119,9862548,3563579,3574528,XAUUSD.u,BUY,STR B1,1,0.01,2026-08-26 09:56:31.710,2026-08-26 12:58:50.176,10938.47,3h 2m 18s,4628.48,4619.23,-9.25,-9.25,-9.25,0.0,0.0,-9.25,0,BASKET_CLOSE,STR CLOSE,,,2947.41,1947.41,Wednesday,9,2026-08-26
1120,9862553,3563688,3574527,XAUUSD.u,BUY,STR B2,2,0.01,2026-08-26 09:59:51.640,2026-08-26 12:58:50.061,10738.42,2h 58m 58s,4630.02,4619.23,-10.79,-10.79,-10.79,0.0,0.0,-10.79,0,BASKET_CLOSE,STR CLOSE,,,2936.62,1936.62,Wednesday,9,2026-08-26
1121,9862551,3564216,3565090,XAUUSD.u,SELL,STR S1,1,0.01,2026-08-26 10:15:02.180,2026-08-26 10:24:35.120,572.94,9m 32s,4625.4,4625.38,-0.02,0.02,0.02,0.0,0.0,0.02,1,TRAILING_STOP,[sl 4625.38],4625.38,0.0,2936.64,1936.64,Wednesday,10,2026-08-26
1122,9862554,3564285,3567722,XAUUSD.u,SELL,STR S2,2,0.01,2026-08-26 10:15:05.151,2026-08-26 11:21:11.839,3966.69,1h 6m 6s,4623.86,4620.27,-3.59,3.59,3.59,0.0,0.0,3.59,1,TRAILING_STOP,[sl 4620.27],4620.27,0.0,2940.23,1940.23,Wednesday,10,2026-08-26
1123,9862556,3565000,3568248,XAUUSD.u,SELL,STR S3,3,0.01,2026-08-26 10:23:24.618,2026-08-26 11:26:00.389,3755.77,1h 2m 35s,4622.32,4617.91,-4.41,4.41,4.41,0.0,0.0,4.41,1,TRAILING_STOP,[sl 4617.91],4617.91,0.0,2944.64,1944.64,Wednesday,10,2026-08-26
1124,9867433,3565092,3567723,XAUUSD.u,SELL,STR S1,1,0.01,2026-08-26 10:24:35.325,2026-08-26 11:21:11.840,3396.51,56m 36s,4625.4,4620.29,-5.11,5.11,5.11,0.0,0.0,5.11,1,TRAILING_STOP,[sl 4620.29],4620.29,0.0,2949.75,1949.75,Wednesday,10,2026-08-26
1125,9862559,3567610,3568272,XAUUSD.u,SELL,STR S4,4,0.01,2026-08-26 11:20:12.545,2026-08-26 11:26:34.669,382.12,6m 22s,4620.78,4619.45,-1.33,1.33,1.33,0.0,0.0,1.33,1,TRAILING_STOP,[sl 4619.45],4619.45,0.0,2951.08,1951.08,Wednesday,11,2026-08-26
1126,9862561,3567695,3573128,XAUUSD.u,SELL,STR S5,5,0.01,2026-08-26 11:21:07.911,2026-08-26 12:27:46.351,3998.44,1h 6m 38s,4619.24,4615.01,-4.23,4.23,4.23,0.0,0.0,4.23,1,TRAILING_STOP,[sl 4615.01],4615.01,0.0,2955.31,1955.31,Wednesday,11,2026-08-26
1127,9862563,3567990,3573283,XAUUSD.u,SELL,STR S6,6,0.01,2026-08-26 11:25:16.473,2026-08-26 12:31:39.395,3982.92,1h 6m 22s,4617.7,4616.55,-1.15,1.15,1.15,0.0,0.0,1.15,1,TRAILING_STOP,[sl 4616.55],4616.55,0.0,2956.46,1956.46,Wednesday,11,2026-08-26
1128,9879147,3568598,3572749,XAUUSD.u,SELL,STR S4,4,0.01,2026-08-26 11:33:26.133,2026-08-26 12:23:25.755,2999.62,49m 59s,4620.78,4619.3,-1.48,1.48,1.48,0.0,0.0,1.48,1,TRAILING_STOP,[sl 4619.30],4619.3,0.0,2957.94,1957.94,Wednesday,11,2026-08-26
1129,9879554,3568612,3572640,XAUUSD.u,SELL,STR S3,3,0.01,2026-08-26 11:33:45.009,2026-08-26 12:21:03.656,2838.65,47m 18s,4622.32,4617.84,-4.48,4.48,4.48,0.0,0.0,4.48,1,TRAILING_STOP,[sl 4617.84],4617.84,0.0,2962.42,1962.42,Wednesday,11,2026-08-26
1130,9881658,3569145,3569962,XAUUSD.u,SELL,STR S2,2,0.01,2026-08-26 11:46:45.001,2026-08-26 12:03:59.434,1034.43,17m 14s,4623.86,4623.49,-0.37,0.37,0.37,0.0,0.0,0.37,1,TRAILING_STOP,[sl 4623.49],4623.49,0.0,2962.79,1962.79,Wednesday,11,2026-08-26
1131,9882125,3569316,3569925,XAUUSD.u,SELL,STR S1,1,0.01,2026-08-26 11:48:30.138,2026-08-26 12:03:28.498,898.36,14m 58s,4625.4,4621.94,-3.46,3.46,3.46,0.0,0.0,3.46,1,TRAILING_STOP,[sl 4621.94],4621.94,0.0,2966.25,1966.25,Wednesday,11,2026-08-26
1132,9884780,3569977,3571902,XAUUSD.u,SELL,STR S2,2,0.01,2026-08-26 12:04:01.074,2026-08-26 12:14:14.542,613.47,10m 13s,4623.86,4619.28,-4.58,4.58,4.58,0.0,0.0,4.58,1,TRAILING_STOP,[sl 4619.28],4619.28,0.0,2970.83,1970.83,Wednesday,12,2026-08-26
1133,9862565,3572887,3574525,XAUUSD.u,SELL,STR S7,7,0.01,2026-08-26 12:25:52.615,2026-08-26 12:58:49.948,1977.33,32m 57s,4616.16,4619.24,3.08,-3.08,-3.08,0.0,0.0,-3.08,0,BASKET_CLOSE,STR CLOSE,,,2967.75,1967.75,Wednesday,12,2026-08-26
1134,9862567,3572983,3574520,XAUUSD.u,SELL,STR S8,8,0.01,2026-08-26 12:26:02.211,2026-08-26 12:58:49.836,1967.62,32m 47s,4614.62,4619.21,4.59,-4.59,-4.59,0.0,0.0,-4.59,0,BASKET_CLOSE,STR CLOSE,,,2963.16,1963.16,Wednesday,12,2026-08-26
1135,9889531,3573358,3574519,XAUUSD.u,SELL,STR S6,6,0.01,2026-08-26 12:32:05.649,2026-08-26 12:58:49.722,1604.07,26m 44s,4617.7,4619.24,1.54,-1.54,-1.54,0.0,0.0,-1.54,0,BASKET_CLOSE,STR CLOSE,,,2961.62,1961.62,Wednesday,12,2026-08-26
1136,9889748,3573415,3574518,XAUUSD.u,SELL,STR S5,5,0.01,2026-08-26 12:33:46.414,2026-08-26 12:58:49.609,1503.19,25m 3s,4619.24,4619.24,0.0,0.0,0.0,0.0,0.0,0.0,0,BASKET_CLOSE,STR CLOSE,,,2961.62,1961.62,Wednesday,12,2026-08-26
1137,9890373,3573640,3574517,XAUUSD.u,SELL,STR S4,4,0.01,2026-08-26 12:37:35.128,2026-08-26 12:58:49.496,1274.37,21m 14s,4620.78,4619.24,-1.54,1.54,1.54,0.0,0.0,1.54,1,BASKET_CLOSE,STR CLOSE,,,2963.16,1963.16,Wednesday,12,2026-08-26
1138,9890626,3573758,3574516,XAUUSD.u,SELL,STR S3,3,0.01,2026-08-26 12:38:21.881,2026-08-26 12:58:49.382,1227.5,20m 27s,4622.32,4619.31,-3.01,3.01,3.01,0.0,0.0,3.01,1,BASKET_CLOSE,STR CLOSE,,,2966.17,1966.17,Wednesday,12,2026-08-26
1139,9890789,3573842,3574515,XAUUSD.u,SELL,STR S2,2,0.01,2026-08-26 12:39:23.137,2026-08-26 12:58:49.270,1166.13,19m 26s,4623.86,4619.31,-4.55,4.55,4.55,0.0,0.0,4.55,1,BASKET_CLOSE,STR CLOSE,,,2970.72,1970.72,Wednesday,12,2026-08-26
1140,9893897,3574554,3577695,XAUUSD.u,BUY,STR B1,1,0.01,2026-08-26 12:59:29.969,2026-08-26 14:02:52.752,3802.78,1h 3m 22s,4620.9,4628.59,7.69,7.69,7.69,0.0,0.0,7.69,1,BASKET_CLOSE,STR CLOSE,,,2978.41,1978.41,Wednesday,12,2026-08-26
1141,9893898,3574941,3577694,XAUUSD.u,SELL,STR S1,1,0.01,2026-08-26 13:08:45.655,2026-08-26 14:02:52.637,3246.98,54m 6s,4617.82,4628.51,10.69,-10.69,-10.69,0.0,0.0,-10.69,0,BASKET_CLOSE,STR CLOSE,,,2967.72,1967.72,Wednesday,13,2026-08-26
1142,9893899,3575390,3577693,XAUUSD.u,BUY,STR B2,2,0.01,2026-08-26 13:18:30.016,2026-08-26 14:02:52.521,2662.51,44m 22s,4622.44,4628.6,6.16,6.16,6.16,0.0,0.0,6.16,1,BASKET_CLOSE,STR CLOSE,,,2973.88,1973.88,Wednesday,13,2026-08-26
1143,9893902,3577192,3577692,XAUUSD.u,BUY,STR B3,3,0.01,2026-08-26 13:57:19.853,2026-08-26 14:02:52.407,332.55,5m 32s,4623.98,4628.6,4.62,4.62,4.62,0.0,0.0,4.62,1,BASKET_CLOSE,STR CLOSE,,,2978.5,1978.5,Wednesday,13,2026-08-26
1144,9893904,3577429,3577691,XAUUSD.u,BUY,STR B4,4,0.01,2026-08-26 14:00:56.816,2026-08-26 14:02:52.293,115.48,1m 55s,4625.52,4628.6,3.08,3.08,3.08,0.0,0.0,3.08,1,BASKET_CLOSE,STR CLOSE,,,2981.58,1981.58,Wednesday,14,2026-08-26
1145,9893906,3577544,3577689,XAUUSD.u,BUY,STR B5,5,0.01,2026-08-26 14:01:22.052,2026-08-26 14:02:52.179,90.13,1m 30s,4627.06,4628.6,1.54,1.54,1.54,0.0,0.0,1.54,1,BASKET_CLOSE,STR CLOSE,,,2983.12,1983.12,Wednesday,14,2026-08-26
1146,9893910,3577681,3577688,XAUUSD.u,BUY,STR B6,6,0.01,2026-08-26 14:02:45.941,2026-08-26 14:02:52.059,6.12,6s,4628.6,4628.42,-0.18,-0.18,-0.18,0.0,0.0,-0.18,0,BASKET_CLOSE,STR CLOSE,,,2982.94,1982.94,Wednesday,14,2026-08-26
1147,9905004,3577748,3579695,XAUUSD.u,SELL,STR S1,1,0.01,2026-08-26 14:03:25.364,2026-08-26 14:30:10.707,1605.34,26m 45s,4627.17,4618.92,-8.25,8.25,8.25,0.0,0.0,8.25,1,TRAILING_STOP,[sl 4618.92],4618.92,0.0,2991.19,1991.19,Wednesday,14,2026-08-26
1148,9905006,3577766,3579696,XAUUSD.u,SELL,STR S2,2,0.01,2026-08-26 14:03:42.277,2026-08-26 14:30:10.707,1588.43,26m 28s,4625.63,4618.67,-6.96,6.96,6.96,0.0,0.0,6.96,1,TRAILING_STOP,[sl 4618.67],4618.67,0.0,2998.15,1998.15,Wednesday,14,2026-08-26
1149,9905003,3579058,3579384,XAUUSD.u,BUY,STR B1,1,0.01,2026-08-26 14:27:31.576,2026-08-26 14:30:04.593,153.02,2m 33s,4630.25,4630.31,0.06,0.06,0.06,0.0,0.0,0.06,1,TRAILING_STOP,[sl 4630.31],4630.31,0.0,2998.21,1998.21,Wednesday,14,2026-08-26
1150,9905005,3579274,3581440,XAUUSD.u,BUY,STR B2,2,0.01,2026-08-26 14:30:00.453,2026-08-26 14:40:36.704,636.25,10m 36s,4631.79,4617.48,-14.31,-14.31,-14.31,0.0,0.0,-14.31,0,BASKET_CLOSE,STR CLOSE,,,2983.9,1983.9,Wednesday,14,2026-08-26
1151,9905007,3579360,3581439,XAUUSD.u,BUY,STR B3,3,0.01,2026-08-26 14:30:02.552,2026-08-26 14:40:36.592,634.04,10m 34s,4633.33,4617.45,-15.88,-15.88,-15.88,0.0,0.0,-15.88,0,BASKET_CLOSE,STR CLOSE,,,2968.02,1968.02,Wednesday,14,2026-08-26
1152,9909964,3579407,3581436,XAUUSD.u,BUY,STR B1,1,0.01,2026-08-26 14:30:05.436,2026-08-26 14:40:36.247,630.81,10m 30s,4630.25,4617.41,-12.84,-12.84,-12.84,0.0,0.0,-12.84,0,BASKET_CLOSE,STR CLOSE,,,2955.18,1955.18,Wednesday,14,2026-08-26
1153,9905008,3579486,3579697,XAUUSD.u,SELL,STR S3,3,0.01,2026-08-26 14:30:08.277,2026-08-26 14:30:10.707,2.43,2s,4624.09,4619.26,-4.83,4.83,4.83,0.0,0.0,4.83,1,TRAILING_STOP,[sl 4619.26],4619.26,0.0,2960.01,1960.01,Wednesday,14,2026-08-26
1154,9905010,3579507,3579826,XAUUSD.u,SELL,STR S4,4,0.01,2026-08-26 14:30:08.318,2026-08-26 14:30:20.357,12.04,12s,4622.55,4616.89,-5.66,5.66,5.66,0.0,0.0,5.66,1,TRAILING_STOP,[sl 4616.89],4616.89,0.0,2965.67,1965.67,Wednesday,14,2026-08-26
1155,9905012,3579526,3579698,XAUUSD.u,SELL,STR S5,5,0.01,2026-08-26 14:30:08.723,2026-08-26 14:30:10.736,2.01,2s,4621.01,4620.35,-0.66,0.66,0.66,0.0,0.0,0.66,1,TRAILING_STOP,[sl 4620.35],4620.35,0.0,2966.33,1966.33,Wednesday,14,2026-08-26
1156,9905018,3579636,3579867,XAUUSD.u,SELL,STR S6,6,0.01,2026-08-26 14:30:09.853,2026-08-26 14:30:22.941,13.09,13s,4619.47,4618.58,-0.89,0.89,0.89,0.0,0.0,0.89,1,TRAILING_STOP,[sl 4618.58],4618.58,0.0,2967.22,1967.22,Wednesday,14,2026-08-26
1157,9905021,3579678,3580254,XAUUSD.u,SELL,STR S7,7,0.01,2026-08-26 14:30:10.157,2026-08-26 14:31:37.828,87.67,1m 27s,4617.93,4614.65,-3.28,3.28,3.28,0.0,0.0,3.28,1,TRAILING_STOP,[sl 4614.65],4614.65,0.0,2970.5,1970.5,Wednesday,14,2026-08-26
1158,9905023,3579787,3580359,XAUUSD.u,SELL,STR S8,8,0.01,2026-08-26 14:30:17.712,2026-08-26 14:31:55.837,98.12,1m 38s,4616.39,4615.63,-0.76,0.76,0.76,0.0,0.0,0.76,1,TRAILING_STOP,[sl 4615.63],4615.63,0.0,2971.26,1971.26,Wednesday,14,2026-08-26
1159,9910687,3579920,3580147,XAUUSD.u,SELL,STR S6,6,0.01,2026-08-26 14:30:28.191,2026-08-26 14:31:27.675,59.48,59s,4619.47,4615.46,-4.01,4.01,4.01,0.0,0.0,4.01,1,TRAILING_STOP,[sl 4615.46],4615.46,0.0,2975.27,1975.27,Wednesday,14,2026-08-26
1160,9910816,3580021,3580064,XAUUSD.u,SELL,STR S5,5,0.01,2026-08-26 14:30:53.108,2026-08-26 14:31:10.055,16.95,16s,4621.01,4620.85,-0.16,0.16,0.16,0.0,0.0,0.16,1,TRAILING_STOP,[sl 4620.85],4620.85,0.0,2975.43,1975.43,Wednesday,14,2026-08-26
1161,9910896,3580072,3580148,XAUUSD.u,SELL,STR S5,5,0.01,2026-08-26 14:31:11.771,2026-08-26 14:31:27.675,15.9,15s,4621.01,4615.5,-5.51,5.51,5.51,0.0,0.0,5.51,1,TRAILING_STOP,[sl 4615.50],4615.5,0.0,2980.94,1980.94,Wednesday,14,2026-08-26
1162,9905026,3580120,3581438,XAUUSD.u,SELL,STR S9,9,0.01,2026-08-26 14:31:25.817,2026-08-26 14:40:36.477,550.66,9m 10s,4614.85,4617.42,2.57,-2.57,-2.57,0.0,0.0,-2.57,0,BASKET_CLOSE,STR CLOSE,,,2978.37,1978.37,Wednesday,14,2026-08-26
1163,9905032,3580241,3581437,XAUUSD.u,SELL,STR S10,10,0.01,2026-08-26 14:31:37.241,2026-08-26 14:40:36.364,539.12,8m 59s,4613.31,4617.42,4.11,-4.11,-4.11,0.0,0.0,-4.11,0,BASKET_CLOSE,STR CLOSE,,,2974.26,1974.26,Wednesday,14,2026-08-26
1164,9912328,3580448,3580592,XAUUSD.u,SELL,STR S6,6,0.01,2026-08-26 14:32:27.415,2026-08-26 14:33:05.627,38.21,38s,4619.47,4618.6,-0.87,0.87,0.87,0.0,0.0,0.87,1,TRAILING_STOP,[sl 4618.60],4618.6,0.0,2975.13,1975.13,Wednesday,14,2026-08-26
1165,9912298,3580492,3581428,XAUUSD.u,SELL,STR S7,7,0.01,2026-08-26 14:32:32.459,2026-08-26 14:40:36.013,483.55,8m 3s,4617.93,4617.42,-0.51,0.51,0.51,0.0,0.0,0.51,1,BASKET_CLOSE,STR CLOSE,,,2975.64,1975.64,Wednesday,14,2026-08-26
1166,9912270,3580495,3581429,XAUUSD.u,SELL,STR S8,8,0.01,2026-08-26 14:32:33.260,2026-08-26 14:40:36.134,482.87,8m 2s,4616.39,4617.42,1.03,-1.03,-1.03,0.0,0.0,-1.03,0,BASKET_CLOSE,STR CLOSE,,,2974.61,1974.61,Wednesday,14,2026-08-26
1167,9913428,3580662,3581411,XAUUSD.u,SELL,STR S6,6,0.01,2026-08-26 14:33:32.570,2026-08-26 14:40:35.901,423.33,7m 3s,4619.47,4617.42,-2.05,2.05,2.05,0.0,0.0,2.05,1,BASKET_CLOSE,STR CLOSE,,,2976.66,1976.66,Wednesday,14,2026-08-26
1168,9913568,3580731,3581410,XAUUSD.u,SELL,STR S5,5,0.01,2026-08-26 14:33:51.038,2026-08-26 14:40:35.788,404.75,6m 44s,4621.01,4617.38,-3.63,3.63,3.63,0.0,0.0,3.63,1,BASKET_CLOSE,STR CLOSE,,,2980.29,1980.29,Wednesday,14,2026-08-26
1169,9913748,3580783,3581080,XAUUSD.u,SELL,STR S4,4,0.01,2026-08-26 14:34:22.850,2026-08-26 14:36:41.820,138.97,2m 18s,4622.55,4621.1,-1.45,1.45,1.45,0.0,0.0,1.45,1,TRAILING_STOP,[sl 4621.10],4621.1,0.0,2981.74,1981.74,Wednesday,14,2026-08-26
1170,9913816,3580813,3580921,XAUUSD.u,SELL,STR S2,2,0.01,2026-08-26 14:34:33.560,2026-08-26 14:35:06.156,32.6,32s,4625.63,4624.73,-0.9,0.9,0.9,0.0,0.0,0.9,1,TRAILING_STOP,[sl 4624.73],4624.73,0.0,2982.64,1982.64,Wednesday,14,2026-08-26
1171,9913798,3580892,3581037,XAUUSD.u,SELL,STR S3,3,0.01,2026-08-26 14:34:47.720,2026-08-26 14:35:56.669,68.95,1m 8s,4624.09,4619.77,-4.32,4.32,4.32,0.0,0.0,4.32,1,TRAILING_STOP,[sl 4619.77],4619.77,0.0,2986.96,1986.96,Wednesday,14,2026-08-26
1172,9914581,3581134,3581409,XAUUSD.u,SELL,STR S4,4,0.01,2026-08-26 14:37:15.341,2026-08-26 14:40:35.674,200.33,3m 20s,4622.55,4618.07,-4.48,4.48,4.48,0.0,0.0,4.48,1,BASKET_CLOSE,STR CLOSE,,,2991.44,1991.44,Wednesday,14,2026-08-26
1173,9914618,3581147,3581334,XAUUSD.u,SELL,STR S3,3,0.01,2026-08-26 14:37:26.207,2026-08-26 14:39:29.283,123.08,2m 3s,4624.09,4622.0,-2.09,2.09,2.09,0.0,0.0,2.09,1,TRAILING_STOP,[sl 4622.00],4622.0,0.0,2993.53,1993.53,Wednesday,14,2026-08-26
1174,9914652,3581163,3581314,XAUUSD.u,SELL,STR S2,2,0.01,2026-08-26 14:37:35.040,2026-08-26 14:39:08.866,93.83,1m 33s,4625.63,4621.15,-4.48,4.48,4.48,0.0,0.0,4.48,1,TRAILING_STOP,[sl 4621.15],4621.15,0.0,2998.01,1998.01,Wednesday,14,2026-08-26
1175,9915393,3581513,3581920,XAUUSD.u,BUY,STR B1,1,0.01,2026-08-26 14:41:11.959,2026-08-26 14:44:16.881,184.92,3m 4s,4619.26,4624.01,4.75,4.75,4.75,0.0,0.0,4.75,1,TRAILING_STOP,[sl 4624.01],4624.01,0.0,3002.76,2002.76,Wednesday,14,2026-08-26
1176,9915399,3581576,3581967,XAUUSD.u,BUY,STR B2,2,0.01,2026-08-26 14:41:38.264,2026-08-26 14:45:03.940,205.68,3m 25s,4620.8,4622.21,1.41,1.41,1.41,0.0,0.0,1.41,1,TRAILING_STOP,[sl 4622.21],4622.21,0.0,3004.17,2004.17,Wednesday,14,2026-08-26
1177,9915396,3581642,3582286,XAUUSD.u,SELL,STR S1,1,0.01,2026-08-26 14:42:29.763,2026-08-26 14:50:27.230,477.47,7m 57s,4616.18,4625.13,8.95,-8.95,-8.95,0.0,0.0,-8.95,0,BASKET_CLOSE,STR CLOSE,,,2995.22,1995.22,Wednesday,14,2026-08-26
1178,9915405,3581795,3582285,XAUUSD.u,BUY,STR B3,3,0.01,2026-08-26 14:43:41.984,2026-08-26 14:50:27.117,405.13,6m 45s,4622.34,4625.12,2.78,2.78,2.78,0.0,0.0,2.78,1,BASKET_CLOSE,STR CLOSE,,,2998.0,1998.0,Wednesday,14,2026-08-26
1179,9915411,3581848,3582284,XAUUSD.u,BUY,STR B4,4,0.01,2026-08-26 14:43:50.949,2026-08-26 14:50:27.003,396.05,6m 36s,4623.88,4625.1,1.22,1.22,1.22,0.0,0.0,1.22,1,BASKET_CLOSE,STR CLOSE,,,2999.22,1999.22,Wednesday,14,2026-08-26
1180,9915418,3581903,3582283,XAUUSD.u,BUY,STR B5,5,0.01,2026-08-26 14:44:06.294,2026-08-26 14:50:26.890,380.6,6m 20s,4625.42,4625.1,-0.32,-0.32,-0.32,0.0,0.0,-0.32,0,BASKET_CLOSE,STR CLOSE,,,2998.9,1998.9,Wednesday,14,2026-08-26
1181,9917731,3582032,3582281,XAUUSD.u,BUY,STR B2,2,0.01,2026-08-26 14:46:15.248,2026-08-26 14:50:26.776,251.53,4m 11s,4620.8,4625.1,4.3,4.3,4.3,0.0,0.0,4.3,1,BASKET_CLOSE,STR CLOSE,,,3003.2,2003.2,Wednesday,14,2026-08-26
1182,9917829,3582063,3582280,XAUUSD.u,BUY,STR B1,1,0.01,2026-08-26 14:46:34.155,2026-08-26 14:50:26.663,232.51,3m 52s,4619.26,4625.1,5.84,5.84,5.84,0.0,0.0,5.84,1,BASKET_CLOSE,STR CLOSE,,,3009.04,2009.04,Wednesday,14,2026-08-26
1183,9918720,3582346,3582487,XAUUSD.u,SELL,STR S1,1,0.01,2026-08-26 14:51:37.505,2026-08-26 14:52:53.797,76.29,1m 16s,4623.53,4619.37,-4.16,4.16,4.16,0.0,0.0,4.16,1,BASKET_CLOSE,STR CLOSE,,,3013.2,2013.2,Wednesday,14,2026-08-26
1184,9918722,3582364,3582486,XAUUSD.u,SELL,STR S2,2,0.01,2026-08-26 14:52:15.653,2026-08-26 14:52:53.682,38.03,38s,4621.99,4619.35,-2.64,2.64,2.64,0.0,0.0,2.64,1,BASKET_CLOSE,STR CLOSE,,,3015.84,2015.84,Wednesday,14,2026-08-26
1185,9918724,3582380,3582485,XAUUSD.u,SELL,STR S3,3,0.01,2026-08-26 14:52:28.312,2026-08-26 14:52:53.567,25.25,25s,4620.45,4619.35,-1.1,1.1,1.1,0.0,0.0,1.1,1,BASKET_CLOSE,STR CLOSE,,,3016.94,2016.94,Wednesday,14,2026-08-26
1186,9918726,3582448,3582484,XAUUSD.u,SELL,STR S4,4,0.01,2026-08-26 14:52:43.062,2026-08-26 14:52:53.453,10.39,10s,4618.91,4619.22,0.31,-0.31,-0.31,0.0,0.0,-0.31,0,BASKET_CLOSE,STR CLOSE,,,3016.63,2016.63,Wednesday,14,2026-08-26
1187,9919359,3582569,3582730,XAUUSD.u,SELL,STR S1,1,0.01,2026-08-26 14:54:08.669,2026-08-26 14:54:33.549,24.88,24s,4617.56,4613.39,-4.17,4.17,4.17,0.0,0.0,4.17,1,TRAILING_STOP,[sl 4613.39],4613.39,0.0,3020.8,2020.8,Wednesday,14,2026-08-26
1188,9919363,3582623,3582738,XAUUSD.u,SELL,STR S2,2,0.01,2026-08-26 14:54:27.279,2026-08-26 14:54:35.914,8.63,8s,4616.02,4612.73,-3.29,3.29,3.29,0.0,0.0,3.29,1,BASKET_CLOSE,STR CLOSE,,,3024.09,2024.09,Wednesday,14,2026-08-26
1189,9919365,3582633,3582737,XAUUSD.u,SELL,STR S3,3,0.01,2026-08-26 14:54:27.391,2026-08-26 14:54:35.800,8.41,8s,4614.48,4612.92,-1.56,1.56,1.56,0.0,0.0,1.56,1,BASKET_CLOSE,STR CLOSE,,,3025.65,2025.65,Wednesday,14,2026-08-26
1190,9919368,3582666,3582736,XAUUSD.u,SELL,STR S4,4,0.01,2026-08-26 14:54:28.937,2026-08-26 14:54:35.688,6.75,6s,4612.94,4613.03,0.09,-0.09,-0.09,0.0,0.0,-0.09,0,BASKET_CLOSE,STR CLOSE,,,3025.56,2025.56,Wednesday,14,2026-08-26
1191,9919371,3582702,3582735,XAUUSD.u,SELL,STR S5,5,0.01,2026-08-26 14:54:29.202,2026-08-26 14:54:35.575,6.37,6s,4611.4,4613.29,1.89,-1.89,-1.89,0.0,0.0,-1.89,0,BASKET_CLOSE,STR CLOSE,,,3023.67,2023.67,Wednesday,14,2026-08-26
1192,9920417,3582756,3583466,XAUUSD.u,BUY,STR B1,1,0.01,2026-08-26 14:54:43.870,2026-08-26 15:03:12.671,508.8,8m 28s,4615.81,4620.4,4.59,4.59,4.59,0.0,0.0,4.59,1,TRAILING_STOP,[sl 4620.40],4620.4,0.0,3028.26,2028.26,Wednesday,14,2026-08-26
1193,9920427,3582790,3583467,XAUUSD.u,BUY,STR B2,2,0.01,2026-08-26 14:55:08.785,2026-08-26 15:03:12.671,483.89,8m 3s,4617.35,4620.4,3.05,3.05,3.05,0.0,0.0,3.05,1,TRAILING_STOP,[sl 4620.40],4620.4,0.0,3031.31,2031.31,Wednesday,14,2026-08-26
1194,9920422,3582990,3583050,XAUUSD.u,SELL,STR S1,1,0.01,2026-08-26 15:00:02.284,2026-08-26 15:00:05.720,3.44,3s,4612.73,4612.3,-0.43,0.43,0.43,0.0,0.0,0.43,1,TRAILING_STOP,[sl 4612.30],4612.3,0.0,3031.74,2031.74,Wednesday,15,2026-08-26
1195,9920431,3582997,3584971,XAUUSD.u,SELL,STR S2,2,0.01,2026-08-26 15:00:02.671,2026-08-26 15:16:04.129,961.46,16m 1s,4611.19,4600.3,-10.89,10.89,10.89,0.0,0.0,10.89,1,TRAILING_STOP,[sl 4600.30],4600.3,0.0,3042.63,2042.63,Wednesday,15,2026-08-26
1196,9920438,3583028,3584972,XAUUSD.u,SELL,STR S3,3,0.01,2026-08-26 15:00:03.331,2026-08-26 15:16:04.129,960.8,16m 0s,4609.65,4600.5,-9.15,9.15,9.15,0.0,0.0,9.15,1,TRAILING_STOP,[sl 4600.50],4600.5,0.0,3051.78,2051.78,Wednesday,15,2026-08-26
1197,9925013,3583054,3583110,XAUUSD.u,SELL,STR S1,1,0.01,2026-08-26 15:00:06.697,2026-08-26 15:00:21.562,14.87,14s,4612.73,4612.5,-0.23,0.23,0.23,0.0,0.0,0.23,1,TRAILING_STOP,[sl 4612.50],4612.5,0.0,3052.01,2052.01,Wednesday,15,2026-08-26
1198,9926204,3583143,3583705,XAUUSD.u,SELL,STR S1,1,0.01,2026-08-26 15:00:39.719,2026-08-26 15:05:28.038,288.32,4m 48s,4612.73,4612.54,-0.19,0.19,0.19,0.0,0.0,0.19,1,TRAILING_STOP,[sl 4612.54],4612.54,0.0,3052.2,2052.2,Wednesday,15,2026-08-26
1199,9920435,3583277,3585872,XAUUSD.u,BUY,STR B3,3,0.01,2026-08-26 15:01:48.961,2026-08-26 15:21:19.744,1170.78,19m 30s,4618.89,4606.62,-12.27,-12.27,-12.27,0.0,0.0,-12.27,0,BASKET_CLOSE,STR CLOSE,,,3039.93,2039.93,Wednesday,15,2026-08-26
1200,9920441,3583395,3585870,XAUUSD.u,BUY,STR B4,4,0.01,2026-08-26 15:02:30.276,2026-08-26 15:21:19.628,1129.35,18m 49s,4620.43,4607.16,-13.27,-13.27,-13.27,0.0,0.0,-13.27,0,BASKET_CLOSE,STR CLOSE,,,3026.66,2026.66,Wednesday,15,2026-08-26
1201,9928795,3583490,3585867,XAUUSD.u,BUY,STR B2,2,0.01,2026-08-26 15:03:21.770,2026-08-26 15:21:19.286,1077.52,17m 57s,4617.35,4607.2,-10.15,-10.15,-10.15,0.0,0.0,-10.15,0,BASKET_CLOSE,STR CLOSE,,,3016.51,2016.51,Wednesday,15,2026-08-26
1202,9931749,3583724,3584044,XAUUSD.u,SELL,STR S1,1,0.01,2026-08-26 15:05:42.181,2026-08-26 15:09:15.178,213.0,3m 32s,4612.73,4610.64,-2.09,2.09,2.09,0.0,0.0,2.09,1,TRAILING_STOP,[sl 4610.64],4610.64,0.0,3018.6,2018.6,Wednesday,15,2026-08-26
1203,9929255,3583800,3585865,XAUUSD.u,BUY,STR B1,1,0.01,2026-08-26 15:06:21.725,2026-08-26 15:21:19.163,897.44,14m 57s,4615.81,4607.4,-8.41,-8.41,-8.41,0.0,0.0,-8.41,0,BASKET_CLOSE,STR CLOSE,,,3010.19,2010.19,Wednesday,15,2026-08-26
1204,9945784,3584599,3584659,XAUUSD.u,SELL,STR S1,1,0.01,2026-08-26 15:14:17.726,2026-08-26 15:15:02.675,44.95,44s,4612.73,4611.69,-1.04,1.04,1.04,0.0,0.0,1.04,1,TRAILING_STOP,[sl 4611.69],4611.69,0.0,3011.23,2011.23,Wednesday,15,2026-08-26
1205,9946868,3584663,3584976,XAUUSD.u,SELL,STR S1,1,0.01,2026-08-26 15:15:04.930,2026-08-26 15:16:04.273,59.34,59s,4612.73,4600.78,-11.95,11.95,11.95,0.0,0.0,11.95,1,TRAILING_STOP,[sl 4600.78],4600.78,0.0,3023.18,2023.18,Wednesday,15,2026-08-26
1206,9920445,3584743,3584975,XAUUSD.u,SELL,STR S4,4,0.01,2026-08-26 15:16:00.668,2026-08-26 15:16:04.273,3.6,3s,4608.11,4600.78,-7.33,7.33,7.33,0.0,0.0,7.33,1,TRAILING_STOP,[sl 4600.78],4600.78,0.0,3030.51,2030.51,Wednesday,15,2026-08-26
1207,9920452,3584772,3584973,XAUUSD.u,SELL,STR S5,5,0.01,2026-08-26 15:16:01.231,2026-08-26 15:16:04.171,2.94,2s,4606.57,4600.64,-5.93,5.93,5.93,0.0,0.0,5.93,1,TRAILING_STOP,[sl 4600.64],4600.64,0.0,3036.44,2036.44,Wednesday,15,2026-08-26
1208,9920458,3584785,3584974,XAUUSD.u,SELL,STR S6,6,0.01,2026-08-26 15:16:01.270,2026-08-26 15:16:04.211,2.94,2s,4605.03,4600.71,-4.32,4.32,4.32,0.0,0.0,4.32,1,TRAILING_STOP,[sl 4600.71],4600.71,0.0,3040.76,2040.76,Wednesday,15,2026-08-26
1209,9920465,3584835,3585015,XAUUSD.u,SELL,STR S7,7,0.01,2026-08-26 15:16:01.300,2026-08-26 15:16:09.716,8.42,8s,4603.49,4599.65,-3.84,3.84,3.84,0.0,0.0,3.84,1,TRAILING_STOP,[sl 4599.65],4599.65,0.0,3044.6,2044.6,Wednesday,15,2026-08-26
1210,9920474,3584876,3585035,XAUUSD.u,SELL,STR S8,8,0.01,2026-08-26 15:16:01.419,2026-08-26 15:16:16.018,14.6,14s,4601.95,4601.3,-0.65,0.65,0.65,0.0,0.0,0.65,1,TRAILING_STOP,[sl 4601.30],4601.3,0.0,3045.25,2045.25,Wednesday,15,2026-08-26
1211,9920480,3584908,3585869,XAUUSD.u,SELL,STR S9,9,0.01,2026-08-26 15:16:01.648,2026-08-26 15:21:19.514,317.87,5m 17s,4600.41,4607.17,6.76,-6.76,-6.76,0.0,0.0,-6.76,0,BASKET_CLOSE,STR CLOSE,,,3038.49,2038.49,Wednesday,15,2026-08-26
1212,9920486,3584956,3585868,XAUUSD.u,SELL,STR S10,10,0.01,2026-08-26 15:16:03.197,2026-08-26 15:21:19.401,316.2,5m 16s,4598.87,4607.17,8.3,-8.3,-8.3,0.0,0.0,-8.3,0,BASKET_CLOSE,STR CLOSE,,,3030.19,2030.19,Wednesday,15,2026-08-26
1213,9949154,3585037,3585864,XAUUSD.u,SELL,STR S7,7,0.01,2026-08-26 15:16:16.778,2026-08-26 15:21:19.042,302.26,5m 2s,4603.49,4607.41,3.92,-3.92,-3.92,0.0,0.0,-3.92,0,BASKET_CLOSE,STR CLOSE,,,3026.27,2026.27,Wednesday,15,2026-08-26
1214,9950100,3585136,3585863,XAUUSD.u,SELL,STR S6,6,0.01,2026-08-26 15:16:52.732,2026-08-26 15:21:18.928,266.2,4m 26s,4605.03,4607.41,2.38,-2.38,-2.38,0.0,0.0,-2.38,0,BASKET_CLOSE,STR CLOSE,,,3023.89,2023.89,Wednesday,15,2026-08-26
1215,9951981,3585288,3585862,XAUUSD.u,SELL,STR S5,5,0.01,2026-08-26 15:17:59.974,2026-08-26 15:21:18.816,198.84,3m 18s,4606.57,4607.45,0.88,-0.88,-0.88,0.0,0.0,-0.88,0,BASKET_CLOSE,STR CLOSE,,,3023.01,2023.01,Wednesday,15,2026-08-26
1216,9952933,3585378,3585495,XAUUSD.u,SELL,STR S1,1,0.01,2026-08-26 15:18:20.067,2026-08-26 15:19:03.347,43.28,43s,4612.73,4611.47,-1.26,1.26,1.26,0.0,0.0,1.26,1,TRAILING_STOP,[sl 4611.47],4611.47,0.0,3024.27,2024.27,Wednesday,15,2026-08-26
1217,9952925,3585389,3585858,XAUUSD.u,SELL,STR S2,2,0.01,2026-08-26 15:18:21.807,2026-08-26 15:21:18.476,176.67,2m 56s,4611.19,4607.29,-3.9,3.9,3.9,0.0,0.0,3.9,1,BASKET_CLOSE,STR CLOSE,,,3028.17,2028.17,Wednesday,15,2026-08-26
1218,9952914,3585399,3585859,XAUUSD.u,SELL,STR S3,3,0.01,2026-08-26 15:18:24.488,2026-08-26 15:21:18.589,174.1,2m 54s,4609.65,4607.34,-2.31,2.31,2.31,0.0,0.0,2.31,1,BASKET_CLOSE,STR CLOSE,,,3030.48,2030.48,Wednesday,15,2026-08-26
1219,9954614,3585564,3585857,XAUUSD.u,SELL,STR S1,1,0.01,2026-08-26 15:19:18.473,2026-08-26 15:21:18.356,119.88,1m 59s,4612.73,4607.33,-5.4,5.4,5.4,0.0,0.0,5.4,1,BASKET_CLOSE,STR CLOSE,,,3035.88,2035.88,Wednesday,15,2026-08-26
1220,9952836,3585834,3585861,XAUUSD.u,SELL,STR S4,4,0.01,2026-08-26 15:21:10.162,2026-08-26 15:21:18.701,8.54,8s,4608.11,4607.45,-0.66,0.66,0.66,0.0,0.0,0.66,1,BASKET_CLOSE,STR CLOSE,,,3036.54,2036.54,Wednesday,15,2026-08-26
1221,9957329,3585935,3586999,XAUUSD.u,SELL,STR S1,1,0.01,2026-08-26 15:21:34.489,2026-08-26 15:33:36.229,721.74,12m 1s,4604.72,4616.04,11.32,-11.32,-11.32,0.0,0.0,-11.32,0,BASKET_CLOSE,STR CLOSE,,,3025.22,2025.22,Wednesday,15,2026-08-26
1222,9957322,3586036,3586192,XAUUSD.u,BUY,STR B1,1,0.01,2026-08-26 15:22:53.039,2026-08-26 15:24:12.493,79.45,1m 19s,4607.8,4609.21,1.41,1.41,1.41,0.0,0.0,1.41,1,TRAILING_STOP,[sl 4609.21],4609.21,0.0,3026.63,2026.63,Wednesday,15,2026-08-26
1223,9957339,3586056,3586594,XAUUSD.u,BUY,STR B2,2,0.01,2026-08-26 15:23:01.810,2026-08-26 15:29:49.788,407.98,6m 47s,4609.34,4609.63,0.29,0.29,0.29,0.0,0.0,0.29,1,TRAILING_STOP,[sl 4609.63],4609.63,0.0,3026.92,2026.92,Wednesday,15,2026-08-26
1224,9957345,3586103,3586707,XAUUSD.u,BUY,STR B3,3,0.01,2026-08-26 15:23:18.561,2026-08-26 15:30:24.293,425.73,7m 5s,4610.88,4615.29,4.41,4.41,4.41,0.0,0.0,4.41,1,TRAILING_STOP,[sl 4615.29],4615.29,0.0,3031.33,2031.33,Wednesday,15,2026-08-26
1225,9964543,3586301,3586576,XAUUSD.u,BUY,STR B1,1,0.01,2026-08-26 15:25:56.792,2026-08-26 15:29:31.874,215.08,3m 35s,4607.8,4611.14,3.34,3.34,3.34,0.0,0.0,3.34,1,TRAILING_STOP,[sl 4611.14],4611.14,0.0,3034.67,2034.67,Wednesday,15,2026-08-26
1226,9957353,3586556,3586722,XAUUSD.u,BUY,STR B4,4,0.01,2026-08-26 15:29:29.569,2026-08-26 15:30:32.461,62.89,1m 2s,4612.42,4613.58,1.16,1.16,1.16,0.0,0.0,1.16,1,TRAILING_STOP,[sl 4613.58],4613.58,0.0,3035.83,2035.83,Wednesday,15,2026-08-26
1227,9957366,3586642,3586997,XAUUSD.u,BUY,STR B5,5,0.01,2026-08-26 15:30:04.976,2026-08-26 15:33:36.117,211.14,3m 31s,4613.96,4616.01,2.05,2.05,2.05,0.0,0.0,2.05,1,BASKET_CLOSE,STR CLOSE,,,3037.88,2037.88,Wednesday,15,2026-08-26
1228,9957380,3586652,3586996,XAUUSD.u,BUY,STR B6,6,0.01,2026-08-26 15:30:05.541,2026-08-26 15:33:36.003,210.46,3m 30s,4615.5,4616.01,0.51,0.51,0.51,0.0,0.0,0.51,1,BASKET_CLOSE,STR CLOSE,,,3038.39,2038.39,Wednesday,15,2026-08-26
1229,9973508,3586890,3586995,XAUUSD.u,BUY,STR B4,4,0.01,2026-08-26 15:32:14.025,2026-08-26 15:33:35.890,81.86,1m 21s,4612.42,4615.96,3.54,3.54,3.54,0.0,0.0,3.54,1,BASKET_CLOSE,STR CLOSE,,,3041.93,2041.93,Wednesday,15,2026-08-26
1230,9973908,3586910,3586993,XAUUSD.u,BUY,STR B3,3,0.01,2026-08-26 15:32:29.077,2026-08-26 15:33:35.777,66.7,1m 6s,4610.88,4615.96,5.08,5.08,5.08,0.0,0.0,5.08,1,BASKET_CLOSE,STR CLOSE,,,3047.01,2047.01,Wednesday,15,2026-08-26
1231,9975437,3587013,3588129,XAUUSD.u,BUY,STR B1,1,0.01,2026-08-26 15:33:52.926,2026-08-26 15:44:21.872,628.95,10m 28s,4616.79,4620.72,3.93,3.93,3.93,0.0,0.0,3.93,1,TRAILING_STOP,[sl 4620.72],4620.72,0.0,3050.94,2050.94,Wednesday,15,2026-08-26
1232,9975445,3587091,3588189,XAUUSD.u,BUY,STR B2,2,0.01,2026-08-26 15:34:03.770,2026-08-26 15:44:49.092,645.32,10m 45s,4618.33,4621.56,3.23,3.23,3.23,0.0,0.0,3.23,1,TRAILING_STOP,[sl 4621.56],4621.56,0.0,3054.17,2054.17,Wednesday,15,2026-08-26
1233,9975442,3587196,3593612,XAUUSD.u,SELL,STR S1,1,0.01,2026-08-26 15:35:24.099,2026-08-26 16:54:58.993,4774.89,1h 19m 34s,4613.71,4607.79,-5.92,5.92,5.92,0.0,0.0,5.92,1,TRAILING_STOP,[sl 4607.79],4607.79,0.0,3060.09,2060.09,Wednesday,15,2026-08-26
1234,9975446,3587626,3593613,XAUUSD.u,SELL,STR S2,2,0.01,2026-08-26 15:40:18.014,2026-08-26 16:54:58.993,4480.98,1h 14m 40s,4612.17,4607.79,-4.38,4.38,4.38,0.0,0.0,4.38,1,TRAILING_STOP,[sl 4607.79],4607.79,0.0,3064.47,2064.47,Wednesday,15,2026-08-26
1235,9975449,3587942,3588207,XAUUSD.u,BUY,STR B3,3,0.01,2026-08-26 15:42:30.738,2026-08-26 15:44:58.985,148.25,2m 28s,4619.87,4620.02,0.15,0.15,0.15,0.0,0.0,0.15,1,TRAILING_STOP,[sl 4620.02],4620.02,0.0,3064.62,2064.62,Wednesday,15,2026-08-26
1236,9975457,3588094,3588561,XAUUSD.u,BUY,STR B4,4,0.01,2026-08-26 15:44:11.676,2026-08-26 15:49:07.287,295.61,4m 55s,4621.41,4622.29,0.88,0.88,0.88,0.0,0.0,0.88,1,TRAILING_STOP,[sl 4622.29],4622.29,0.0,3065.5,2065.5,Wednesday,15,2026-08-26
1237,9975463,3588166,3588682,XAUUSD.u,BUY,STR B5,5,0.01,2026-08-26 15:44:34.723,2026-08-26 15:50:11.799,337.08,5m 37s,4622.95,4623.89,0.94,0.94,0.94,0.0,0.0,0.94,1,TRAILING_STOP,[sl 4623.89],4623.89,0.0,3066.44,2066.44,Wednesday,15,2026-08-26
1238,9985124,3588247,3588539,XAUUSD.u,BUY,STR B3,3,0.01,2026-08-26 15:45:43.833,2026-08-26 15:48:42.592,178.76,2m 58s,4619.87,4623.6,3.73,3.73,3.73,0.0,0.0,3.73,1,TRAILING_STOP,[sl 4623.60],4623.6,0.0,3070.17,2070.17,Wednesday,15,2026-08-26
1239,9975468,3588491,3588976,XAUUSD.u,BUY,STR B6,6,0.01,2026-08-26 15:48:22.686,2026-08-26 15:52:38.413,255.73,4m 15s,4624.49,4625.84,1.35,1.35,1.35,0.0,0.0,1.35,1,TRAILING_STOP,[sl 4625.84],4625.84,0.0,3071.52,2071.52,Wednesday,15,2026-08-26
1240,9986274,3588584,3588674,XAUUSD.u,BUY,STR B4,4,0.01,2026-08-26 15:49:28.280,2026-08-26 15:50:08.261,39.98,39s,4621.41,4625.27,3.86,3.86,3.86,0.0,0.0,3.86,1,TRAILING_STOP,[sl 4625.27],4625.27,0.0,3075.38,2075.38,Wednesday,15,2026-08-26
1241,9975474,3588633,3589690,XAUUSD.u,BUY,STR B7,7,0.01,2026-08-26 15:50:00.259,2026-08-26 15:58:12.689,492.43,8m 12s,4626.03,4629.46,3.43,3.43,3.43,0.0,0.0,3.43,1,TRAILING_STOP,[sl 4629.46],4629.46,0.0,3078.81,2078.81,Wednesday,15,2026-08-26
1242,9986696,3588751,3588959,XAUUSD.u,BUY,STR B5,5,0.01,2026-08-26 15:51:21.086,2026-08-26 15:52:32.818,71.73,1m 11s,4622.95,4627.33,4.38,4.38,4.38,0.0,0.0,4.38,1,TRAILING_STOP,[sl 4627.33],4627.33,0.0,3083.19,2083.19,Wednesday,15,2026-08-26
1243,9975479,3588887,3589906,XAUUSD.u,BUY,STR B8,8,0.01,2026-08-26 15:52:22.778,2026-08-26 16:00:29.526,486.75,8m 6s,4627.57,4631.97,4.4,4.4,4.4,0.0,0.0,4.4,1,TRAILING_STOP,[sl 4631.97],4631.97,0.0,3087.59,2087.59,Wednesday,15,2026-08-26
1244,9987512,3589048,3589297,XAUUSD.u,BUY,STR B6,6,0.01,2026-08-26 15:53:32.746,2026-08-26 15:54:47.593,74.85,1m 14s,4624.49,4624.89,0.4,0.4,0.4,0.0,0.0,0.4,1,TRAILING_STOP,[sl 4624.89],4624.89,0.0,3087.99,2087.99,Wednesday,15,2026-08-26
1245,9987902,3589387,3589507,XAUUSD.u,BUY,STR B6,6,0.01,2026-08-26 15:55:04.188,2026-08-26 15:56:42.738,98.55,1m 38s,4624.49,4627.71,3.22,3.22,3.22,0.0,0.0,3.22,1,TRAILING_STOP,[sl 4627.71],4627.71,0.0,3091.21,2091.21,Wednesday,15,2026-08-26
1246,9975489,3589482,3589917,XAUUSD.u,BUY,STR B9,9,0.01,2026-08-26 15:56:23.291,2026-08-26 16:00:42.947,259.66,4m 19s,4629.11,4630.35,1.24,1.24,1.24,0.0,0.0,1.24,1,TRAILING_STOP,[sl 4630.35],4630.35,0.0,3092.45,2092.45,Wednesday,15,2026-08-26
1247,9975504,3589833,3596365,XAUUSD.u,BUY,STR B11,11,0.04,2026-08-26 16:00:03.837,2026-08-26 17:19:57.009,4793.17,1h 19m 53s,4632.19,4590.72,-41.47,-41.47,-165.88,0.0,0.0,-165.88,0,MANUAL/OTHER,,,,2926.57,1926.57,Wednesday,16,2026-08-26
1248,9990745,3589966,3596381,XAUUSD.u,BUY,STR B9,9,0.01,2026-08-26 16:01:09.283,2026-08-26 17:20:02.367,4733.08,1h 18m 53s,4629.11,4591.08,-38.03,-38.03,-38.03,0.0,0.0,-38.03,0,BASKET_CLOSE,STR CLOSE,,,2888.54,1888.54,Wednesday,16,2026-08-26
1249,9991264,3590209,3590589,XAUUSD.u,BUY,STR B7,7,0.01,2026-08-26 16:01:56.797,2026-08-26 16:04:04.686,127.89,2m 7s,4626.03,4626.23,0.2,0.2,0.2,0.0,0.0,0.2,1,TRAILING_STOP,[sl 4626.23],4626.23,0.0,2888.74,1888.74,Wednesday,16,2026-08-26
1250,9991481,3590352,3590578,XAUUSD.u,BUY,STR B5,5,0.01,2026-08-26 16:02:11.585,2026-08-26 16:03:59.576,107.99,1m 47s,4622.95,4627.77,4.82,4.82,4.82,0.0,0.0,4.82,1,TRAILING_STOP,[sl 4627.77],4627.77,0.0,2893.56,1893.56,Wednesday,16,2026-08-26
1251,9991330,3590410,3590577,XAUUSD.u,BUY,STR B6,6,0.01,2026-08-26 16:02:29.025,2026-08-26 16:03:59.576,90.55,1m 30s,4624.49,4627.79,3.3,3.3,3.3,0.0,0.0,3.3,1,TRAILING_STOP,[sl 4627.79],4627.79,0.0,2896.86,1896.86,Wednesday,16,2026-08-26
1252,9992331,3590611,3596379,XAUUSD.u,BUY,STR B6,6,0.01,2026-08-26 16:04:24.418,2026-08-26 17:20:02.138,4537.72,1h 15m 37s,4624.49,4591.01,-33.48,-33.48,-33.48,0.0,0.0,-33.48,0,BASKET_CLOSE,STR CLOSE,,,2863.38,1863.38,Wednesday,16,2026-08-26
1253,9992674,3590736,3590972,XAUUSD.u,BUY,STR B5,5,0.01,2026-08-26 16:05:28.973,2026-08-26 16:08:22.529,173.56,2m 53s,4622.95,4623.17,0.22,0.22,0.22,0.0,0.0,0.22,1,TRAILING_STOP,[sl 4623.17],4623.17,0.0,2863.6,1863.6,Wednesday,16,2026-08-26
1254,9992229,3590905,3596380,XAUUSD.u,BUY,STR B7,7,0.01,2026-08-26 16:06:29.922,2026-08-26 17:20:02.252,4412.33,1h 13m 32s,4626.03,4591.12,-34.91,-34.91,-34.91,0.0,0.0,-34.91,0,BASKET_CLOSE,STR CLOSE,,,2828.69,1828.69,Wednesday,16,2026-08-26
1255,9993603,3591002,3591165,XAUUSD.u,BUY,STR B4,4,0.01,2026-08-26 16:08:38.624,2026-08-26 16:11:28.161,169.54,2m 49s,4621.41,4625.54,4.13,4.13,4.13,0.0,0.0,4.13,1,TRAILING_STOP,[sl 4625.54],4625.54,0.0,2832.82,1832.82,Wednesday,16,2026-08-26
1256,9993517,3591033,3591185,XAUUSD.u,BUY,STR B5,5,0.01,2026-08-26 16:09:01.426,2026-08-26 16:11:36.335,154.91,2m 34s,4622.95,4624.0,1.05,1.05,1.05,0.0,0.0,1.05,1,TRAILING_STOP,[sl 4624.00],4624.0,0.0,2833.87,1833.87,Wednesday,16,2026-08-26
1257,9994456,3591212,3591700,XAUUSD.u,BUY,STR B5,5,0.01,2026-08-26 16:11:58.059,2026-08-26 16:22:47.424,649.37,10m 49s,4622.95,4624.06,1.11,1.11,1.11,0.0,0.0,1.11,1,TRAILING_STOP,[sl 4624.06],4624.06,0.0,2834.98,1834.98,Wednesday,16,2026-08-26
1258,9994593,3591239,3591694,XAUUSD.u,BUY,STR B4,4,0.01,2026-08-26 16:12:20.164,2026-08-26 16:22:40.102,619.94,10m 19s,4621.41,4625.33,3.92,3.92,3.92,0.0,0.0,3.92,1,TRAILING_STOP,[sl 4625.33],4625.33,0.0,2838.9,1838.9,Wednesday,16,2026-08-26
1259,9995018,3591330,3591464,XAUUSD.u,BUY,STR B3,3,0.01,2026-08-26 16:14:08.234,2026-08-26 16:18:02.522,234.29,3m 54s,4619.87,4620.85,0.98,0.98,0.98,0.0,0.0,0.98,1,TRAILING_STOP,[sl 4620.85],4620.85,0.0,2839.88,1839.88,Wednesday,16,2026-08-26
1260,9997426,3591748,3596378,XAUUSD.u,BUY,STR B4,4,0.01,2026-08-26 16:23:53.450,2026-08-26 17:20:02.023,3368.57,56m 8s,4621.41,4591.01,-30.4,-30.4,-30.4,0.0,0.0,-30.4,0,BASKET_CLOSE,STR CLOSE,,,2809.48,1809.48,Wednesday,16,2026-08-26
1261,9997724,3591824,3592957,XAUUSD.u,BUY,STR B3,3,0.01,2026-08-26 16:24:51.638,2026-08-26 16:44:47.594,1195.96,19m 55s,4619.87,4621.95,2.08,2.08,2.08,0.0,0.0,2.08,1,TRAILING_STOP,[sl 4621.95],4621.95,0.0,2811.56,1811.56,Wednesday,16,2026-08-26
1262,9998500,3591973,3592914,XAUUSD.u,BUY,STR B1,1,0.01,2026-08-26 16:26:19.692,2026-08-26 16:42:28.983,969.29,16m 9s,4616.79,4621.42,4.63,4.63,4.63,0.0,0.0,4.63,1,TRAILING_STOP,[sl 4621.42],4621.42,0.0,2816.19,1816.19,Wednesday,16,2026-08-26
1263,9998160,3592019,3592913,XAUUSD.u,BUY,STR B2,2,0.01,2026-08-26 16:26:41.001,2026-08-26 16:42:28.983,947.98,15m 47s,4618.33,4621.43,3.1,3.1,3.1,0.0,0.0,3.1,1,TRAILING_STOP,[sl 4621.43],4621.43,0.0,2819.29,1819.29,Wednesday,16,2026-08-26
1264,10011193,3593005,3596377,XAUUSD.u,BUY,STR B3,3,0.01,2026-08-26 16:46:25.285,2026-08-26 17:20:01.908,2016.62,33m 36s,4619.87,4591.01,-28.86,-28.86,-28.86,0.0,0.0,-28.86,0,BASKET_CLOSE,STR CLOSE,,,2790.43,1790.43,Wednesday,16,2026-08-26
1265,10011395,3593049,3596376,XAUUSD.u,BUY,STR B1,1,0.01,2026-08-26 16:46:36.975,2026-08-26 17:20:01.786,2004.81,33m 24s,4616.79,4591.04,-25.75,-25.75,-25.75,0.0,0.0,-25.75,0,BASKET_CLOSE,STR CLOSE,,,2764.68,1764.68,Wednesday,16,2026-08-26
1266,9975453,3593339,3593648,XAUUSD.u,SELL,STR S3,3,0.01,2026-08-26 16:52:27.231,2026-08-26 16:55:14.016,166.78,2m 46s,4610.63,4609.33,-1.3,1.3,1.3,0.0,0.0,1.3,1,TRAILING_STOP,[sl 4609.33],4609.33,0.0,2765.98,1765.98,Wednesday,16,2026-08-26
1267,9975462,3593464,3594135,XAUUSD.u,SELL,STR S4,4,0.01,2026-08-26 16:54:19.575,2026-08-26 17:00:06.795,347.22,5m 47s,4609.09,4603.86,-5.23,5.23,5.23,0.0,0.0,5.23,1,TRAILING_STOP,[sl 4603.86],4603.86,0.0,2771.21,1771.21,Wednesday,16,2026-08-26
1268,9975465,3593521,3594136,XAUUSD.u,SELL,STR S5,5,0.01,2026-08-26 16:54:24.796,2026-08-26 17:00:06.795,342.0,5m 41s,4607.55,4603.86,-3.69,3.69,3.69,0.0,0.0,3.69,1,TRAILING_STOP,[sl 4603.86],4603.86,0.0,2774.9,1774.9,Wednesday,16,2026-08-26
1269,10023496,3593742,3593931,XAUUSD.u,SELL,STR S2,2,0.01,2026-08-26 16:55:52.481,2026-08-26 16:57:20.407,87.93,1m 27s,4612.17,4607.47,-4.7,4.7,4.7,0.0,0.0,4.7,1,TRAILING_STOP,[sl 4607.47],4607.47,0.0,2779.6,1779.6,Wednesday,16,2026-08-26
1270,10023287,3593803,3593930,XAUUSD.u,SELL,STR S3,3,0.01,2026-08-26 16:56:23.622,2026-08-26 16:57:20.407,56.78,56s,4610.63,4607.47,-3.16,3.16,3.16,0.0,0.0,3.16,1,TRAILING_STOP,[sl 4607.47],4607.47,0.0,2782.76,1782.76,Wednesday,16,2026-08-26
1271,9975471,3593868,3594185,XAUUSD.u,SELL,STR S6,6,0.01,2026-08-26 16:57:03.991,2026-08-26 17:00:26.817,202.83,3m 22s,4606.01,4605.41,-0.6,0.6,0.6,0.0,0.0,0.6,1,TRAILING_STOP,[sl 4605.41],4605.41,0.0,2783.36,1783.36,Wednesday,16,2026-08-26
1272,9975476,3594066,3594296,XAUUSD.u,SELL,STR S7,7,0.01,2026-08-26 16:59:57.479,2026-08-26 17:01:07.670,70.19,1m 10s,4604.47,4601.36,-3.11,3.11,3.11,0.0,0.0,3.11,1,TRAILING_STOP,[sl 4601.36],4601.36,0.0,2786.47,1786.47,Wednesday,16,2026-08-26
1273,9975484,3594111,3594389,XAUUSD.u,SELL,STR S8,8,0.01,2026-08-26 17:00:00.882,2026-08-26 17:01:38.755,97.87,1m 37s,4602.93,4602.89,-0.04,0.04,0.04,0.0,0.0,0.04,1,TRAILING_STOP,[sl 4602.89],4602.89,0.0,2786.51,1786.51,Wednesday,17,2026-08-26
1274,9975494,3594222,3594621,XAUUSD.u,SELL,STR S9,9,0.01,2026-08-26 17:01:00.530,2026-08-26 17:02:55.155,114.62,1m 54s,4601.39,4594.82,-6.57,6.57,6.57,0.0,0.0,6.57,1,TRAILING_STOP,[sl 4594.82],4594.82,0.0,2793.08,1793.08,Wednesday,17,2026-08-26
1275,9975500,3594286,3594622,XAUUSD.u,SELL,STR S10,10,0.01,2026-08-26 17:01:05.594,2026-08-26 17:02:55.155,109.56,1m 49s,4599.85,4594.82,-5.03,5.03,5.03,0.0,0.0,5.03,1,TRAILING_STOP,[sl 4594.82],4594.82,0.0,2798.11,1798.11,Wednesday,17,2026-08-26
1276,10033608,3594390,3594624,XAUUSD.u,SELL,STR S8,8,0.01,2026-08-26 17:01:38.993,2026-08-26 17:02:55.155,76.16,1m 16s,4602.93,4594.82,-8.11,8.11,8.11,0.0,0.0,8.11,1,TRAILING_STOP,[sl 4594.82],4594.82,0.0,2806.22,1806.22,Wednesday,17,2026-08-26
1277,9975507,3594532,3594623,XAUUSD.u,SELL,STR S11,11,0.04,2026-08-26 17:02:52.558,2026-08-26 17:02:55.155,2.6,2s,4598.31,4594.82,-3.49,3.49,13.96,0.0,0.0,13.96,1,TRAILING_STOP,[sl 4594.82],4594.82,0.0,2820.18,1820.18,Wednesday,17,2026-08-26
1278,9975513,3594545,3594666,XAUUSD.u,SELL,STR S12,12,0.04,2026-08-26 17:02:52.593,2026-08-26 17:02:59.380,6.79,6s,4596.77,4596.34,-0.43,0.43,1.72,0.0,0.0,1.72,1,TRAILING_STOP,[sl 4596.34],4596.34,0.0,2821.9,1821.9,Wednesday,17,2026-08-26
1279,9975519,3594574,3594994,XAUUSD.u,SELL,STR S13,13,0.04,2026-08-26 17:02:52.674,2026-08-26 17:05:45.062,172.39,2m 52s,4595.23,4591.01,-4.22,4.22,16.88,0.0,0.0,16.88,1,TRAILING_STOP,[sl 4591.01],4591.01,0.0,2838.78,1838.78,Wednesday,17,2026-08-26
1280,9975523,3594597,3595226,XAUUSD.u,SELL,STR S14,14,0.04,2026-08-26 17:02:53.813,2026-08-26 17:06:52.620,238.81,3m 58s,4593.69,4589.84,-3.85,3.85,15.4,0.0,0.0,15.4,1,TRAILING_STOP,[sl 4589.84],4589.84,0.0,2854.18,1854.18,Wednesday,17,2026-08-26
1281,10037444,3594730,3594995,XAUUSD.u,SELL,STR S12,12,0.04,2026-08-26 17:03:12.254,2026-08-26 17:05:45.062,152.81,2m 32s,4596.77,4591.01,-5.76,5.76,23.04,0.0,0.0,23.04,1,TRAILING_STOP,[sl 4591.01],4591.01,0.0,2877.22,1877.22,Wednesday,17,2026-08-26
1282,10037911,3594742,3594996,XAUUSD.u,SELL,STR S11,11,0.04,2026-08-26 17:03:21.900,2026-08-26 17:05:45.062,143.16,2m 23s,4598.31,4591.01,-7.3,7.3,29.2,0.0,0.0,29.2,1,TRAILING_STOP,[sl 4591.01],4591.01,0.0,2906.42,1906.42,Wednesday,17,2026-08-26
1283,10038939,3594799,3594997,XAUUSD.u,SELL,STR S10,10,0.01,2026-08-26 17:03:49.266,2026-08-26 17:05:45.062,115.8,1m 55s,4599.85,4591.01,-8.84,8.84,8.84,0.0,0.0,8.84,1,TRAILING_STOP,[sl 4591.01],4591.01,0.0,2915.26,1915.26,Wednesday,17,2026-08-26
1284,9975530,3594944,3595272,XAUUSD.u,SELL,STR S15,15,0.04,2026-08-26 17:05:42.513,2026-08-26 17:07:20.544,98.03,1m 38s,4592.15,4591.46,-0.69,0.69,2.76,0.0,0.0,2.76,1,TRAILING_STOP,[sl 4591.46],4591.46,0.0,2918.02,1918.02,Wednesday,17,2026-08-26
1285,9975534,3594968,3596108,XAUUSD.u,SELL,STR S16,16,0.04,2026-08-26 17:05:42.718,2026-08-26 17:16:34.072,651.35,10m 51s,4590.61,4584.94,-5.67,5.67,22.68,0.0,0.0,22.68,1,TRAILING_STOP,[sl 4584.94],4584.94,0.0,2940.7,1940.7,Wednesday,17,2026-08-26
1286,9975539,3595182,3596109,XAUUSD.u,SELL,STR S17,17,0.04,2026-08-26 17:06:32.282,2026-08-26 17:16:34.072,601.79,10m 1s,4589.07,4584.94,-4.13,4.13,16.52,0.0,0.0,16.52,1,TRAILING_STOP,[sl 4584.94],4584.94,0.0,2957.22,1957.22,Wednesday,17,2026-08-26
1287,10050340,3595330,3595931,XAUUSD.u,SELL,STR S14,14,0.04,2026-08-26 17:07:59.159,2026-08-26 17:14:54.571,415.41,6m 55s,4593.69,4589.78,-3.91,3.91,15.64,0.0,0.0,15.64,1,TRAILING_STOP,[sl 4589.78],4589.78,0.0,2972.86,1972.86,Wednesday,17,2026-08-26
1288,10050097,3595338,3596030,XAUUSD.u,SELL,STR S15,15,0.04,2026-08-26 17:08:06.994,2026-08-26 17:15:54.830,467.84,7m 47s,4592.15,4587.69,-4.46,4.46,17.84,0.0,0.0,17.84,1,TRAILING_STOP,[sl 4587.69],4587.69,0.0,2990.7,1990.7,Wednesday,17,2026-08-26
1289,10052491,3595373,3595870,XAUUSD.u,SELL,STR S13,13,0.04,2026-08-26 17:08:54.820,2026-08-26 17:14:15.316,320.5,5m 20s,4595.23,4591.63,-3.6,3.6,14.4,0.0,0.0,14.4,1,TRAILING_STOP,[sl 4591.63],4591.63,0.0,3005.1,2005.1,Wednesday,17,2026-08-26
1290,10053296,3595437,3595871,XAUUSD.u,SELL,STR S12,12,0.04,2026-08-26 17:09:14.989,2026-08-26 17:14:15.316,300.33,5m 0s,4596.77,4591.63,-5.14,5.14,20.56,0.0,0.0,20.56,1,TRAILING_STOP,[sl 4591.63],4591.63,0.0,3025.66,2025.66,Wednesday,17,2026-08-26
1291,10054281,3595516,3595741,XAUUSD.u,SELL,STR S11,11,0.04,2026-08-26 17:09:47.738,2026-08-26 17:13:03.213,195.47,3m 15s,4598.31,4596.84,-1.47,1.47,5.88,0.0,0.0,5.88,1,TRAILING_STOP,[sl 4596.84],4596.84,0.0,3031.54,2031.54,Wednesday,17,2026-08-26
1292,10056200,3595597,3595695,XAUUSD.u,SELL,STR S10,10,0.01,2026-08-26 17:10:31.862,2026-08-26 17:12:21.352,109.49,1m 49s,4599.85,4595.31,-4.54,4.54,4.54,0.0,0.0,4.54,1,TRAILING_STOP,[sl 4595.31],4595.31,0.0,3036.08,2036.08,Wednesday,17,2026-08-26
1293,9975544,3595972,3596113,XAUUSD.u,SELL,STR S18,18,0.04,2026-08-26 17:15:34.142,2026-08-26 17:16:35.899,61.76,1m 1s,4587.53,4586.47,-1.06,1.06,4.24,0.0,0.0,4.24,1,TRAILING_STOP,[sl 4586.47],4586.47,0.0,3040.32,2040.32,Wednesday,17,2026-08-26
1294,10073283,3596190,3596375,XAUUSD.u,SELL,STR S18,18,0.04,2026-08-26 17:17:39.362,2026-08-26 17:20:01.670,142.31,2m 22s,4587.53,4591.05,3.52,-3.52,-14.08,0.0,0.0,-14.08,0,BASKET_CLOSE,STR CLOSE,,,3026.24,2026.24,Wednesday,17,2026-08-26
1295,10075071,3596239,3596373,XAUUSD.u,SELL,STR S17,17,0.04,2026-08-26 17:18:21.437,2026-08-26 17:20:01.556,100.12,1m 40s,4589.07,4591.03,1.96,-1.96,-7.84,0.0,0.0,-7.84,0,BASKET_CLOSE,STR CLOSE,,,3018.4,2018.4,Wednesday,17,2026-08-26
1296,10077194,3596312,3596371,XAUUSD.u,SELL,STR S14,14,0.04,2026-08-26 17:19:23.133,2026-08-26 17:20:01.324,38.19,38s,4593.69,4591.13,-2.56,2.56,10.24,0.0,0.0,10.24,1,BASKET_CLOSE,STR CLOSE,,,3028.64,2028.64,Wednesday,17,2026-08-26
1297,10076371,3596344,3596372,XAUUSD.u,SELL,STR S15,15,0.04,2026-08-26 17:19:44.819,2026-08-26 17:20:01.442,16.62,16s,4592.15,4591.02,-1.13,1.13,4.52,0.0,0.0,4.52,1,BASKET_CLOSE,STR CLOSE,,,3033.16,2033.16,Wednesday,17,2026-08-26
1298,10079100,3596454,3597054,XAUUSD.u,BUY,STR B1,1,0.01,2026-08-26 17:21:00.053,2026-08-26 17:29:31.130,511.08,8m 31s,4592.16,4596.45,4.29,4.29,4.29,0.0,0.0,4.29,1,TRAILING_STOP,[sl 4596.45],4596.45,0.0,3037.45,2037.45,Wednesday,17,2026-08-26
1299,10079108,3596485,3597060,XAUUSD.u,BUY,STR B2,2,0.01,2026-08-26 17:21:53.833,2026-08-26 17:29:31.553,457.72,7m 37s,4593.69,4596.21,2.52,2.52,2.52,0.0,0.0,2.52,1,BASKET_CLOSE,STR CLOSE,,,3039.97,2039.97,Wednesday,17,2026-08-26
1300,10079125,3596928,3597059,XAUUSD.u,BUY,STR B3,3,0.01,2026-08-26 17:27:51.727,2026-08-26 17:29:31.431,99.7,1m 39s,4595.22,4596.25,1.03,1.03,1.03,0.0,0.0,1.03,1,BASKET_CLOSE,STR CLOSE,,,3041.0,2041.0,Wednesday,17,2026-08-26
1301,10079138,3596976,3597058,XAUUSD.u,BUY,STR B4,4,0.01,2026-08-26 17:28:39.465,2026-08-26 17:29:31.318,51.85,51s,4596.75,4596.25,-0.5,-0.5,-0.5,0.0,0.0,-0.5,0,BASKET_CLOSE,STR CLOSE,,,3040.5,2040.5,Wednesday,17,2026-08-26
1302,10099051,3597100,3597702,XAUUSD.u,BUY,STR B1,1,0.01,2026-08-26 17:31:06.030,2026-08-26 17:40:17.678,551.65,9m 11s,4597.09,4602.54,5.45,5.45,5.45,0.0,0.0,5.45,1,BASKET_CLOSE,STR CLOSE,,,3045.95,2045.95,Wednesday,17,2026-08-26
1303,10099066,3597257,3597701,XAUUSD.u,BUY,STR B2,2,0.01,2026-08-26 17:35:01.712,2026-08-26 17:40:17.565,315.85,5m 15s,4598.62,4602.56,3.94,3.94,3.94,0.0,0.0,3.94,1,BASKET_CLOSE,STR CLOSE,,,3049.89,2049.89,Wednesday,17,2026-08-26
1304,10099085,3597318,3597700,XAUUSD.u,BUY,STR B3,3,0.01,2026-08-26 17:35:39.013,2026-08-26 17:40:17.453,278.44,4m 38s,4600.15,4602.56,2.41,2.41,2.41,0.0,0.0,2.41,1,BASKET_CLOSE,STR CLOSE,,,3052.3,2052.3,Wednesday,17,2026-08-26
1305,10099104,3597658,3597699,XAUUSD.u,BUY,STR B4,4,0.01,2026-08-26 17:40:01.342,2026-08-26 17:40:17.341,16.0,15s,4601.68,4602.53,0.85,0.85,0.85,0.0,0.0,0.85,1,BASKET_CLOSE,STR CLOSE,,,3053.15,2053.15,Wednesday,17,2026-08-26
1306,10117619,3597740,3599297,XAUUSD.u,SELL,STR S1,1,0.01,2026-08-26 17:41:33.749,2026-08-26 18:01:16.871,1183.12,19m 43s,4601.24,4592.22,-9.02,9.02,9.02,0.0,0.0,9.02,1,TRAILING_STOP,[sl 4592.22],4592.22,0.0,3062.17,2062.17,Wednesday,17,2026-08-26
1307,10117615,3597965,3598237,XAUUSD.u,BUY,STR B1,1,0.01,2026-08-26 17:44:15.129,2026-08-26 17:50:13.451,358.32,5m 58s,4604.3,4607.81,3.51,3.51,3.51,0.0,0.0,3.51,1,TRAILING_STOP,[sl 4607.81],4607.81,0.0,3065.68,2065.68,Wednesday,17,2026-08-26
1308,10117620,3598038,3598260,XAUUSD.u,BUY,STR B2,2,0.01,2026-08-26 17:45:32.017,2026-08-26 17:50:39.937,307.92,5m 7s,4605.83,4606.27,0.44,0.44,0.44,0.0,0.0,0.44,1,TRAILING_STOP,[sl 4606.27],4606.27,0.0,3066.12,2066.12,Wednesday,17,2026-08-26
1309,10117625,3598110,3608386,XAUUSD.u,BUY,STR B3,3,0.01,2026-08-26 17:47:45.572,2026-08-26 21:03:14.144,11728.57,3h 15m 28s,4607.36,4591.39,-15.97,-15.97,-15.97,0.0,0.0,-15.97,0,BASKET_CLOSE,STR CLOSE,,,3050.15,2050.15,Wednesday,17,2026-08-26
1310,10117627,3598185,3608385,XAUUSD.u,BUY,STR B4,4,0.01,2026-08-26 17:49:06.362,2026-08-26 21:03:14.030,11647.67,3h 14m 7s,4608.89,4591.39,-17.5,-17.5,-17.5,0.0,0.0,-17.5,0,BASKET_CLOSE,STR CLOSE,,,3032.65,2032.65,Wednesday,17,2026-08-26
1311,10130426,3598288,3608382,XAUUSD.u,BUY,STR B2,2,0.01,2026-08-26 17:51:37.998,2026-08-26 21:03:13.691,11495.69,3h 11m 35s,4605.83,4591.36,-14.47,-14.47,-14.47,0.0,0.0,-14.47,0,BASKET_CLOSE,STR CLOSE,,,3018.18,2018.18,Wednesday,17,2026-08-26
1312,10130504,3598314,3608381,XAUUSD.u,BUY,STR B1,1,0.01,2026-08-26 17:51:41.928,2026-08-26 21:03:13.578,11491.65,3h 11m 31s,4604.3,4591.39,-12.91,-12.91,-12.91,0.0,0.0,-12.91,0,BASKET_CLOSE,STR CLOSE,,,3005.27,2005.27,Wednesday,17,2026-08-26
1313,10117622,3598599,3599298,XAUUSD.u,SELL,STR S2,2,0.01,2026-08-26 17:53:22.810,2026-08-26 18:01:16.872,474.06,7m 54s,4599.71,4592.22,-7.49,7.49,7.49,0.0,0.0,7.49,1,TRAILING_STOP,[sl 4592.22],4592.22,0.0,3012.76,2012.76,Wednesday,17,2026-08-26
1314,10117626,3598966,3599299,XAUUSD.u,SELL,STR S3,3,0.01,2026-08-26 17:59:03.620,2026-08-26 18:01:16.872,133.25,2m 13s,4598.18,4592.22,-5.96,5.96,5.96,0.0,0.0,5.96,1,TRAILING_STOP,[sl 4592.22],4592.22,0.0,3018.72,2018.72,Wednesday,17,2026-08-26
1315,10117632,3599026,3599300,XAUUSD.u,SELL,STR S4,4,0.01,2026-08-26 17:59:33.487,2026-08-26 18:01:16.872,103.39,1m 43s,4596.65,4592.22,-4.43,4.43,4.43,0.0,0.0,4.43,1,TRAILING_STOP,[sl 4592.22],4592.22,0.0,3023.15,2023.15,Wednesday,17,2026-08-26
1316,10117636,3599100,3599303,XAUUSD.u,SELL,STR S5,5,0.01,2026-08-26 18:00:23.184,2026-08-26 18:01:17.663,54.48,54s,4595.12,4593.75,-1.37,1.37,1.37,0.0,0.0,1.37,1,TRAILING_STOP,[sl 4593.75],4593.75,0.0,3024.52,2024.52,Wednesday,18,2026-08-26
1317,10117641,3599205,3601299,XAUUSD.u,SELL,STR S6,6,0.01,2026-08-26 18:00:56.327,2026-08-26 18:40:19.232,2362.91,39m 22s,4593.59,4587.17,-6.42,6.42,6.42,0.0,0.0,6.42,1,TRAILING_STOP,[sl 4587.17],4587.17,0.0,3030.94,2030.94,Wednesday,18,2026-08-26
1318,10117653,3599267,3601300,XAUUSD.u,SELL,STR S7,7,0.01,2026-08-26 18:01:08.470,2026-08-26 18:40:19.232,2350.76,39m 10s,4592.06,4587.26,-4.8,4.8,4.8,0.0,0.0,4.8,1,TRAILING_STOP,[sl 4587.26],4587.26,0.0,3035.74,2035.74,Wednesday,18,2026-08-26
1319,10151718,3599435,3600636,XAUUSD.u,SELL,STR S3,3,0.01,2026-08-26 18:02:33.635,2026-08-26 18:27:12.807,1479.17,24m 39s,4598.18,4597.34,-0.84,0.84,0.84,0.0,0.0,0.84,1,TRAILING_STOP,[sl 4597.34],4597.34,0.0,3036.58,2036.58,Wednesday,18,2026-08-26
1320,10151281,3599470,3600974,XAUUSD.u,SELL,STR S4,4,0.01,2026-08-26 18:02:52.452,2026-08-26 18:37:20.084,2067.63,34m 27s,4596.65,4595.28,-1.37,1.37,1.37,0.0,0.0,1.37,1,TRAILING_STOP,[sl 4595.28],4595.28,0.0,3037.95,2037.95,Wednesday,18,2026-08-26
1321,10156955,3599653,3600549,XAUUSD.u,SELL,STR S2,2,0.01,2026-08-26 18:05:20.848,2026-08-26 18:23:31.740,1090.89,18m 10s,4599.71,4595.81,-3.9,3.9,3.9,0.0,0.0,3.9,1,TRAILING_STOP,[sl 4595.81],4595.81,0.0,3041.85,2041.85,Wednesday,18,2026-08-26
1322,10157985,3599770,3599879,XAUUSD.u,SELL,STR S1,1,0.01,2026-08-26 18:05:58.198,2026-08-26 18:08:22.659,144.46,2m 24s,4601.24,4601.21,-0.03,0.03,0.03,0.0,0.0,0.03,1,TRAILING_STOP,[sl 4601.21],4601.21,0.0,3041.88,2041.88,Wednesday,18,2026-08-26
1323,10161366,3599880,3600196,XAUUSD.u,SELL,STR S1,1,0.01,2026-08-26 18:08:23.245,2026-08-26 18:14:58.395,395.15,6m 35s,4601.24,4600.37,-0.87,0.87,0.87,0.0,0.0,0.87,1,TRAILING_STOP,[sl 4600.37],4600.37,0.0,3042.75,2042.75,Wednesday,18,2026-08-26
1324,10151031,3600515,3601134,XAUUSD.u,SELL,STR S5,5,0.01,2026-08-26 18:22:56.128,2026-08-26 18:38:36.842,940.71,15m 40s,4595.12,4590.66,-4.46,4.46,4.46,0.0,0.0,4.46,1,TRAILING_STOP,[sl 4590.66],4590.66,0.0,3047.21,2047.21,Wednesday,18,2026-08-26
1325,10117656,3601081,3601301,XAUUSD.u,SELL,STR S8,8,0.01,2026-08-26 18:38:14.219,2026-08-26 18:40:19.232,125.01,2m 5s,4590.53,4587.26,-3.27,3.27,3.27,0.0,0.0,3.27,1,TRAILING_STOP,[sl 4587.26],4587.26,0.0,3050.48,2050.48,Wednesday,18,2026-08-26
1326,10117663,3601156,3601331,XAUUSD.u,SELL,STR S9,9,0.01,2026-08-26 18:39:01.707,2026-08-26 18:40:52.164,110.46,1m 50s,4589.0,4588.79,-0.21,0.21,0.21,0.0,0.0,0.21,1,TRAILING_STOP,[sl 4588.79],4588.79,0.0,3050.69,2050.69,Wednesday,18,2026-08-26
1327,10117670,3601228,3608384,XAUUSD.u,SELL,STR S10,10,0.01,2026-08-26 18:39:49.187,2026-08-26 21:03:13.917,8604.73,2h 23m 24s,4587.47,4591.52,4.05,-4.05,-4.05,0.0,0.0,-4.05,0,BASKET_CLOSE,STR CLOSE,,,3046.64,2046.64,Wednesday,18,2026-08-26
1328,10117676,3601279,3608383,XAUUSD.u,SELL,STR S11,11,0.04,2026-08-26 18:40:11.240,2026-08-26 21:03:13.804,8582.56,2h 23m 2s,4585.94,4591.52,5.58,-5.58,-22.32,0.0,0.0,-22.32,0,BASKET_CLOSE,STR CLOSE,,,3024.32,2024.32,Wednesday,18,2026-08-26
1329,10211017,3601332,3608380,XAUUSD.u,SELL,STR S9,9,0.01,2026-08-26 18:40:53.184,2026-08-26 21:03:13.466,8540.28,2h 22m 20s,4589.0,4591.52,2.52,-2.52,-2.52,0.0,0.0,-2.52,0,BASKET_CLOSE,STR CLOSE,,,3021.8,2021.8,Wednesday,18,2026-08-26
1330,10212396,3601385,3608379,XAUUSD.u,SELL,STR S8,8,0.01,2026-08-26 18:41:52.617,2026-08-26 21:03:13.352,8480.74,2h 21m 20s,4590.53,4591.52,0.99,-0.99,-0.99,0.0,0.0,-0.99,0,BASKET_CLOSE,STR CLOSE,,,3020.81,2020.81,Wednesday,18,2026-08-26
1331,10221440,3601598,3602262,XAUUSD.u,SELL,STR S6,6,0.01,2026-08-26 18:48:06.954,2026-08-26 18:56:22.778,495.82,8m 15s,4593.59,4590.16,-3.43,3.43,3.43,0.0,0.0,3.43,1,TRAILING_STOP,[sl 4590.16],4590.16,0.0,3024.24,2024.24,Wednesday,18,2026-08-26
1332,10224862,3601902,3602263,XAUUSD.u,SELL,STR S4,4,0.01,2026-08-26 18:50:50.154,2026-08-26 18:56:22.778,332.62,5m 32s,4596.65,4590.16,-6.49,6.49,6.49,0.0,0.0,6.49,1,TRAILING_STOP,[sl 4590.16],4590.16,0.0,3030.73,2030.73,Wednesday,18,2026-08-26
1333,10223874,3601962,3602260,XAUUSD.u,SELL,STR S5,5,0.01,2026-08-26 18:51:11.245,2026-08-26 18:56:22.486,311.24,5m 11s,4595.12,4590.14,-4.98,4.98,4.98,0.0,0.0,4.98,1,TRAILING_STOP,[sl 4590.14],4590.14,0.0,3035.71,2035.71,Wednesday,18,2026-08-26
1334,10220614,3602032,3602311,XAUUSD.u,SELL,STR S7,7,0.01,2026-08-26 18:52:03.241,2026-08-26 18:58:29.331,386.09,6m 26s,4592.06,4591.7,-0.36,0.36,0.36,0.0,0.0,0.36,1,TRAILING_STOP,[sl 4591.70],4591.7,0.0,3036.07,2036.07,Wednesday,18,2026-08-26
1335,10236571,3602323,3608378,XAUUSD.u,SELL,STR S7,7,0.01,2026-08-26 18:58:37.806,2026-08-26 21:03:13.240,7475.43,2h 4m 35s,4592.06,4591.52,-0.54,0.54,0.54,0.0,0.0,0.54,1,BASKET_CLOSE,STR CLOSE,,,3036.61,2036.61,Wednesday,18,2026-08-26
1336,10244402,3602410,3608377,XAUUSD.u,SELL,STR S6,6,0.01,2026-08-26 19:04:21.069,2026-08-26 21:03:13.117,7132.05,1h 58m 52s,4593.59,4591.52,-2.07,2.07,2.07,0.0,0.0,2.07,1,BASKET_CLOSE,STR CLOSE,,,3038.68,2038.68,Wednesday,19,2026-08-26
1337,10249303,3602516,3608376,XAUUSD.u,SELL,STR S5,5,0.01,2026-08-26 19:08:05.213,2026-08-26 21:03:13.005,6907.79,1h 55m 7s,4595.12,4591.52,-3.6,3.6,3.6,0.0,0.0,3.6,1,BASKET_CLOSE,STR CLOSE,,,3042.28,2042.28,Wednesday,19,2026-08-26
1338,10263937,3602850,3606302,XAUUSD.u,SELL,STR S4,4,0.01,2026-08-26 19:20:20.014,2026-08-26 20:34:06.313,4426.3,1h 13m 46s,4596.65,4595.93,-0.72,0.72,0.72,0.0,0.0,0.72,1,TRAILING_STOP,[sl 4595.93],4595.93,0.0,3043.0,2043.0,Wednesday,19,2026-08-26
1339,10265048,3602908,3603353,XAUUSD.u,SELL,STR S3,3,0.01,2026-08-26 19:21:20.016,2026-08-26 19:28:56.766,456.75,7m 36s,4598.18,4597.46,-0.72,0.72,0.72,0.0,0.0,0.72,1,TRAILING_STOP,[sl 4597.46],4597.46,0.0,3043.72,2043.72,Wednesday,19,2026-08-26
1340,10274518,3603360,3604595,XAUUSD.u,SELL,STR S3,3,0.01,2026-08-26 19:29:00.569,2026-08-26 19:58:53.608,1793.04,29m 53s,4598.18,4597.43,-0.75,0.75,0.75,0.0,0.0,0.75,1,TRAILING_STOP,[sl 4597.43],4597.43,0.0,3044.47,2044.47,Wednesday,19,2026-08-26
1341,10277850,3603472,3604006,XAUUSD.u,SELL,STR S2,2,0.01,2026-08-26 19:31:00.239,2026-08-26 19:41:12.630,612.39,10m 12s,4599.71,4599.25,-0.46,0.46,0.46,0.0,0.0,0.46,1,TRAILING_STOP,[sl 4599.25],4599.25,0.0,3044.93,2044.93,Wednesday,19,2026-08-26
1342,10281343,3603627,3603886,XAUUSD.u,SELL,STR S1,1,0.01,2026-08-26 19:33:43.980,2026-08-26 19:37:26.386,222.41,3m 42s,4601.24,4597.72,-3.52,3.52,3.52,0.0,0.0,3.52,1,TRAILING_STOP,[sl 4597.72],4597.72,0.0,3048.45,2048.45,Wednesday,19,2026-08-26
1343,10306095,3604656,3605724,XAUUSD.u,SELL,STR S3,3,0.01,2026-08-26 20:00:41.120,2026-08-26 20:22:15.969,1294.85,21m 34s,4598.18,4594.73,-3.45,3.45,3.45,0.0,0.0,3.45,1,TRAILING_STOP,[sl 4594.73],4594.73,0.0,3051.9,2051.9,Wednesday,20,2026-08-26
1344,10307281,3604729,3605725,XAUUSD.u,SELL,STR S2,2,0.01,2026-08-26 20:01:52.524,2026-08-26 20:22:15.969,1223.44,20m 23s,4599.71,4594.73,-4.98,4.98,4.98,0.0,0.0,4.98,1,TRAILING_STOP,[sl 4594.73],4594.73,0.0,3056.88,2056.88,Wednesday,20,2026-08-26
1345,10308895,3604817,3605726,XAUUSD.u,SELL,STR S1,1,0.01,2026-08-26 20:03:24.032,2026-08-26 20:22:15.969,1131.94,18m 51s,4601.24,4594.73,-6.51,6.51,6.51,0.0,0.0,6.51,1,TRAILING_STOP,[sl 4594.73],4594.73,0.0,3063.39,2063.39,Wednesday,20,2026-08-26
1346,10344691,3607055,3608373,XAUUSD.u,SELL,STR S4,4,0.01,2026-08-26 20:42:38.410,2026-08-26 21:03:12.893,1234.48,20m 34s,4596.65,4591.52,-5.13,5.13,5.13,0.0,0.0,5.13,1,BASKET_CLOSE,STR CLOSE,,,3068.52,2068.52,Wednesday,20,2026-08-26
1347,10363135,3608437,3609032,XAUUSD.u,BUY,STR B1,1,0.01,2026-08-26 21:07:00.663,2026-08-26 21:26:52.557,1191.89,19m 51s,4592.94,4598.98,6.04,6.04,6.04,0.0,0.0,6.04,1,BASKET_CLOSE,STR CLOSE,,,3074.56,2074.56,Wednesday,21,2026-08-26
1348,10363140,3608505,3609031,XAUUSD.u,BUY,STR B2,2,0.01,2026-08-26 21:10:29.384,2026-08-26 21:26:52.445,983.06,16m 23s,4594.47,4598.98,4.51,4.51,4.51,0.0,0.0,4.51,1,BASKET_CLOSE,STR CLOSE,,,3079.07,2079.07,Wednesday,21,2026-08-26
1349,10363152,3608804,3609030,XAUUSD.u,BUY,STR B3,3,0.01,2026-08-26 21:25:27.929,2026-08-26 21:26:52.332,84.4,1m 24s,4596.0,4598.98,2.98,2.98,2.98,0.0,0.0,2.98,1,BASKET_CLOSE,STR CLOSE,,,3082.05,2082.05,Wednesday,21,2026-08-26
1350,10363161,3608891,3609029,XAUUSD.u,BUY,STR B4,4,0.01,2026-08-26 21:26:03.897,2026-08-26 21:26:52.220,48.32,48s,4597.53,4598.98,1.45,1.45,1.45,0.0,0.0,1.45,1,BASKET_CLOSE,STR CLOSE,,,3083.5,2083.5,Wednesday,21,2026-08-26
1351,10363163,3609025,3609028,XAUUSD.u,BUY,STR B5,5,0.01,2026-08-26 21:26:46.857,2026-08-26 21:26:52.108,5.25,5s,4599.06,4598.94,-0.12,-0.12,-0.12,0.0,0.0,-0.12,0,BASKET_CLOSE,STR CLOSE,,,3083.38,2083.38,Wednesday,21,2026-08-26
1352,10383098,3609097,3610562,XAUUSD.u,SELL,STR S1,1,0.01,2026-08-26 21:28:17.464,2026-08-26 21:51:15.028,1377.56,22m 57s,4597.47,4594.16,-3.31,3.31,3.31,0.0,0.0,3.31,1,TRAILING_STOP,[sl 4594.16],4594.16,0.0,3086.69,2086.69,Wednesday,21,2026-08-26
1353,10383094,3609196,3611247,XAUUSD.u,BUY,STR B1,1,0.01,2026-08-26 21:30:21.101,2026-08-26 22:20:10.061,2988.96,49m 48s,4600.53,4587.86,-12.67,-12.67,-12.67,0.0,0.0,-12.67,0,BASKET_CLOSE,STR CLOSE,,,3074.02,2074.02,Wednesday,21,2026-08-26
1354,10383103,3609617,3610874,XAUUSD.u,SELL,STR S2,2,0.01,2026-08-26 21:40:01.601,2026-08-26 22:05:09.673,1508.07,25m 8s,4595.94,4595.62,-0.32,0.32,0.32,0.0,0.0,0.32,1,TRAILING_STOP,[sl 4595.62],4595.62,0.0,3074.34,2074.34,Wednesday,21,2026-08-26
1355,10383111,3609917,3611246,XAUUSD.u,SELL,STR S3,3,0.01,2026-08-26 21:44:36.430,2026-08-26 22:20:09.948,2133.52,35m 33s,4594.41,4588.04,-6.37,6.37,6.37,0.0,0.0,6.37,1,BASKET_CLOSE,STR CLOSE,,,3080.71,2080.71,Wednesday,21,2026-08-26
1356,10383116,3610312,3611245,XAUUSD.u,SELL,STR S4,4,0.01,2026-08-26 21:50:21.889,2026-08-26 22:20:09.836,1787.95,29m 47s,4592.88,4587.99,-4.89,4.89,4.89,0.0,0.0,4.89,1,BASKET_CLOSE,STR CLOSE,,,3085.6,2085.6,Wednesday,21,2026-08-26
1357,10417355,3610908,3611241,XAUUSD.u,SELL,STR S2,2,0.01,2026-08-26 22:07:17.226,2026-08-26 22:20:09.385,772.16,12m 52s,4595.94,4587.76,-8.18,8.18,8.18,0.0,0.0,8.18,1,BASKET_CLOSE,STR CLOSE,,,3093.78,2093.78,Wednesday,22,2026-08-26
1358,10383118,3611104,3611244,XAUUSD.u,SELL,STR S5,5,0.01,2026-08-26 22:16:03.213,2026-08-26 22:20:09.722,246.51,4m 6s,4591.35,4587.98,-3.37,3.37,3.37,0.0,0.0,3.37,1,BASKET_CLOSE,STR CLOSE,,,3097.15,2097.15,Wednesday,22,2026-08-26
1359,10383120,3611147,3611243,XAUUSD.u,SELL,STR S6,6,0.01,2026-08-26 22:16:45.982,2026-08-26 22:20:09.609,203.63,3m 23s,4589.82,4587.89,-1.93,1.93,1.93,0.0,0.0,1.93,1,BASKET_CLOSE,STR CLOSE,,,3099.08,2099.08,Wednesday,22,2026-08-26
1360,10383122,3611223,3611242,XAUUSD.u,SELL,STR S7,7,0.01,2026-08-26 22:20:04.399,2026-08-26 22:20:09.497,5.1,5s,4588.29,4587.76,-0.53,0.53,0.53,0.0,0.0,0.53,1,BASKET_CLOSE,STR CLOSE,,,3099.61,2099.61,Wednesday,22,2026-08-26
1361,10424808,3611286,3613522,XAUUSD.u,SELL,STR S1,1,0.01,2026-08-26 22:20:52.087,2026-08-27 01:01:07.016,9614.93,2h 40m 14s,4585.83,4611.66,25.83,-25.83,-25.83,0.0,0.0,-25.83,0,BASKET_CLOSE,STR CLOSE,,,3073.78,2073.78,Wednesday,22,2026-08-26
1362,10424811,3611300,3613519,XAUUSD.u,SELL,STR S2,2,0.01,2026-08-26 22:20:54.000,2026-08-27 01:01:06.791,9612.79,2h 40m 12s,4584.3,4610.96,26.66,-26.66,-26.66,0.0,0.0,-26.66,0,BASKET_CLOSE,STR CLOSE,,,3047.12,2047.12,Wednesday,22,2026-08-26
1363,10424803,3611357,3611720,XAUUSD.u,BUY,STR B1,1,0.01,2026-08-26 22:24:15.029,2026-08-26 22:41:07.196,1012.17,16m 52s,4588.89,4592.0,3.11,3.11,3.11,0.0,0.0,3.11,1,TRAILING_STOP,[sl 4592.00],4592.0,0.0,3050.23,2050.23,Wednesday,22,2026-08-26
1364,10424810,3611482,3613521,XAUUSD.u,BUY,STR B2,2,0.01,2026-08-26 22:25:40.797,2026-08-27 01:01:06.903,9326.11,2h 35m 26s,4590.42,4611.18,20.76,20.76,20.76,0.0,0.0,20.76,1,BASKET_CLOSE,STR CLOSE,,,3070.99,2070.99,Wednesday,22,2026-08-26
1365,10424812,3611503,3613518,XAUUSD.u,BUY,STR B3,3,0.01,2026-08-26 22:27:35.924,2026-08-27 01:01:06.679,9210.75,2h 33m 30s,4591.95,4610.63,18.68,18.68,18.68,0.0,0.0,18.68,1,BASKET_CLOSE,STR CLOSE,,,3089.67,2089.67,Wednesday,22,2026-08-26
1366,10424820,3611708,3613517,XAUUSD.u,BUY,STR B4,4,0.01,2026-08-26 22:38:59.535,2026-08-27 01:01:06.565,8527.03,2h 22m 7s,4593.48,4610.65,17.17,17.17,17.17,0.0,0.0,17.17,1,BASKET_CLOSE,STR CLOSE,,,3106.84,2106.84,Wednesday,22,2026-08-26
1367,10424835,3613438,3613516,XAUUSD.u,BUY,STR B5,5,0.01,2026-08-27 01:01:00.365,2026-08-27 01:01:06.453,6.09,6s,4595.01,4610.65,15.64,15.64,15.64,0.0,0.0,15.64,1,BASKET_CLOSE,STR CLOSE,,,3122.48,2122.48,Thursday,1,2026-08-27
1368,10424846,3613452,3613515,XAUUSD.u,BUY,STR B6,6,0.01,2026-08-27 01:01:00.367,2026-08-27 01:01:06.341,5.97,5s,4596.54,4610.66,14.12,14.12,14.12,0.0,0.0,14.12,1,BASKET_CLOSE,STR CLOSE,,,3136.6,2136.6,Thursday,1,2026-08-27
1369,10424852,3613454,3613514,XAUUSD.u,BUY,STR B7,7,0.01,2026-08-27 01:01:00.367,2026-08-27 01:01:06.228,5.86,5s,4598.07,4610.66,12.59,12.59,12.59,0.0,0.0,12.59,1,BASKET_CLOSE,STR CLOSE,,,3149.19,2149.19,Thursday,1,2026-08-27
1370,10424861,3613455,3613513,XAUUSD.u,BUY,STR B8,8,0.01,2026-08-27 01:01:00.368,2026-08-27 01:01:06.116,5.75,5s,4599.6,4610.66,11.06,11.06,11.06,0.0,0.0,11.06,1,BASKET_CLOSE,STR CLOSE,,,3160.25,2160.25,Thursday,1,2026-08-27
1371,10424880,3613456,3613512,XAUUSD.u,BUY,STR B9,9,0.01,2026-08-27 01:01:00.368,2026-08-27 01:01:06.002,5.63,5s,4601.13,4610.66,9.53,9.53,9.53,0.0,0.0,9.53,1,BASKET_CLOSE,STR CLOSE,,,3169.78,2169.78,Thursday,1,2026-08-27
1372,10424890,3613457,3613511,XAUUSD.u,BUY,STR B10,10,0.01,2026-08-27 01:01:00.368,2026-08-27 01:01:05.890,5.52,5s,4602.66,4610.66,8.0,8.0,8.0,0.0,0.0,8.0,1,BASKET_CLOSE,STR CLOSE,,,3177.78,2177.78,Thursday,1,2026-08-27
1373,10424898,3613458,3613510,XAUUSD.u,BUY,STR B11,11,0.04,2026-08-27 01:01:00.368,2026-08-27 01:01:05.777,5.41,5s,4604.19,4610.66,6.47,6.47,25.88,0.0,0.0,25.88,1,BASKET_CLOSE,STR CLOSE,,,3203.66,2203.66,Thursday,1,2026-08-27
1374,10424907,3613459,3613509,XAUUSD.u,BUY,STR B12,12,0.04,2026-08-27 01:01:00.368,2026-08-27 01:01:05.665,5.3,5s,4605.72,4610.66,4.94,4.94,19.76,0.0,0.0,19.76,1,BASKET_CLOSE,STR CLOSE,,,3223.42,2223.42,Thursday,1,2026-08-27
1375,10424915,3613460,3613508,XAUUSD.u,BUY,STR B13,13,0.04,2026-08-27 01:01:00.368,2026-08-27 01:01:05.552,5.18,5s,4607.25,4610.66,3.41,3.41,13.64,0.0,0.0,13.64,1,BASKET_CLOSE,STR CLOSE,,,3237.06,2237.06,Thursday,1,2026-08-27
1376,10424920,3613461,3613507,XAUUSD.u,BUY,STR B14,14,0.04,2026-08-27 01:01:00.368,2026-08-27 01:01:05.440,5.07,5s,4608.78,4610.66,1.88,1.88,7.52,0.0,0.0,7.52,1,BASKET_CLOSE,STR CLOSE,,,3244.58,2244.58,Thursday,1,2026-08-27
1377,10424926,3613463,3613506,XAUUSD.u,BUY,STR B15,15,0.04,2026-08-27 01:01:00.368,2026-08-27 01:01:05.328,4.96,4s,4610.31,4610.66,0.35,0.35,1.4,0.0,0.0,1.4,1,BASKET_CLOSE,STR CLOSE,,,3245.98,2245.98,Thursday,1,2026-08-27
1378,10452516,3613541,3615486,XAUUSD.u,SELL,STR S1,1,0.01,2026-08-27 01:01:33.187,2026-08-27 02:20:15.308,4722.12,1h 18m 42s,4609.93,4621.13,11.2,-11.2,-11.2,0.0,0.0,-11.2,0,BASKET_CLOSE,STR CLOSE,,,3234.78,2234.78,Thursday,1,2026-08-27
1379,10452524,3613543,3615485,XAUUSD.u,SELL,STR S2,2,0.01,2026-08-27 01:01:40.894,2026-08-27 02:20:15.196,4714.3,1h 18m 34s,4608.39,4621.14,12.75,-12.75,-12.75,0.0,0.0,-12.75,0,BASKET_CLOSE,STR CLOSE,,,3222.03,2222.03,Thursday,1,2026-08-27
1380,10452508,3613652,3614261,XAUUSD.u,BUY,STR B1,1,0.01,2026-08-27 01:10:17.745,2026-08-27 01:29:33.236,1155.49,19m 15s,4613.01,4620.73,7.72,7.72,7.72,0.0,0.0,7.72,1,TRAILING_STOP,[sl 4620.73],4620.73,0.0,3229.75,2229.75,Thursday,1,2026-08-27
1381,10452521,3613810,3614263,XAUUSD.u,BUY,STR B2,2,0.01,2026-08-27 01:14:26.059,2026-08-27 01:29:33.236,907.18,15m 7s,4614.55,4620.73,6.18,6.18,6.18,0.0,0.0,6.18,1,TRAILING_STOP,[sl 4620.73],4620.73,0.0,3235.93,2235.93,Thursday,1,2026-08-27
1382,10452525,3613877,3614264,XAUUSD.u,BUY,STR B3,3,0.01,2026-08-27 01:17:15.278,2026-08-27 01:29:33.236,737.96,12m 17s,4616.09,4620.73,4.64,4.64,4.64,0.0,0.0,4.64,1,TRAILING_STOP,[sl 4620.73],4620.73,0.0,3240.57,2240.57,Thursday,1,2026-08-27
1383,10452529,3613895,3614265,XAUUSD.u,BUY,STR B4,4,0.01,2026-08-27 01:17:32.585,2026-08-27 01:29:33.237,720.65,12m 0s,4617.63,4620.73,3.1,3.1,3.1,0.0,0.0,3.1,1,TRAILING_STOP,[sl 4620.73],4620.73,0.0,3243.67,2243.67,Thursday,1,2026-08-27
1384,10452535,3613960,3614360,XAUUSD.u,BUY,STR B5,5,0.01,2026-08-27 01:18:34.234,2026-08-27 01:32:10.095,815.86,13m 35s,4619.17,4619.2,0.03,0.03,0.03,0.0,0.0,0.03,1,TRAILING_STOP,[sl 4619.20],4619.2,0.0,3243.7,2243.7,Thursday,1,2026-08-27
1385,10452540,3614006,3614565,XAUUSD.u,BUY,STR B6,6,0.01,2026-08-27 01:19:51.671,2026-08-27 01:45:15.655,1523.98,25m 23s,4620.71,4621.7,0.99,0.99,0.99,0.0,0.0,0.99,1,TRAILING_STOP,[sl 4621.70],4621.7,0.0,3244.69,2244.69,Thursday,1,2026-08-27
1386,10452543,3614056,3614854,XAUUSD.u,BUY,STR B7,7,0.01,2026-08-27 01:21:08.095,2026-08-27 02:04:35.679,2607.58,43m 27s,4622.25,4625.59,3.34,3.34,3.34,0.0,0.0,3.34,1,TRAILING_STOP,[sl 4625.59],4625.59,0.0,3248.03,2248.03,Thursday,1,2026-08-27
1387,10458835,3614369,3614535,XAUUSD.u,BUY,STR B5,5,0.01,2026-08-27 01:33:05.239,2026-08-27 01:40:06.143,420.9,7m 0s,4619.17,4623.23,4.06,4.06,4.06,0.0,0.0,4.06,1,TRAILING_STOP,[sl 4623.23],4623.23,0.0,3252.09,2252.09,Thursday,1,2026-08-27
1388,10452549,3614488,3614867,XAUUSD.u,BUY,STR B8,8,0.01,2026-08-27 01:39:51.031,2026-08-27 02:05:01.990,1510.96,25m 10s,4623.79,4624.05,0.26,0.26,0.26,0.0,0.0,0.26,1,TRAILING_STOP,[sl 4624.05],4624.05,0.0,3252.35,2252.35,Thursday,1,2026-08-27
1389,10452552,3614777,3615484,XAUUSD.u,BUY,STR B9,9,0.01,2026-08-27 02:02:42.440,2026-08-27 02:20:15.083,1052.64,17m 32s,4625.33,4621.09,-4.24,-4.24,-4.24,0.0,0.0,-4.24,0,BASKET_CLOSE,STR CLOSE,,,3248.11,2248.11,Thursday,2,2026-08-27
1390,10452559,3614832,3615483,XAUUSD.u,BUY,STR B10,10,0.01,2026-08-27 02:04:23.089,2026-08-27 02:20:14.971,951.88,15m 51s,4626.87,4621.09,-5.78,-5.78,-5.78,0.0,0.0,-5.78,0,BASKET_CLOSE,STR CLOSE,,,3242.33,2242.33,Thursday,2,2026-08-27
1391,10460655,3614924,3615482,XAUUSD.u,BUY,STR B6,6,0.01,2026-08-27 02:06:08.974,2026-08-27 02:20:14.858,845.88,14m 5s,4620.71,4621.04,0.33,0.33,0.33,0.0,0.0,0.33,1,BASKET_CLOSE,STR CLOSE,,,3242.66,2242.66,Thursday,2,2026-08-27
1392,10460748,3614976,3615481,XAUUSD.u,BUY,STR B5,5,0.01,2026-08-27 02:06:23.335,2026-08-27 02:20:14.746,831.41,13m 51s,4619.17,4621.04,1.87,1.87,1.87,0.0,0.0,1.87,1,BASKET_CLOSE,STR CLOSE,,,3244.53,2244.53,Thursday,2,2026-08-27
1393,10461424,3615061,3615480,XAUUSD.u,BUY,STR B4,4,0.01,2026-08-27 02:10:54.515,2026-08-27 02:20:14.633,560.12,9m 20s,4617.63,4620.97,3.34,3.34,3.34,0.0,0.0,3.34,1,BASKET_CLOSE,STR CLOSE,,,3247.87,2247.87,Thursday,2,2026-08-27
1394,10463535,3615322,3615478,XAUUSD.u,BUY,STR B2,2,0.01,2026-08-27 02:15:45.538,2026-08-27 02:20:14.405,268.87,4m 28s,4614.55,4620.97,6.42,6.42,6.42,0.0,0.0,6.42,1,BASKET_CLOSE,STR CLOSE,,,3254.29,2254.29,Thursday,2,2026-08-27
1395,10463412,3615369,3615479,XAUUSD.u,BUY,STR B3,3,0.01,2026-08-27 02:16:31.470,2026-08-27 02:20:14.520,223.05,3m 43s,4616.09,4620.97,4.88,4.88,4.88,0.0,0.0,4.88,1,BASKET_CLOSE,STR CLOSE,,,3259.17,2259.17,Thursday,2,2026-08-27
1396,10465285,3615523,3615784,XAUUSD.u,SELL,STR S1,1,0.01,2026-08-27 02:21:20.040,2026-08-27 02:33:07.431,707.39,11m 47s,4619.44,4613.74,-5.7,5.7,5.7,0.0,0.0,5.7,1,BASKET_CLOSE,STR CLOSE,,,3264.87,2264.87,Thursday,2,2026-08-27
1397,10465287,3615638,3615783,XAUUSD.u,SELL,STR S2,2,0.01,2026-08-27 02:27:48.650,2026-08-27 02:33:07.318,318.67,5m 18s,4617.9,4613.74,-4.16,4.16,4.16,0.0,0.0,4.16,1,BASKET_CLOSE,STR CLOSE,,,3269.03,2269.03,Thursday,2,2026-08-27
1398,10465291,3615728,3615782,XAUUSD.u,SELL,STR S3,3,0.01,2026-08-27 02:31:05.784,2026-08-27 02:33:07.206,121.42,2m 1s,4616.36,4613.8,-2.56,2.56,2.56,0.0,0.0,2.56,1,BASKET_CLOSE,STR CLOSE,,,3271.59,2271.59,Thursday,2,2026-08-27
1399,10465293,3615773,3615781,XAUUSD.u,SELL,STR S4,4,0.01,2026-08-27 02:32:49.663,2026-08-27 02:33:07.094,17.43,17s,4614.82,4613.8,-1.02,1.02,1.02,0.0,0.0,1.02,1,BASKET_CLOSE,STR CLOSE,,,3272.61,2272.61,Thursday,2,2026-08-27
1400,10466691,3615956,3616303,XAUUSD.u,SELL,STR S1,1,0.01,2026-08-27 02:35:12.053,2026-08-27 02:44:15.154,543.1,9m 3s,4612.19,4608.68,-3.51,3.51,3.51,0.0,0.0,3.51,1,TRAILING_STOP,[sl 4608.68],4608.68,0.0,3276.12,2276.12,Thursday,2,2026-08-27
1401,10466693,3616097,3616383,XAUUSD.u,SELL,STR S2,2,0.01,2026-08-27 02:35:46.213,2026-08-27 02:45:02.268,556.05,9m 16s,4610.65,4607.07,-3.58,3.58,3.58,0.0,0.0,3.58,1,TRAILING_STOP,[sl 4607.07],4607.07,0.0,3279.7,2279.7,Thursday,2,2026-08-27
1402,10466690,3616177,3616624,XAUUSD.u,BUY,STR B1,1,0.01,2026-08-27 02:38:08.730,2026-08-27 02:53:06.246,897.52,14m 57s,4615.27,4602.8,-12.47,-12.47,-12.47,0.0,0.0,-12.47,0,BASKET_CLOSE,STR CLOSE,,,3267.23,2267.23,Thursday,2,2026-08-27
1403,10466695,3616263,3616406,XAUUSD.u,SELL,STR S3,3,0.01,2026-08-27 02:43:21.141,2026-08-27 02:46:08.444,167.3,2m 47s,4609.11,4608.61,-0.5,0.5,0.5,0.0,0.0,0.5,1,TRAILING_STOP,[sl 4608.61],4608.61,0.0,3267.73,2267.73,Thursday,2,2026-08-27
1404,10466697,3616292,3616623,XAUUSD.u,SELL,STR S4,4,0.01,2026-08-27 02:44:02.595,2026-08-27 02:53:06.134,543.54,9m 3s,4607.57,4602.85,-4.72,4.72,4.72,0.0,0.0,4.72,1,BASKET_CLOSE,STR CLOSE,,,3272.45,2272.45,Thursday,2,2026-08-27
1405,10466700,3616328,3616622,XAUUSD.u,SELL,STR S5,5,0.01,2026-08-27 02:44:36.771,2026-08-27 02:53:06.021,509.25,8m 29s,4606.03,4602.87,-3.16,3.16,3.16,0.0,0.0,3.16,1,BASKET_CLOSE,STR CLOSE,,,3275.61,2275.61,Thursday,2,2026-08-27
1406,10475797,3616426,3616450,XAUUSD.u,SELL,STR S2,2,0.01,2026-08-27 02:46:34.087,2026-08-27 02:48:43.079,128.99,2m 8s,4610.65,4609.69,-0.96,0.96,0.96,0.0,0.0,0.96,1,TRAILING_STOP,[sl 4609.69],4609.69,0.0,3276.57,2276.57,Thursday,2,2026-08-27
1407,10475526,3616430,3616619,XAUUSD.u,SELL,STR S3,3,0.01,2026-08-27 02:46:37.889,2026-08-27 02:53:05.684,387.8,6m 27s,4609.11,4602.86,-6.25,6.25,6.25,0.0,0.0,6.25,1,BASKET_CLOSE,STR CLOSE,,,3282.82,2282.82,Thursday,2,2026-08-27
1408,10466703,3616585,3616621,XAUUSD.u,SELL,STR S6,6,0.01,2026-08-27 02:52:12.179,2026-08-27 02:53:05.908,53.73,53s,4604.49,4602.86,-1.63,1.63,1.63,0.0,0.0,1.63,1,BASKET_CLOSE,STR CLOSE,,,3284.45,2284.45,Thursday,2,2026-08-27
1409,10466707,3616610,3616620,XAUUSD.u,SELL,STR S7,7,0.01,2026-08-27 02:52:58.969,2026-08-27 02:53:05.796,6.83,6s,4602.95,4602.86,-0.09,0.09,0.09,0.0,0.0,0.09,1,BASKET_CLOSE,STR CLOSE,,,3284.54,2284.54,Thursday,2,2026-08-27
1410,10481314,3616648,3617506,XAUUSD.u,SELL,STR S1,1,0.01,2026-08-27 02:53:35.838,2026-08-27 03:08:20.908,885.07,14m 45s,4601.28,4618.36,17.08,-17.08,-17.08,0.0,0.0,-17.08,0,BASKET_CLOSE,STR CLOSE,,,3267.46,2267.46,Thursday,2,2026-08-27
1411,10481308,3616715,3616803,XAUUSD.u,BUY,STR B1,1,0.01,2026-08-27 02:55:25.521,2026-08-27 03:00:03.462,277.94,4m 37s,4604.34,4604.63,0.29,0.29,0.29,0.0,0.0,0.29,1,TRAILING_STOP,[sl 4604.63],4604.63,0.0,3267.75,2267.75,Thursday,2,2026-08-27
1412,10481317,3616785,3617149,XAUUSD.u,BUY,STR B2,2,0.01,2026-08-27 03:00:01.168,2026-08-27 03:01:46.555,105.39,1m 45s,4605.87,4609.35,3.48,3.48,3.48,0.0,0.0,3.48,1,TRAILING_STOP,[sl 4609.35],4609.35,0.0,3271.23,2271.23,Thursday,3,2026-08-27
1413,10481323,3616789,3617153,XAUUSD.u,BUY,STR B3,3,0.01,2026-08-27 03:00:01.931,2026-08-27 03:01:46.858,104.93,1m 44s,4607.4,4607.76,0.36,0.36,0.36,0.0,0.0,0.36,1,TRAILING_STOP,[sl 4607.76],4607.76,0.0,3271.59,2271.59,Thursday,3,2026-08-27
1414,10488692,3616814,3616915,XAUUSD.u,BUY,STR B1,1,0.01,2026-08-27 03:00:05.139,2026-08-27 03:00:45.223,40.08,40s,4604.34,4605.02,0.68,0.68,0.68,0.0,0.0,0.68,1,TRAILING_STOP,[sl 4605.02],4605.02,0.0,3272.27,2272.27,Thursday,3,2026-08-27
1415,10481327,3617002,3617292,XAUUSD.u,BUY,STR B4,4,0.01,2026-08-27 03:01:34.011,2026-08-27 03:03:51.526,137.51,2m 17s,4608.93,4612.06,3.13,3.13,3.13,0.0,0.0,3.13,1,TRAILING_STOP,[sl 4612.06],4612.06,0.0,3275.4,2275.4,Thursday,3,2026-08-27
1416,10481332,3617128,3617326,XAUUSD.u,BUY,STR B5,5,0.01,2026-08-27 03:01:45.179,2026-08-27 03:04:27.822,162.64,2m 42s,4610.46,4613.54,3.08,3.08,3.08,0.0,0.0,3.08,1,TRAILING_STOP,[sl 4613.54],4613.54,0.0,3278.48,2278.48,Thursday,3,2026-08-27
1417,10492058,3617158,3617293,XAUUSD.u,BUY,STR B3,3,0.01,2026-08-27 03:01:47.436,2026-08-27 03:03:51.526,124.09,2m 4s,4607.4,4612.06,4.66,4.66,4.66,0.0,0.0,4.66,1,TRAILING_STOP,[sl 4612.06],4612.06,0.0,3283.14,2283.14,Thursday,3,2026-08-27
1418,10481336,3617237,3617386,XAUUSD.u,BUY,STR B6,6,0.01,2026-08-27 03:03:30.159,2026-08-27 03:05:54.746,144.59,2m 24s,4611.99,4613.31,1.32,1.32,1.32,0.0,0.0,1.32,1,TRAILING_STOP,[sl 4613.31],4613.31,0.0,3284.46,2284.46,Thursday,3,2026-08-27
1419,10481339,3617267,3617505,XAUUSD.u,BUY,STR B7,7,0.01,2026-08-27 03:03:37.851,2026-08-27 03:08:20.796,282.94,4m 42s,4613.52,4618.31,4.79,4.79,4.79,0.0,0.0,4.79,1,BASKET_CLOSE,STR CLOSE,,,3289.25,2289.25,Thursday,3,2026-08-27
1420,10481343,3617314,3617504,XAUUSD.u,BUY,STR B8,8,0.01,2026-08-27 03:04:20.863,2026-08-27 03:08:20.684,239.82,3m 59s,4615.05,4618.31,3.26,3.26,3.26,0.0,0.0,3.26,1,BASKET_CLOSE,STR CLOSE,,,3292.51,2292.51,Thursday,3,2026-08-27
1421,10481345,3617427,3617503,XAUUSD.u,BUY,STR B9,9,0.01,2026-08-27 03:07:28.732,2026-08-27 03:08:20.570,51.84,51s,4616.58,4618.59,2.01,2.01,2.01,0.0,0.0,2.01,1,BASKET_CLOSE,STR CLOSE,,,3294.52,2294.52,Thursday,3,2026-08-27
1422,10481358,3617467,3617502,XAUUSD.u,BUY,STR B10,10,0.01,2026-08-27 03:08:11.049,2026-08-27 03:08:20.458,9.41,9s,4618.11,4618.59,0.48,0.48,0.48,0.0,0.0,0.48,1,BASKET_CLOSE,STR CLOSE,,,3295.0,2295.0,Thursday,3,2026-08-27
1423,10481368,3617486,3617501,XAUUSD.u,BUY,STR B11,11,0.04,2026-08-27 03:08:14.990,2026-08-27 03:08:20.346,5.36,5s,4619.64,4618.59,-1.05,-1.05,-4.2,0.0,0.0,-4.2,0,BASKET_CLOSE,STR CLOSE,,,3290.8,2290.8,Thursday,3,2026-08-27
1424,10497906,3617517,3618694,XAUUSD.u,SELL,STR S1,1,0.01,2026-08-27 03:08:28.672,2026-08-27 03:37:57.195,1768.52,29m 28s,4616.4,4626.94,10.54,-10.54,-10.54,0.0,0.0,-10.54,0,BASKET_CLOSE,STR CLOSE,,,3280.26,2280.26,Thursday,3,2026-08-27
1425,10497904,3617557,3617721,XAUUSD.u,BUY,STR B1,1,0.01,2026-08-27 03:10:30.925,2026-08-27 03:12:12.666,101.74,1m 41s,4619.48,4619.89,0.41,0.41,0.41,0.0,0.0,0.41,1,TRAILING_STOP,[sl 4619.89],4619.89,0.0,3280.67,2280.67,Thursday,3,2026-08-27
1426,10497908,3617594,3617859,XAUUSD.u,BUY,STR B2,2,0.01,2026-08-27 03:11:15.917,2026-08-27 03:16:22.488,306.57,5m 6s,4621.02,4621.92,0.9,0.9,0.9,0.0,0.0,0.9,1,TRAILING_STOP,[sl 4621.92],4621.92,0.0,3281.57,2281.57,Thursday,3,2026-08-27
1427,10497911,3617636,3618693,XAUUSD.u,BUY,STR B3,3,0.01,2026-08-27 03:11:33.081,2026-08-27 03:37:57.083,1584.0,26m 24s,4622.56,4626.83,4.27,4.27,4.27,0.0,0.0,4.27,1,BASKET_CLOSE,STR CLOSE,,,3285.84,2285.84,Thursday,3,2026-08-27
1428,10497917,3617787,3618692,XAUUSD.u,BUY,STR B4,4,0.01,2026-08-27 03:14:45.171,2026-08-27 03:37:56.971,1391.8,23m 11s,4624.1,4626.82,2.72,2.72,2.72,0.0,0.0,2.72,1,BASKET_CLOSE,STR CLOSE,,,3288.56,2288.56,Thursday,3,2026-08-27
1429,10499694,3617868,3618222,XAUUSD.u,BUY,STR B2,2,0.01,2026-08-27 03:16:47.100,2026-08-27 03:26:12.481,565.38,9m 25s,4621.02,4622.1,1.08,1.08,1.08,0.0,0.0,1.08,1,TRAILING_STOP,[sl 4622.10],4622.1,0.0,3289.64,2289.64,Thursday,3,2026-08-27
1430,10499705,3617975,3618101,XAUUSD.u,BUY,STR B1,1,0.01,2026-08-27 03:17:07.441,2026-08-27 03:20:50.728,223.29,3m 43s,4619.48,4619.97,0.49,0.49,0.49,0.0,0.0,0.49,1,TRAILING_STOP,[sl 4619.97],4619.97,0.0,3290.13,2290.13,Thursday,3,2026-08-27
1431,10500225,3618103,3618211,XAUUSD.u,BUY,STR B1,1,0.01,2026-08-27 03:20:59.723,2026-08-27 03:25:44.481,284.76,4m 44s,4619.48,4623.64,4.16,4.16,4.16,0.0,0.0,4.16,1,TRAILING_STOP,[sl 4623.64],4623.64,0.0,3294.29,2294.29,Thursday,3,2026-08-27
1432,10500361,3618229,3618687,XAUUSD.u,BUY,STR B2,2,0.01,2026-08-27 03:26:53.483,2026-08-27 03:37:56.634,663.15,11m 3s,4621.02,4626.8,5.78,5.78,5.78,0.0,0.0,5.78,1,BASKET_CLOSE,STR CLOSE,,,3300.07,2300.07,Thursday,3,2026-08-27
1433,10500426,3618280,3618407,XAUUSD.u,BUY,STR B1,1,0.01,2026-08-27 03:29:30.301,2026-08-27 03:34:06.168,275.87,4m 35s,4619.48,4619.62,0.14,0.14,0.14,0.0,0.0,0.14,1,TRAILING_STOP,[sl 4619.62],4619.62,0.0,3300.21,2300.21,Thursday,3,2026-08-27
1434,10500589,3618409,3618685,XAUUSD.u,BUY,STR B1,1,0.01,2026-08-27 03:34:06.786,2026-08-27 03:37:56.520,229.73,3m 49s,4619.48,4626.92,7.44,7.44,7.44,0.0,0.0,7.44,1,BASKET_CLOSE,STR CLOSE,,,3307.65,2307.65,Thursday,3,2026-08-27
1435,10497920,3618638,3618690,XAUUSD.u,BUY,STR B5,5,0.01,2026-08-27 03:37:50.778,2026-08-27 03:37:56.859,6.08,6s,4625.64,4626.89,1.25,1.25,1.25,0.0,0.0,1.25,1,BASKET_CLOSE,STR CLOSE,,,3308.9,2308.9,Thursday,3,2026-08-27
1436,10497924,3618657,3618688,XAUUSD.u,BUY,STR B6,6,0.01,2026-08-27 03:37:51.926,2026-08-27 03:37:56.746,4.82,4s,4627.18,4626.89,-0.29,-0.29,-0.29,0.0,0.0,-0.29,0,BASKET_CLOSE,STR CLOSE,,,3308.61,2308.61,Thursday,3,2026-08-27
1437,10500886,3618784,3619619,XAUUSD.u,BUY,STR B1,1,0.01,2026-08-27 03:38:23.672,2026-08-27 03:58:31.969,1208.3,20m 8s,4628.46,4638.77,10.31,10.31,10.31,0.0,0.0,10.31,1,TRAILING_STOP,[sl 4638.77],4638.77,0.0,3318.92,2318.92,Thursday,3,2026-08-27
1438,10500891,3618841,3619590,XAUUSD.u,BUY,STR B2,2,0.01,2026-08-27 03:39:00.662,2026-08-27 03:58:02.709,1142.05,19m 2s,4630.0,4637.64,7.64,7.64,7.64,0.0,0.0,7.64,1,TRAILING_STOP,[sl 4637.64],4637.64,0.0,3326.56,2326.56,Thursday,3,2026-08-27
1439,10500893,3618917,3619588,XAUUSD.u,BUY,STR B3,3,0.01,2026-08-27 03:41:02.023,2026-08-27 03:58:02.288,1020.26,17m 0s,4631.54,4637.66,6.12,6.12,6.12,0.0,0.0,6.12,1,TRAILING_STOP,[sl 4637.66],4637.66,0.0,3332.68,2332.68,Thursday,3,2026-08-27
1440,10500887,3618986,3619103,XAUUSD.u,SELL,STR S1,1,0.01,2026-08-27 03:42:53.994,2026-08-27 03:45:41.033,167.04,2m 47s,4625.38,4625.1,-0.28,0.28,0.28,0.0,0.0,0.28,1,TRAILING_STOP,[sl 4625.10],4625.1,0.0,3332.96,2332.96,Thursday,3,2026-08-27
1441,10500892,3619072,3619751,XAUUSD.u,SELL,STR S2,2,0.01,2026-08-27 03:44:07.990,2026-08-27 04:01:55.170,1067.18,17m 47s,4623.84,4642.17,18.33,-18.33,-18.33,0.0,0.0,-18.33,0,BASKET_CLOSE,STR CLOSE,,,3314.63,2314.63,Thursday,3,2026-08-27
1442,10500895,3619076,3619750,XAUUSD.u,SELL,STR S3,3,0.01,2026-08-27 03:44:08.073,2026-08-27 04:01:55.058,1066.98,17m 46s,4622.3,4642.17,19.87,-19.87,-19.87,0.0,0.0,-19.87,0,BASKET_CLOSE,STR CLOSE,,,3294.76,2294.76,Thursday,3,2026-08-27
1443,10500896,3619335,3619589,XAUUSD.u,BUY,STR B4,4,0.01,2026-08-27 03:53:42.301,2026-08-27 03:58:02.288,259.99,4m 19s,4633.08,4637.66,4.58,4.58,4.58,0.0,0.0,4.58,1,TRAILING_STOP,[sl 4637.66],4637.66,0.0,3299.34,2299.34,Thursday,3,2026-08-27
1444,10500899,3619403,3619620,XAUUSD.u,BUY,STR B5,5,0.01,2026-08-27 03:54:09.360,2026-08-27 03:58:31.969,262.61,4m 22s,4634.62,4638.76,4.14,4.14,4.14,0.0,0.0,4.14,1,TRAILING_STOP,[sl 4638.76],4638.76,0.0,3303.48,2303.48,Thursday,3,2026-08-27
1445,10500902,3619476,3619749,XAUUSD.u,BUY,STR B6,6,0.01,2026-08-27 03:55:55.933,2026-08-27 04:01:54.945,359.01,5m 59s,4636.16,4642.14,5.98,5.98,5.98,0.0,0.0,5.98,1,BASKET_CLOSE,STR CLOSE,,,3309.46,2309.46,Thursday,3,2026-08-27
1446,10500904,3619520,3619747,XAUUSD.u,BUY,STR B7,7,0.01,2026-08-27 03:56:12.312,2026-08-27 04:01:54.833,342.52,5m 42s,4637.7,4642.13,4.43,4.43,4.43,0.0,0.0,4.43,1,BASKET_CLOSE,STR CLOSE,,,3313.89,2313.89,Thursday,3,2026-08-27
1447,10500907,3619558,3619745,XAUUSD.u,BUY,STR B8,8,0.01,2026-08-27 03:56:45.246,2026-08-27 04:01:54.721,309.48,5m 9s,4639.24,4642.13,2.89,2.89,2.89,0.0,0.0,2.89,1,BASKET_CLOSE,STR CLOSE,,,3316.78,2316.78,Thursday,3,2026-08-27
1448,10500909,3619650,3619744,XAUUSD.u,BUY,STR B9,9,0.01,2026-08-27 03:59:46.366,2026-08-27 04:01:54.609,128.24,2m 8s,4640.78,4642.11,1.33,1.33,1.33,0.0,0.0,1.33,1,BASKET_CLOSE,STR CLOSE,,,3318.11,2318.11,Thursday,3,2026-08-27
1449,10500911,3619709,3619742,XAUUSD.u,BUY,STR B10,10,0.01,2026-08-27 04:01:45.042,2026-08-27 04:01:54.497,9.46,9s,4642.32,4642.09,-0.23,-0.23,-0.23,0.0,0.0,-0.23,0,BASKET_CLOSE,STR CLOSE,,,3317.88,2317.88,Thursday,4,2026-08-27
1450,10507146,3619821,3620709,XAUUSD.u,SELL,STR S1,1,0.01,2026-08-27 04:04:15.102,2026-08-27 04:28:45.953,1470.85,24m 30s,4640.69,4635.01,-5.68,5.68,5.68,0.0,0.0,5.68,1,BASKET_CLOSE,STR CLOSE,,,3323.56,2323.56,Thursday,4,2026-08-27
1451,10507149,3619847,3620708,XAUUSD.u,SELL,STR S2,2,0.01,2026-08-27 04:04:31.072,2026-08-27 04:28:45.840,1454.77,24m 14s,4639.14,4635.01,-4.13,4.13,4.13,0.0,0.0,4.13,1,BASKET_CLOSE,STR CLOSE,,,3327.69,2327.69,Thursday,4,2026-08-27
1452,10507153,3620485,3620707,XAUUSD.u,SELL,STR S3,3,0.01,2026-08-27 04:23:32.403,2026-08-27 04:28:45.728,313.32,5m 13s,4637.59,4635.01,-2.58,2.58,2.58,0.0,0.0,2.58,1,BASKET_CLOSE,STR CLOSE,,,3330.27,2330.27,Thursday,4,2026-08-27
1453,10507158,3620617,3620706,XAUUSD.u,SELL,STR S4,4,0.01,2026-08-27 04:28:11.704,2026-08-27 04:28:45.616,33.91,33s,4636.04,4635.05,-0.99,0.99,0.99,0.0,0.0,0.99,1,BASKET_CLOSE,STR CLOSE,,,3331.26,2331.26,Thursday,4,2026-08-27
1454,10517775,3620743,3621115,XAUUSD.u,SELL,STR S1,1,0.01,2026-08-27 04:29:22.199,2026-08-27 04:33:49.235,267.04,4m 27s,4633.45,4630.16,-3.29,3.29,3.29,0.0,0.0,3.29,1,TRAILING_STOP,[sl 4630.16],4630.16,0.0,3334.55,2334.55,Thursday,4,2026-08-27
1455,10517781,3620809,3621224,XAUUSD.u,SELL,STR S2,2,0.01,2026-08-27 04:30:52.550,2026-08-27 04:36:03.708,311.16,5m 11s,4631.9,4626.79,-5.11,5.11,5.11,0.0,0.0,5.11,1,BASKET_CLOSE,STR CLOSE,,,3339.66,2339.66,Thursday,4,2026-08-27
1456,10517789,3620843,3621222,XAUUSD.u,SELL,STR S3,3,0.01,2026-08-27 04:31:35.927,2026-08-27 04:36:03.595,267.67,4m 27s,4630.35,4626.93,-3.42,3.42,3.42,0.0,0.0,3.42,1,BASKET_CLOSE,STR CLOSE,,,3343.08,2343.08,Thursday,4,2026-08-27
1457,10517796,3620913,3621220,XAUUSD.u,SELL,STR S4,4,0.01,2026-08-27 04:33:19.730,2026-08-27 04:36:03.483,163.75,2m 43s,4628.8,4626.89,-1.91,1.91,1.91,0.0,0.0,1.91,1,BASKET_CLOSE,STR CLOSE,,,3344.99,2344.99,Thursday,4,2026-08-27
1458,10517801,3621196,3621219,XAUUSD.u,SELL,STR S5,5,0.01,2026-08-27 04:35:57.190,2026-08-27 04:36:03.368,6.18,6s,4627.25,4626.89,-0.36,0.36,0.36,0.0,0.0,0.36,1,BASKET_CLOSE,STR CLOSE,,,3345.35,2345.35,Thursday,4,2026-08-27
1459,10520332,3621247,3622236,XAUUSD.u,BUY,STR B1,1,0.01,2026-08-27 04:36:23.676,2026-08-27 05:05:32.171,1748.49,29m 8s,4628.39,4633.63,5.24,5.24,5.24,0.0,0.0,5.24,1,TRAILING_STOP,[sl 4633.63],4633.63,0.0,3350.59,2350.59,Thursday,4,2026-08-27
1460,10520333,3621335,3624748,XAUUSD.u,SELL,STR S1,1,0.01,2026-08-27 04:37:46.557,2026-08-27 06:36:06.865,7100.31,1h 58m 20s,4625.31,4619.92,-5.39,5.39,5.39,0.0,0.0,5.39,1,TRAILING_STOP,[sl 4619.92],4619.92,0.0,3355.98,2355.98,Thursday,4,2026-08-27
1461,10520336,3621545,3624749,XAUUSD.u,SELL,STR S2,2,0.01,2026-08-27 04:43:04.042,2026-08-27 06:36:06.866,6782.82,1h 53m 2s,4623.77,4619.92,-3.85,3.85,3.85,0.0,0.0,3.85,1,TRAILING_STOP,[sl 4619.92],4619.92,0.0,3359.83,2359.83,Thursday,4,2026-08-27
1462,10520334,3621735,3622237,XAUUSD.u,BUY,STR B2,2,0.01,2026-08-27 04:48:46.521,2026-08-27 05:05:32.171,1005.65,16m 45s,4629.93,4633.63,3.7,3.7,3.7,0.0,0.0,3.7,1,TRAILING_STOP,[sl 4633.63],4633.63,0.0,3363.53,2363.53,Thursday,4,2026-08-27
1463,10520337,3622084,3622272,XAUUSD.u,BUY,STR B3,3,0.01,2026-08-27 05:03:18.535,2026-08-27 05:07:52.927,274.39,4m 34s,4631.47,4632.09,0.62,0.62,0.62,0.0,0.0,0.62,1,TRAILING_STOP,[sl 4632.09],4632.09,0.0,3364.15,2364.15,Thursday,5,2026-08-27
1464,10520339,3622139,3622752,XAUUSD.u,BUY,STR B4,4,0.01,2026-08-27 05:03:58.768,2026-08-27 05:25:35.166,1296.4,21m 36s,4633.01,4637.17,4.16,4.16,4.16,0.0,0.0,4.16,1,TRAILING_STOP,[sl 4637.17],4637.17,0.0,3368.31,2368.31,Thursday,5,2026-08-27
1465,10520343,3622201,3622812,XAUUSD.u,BUY,STR B5,5,0.01,2026-08-27 05:04:48.552,2026-08-27 05:29:23.183,1474.63,24m 34s,4634.55,4635.62,1.07,1.07,1.07,0.0,0.0,1.07,1,TRAILING_STOP,[sl 4635.62],4635.62,0.0,3369.38,2369.38,Thursday,5,2026-08-27
1466,10525187,3622316,3622378,XAUUSD.u,BUY,STR B2,2,0.01,2026-08-27 05:10:31.156,2026-08-27 05:13:36.187,185.03,3m 5s,4629.93,4633.39,3.46,3.46,3.46,0.0,0.0,3.46,1,TRAILING_STOP,[sl 4633.39],4633.39,0.0,3372.84,2372.84,Thursday,5,2026-08-27
1467,10524968,3622333,3622753,XAUUSD.u,BUY,STR B3,3,0.01,2026-08-27 05:12:18.690,2026-08-27 05:25:35.166,796.48,13m 16s,4631.47,4637.17,5.7,5.7,5.7,0.0,0.0,5.7,1,TRAILING_STOP,[sl 4637.17],4637.17,0.0,3378.54,2378.54,Thursday,5,2026-08-27
1468,10520349,3622687,3629498,XAUUSD.u,BUY,STR B7,7,0.01,2026-08-27 05:23:20.939,2026-08-27 08:16:54.474,10413.53,2h 53m 33s,4637.63,4604.47,-33.16,-33.16,-33.16,0.0,0.0,-33.16,0,BASKET_CLOSE,STR CLOSE,,,3345.38,2345.38,Thursday,5,2026-08-27
1469,10532465,3622904,3629494,XAUUSD.u,BUY,STR B5,5,0.01,2026-08-27 05:30:41.623,2026-08-27 08:16:54.128,9972.5,2h 46m 12s,4634.55,4604.46,-30.09,-30.09,-30.09,0.0,0.0,-30.09,0,BASKET_CLOSE,STR CLOSE,,,3315.29,2315.29,Thursday,5,2026-08-27
1470,10533946,3623090,3629493,XAUUSD.u,BUY,STR B4,4,0.01,2026-08-27 05:38:00.017,2026-08-27 08:16:54.015,9534.0,2h 38m 53s,4633.01,4604.46,-28.55,-28.55,-28.55,0.0,0.0,-28.55,0,BASKET_CLOSE,STR CLOSE,,,3286.74,2286.74,Thursday,5,2026-08-27
1471,10534004,3623146,3629492,XAUUSD.u,BUY,STR B3,3,0.01,2026-08-27 05:40:18.181,2026-08-27 08:16:53.903,9395.72,2h 36m 35s,4631.47,4604.44,-27.03,-27.03,-27.03,0.0,0.0,-27.03,0,BASKET_CLOSE,STR CLOSE,,,3259.71,2259.71,Thursday,5,2026-08-27
1472,10534235,3623394,3629491,XAUUSD.u,BUY,STR B1,1,0.01,2026-08-27 05:47:00.134,2026-08-27 08:16:53.790,8993.66,2h 29m 53s,4628.39,4604.5,-23.89,-23.89,-23.89,0.0,0.0,-23.89,0,BASKET_CLOSE,STR CLOSE,,,3235.82,2235.82,Thursday,5,2026-08-27
1473,10520338,3624400,3624948,XAUUSD.u,SELL,STR S3,3,0.01,2026-08-27 06:27:35.534,2026-08-27 06:41:34.909,839.38,13m 59s,4622.23,4618.83,-3.4,3.4,3.4,0.0,0.0,3.4,1,TRAILING_STOP,[sl 4618.83],4618.83,0.0,3239.22,2239.22,Thursday,6,2026-08-27
1474,10520341,3624511,3625102,XAUUSD.u,SELL,STR S4,4,0.01,2026-08-27 06:29:59.970,2026-08-27 06:48:55.983,1136.01,18m 56s,4620.69,4620.37,-0.32,0.32,0.32,0.0,0.0,0.32,1,TRAILING_STOP,[sl 4620.37],4620.37,0.0,3239.54,2239.54,Thursday,6,2026-08-27
1475,10520344,3624666,3626718,XAUUSD.u,SELL,STR S5,5,0.01,2026-08-27 06:34:07.645,2026-08-27 07:30:58.672,3411.03,56m 51s,4619.15,4614.82,-4.33,4.33,4.33,0.0,0.0,4.33,1,TRAILING_STOP,[sl 4614.82],4614.82,0.0,3243.87,2243.87,Thursday,6,2026-08-27
1476,10520347,3624851,3626939,XAUUSD.u,SELL,STR S6,6,0.01,2026-08-27 06:38:54.888,2026-08-27 07:32:43.169,3228.28,53m 48s,4617.61,4611.0,-6.61,6.61,6.61,0.0,0.0,6.61,1,TRAILING_STOP,[sl 4611.00],4611.0,0.0,3250.48,2250.48,Thursday,6,2026-08-27
1477,10536121,3625178,3625590,XAUUSD.u,SELL,STR S4,4,0.01,2026-08-27 06:50:17.178,2026-08-27 07:04:35.876,858.7,14m 18s,4620.69,4619.38,-1.31,1.31,1.31,0.0,0.0,1.31,1,TRAILING_STOP,[sl 4619.38],4619.38,0.0,3251.79,2251.79,Thursday,6,2026-08-27
1478,10536598,3625694,3626547,XAUUSD.u,SELL,STR S4,4,0.01,2026-08-27 07:06:11.672,2026-08-27 07:30:07.708,1436.04,23m 56s,4620.69,4619.51,-1.18,1.18,1.18,0.0,0.0,1.18,1,TRAILING_STOP,[sl 4619.51],4619.51,0.0,3252.97,2252.97,Thursday,7,2026-08-27
1479,10520350,3626601,3626941,XAUUSD.u,SELL,STR S7,7,0.01,2026-08-27 07:30:35.409,2026-08-27 07:32:43.169,127.76,2m 7s,4616.07,4611.02,-5.05,5.05,5.05,0.0,0.0,5.05,1,TRAILING_STOP,[sl 4611.02],4611.02,0.0,3258.02,2258.02,Thursday,7,2026-08-27
1480,10520353,3626650,3626942,XAUUSD.u,SELL,STR S8,8,0.01,2026-08-27 07:30:38.165,2026-08-27 07:32:43.169,125.0,2m 5s,4614.53,4611.02,-3.51,3.51,3.51,0.0,0.0,3.51,1,TRAILING_STOP,[sl 4611.02],4611.02,0.0,3261.53,2261.53,Thursday,7,2026-08-27
1481,10520357,3626756,3627014,XAUUSD.u,SELL,STR S9,9,0.01,2026-08-27 07:31:32.653,2026-08-27 07:33:16.234,103.58,1m 43s,4612.99,4612.56,-0.43,0.43,0.43,0.0,0.0,0.43,1,TRAILING_STOP,[sl 4612.56],4612.56,0.0,3261.96,2261.96,Thursday,7,2026-08-27
1482,10520360,3626832,3627273,XAUUSD.u,SELL,STR S10,10,0.01,2026-08-27 07:32:02.959,2026-08-27 07:36:09.379,246.42,4m 6s,4611.45,4611.36,-0.09,0.09,0.09,0.0,0.0,0.09,1,TRAILING_STOP,[sl 4611.36],4611.36,0.0,3262.05,2262.05,Thursday,7,2026-08-27
1483,10520363,3626880,3627742,XAUUSD.u,SELL,STR S11,11,0.04,2026-08-27 07:32:19.034,2026-08-27 07:45:17.698,778.66,12m 58s,4609.91,4606.21,-3.7,3.7,14.8,0.0,0.0,14.8,1,TRAILING_STOP,[sl 4606.21],4606.21,0.0,3276.85,2276.85,Thursday,7,2026-08-27
1484,10537972,3627062,3627264,XAUUSD.u,SELL,STR S9,9,0.01,2026-08-27 07:33:34.339,2026-08-27 07:35:56.968,142.63,2m 22s,4612.99,4609.82,-3.17,3.17,3.17,0.0,0.0,3.17,1,TRAILING_STOP,[sl 4609.82],4609.82,0.0,3280.02,2280.02,Thursday,7,2026-08-27
1485,10520366,3627254,3627774,XAUUSD.u,SELL,STR S12,12,0.04,2026-08-27 07:35:39.790,2026-08-27 07:46:32.232,652.44,10m 52s,4608.37,4607.78,-0.59,0.59,2.36,0.0,0.0,2.36,1,TRAILING_STOP,[sl 4607.78],4607.78,0.0,3282.38,2282.38,Thursday,7,2026-08-27
1486,10538202,3627275,3627743,XAUUSD.u,SELL,STR S10,10,0.01,2026-08-27 07:36:11.086,2026-08-27 07:45:17.698,546.61,9m 6s,4611.45,4606.24,-5.21,5.21,5.21,0.0,0.0,5.21,1,TRAILING_STOP,[sl 4606.24],4606.24,0.0,3287.59,2287.59,Thursday,7,2026-08-27
1487,10520369,3627559,3628118,XAUUSD.u,SELL,STR S13,13,0.04,2026-08-27 07:44:17.662,2026-08-27 07:52:48.988,511.33,8m 31s,4606.83,4602.55,-4.28,4.28,17.12,0.0,0.0,17.12,1,TRAILING_STOP,[sl 4602.55],4602.55,0.0,3304.71,2304.71,Thursday,7,2026-08-27
1488,10520372,3627626,3628152,XAUUSD.u,SELL,STR S14,14,0.04,2026-08-27 07:44:25.165,2026-08-27 07:53:26.841,541.68,9m 1s,4605.29,4604.09,-1.2,1.2,4.8,0.0,0.0,4.8,1,TRAILING_STOP,[sl 4604.09],4604.09,0.0,3309.51,2309.51,Thursday,7,2026-08-27
1489,10538802,3627787,3628119,XAUUSD.u,SELL,STR S12,12,0.04,2026-08-27 07:46:48.504,2026-08-27 07:52:48.988,360.48,6m 0s,4608.37,4602.55,-5.82,5.82,23.28,0.0,0.0,23.28,1,TRAILING_STOP,[sl 4602.55],4602.55,0.0,3332.79,2332.79,Thursday,7,2026-08-27
1490,10520375,3627997,3628681,XAUUSD.u,SELL,STR S15,15,0.04,2026-08-27 07:52:06.149,2026-08-27 08:02:41.897,635.75,10m 35s,4603.75,4602.79,-0.96,0.96,3.84,0.0,0.0,3.84,1,TRAILING_STOP,[sl 4602.79],4602.79,0.0,3336.63,2336.63,Thursday,7,2026-08-27
1491,10520379,3628055,3629497,XAUUSD.u,SELL,STR S16,16,0.04,2026-08-27 07:52:30.074,2026-08-27 08:16:54.361,1464.29,24m 24s,4602.21,4604.48,2.27,-2.27,-9.08,0.0,0.0,-9.08,0,BASKET_CLOSE,STR CLOSE,,,3327.55,2327.55,Thursday,7,2026-08-27
1492,10540358,3628295,3628667,XAUUSD.u,SELL,STR S14,14,0.04,2026-08-27 07:58:15.087,2026-08-27 08:02:31.699,256.61,4m 16s,4605.29,4601.25,-4.04,4.04,16.16,0.0,0.0,16.16,1,TRAILING_STOP,[sl 4601.25],4601.25,0.0,3343.71,2343.71,Thursday,7,2026-08-27
1493,10540389,3628314,3628506,XAUUSD.u,SELL,STR S13,13,0.04,2026-08-27 07:58:45.370,2026-08-27 08:01:38.234,172.86,2m 52s,4606.83,4602.69,-4.14,4.14,16.56,0.0,0.0,16.56,1,TRAILING_STOP,[sl 4602.69],4602.69,0.0,3360.27,2360.27,Thursday,7,2026-08-27
1494,10520381,3628570,3629496,XAUUSD.u,SELL,STR S17,17,0.04,2026-08-27 08:02:00.560,2026-08-27 08:16:54.242,893.68,14m 53s,4600.67,4604.48,3.81,-3.81,-15.24,0.0,0.0,-15.24,0,BASKET_CLOSE,STR CLOSE,,,3345.03,2345.03,Thursday,8,2026-08-27
1495,10542734,3628705,3629247,XAUUSD.u,SELL,STR S15,15,0.04,2026-08-27 08:02:48.850,2026-08-27 08:13:45.203,656.35,10m 56s,4603.75,4603.64,-0.11,0.11,0.44,0.0,0.0,0.44,1,TRAILING_STOP,[sl 4603.64],4603.64,0.0,3345.47,2345.47,Thursday,8,2026-08-27
1496,10543240,3628824,3628978,XAUUSD.u,SELL,STR S14,14,0.04,2026-08-27 08:04:26.942,2026-08-27 08:08:23.076,236.13,3m 56s,4605.29,4604.34,-0.95,0.95,3.8,0.0,0.0,3.8,1,TRAILING_STOP,[sl 4604.34],4604.34,0.0,3349.27,2349.27,Thursday,8,2026-08-27
1497,10546618,3629251,3629490,XAUUSD.u,SELL,STR S15,15,0.04,2026-08-27 08:13:46.537,2026-08-27 08:16:53.677,187.14,3m 7s,4603.75,4604.51,0.76,-0.76,-3.04,0.0,0.0,-3.04,0,BASKET_CLOSE,STR CLOSE,,,3346.23,2346.23,Thursday,8,2026-08-27
1498,10546657,3629289,3629489,XAUUSD.u,SELL,STR S14,14,0.04,2026-08-27 08:14:17.268,2026-08-27 08:16:53.563,156.29,2m 36s,4605.29,4604.32,-0.97,0.97,3.88,0.0,0.0,3.88,1,BASKET_CLOSE,STR CLOSE,,,3350.11,2350.11,Thursday,8,2026-08-27
1499,10546722,3629350,3629488,XAUUSD.u,SELL,STR S13,13,0.04,2026-08-27 08:14:32.397,2026-08-27 08:16:53.451,141.05,2m 21s,4606.83,4604.32,-2.51,2.51,10.04,0.0,0.0,10.04,1,BASKET_CLOSE,STR CLOSE,,,3360.15,2360.15,Thursday,8,2026-08-27
1500,10546921,3629503,3629794,XAUUSD.u,BUY,STR B1,1,0.01,2026-08-27 08:17:19.178,2026-08-27 08:21:44.530,265.35,4m 25s,4605.83,4609.9,4.07,4.07,4.07,0.0,0.0,4.07,1,BASKET_CLOSE,STR CLOSE,,,3364.22,2364.22,Thursday,8,2026-08-27
1501,10546923,3629576,3629793,XAUUSD.u,BUY,STR B2,2,0.01,2026-08-27 08:19:15.662,2026-08-27 08:21:44.415,148.75,2m 28s,4607.36,4609.9,2.54,2.54,2.54,0.0,0.0,2.54,1,BASKET_CLOSE,STR CLOSE,,,3366.76,2366.76,Thursday,8,2026-08-27
1502,10546925,3629649,3629791,XAUUSD.u,BUY,STR B3,3,0.01,2026-08-27 08:21:14.471,2026-08-27 08:21:44.300,29.83,29s,4608.89,4609.9,1.01,1.01,1.01,0.0,0.0,1.01,1,BASKET_CLOSE,STR CLOSE,,,3367.77,2367.77,Thursday,8,2026-08-27
1503,10547360,3629859,3630568,XAUUSD.u,SELL,STR S1,1,0.01,2026-08-27 08:22:21.207,2026-08-27 08:35:30.466,789.26,13m 9s,4608.32,4607.69,-0.63,0.63,0.63,0.0,0.0,0.63,1,BASKET_CLOSE,STR CLOSE,,,3368.4,2368.4,Thursday,8,2026-08-27
1504,10547542,3630303,3630566,XAUUSD.u,BUY,STR B1,1,0.01,2026-08-27 08:30:25.508,2026-08-27 08:35:30.354,304.85,5m 4s,4611.4,4607.68,-3.72,-3.72,-3.72,0.0,0.0,-3.72,0,BASKET_CLOSE,STR CLOSE,,,3364.68,2364.68,Thursday,8,2026-08-27
1505,10547544,3630483,3630565,XAUUSD.u,SELL,STR S2,2,0.01,2026-08-27 08:34:09.781,2026-08-27 08:35:30.241,80.46,1m 20s,4606.78,4607.69,0.91,-0.91,-0.91,0.0,0.0,-0.91,0,BASKET_CLOSE,STR CLOSE,,,3363.77,2363.77,Thursday,8,2026-08-27
1506,10548407,3630660,3634066,XAUUSD.u,BUY,STR B1,1,0.01,2026-08-27 08:38:24.735,2026-08-27 09:34:51.518,3386.78,56m 26s,4607.06,4596.36,-10.7,-10.7,-10.7,0.0,0.0,-10.7,0,BASKET_CLOSE,STR CLOSE,,,3353.07,2353.07,Thursday,8,2026-08-27
1507,10548408,3631222,3631874,XAUUSD.u,SELL,STR S1,1,0.01,2026-08-27 08:49:25.334,2026-08-27 08:58:55.907,570.57,9m 30s,4603.98,4599.63,-4.35,4.35,4.35,0.0,0.0,4.35,1,TRAILING_STOP,[sl 4599.63],4599.63,0.0,3357.42,2357.42,Thursday,8,2026-08-27
1508,10548410,3631462,3631919,XAUUSD.u,SELL,STR S2,2,0.01,2026-08-27 08:52:03.578,2026-08-27 09:00:03.540,479.96,7m 59s,4602.44,4601.17,-1.27,1.27,1.27,0.0,0.0,1.27,1,TRAILING_STOP,[sl 4601.17],4601.17,0.0,3358.69,2358.69,Thursday,8,2026-08-27
1509,10548412,3631665,3633032,XAUUSD.u,SELL,STR S3,3,0.01,2026-08-27 08:56:55.654,2026-08-27 09:19:30.730,1355.08,22m 35s,4600.9,4597.56,-3.34,3.34,3.34,0.0,0.0,3.34,1,TRAILING_STOP,[sl 4597.56],4597.56,0.0,3362.03,2362.03,Thursday,8,2026-08-27
1510,10548414,3631750,3633595,XAUUSD.u,SELL,STR S4,4,0.01,2026-08-27 08:57:59.553,2026-08-27 09:26:30.397,1710.84,28m 30s,4599.36,4595.12,-4.24,4.24,4.24,0.0,0.0,4.24,1,TRAILING_STOP,[sl 4595.12],4595.12,0.0,3366.27,2366.27,Thursday,8,2026-08-27
1511,10557901,3631995,3632097,XAUUSD.u,SELL,STR S2,2,0.01,2026-08-27 09:01:02.716,2026-08-27 09:03:30.415,147.7,2m 27s,4602.44,4601.74,-0.7,0.7,0.7,0.0,0.0,0.7,1,TRAILING_STOP,[sl 4601.74],4601.74,0.0,3366.97,2366.97,Thursday,9,2026-08-27
1512,10560763,3632102,3633033,XAUUSD.u,SELL,STR S2,2,0.01,2026-08-27 09:03:33.029,2026-08-27 09:19:30.730,957.7,15m 57s,4602.44,4597.57,-4.87,4.87,4.87,0.0,0.0,4.87,1,TRAILING_STOP,[sl 4597.57],4597.57,0.0,3371.84,2371.84,Thursday,9,2026-08-27
1513,10561651,3632215,3632788,XAUUSD.u,SELL,STR S1,1,0.01,2026-08-27 09:05:18.843,2026-08-27 09:16:21.507,662.66,11m 2s,4603.98,4600.05,-3.93,3.93,3.93,0.0,0.0,3.93,1,TRAILING_STOP,[sl 4600.05],4600.05,0.0,3375.77,2375.77,Thursday,9,2026-08-27
1514,10548417,3632906,3633656,XAUUSD.u,SELL,STR S5,5,0.01,2026-08-27 09:18:35.633,2026-08-27 09:27:45.625,549.99,9m 9s,4597.82,4596.74,-1.08,1.08,1.08,0.0,0.0,1.08,1,TRAILING_STOP,[sl 4596.74],4596.74,0.0,3376.85,2376.85,Thursday,9,2026-08-27
1515,10548419,3633014,3634065,XAUUSD.u,SELL,STR S6,6,0.01,2026-08-27 09:19:28.548,2026-08-27 09:34:51.405,922.86,15m 22s,4596.28,4596.39,0.11,-0.11,-0.11,0.0,0.0,-0.11,0,BASKET_CLOSE,STR CLOSE,,,3376.74,2376.74,Thursday,9,2026-08-27
1516,10548422,3633486,3634063,XAUUSD.u,SELL,STR S7,7,0.03,2026-08-27 09:26:02.723,2026-08-27 09:34:51.292,528.57,8m 48s,4594.74,4596.39,1.65,-1.65,-4.95,0.0,0.0,-4.95,0,BASKET_CLOSE,STR CLOSE,,,3371.79,2371.79,Thursday,9,2026-08-27
1517,10585961,3633713,3634054,XAUUSD.u,SELL,STR S5,5,0.01,2026-08-27 09:28:32.266,2026-08-27 09:34:37.574,365.31,6m 5s,4597.82,4596.1,-1.72,1.72,1.72,0.0,0.0,1.72,1,TRAILING_STOP,[sl 4596.10],4596.1,0.0,3373.51,2373.51,Thursday,9,2026-08-27
1518,10588842,3633816,3634055,XAUUSD.u,SELL,STR S4,4,0.01,2026-08-27 09:30:02.544,2026-08-27 09:34:37.574,275.03,4m 35s,4599.36,4596.1,-3.26,3.26,3.26,0.0,0.0,3.26,1,TRAILING_STOP,[sl 4596.10],4596.1,0.0,3376.77,2376.77,Thursday,9,2026-08-27
1519,10590294,3633885,3634056,XAUUSD.u,SELL,STR S3,3,0.01,2026-08-27 09:30:57.926,2026-08-27 09:34:37.574,219.65,3m 39s,4600.9,4596.1,-4.8,4.8,4.8,0.0,0.0,4.8,1,TRAILING_STOP,[sl 4596.10],4596.1,0.0,3381.57,2381.57,Thursday,9,2026-08-27
1520,10596783,3634123,3635423,XAUUSD.u,BUY,STR B1,1,0.01,2026-08-27 09:36:31.743,2026-08-27 09:58:09.644,1297.9,21m 37s,4597.68,4601.05,3.37,3.37,3.37,0.0,0.0,3.37,1,TRAILING_STOP,[sl 4601.05],4601.05,0.0,3384.94,2384.94,Thursday,9,2026-08-27
1521,10596785,3634760,3635514,XAUUSD.u,BUY,STR B2,2,0.01,2026-08-27 09:47:24.115,2026-08-27 10:01:11.786,827.67,13m 47s,4599.21,4601.2,1.99,1.99,1.99,0.0,0.0,1.99,1,TRAILING_STOP,[sl 4601.20],4601.2,0.0,3386.93,2386.93,Thursday,9,2026-08-27
1522,10596793,3635313,3635730,XAUUSD.u,BUY,STR B3,3,0.01,2026-08-27 09:56:10.511,2026-08-27 10:04:15.896,485.38,8m 5s,4600.74,4605.6,4.86,4.86,4.86,0.0,0.0,4.86,1,TRAILING_STOP,[sl 4605.60],4605.6,0.0,3391.79,2391.79,Thursday,9,2026-08-27
1523,10596801,3635339,3635744,XAUUSD.u,BUY,STR B4,4,0.01,2026-08-27 09:56:21.043,2026-08-27 10:04:24.802,483.76,8m 3s,4602.27,4605.16,2.89,2.89,2.89,0.0,0.0,2.89,1,BASKET_CLOSE,STR CLOSE,,,3394.68,2394.68,Thursday,9,2026-08-27
1524,10596815,3635560,3635742,XAUUSD.u,BUY,STR B5,5,0.01,2026-08-27 10:01:50.457,2026-08-27 10:04:24.690,154.23,2m 34s,4603.8,4605.16,1.36,1.36,1.36,0.0,0.0,1.36,1,BASKET_CLOSE,STR CLOSE,,,3396.04,2396.04,Thursday,10,2026-08-27
1525,10596817,3635640,3635741,XAUUSD.u,BUY,STR B6,6,0.01,2026-08-27 10:03:08.307,2026-08-27 10:04:24.576,76.27,1m 16s,4605.33,4605.16,-0.17,-0.17,-0.17,0.0,0.0,-0.17,0,BASKET_CLOSE,STR CLOSE,,,3395.87,2395.87,Thursday,10,2026-08-27
1526,10633910,3635935,3637589,XAUUSD.u,BUY,STR B1,1,0.01,2026-08-27 10:08:43.030,2026-08-27 10:46:22.099,2259.07,37m 39s,4606.71,4596.46,-10.25,-10.25,-10.25,0.0,0.0,-10.25,0,TRAILING_STOP,[sl 4596.46],4596.46,0.0,3385.62,2385.62,Thursday,10,2026-08-27
1527,10633911,3636051,3636649,XAUUSD.u,SELL,STR S1,1,0.01,2026-08-27 10:09:37.536,2026-08-27 10:24:54.065,916.53,15m 16s,4603.63,4603.26,-0.37,0.37,0.37,0.0,0.0,0.37,1,TRAILING_STOP,[sl 4603.26],4603.26,0.0,3385.99,2385.99,Thursday,10,2026-08-27
1528,10633913,3636501,3637154,XAUUSD.u,SELL,STR S2,2,0.01,2026-08-27 10:20:25.278,2026-08-27 10:38:13.283,1068.01,17m 48s,4602.09,4599.0,-3.09,3.09,3.09,0.0,0.0,3.09,1,TRAILING_STOP,[sl 4599.00],4599.0,0.0,3389.08,2389.08,Thursday,10,2026-08-27
1529,10633915,3636579,3637404,XAUUSD.u,SELL,STR S3,3,0.01,2026-08-27 10:22:05.946,2026-08-27 10:42:55.333,1249.39,20m 49s,4600.55,4596.99,-3.56,3.56,3.56,0.0,0.0,3.56,1,TRAILING_STOP,[sl 4596.99],4596.99,0.0,3392.64,2392.64,Thursday,10,2026-08-27
1530,10637443,3636684,3637156,XAUUSD.u,SELL,STR S1,1,0.01,2026-08-27 10:25:27.419,2026-08-27 10:38:13.284,765.87,12m 45s,4603.63,4599.0,-4.63,4.63,4.63,0.0,0.0,4.63,1,TRAILING_STOP,[sl 4599.00],4599.0,0.0,3397.27,2397.27,Thursday,10,2026-08-27
1531,10633917,3637006,3637405,XAUUSD.u,SELL,STR S4,4,0.01,2026-08-27 10:34:50.844,2026-08-27 10:42:55.333,484.49,8m 4s,4599.01,4596.99,-2.02,2.02,2.02,0.0,0.0,2.02,1,TRAILING_STOP,[sl 4596.99],4596.99,0.0,3399.29,2399.29,Thursday,10,2026-08-27
1532,10633919,3637102,3637560,XAUUSD.u,SELL,STR S5,5,0.01,2026-08-27 10:36:56.176,2026-08-27 10:45:27.850,511.67,8m 31s,4597.47,4596.55,-0.92,0.92,0.92,0.0,0.0,0.92,1,TRAILING_STOP,[sl 4596.55],4596.55,0.0,3400.21,2400.21,Thursday,10,2026-08-27
1533,10657398,3637454,3637561,XAUUSD.u,SELL,STR S4,4,0.01,2026-08-27 10:44:04.639,2026-08-27 10:45:27.851,83.21,1m 23s,4599.01,4596.55,-2.46,2.46,2.46,0.0,0.0,2.46,1,TRAILING_STOP,[sl 4596.55],4596.55,0.0,3402.67,2402.67,Thursday,10,2026-08-27
1534,10633921,3637480,3638312,XAUUSD.u,SELL,STR S6,6,0.01,2026-08-27 10:44:43.811,2026-08-27 11:03:43.905,1140.09,19m 0s,4595.93,4595.78,-0.15,0.15,0.15,0.0,0.0,0.15,1,BASKET_CLOSE,STR CLOSE,,,3402.82,2402.82,Thursday,10,2026-08-27
1535,10661101,3637593,3638311,XAUUSD.u,SELL,STR S5,5,0.01,2026-08-27 10:46:35.287,2026-08-27 11:03:43.792,1028.51,17m 8s,4597.47,4595.78,-1.69,1.69,1.69,0.0,0.0,1.69,1,BASKET_CLOSE,STR CLOSE,,,3404.51,2404.51,Thursday,10,2026-08-27
1536,10673105,3637893,3638308,XAUUSD.u,SELL,STR S3,3,0.01,2026-08-27 10:56:30.779,2026-08-27 11:03:43.567,432.79,7m 12s,4600.55,4595.78,-4.77,4.77,4.77,0.0,0.0,4.77,1,BASKET_CLOSE,STR CLOSE,,,3409.28,2409.28,Thursday,10,2026-08-27
1537,10674044,3638002,3638307,XAUUSD.u,SELL,STR S2,2,0.01,2026-08-27 10:58:07.130,2026-08-27 11:03:43.455,336.32,5m 36s,4602.09,4595.78,-6.31,6.31,6.31,0.0,0.0,6.31,1,BASKET_CLOSE,STR CLOSE,,,3415.59,2415.59,Thursday,10,2026-08-27
1538,10666861,3638064,3638310,XAUUSD.u,SELL,STR S4,4,0.01,2026-08-27 10:59:44.206,2026-08-27 11:03:43.680,239.47,3m 59s,4599.01,4595.78,-3.23,3.23,3.23,0.0,0.0,3.23,1,BASKET_CLOSE,STR CLOSE,,,3418.82,2418.82,Thursday,10,2026-08-27
1539,10682749,3638432,3640403,XAUUSD.u,SELL,STR S1,1,0.01,2026-08-27 11:04:43.820,2026-08-27 11:37:12.423,1948.6,32m 28s,4594.43,4583.95,-10.48,10.48,10.48,0.0,0.0,10.48,1,TRAILING_STOP,[sl 4583.95],4583.95,0.0,3429.3,2429.3,Thursday,11,2026-08-27
1540,10682748,3638629,3641095,XAUUSD.u,BUY,STR B1,1,0.01,2026-08-27 11:10:01.109,2026-08-27 11:44:50.521,2089.41,34m 49s,4597.49,4581.63,-15.86,-15.86,-15.86,0.0,0.0,-15.86,0,BASKET_CLOSE,STR CLOSE,,,3413.44,2413.44,Thursday,11,2026-08-27
1541,10682750,3639481,3641094,XAUUSD.u,BUY,STR B2,2,0.01,2026-08-27 11:29:25.329,2026-08-27 11:44:50.403,925.07,15m 25s,4599.02,4581.63,-17.39,-17.39,-17.39,0.0,0.0,-17.39,0,BASKET_CLOSE,STR CLOSE,,,3396.05,2396.05,Thursday,11,2026-08-27
1542,10682751,3639863,3640404,XAUUSD.u,SELL,STR S2,2,0.01,2026-08-27 11:35:40.644,2026-08-27 11:37:12.423,91.78,1m 31s,4592.9,4583.95,-8.95,8.95,8.95,0.0,0.0,8.95,1,TRAILING_STOP,[sl 4583.95],4583.95,0.0,3405.0,2405.0,Thursday,11,2026-08-27
1543,10682765,3639944,3640405,XAUUSD.u,SELL,STR S3,3,0.01,2026-08-27 11:36:07.888,2026-08-27 11:37:12.423,64.53,1m 4s,4591.37,4583.95,-7.42,7.42,7.42,0.0,0.0,7.42,1,TRAILING_STOP,[sl 4583.95],4583.95,0.0,3412.42,2412.42,Thursday,11,2026-08-27
1544,10682780,3640108,3640406,XAUUSD.u,SELL,STR S4,4,0.01,2026-08-27 11:37:04.032,2026-08-27 11:37:12.423,8.39,8s,4589.84,4583.95,-5.89,5.89,5.89,0.0,0.0,5.89,1,TRAILING_STOP,[sl 4583.95],4583.95,0.0,3418.31,2418.31,Thursday,11,2026-08-27
1545,10682794,3640122,3640407,XAUUSD.u,SELL,STR S5,5,0.01,2026-08-27 11:37:05.782,2026-08-27 11:37:12.423,6.64,6s,4588.31,4583.95,-4.36,4.36,4.36,0.0,0.0,4.36,1,TRAILING_STOP,[sl 4583.95],4583.95,0.0,3422.67,2422.67,Thursday,11,2026-08-27
1546,10682803,3640128,3640488,XAUUSD.u,SELL,STR S6,6,0.01,2026-08-27 11:37:05.783,2026-08-27 11:37:48.610,42.83,42s,4586.78,4583.38,-3.4,3.4,3.4,0.0,0.0,3.4,1,TRAILING_STOP,[sl 4583.38],4583.38,0.0,3426.07,2426.07,Thursday,11,2026-08-27
1547,10682825,3640191,3640542,XAUUSD.u,SELL,STR S7,7,0.04,2026-08-27 11:37:05.932,2026-08-27 11:38:16.676,70.74,1m 10s,4585.25,4584.92,-0.33,0.33,1.32,0.0,0.0,1.32,1,TRAILING_STOP,[sl 4584.92],4584.92,0.0,3427.39,2427.39,Thursday,11,2026-08-27
1548,10682834,3640247,3641093,XAUUSD.u,SELL,STR S8,8,0.04,2026-08-27 11:37:07.394,2026-08-27 11:44:50.290,462.9,7m 42s,4583.72,4581.64,-2.08,2.08,8.32,0.0,0.0,8.32,1,BASKET_CLOSE,STR CLOSE,,,3435.71,2435.71,Thursday,11,2026-08-27
1549,10682836,3640275,3641092,XAUUSD.u,SELL,STR S9,9,0.04,2026-08-27 11:37:07.440,2026-08-27 11:44:50.177,462.74,7m 42s,4582.19,4581.64,-0.55,0.55,2.2,0.0,0.0,2.2,1,BASKET_CLOSE,STR CLOSE,,,3437.91,2437.91,Thursday,11,2026-08-27
1550,10682839,3640303,3641091,XAUUSD.u,SELL,STR S10,10,0.04,2026-08-27 11:37:07.579,2026-08-27 11:44:50.064,462.49,7m 42s,4580.66,4581.64,0.98,-0.98,-3.92,0.0,0.0,-3.92,0,BASKET_CLOSE,STR CLOSE,,,3433.99,2433.99,Thursday,11,2026-08-27
1551,10682847,3640358,3641090,XAUUSD.u,SELL,STR S11,11,0.04,2026-08-27 11:37:09.594,2026-08-27 11:44:49.952,460.36,7m 40s,4579.13,4581.64,2.51,-2.51,-10.04,0.0,0.0,-10.04,0,BASKET_CLOSE,STR CLOSE,,,3423.95,2423.95,Thursday,11,2026-08-27
1552,10746952,3640558,3641089,XAUUSD.u,SELL,STR S7,7,0.04,2026-08-27 11:38:20.806,2026-08-27 11:44:49.839,389.03,6m 29s,4585.25,4581.64,-3.61,3.61,14.44,0.0,0.0,14.44,1,BASKET_CLOSE,STR CLOSE,,,3438.39,2438.39,Thursday,11,2026-08-27
1553,10759799,3641134,3645694,XAUUSD.u,BUY,STR B1,1,0.01,2026-08-27 11:45:31.439,2026-08-27 12:46:32.467,3661.03,1h 1m 1s,4583.16,4586.28,3.12,3.12,3.12,0.0,0.0,3.12,1,TRAILING_STOP,[sl 4586.28],4586.28,0.0,3441.51,2441.51,Thursday,11,2026-08-27
1554,10759807,3641791,3645893,XAUUSD.u,BUY,STR B2,2,0.01,2026-08-27 11:52:26.097,2026-08-27 12:56:36.255,3850.16,1h 4m 10s,4584.69,4589.0,4.31,4.31,4.31,0.0,0.0,4.31,1,TRAILING_STOP,[sl 4589.00],4589.0,0.0,3445.82,2445.82,Thursday,11,2026-08-27
1555,10759806,3642118,3643151,XAUUSD.u,SELL,STR S1,1,0.01,2026-08-27 11:55:31.581,2026-08-27 12:03:03.282,451.7,7m 31s,4580.1,4571.7,-8.4,8.4,8.4,0.0,0.0,8.4,1,TRAILING_STOP,[sl 4571.70],4571.7,0.0,3454.22,2454.22,Thursday,11,2026-08-27
1556,10759808,3642767,3643152,XAUUSD.u,SELL,STR S2,2,0.01,2026-08-27 12:02:24.275,2026-08-27 12:03:03.283,39.01,39s,4578.57,4571.7,-6.87,6.87,6.87,0.0,0.0,6.87,1,TRAILING_STOP,[sl 4571.70],4571.7,0.0,3461.09,2461.09,Thursday,12,2026-08-27
1557,10759810,3642777,3643153,XAUUSD.u,SELL,STR S3,3,0.01,2026-08-27 12:02:24.552,2026-08-27 12:03:03.283,38.73,38s,4577.04,4571.7,-5.34,5.34,5.34,0.0,0.0,5.34,1,TRAILING_STOP,[sl 4571.70],4571.7,0.0,3466.43,2466.43,Thursday,12,2026-08-27
1558,10759812,3642780,3643154,XAUUSD.u,SELL,STR S4,4,0.01,2026-08-27 12:02:24.553,2026-08-27 12:03:03.283,38.73,38s,4575.51,4571.7,-3.81,3.81,3.81,0.0,0.0,3.81,1,TRAILING_STOP,[sl 4571.70],4571.7,0.0,3470.24,2470.24,Thursday,12,2026-08-27
1559,10759820,3642853,3643296,XAUUSD.u,SELL,STR S5,5,0.01,2026-08-27 12:02:24.796,2026-08-27 12:04:03.361,98.56,1m 38s,4573.98,4570.71,-3.27,3.27,3.27,0.0,0.0,3.27,1,TRAILING_STOP,[sl 4570.71],4570.71,0.0,3473.51,2473.51,Thursday,12,2026-08-27
1560,10759822,3643086,3643311,XAUUSD.u,SELL,STR S6,6,0.01,2026-08-27 12:02:49.904,2026-08-27 12:04:23.313,93.41,1m 33s,4572.45,4572.23,-0.22,0.22,0.22,0.0,0.0,0.22,1,TRAILING_STOP,[sl 4572.23],4572.23,0.0,3473.73,2473.73,Thursday,12,2026-08-27
1561,10759838,3643201,3647067,XAUUSD.u,SELL,STR S8,8,0.02,2026-08-27 12:03:15.628,2026-08-27 13:26:03.126,4967.5,1h 22m 47s,4569.39,4595.14,25.75,-25.75,-51.5,0.0,0.0,-51.5,0,MANUAL/OTHER,,,,3422.23,2422.23,Thursday,12,2026-08-27
1562,10759838,3643201,3647077,XAUUSD.u,SELL,STR S8,8,0.02,2026-08-27 12:03:15.628,2026-08-27 13:26:42.835,5007.21,1h 23m 27s,4569.39,4596.19,26.8,-26.8,-53.6,0.0,0.0,-53.6,0,MANUAL/OTHER,,,,3368.63,2368.63,Thursday,12,2026-08-27
1563,10800361,3643315,3647068,XAUUSD.u,SELL,STR S6,6,0.01,2026-08-27 12:04:28.472,2026-08-27 13:26:18.842,4910.37,1h 21m 50s,4572.45,4595.09,22.64,-22.64,-22.64,0.0,0.0,-22.64,0,MANUAL/OTHER,,,,3345.99,2345.99,Thursday,12,2026-08-27
1564,10806358,3643443,3647093,XAUUSD.u,SELL,STR S4,4,0.01,2026-08-27 12:07:05.574,2026-08-27 13:26:46.317,4780.74,1h 19m 40s,4575.51,4596.69,21.18,-21.18,-21.18,0.0,0.0,-21.18,0,BASKET_CLOSE,STR CLOSE,,,3324.81,2324.81,Thursday,12,2026-08-27
1565,10811601,3643730,3647086,XAUUSD.u,SELL,STR S2,2,0.01,2026-08-27 12:10:19.066,2026-08-27 13:26:46.202,4587.14,1h 16m 27s,4578.57,4596.68,18.11,-18.11,-18.11,0.0,0.0,-18.11,0,BASKET_CLOSE,STR CLOSE,,,3306.7,2306.7,Thursday,12,2026-08-27
1566,10811946,3643746,3645294,XAUUSD.u,SELL,STR S1,1,0.01,2026-08-27 12:10:30.881,2026-08-27 12:41:15.313,1844.43,30m 44s,4580.1,4579.38,-0.72,0.72,0.72,0.0,0.0,0.72,1,TRAILING_STOP,[sl 4579.38],4579.38,0.0,3307.42,2307.42,Thursday,12,2026-08-27
1567,10862556,3645314,3647085,XAUUSD.u,SELL,STR S1,1,0.01,2026-08-27 12:41:25.341,2026-08-27 13:26:46.087,2720.75,45m 20s,4580.1,4596.7,16.6,-16.6,-16.6,0.0,0.0,-16.6,0,BASKET_CLOSE,STR CLOSE,,,3290.82,2290.82,Thursday,12,2026-08-27
1568,10759809,3645598,3645917,XAUUSD.u,BUY,STR B3,3,0.01,2026-08-27 12:45:03.016,2026-08-27 12:57:40.419,757.4,12m 37s,4586.22,4589.0,2.78,2.78,2.78,0.0,0.0,2.78,1,TRAILING_STOP,[sl 4589.00],4589.0,0.0,3293.6,2293.6,Thursday,12,2026-08-27
1569,10759811,3645633,3645918,XAUUSD.u,BUY,STR B4,4,0.01,2026-08-27 12:45:52.365,2026-08-27 12:57:40.419,708.05,11m 48s,4587.75,4589.0,1.25,1.25,1.25,0.0,0.0,1.25,1,TRAILING_STOP,[sl 4589.00],4589.0,0.0,3294.85,2294.85,Thursday,12,2026-08-27
1570,10759813,3645843,3646861,XAUUSD.u,BUY,STR B5,5,0.01,2026-08-27 12:54:12.392,2026-08-27 13:22:40.547,1708.15,28m 28s,4589.28,4593.79,4.51,4.51,4.51,0.0,0.0,4.51,1,TRAILING_STOP,[sl 4593.79],4593.79,0.0,3299.36,2299.36,Thursday,12,2026-08-27
1571,10894310,3646000,3646531,XAUUSD.u,BUY,STR B4,4,0.01,2026-08-27 13:00:44.334,2026-08-27 13:19:11.552,1107.22,18m 27s,4587.75,4591.3,3.55,3.55,3.55,0.0,0.0,3.55,1,TRAILING_STOP,[sl 4591.30],4591.3,0.0,3302.91,2302.91,Thursday,13,2026-08-27
1572,10759821,3646068,3647040,XAUUSD.u,BUY,STR B6,6,0.01,2026-08-27 13:02:46.936,2026-08-27 13:25:22.811,1355.88,22m 35s,4590.81,4595.02,4.21,4.21,4.21,0.0,0.0,4.21,1,TRAILING_STOP,[sl 4595.02],4595.02,0.0,3307.12,2307.12,Thursday,13,2026-08-27
1573,10759835,3646417,3647098,XAUUSD.u,BUY,STR B7,7,0.04,2026-08-27 13:14:42.222,2026-08-27 13:26:46.780,724.56,12m 4s,4592.34,4596.72,4.38,4.38,17.52,0.0,0.0,17.52,1,BASKET_CLOSE,STR CLOSE,,,3324.64,2324.64,Thursday,13,2026-08-27
1574,10759837,3646621,3647097,XAUUSD.u,BUY,STR B8,8,0.04,2026-08-27 13:20:53.395,2026-08-27 13:26:46.664,353.27,5m 53s,4593.87,4596.72,2.85,2.85,11.4,0.0,0.0,11.4,1,BASKET_CLOSE,STR CLOSE,,,3336.04,2336.04,Thursday,13,2026-08-27
1575,10759839,3646766,3647096,XAUUSD.u,BUY,STR B9,9,0.04,2026-08-27 13:22:38.502,2026-08-27 13:26:46.550,248.05,4m 8s,4595.4,4596.72,1.32,1.32,5.28,0.0,0.0,5.28,1,BASKET_CLOSE,STR CLOSE,,,3341.32,2341.32,Thursday,13,2026-08-27
1576,10759865,3647084,3647094,XAUUSD.u,BUY,STR B10,10,0.04,2026-08-27 13:26:44.536,2026-08-27 13:26:46.435,1.9,1s,4596.93,4596.72,-0.21,-0.21,-0.84,0.0,0.0,-0.84,0,BASKET_CLOSE,STR CLOSE,,,3340.48,2340.48,Thursday,13,2026-08-27
1577,10937999,3647126,3649801,XAUUSD.u,SELL,STR S1,1,0.01,2026-08-27 13:27:29.382,2026-08-27 14:16:19.659,2930.28,48m 50s,4595.11,4594.93,-0.18,0.18,0.18,0.0,0.0,0.18,1,TRAILING_STOP,[sl 4594.93],4594.93,0.0,3340.66,2340.66,Thursday,13,2026-08-27
1578,10938019,3647148,3651094,XAUUSD.u,SELL,STR S2,2,0.01,2026-08-27 13:27:50.003,2026-08-27 14:38:24.522,4234.52,1h 10m 34s,4593.58,4589.84,-3.74,3.74,3.74,0.0,0.0,3.74,1,TRAILING_STOP,[sl 4589.84],4589.84,0.0,3344.4,2344.4,Thursday,13,2026-08-27
1579,10937992,3647302,3652516,XAUUSD.u,BUY,STR B1,1,0.01,2026-08-27 13:31:41.788,2026-08-27 15:00:13.327,5311.54,1h 28m 31s,4598.17,4583.47,-14.7,-14.7,-14.7,0.0,0.0,-14.7,0,BASKET_CLOSE,STR CLOSE,,,3329.7,2329.7,Thursday,13,2026-08-27
1580,10938012,3647664,3652514,XAUUSD.u,BUY,STR B2,2,0.01,2026-08-27 13:42:15.453,2026-08-27 15:00:13.213,4677.76,1h 17m 57s,4599.7,4583.52,-16.18,-16.18,-16.18,0.0,0.0,-16.18,0,BASKET_CLOSE,STR CLOSE,,,3313.52,2313.52,Thursday,13,2026-08-27
1581,10938026,3649008,3652512,XAUUSD.u,BUY,STR B3,3,0.01,2026-08-27 14:03:39.479,2026-08-27 15:00:13.093,3393.61,56m 33s,4601.23,4583.49,-17.74,-17.74,-17.74,0.0,0.0,-17.74,0,BASKET_CLOSE,STR CLOSE,,,3295.78,2295.78,Thursday,14,2026-08-27
1582,10938039,3649748,3651209,XAUUSD.u,SELL,STR S3,3,0.01,2026-08-27 14:15:07.442,2026-08-27 14:41:09.619,1562.18,26m 2s,4592.05,4588.86,-3.19,3.19,3.19,0.0,0.0,3.19,1,TRAILING_STOP,[sl 4588.86],4588.86,0.0,3298.97,2298.97,Thursday,14,2026-08-27
1583,10972458,3649813,3651095,XAUUSD.u,SELL,STR S1,1,0.01,2026-08-27 14:16:27.545,2026-08-27 14:38:24.522,1316.98,21m 56s,4595.11,4589.84,-5.27,5.27,5.27,0.0,0.0,5.27,1,TRAILING_STOP,[sl 4589.84],4589.84,0.0,3304.24,2304.24,Thursday,14,2026-08-27
1584,10938041,3651006,3651287,XAUUSD.u,SELL,STR S4,4,0.01,2026-08-27 14:37:28.018,2026-08-27 14:42:24.800,296.78,4m 56s,4590.52,4590.28,-0.24,0.24,0.24,0.0,0.0,0.24,1,TRAILING_STOP,[sl 4590.28],4590.28,0.0,3304.48,2304.48,Thursday,14,2026-08-27
1585,10938043,3651066,3652092,XAUUSD.u,SELL,STR S5,5,0.01,2026-08-27 14:38:04.979,2026-08-27 14:50:58.733,773.75,12m 53s,4588.99,4583.89,-5.1,5.1,5.1,0.0,0.0,5.1,1,TRAILING_STOP,[sl 4583.89],4583.89,0.0,3309.58,2309.58,Thursday,14,2026-08-27
1586,10938069,3651183,3652093,XAUUSD.u,SELL,STR S6,6,0.01,2026-08-27 14:40:36.387,2026-08-27 14:50:58.733,622.35,10m 22s,4587.46,4583.89,-3.57,3.57,3.57,0.0,0.0,3.57,1,TRAILING_STOP,[sl 4583.89],4583.89,0.0,3313.15,2313.15,Thursday,14,2026-08-27
1587,10938095,3651573,3652190,XAUUSD.u,SELL,STR S7,7,0.04,2026-08-27 14:46:20.063,2026-08-27 14:52:05.968,345.9,5m 45s,4585.93,4582.05,-3.88,3.88,15.52,0.0,0.0,15.52,1,TRAILING_STOP,[sl 4582.05],4582.05,0.0,3328.67,2328.67,Thursday,14,2026-08-27
1588,10938097,3651865,3652228,XAUUSD.u,SELL,STR S8,8,0.04,2026-08-27 14:49:42.352,2026-08-27 14:53:59.930,257.58,4m 17s,4584.4,4583.59,-0.81,0.81,3.24,0.0,0.0,3.24,1,TRAILING_STOP,[sl 4583.59],4583.59,0.0,3331.91,2331.91,Thursday,14,2026-08-27
1589,10938099,3652072,3652511,XAUUSD.u,SELL,STR S9,9,0.04,2026-08-27 14:50:42.596,2026-08-27 15:00:12.973,570.38,9m 30s,4582.87,4583.38,0.51,-0.51,-2.04,0.0,0.0,-2.04,0,BASKET_CLOSE,STR CLOSE,,,3329.87,2329.87,Thursday,14,2026-08-27
1590,10938107,3652131,3652510,XAUUSD.u,SELL,STR S10,10,0.04,2026-08-27 14:51:39.020,2026-08-27 15:00:12.859,513.84,8m 33s,4581.34,4583.4,2.06,-2.06,-8.24,0.0,0.0,-8.24,0,BASKET_CLOSE,STR CLOSE,,,3321.63,2321.63,Thursday,14,2026-08-27
1591,10975376,3652242,3652509,XAUUSD.u,SELL,STR S8,8,0.04,2026-08-27 14:54:10.363,2026-08-27 15:00:12.732,362.37,6m 2s,4584.4,4583.44,-0.96,0.96,3.84,0.0,0.0,3.84,1,BASKET_CLOSE,STR CLOSE,,,3325.47,2325.47,Thursday,14,2026-08-27
1592,10975523,3652413,3652508,XAUUSD.u,SELL,STR S7,7,0.04,2026-08-27 14:58:03.871,2026-08-27 15:00:12.618,128.75,2m 8s,4585.93,4583.32,-2.61,2.61,10.44,0.0,0.0,10.44,1,BASKET_CLOSE,STR CLOSE,,,3335.91,2335.91,Thursday,14,2026-08-27
1593,10975607,3652467,3652507,XAUUSD.u,SELL,STR S6,6,0.01,2026-08-27 14:59:43.085,2026-08-27 15:00:12.502,29.42,29s,4587.46,4583.32,-4.14,4.14,4.14,0.0,0.0,4.14,1,BASKET_CLOSE,STR CLOSE,,,3340.05,2340.05,Thursday,14,2026-08-27
1594,10975679,3652521,3653886,XAUUSD.u,SELL,STR S1,1,0.01,2026-08-27 15:00:22.748,2026-08-27 15:26:54.707,1591.96,26m 31s,4582.24,4592.71,10.47,-10.47,-10.47,0.0,0.0,-10.47,0,BASKET_CLOSE,STR CLOSE,,,3329.58,2329.58,Thursday,15,2026-08-27
1595,10975678,3652596,3652844,XAUUSD.u,BUY,STR B1,1,0.01,2026-08-27 15:01:15.927,2026-08-27 15:04:34.109,198.18,3m 18s,4585.3,4588.54,3.24,3.24,3.24,0.0,0.0,3.24,1,TRAILING_STOP,[sl 4588.54],4588.54,0.0,3332.82,2332.82,Thursday,15,2026-08-27
1596,10975680,3652612,3652965,XAUUSD.u,BUY,STR B2,2,0.01,2026-08-27 15:01:29.338,2026-08-27 15:06:58.866,329.53,5m 29s,4586.83,4587.93,1.1,1.1,1.1,0.0,0.0,1.1,1,TRAILING_STOP,[sl 4587.93],4587.93,0.0,3333.92,2333.92,Thursday,15,2026-08-27
1597,10975682,3652716,3653885,XAUUSD.u,BUY,STR B3,3,0.01,2026-08-27 15:03:01.423,2026-08-27 15:26:54.592,1433.17,23m 53s,4588.36,4592.7,4.34,4.34,4.34,0.0,0.0,4.34,1,BASKET_CLOSE,STR CLOSE,,,3338.26,2338.26,Thursday,15,2026-08-27
1598,10975684,3652808,3653884,XAUUSD.u,BUY,STR B4,4,0.01,2026-08-27 15:04:18.220,2026-08-27 15:26:54.477,1356.26,22m 36s,4589.89,4592.7,2.81,2.81,2.81,0.0,0.0,2.81,1,BASKET_CLOSE,STR CLOSE,,,3341.07,2341.07,Thursday,15,2026-08-27
1599,10976271,3653018,3653259,XAUUSD.u,BUY,STR B2,2,0.01,2026-08-27 15:07:17.076,2026-08-27 15:14:20.707,423.63,7m 3s,4586.83,4587.68,0.85,0.85,0.85,0.0,0.0,0.85,1,TRAILING_STOP,[sl 4587.68],4587.68,0.0,3341.92,2341.92,Thursday,15,2026-08-27
1600,10976575,3653314,3653552,XAUUSD.u,BUY,STR B1,1,0.01,2026-08-27 15:14:59.062,2026-08-27 15:19:29.683,270.62,4m 30s,4585.3,4585.83,0.53,0.53,0.53,0.0,0.0,0.53,1,TRAILING_STOP,[sl 4585.83],4585.83,0.0,3342.45,2342.45,Thursday,15,2026-08-27
1601,10976540,3653457,3653882,XAUUSD.u,BUY,STR B2,2,0.01,2026-08-27 15:16:27.175,2026-08-27 15:26:54.249,627.07,10m 27s,4586.83,4592.58,5.75,5.75,5.75,0.0,0.0,5.75,1,BASKET_CLOSE,STR CLOSE,,,3348.2,2348.2,Thursday,15,2026-08-27
1602,10975686,3653785,3653883,XAUUSD.u,BUY,STR B5,5,0.01,2026-08-27 15:26:36.465,2026-08-27 15:26:54.363,17.9,17s,4591.42,4592.68,1.26,1.26,1.26,0.0,0.0,1.26,1,BASKET_CLOSE,STR CLOSE,,,3349.46,2349.46,Thursday,15,2026-08-27
1603,10977245,3654031,3654311,XAUUSD.u,SELL,STR S1,1,0.01,2026-08-27 15:29:04.967,2026-08-27 15:31:32.693,147.73,2m 27s,4591.28,4587.19,-4.09,4.09,4.09,0.0,0.0,4.09,1,BASKET_CLOSE,STR CLOSE,,,3353.55,2353.55,Thursday,15,2026-08-27
1604,10977247,3654052,3654310,XAUUSD.u,SELL,STR S2,2,0.01,2026-08-27 15:29:23.314,2026-08-27 15:31:32.580,129.27,2m 9s,4589.75,4587.16,-2.59,2.59,2.59,0.0,0.0,2.59,1,BASKET_CLOSE,STR CLOSE,,,3356.14,2356.14,Thursday,15,2026-08-27
1605,10977249,3654261,3654309,XAUUSD.u,SELL,STR S3,3,0.01,2026-08-27 15:31:16.499,2026-08-27 15:31:32.466,15.97,15s,4588.22,4587.14,-1.08,1.08,1.08,0.0,0.0,1.08,1,BASKET_CLOSE,STR CLOSE,,,3357.22,2357.22,Thursday,15,2026-08-27
1606,10977251,3654295,3654308,XAUUSD.u,SELL,STR S4,4,0.01,2026-08-27 15:31:28.300,2026-08-27 15:31:32.347,4.05,4s,4586.69,4587.15,0.46,-0.46,-0.46,0.0,0.0,-0.46,0,BASKET_CLOSE,STR CLOSE,,,3356.76,2356.76,Thursday,15,2026-08-27
1607,10977705,3654324,3654645,XAUUSD.u,BUY,STR B1,1,0.01,2026-08-27 15:31:39.253,2026-08-27 15:34:34.257,175.0,2m 55s,4589.11,4577.72,-11.39,-11.39,-11.39,0.0,0.0,-11.39,0,BASKET_CLOSE,STR CLOSE,,,3345.37,2345.37,Thursday,15,2026-08-27
1608,10977706,3654376,3654504,XAUUSD.u,SELL,STR S1,1,0.01,2026-08-27 15:32:01.614,2026-08-27 15:33:52.155,110.54,1m 50s,4586.05,4585.09,-0.96,0.96,0.96,0.0,0.0,0.96,1,TRAILING_STOP,[sl 4585.09],4585.09,0.0,3346.33,2346.33,Thursday,15,2026-08-27
1609,10977708,3654410,3654641,XAUUSD.u,SELL,STR S2,2,0.01,2026-08-27 15:32:24.401,2026-08-27 15:34:34.143,129.74,2m 9s,4584.52,4577.77,-6.75,6.75,6.75,0.0,0.0,6.75,1,BASKET_CLOSE,STR CLOSE,,,3353.08,2353.08,Thursday,15,2026-08-27
1610,10977710,3654437,3654640,XAUUSD.u,SELL,STR S3,3,0.01,2026-08-27 15:32:40.982,2026-08-27 15:34:34.031,113.05,1m 53s,4582.99,4577.78,-5.21,5.21,5.21,0.0,0.0,5.21,1,BASKET_CLOSE,STR CLOSE,,,3358.29,2358.29,Thursday,15,2026-08-27
1611,10977712,3654515,3654639,XAUUSD.u,SELL,STR S4,4,0.01,2026-08-27 15:34:11.059,2026-08-27 15:34:33.915,22.86,22s,4581.46,4577.78,-3.68,3.68,3.68,0.0,0.0,3.68,1,BASKET_CLOSE,STR CLOSE,,,3361.97,2361.97,Thursday,15,2026-08-27
1612,10977715,3654531,3654638,XAUUSD.u,SELL,STR S5,5,0.01,2026-08-27 15:34:13.723,2026-08-27 15:34:33.803,20.08,20s,4579.93,4577.81,-2.12,2.12,2.12,0.0,0.0,2.12,1,BASKET_CLOSE,STR CLOSE,,,3364.09,2364.09,Thursday,15,2026-08-27
1613,10977717,3654578,3654637,XAUUSD.u,SELL,STR S6,6,0.01,2026-08-27 15:34:21.853,2026-08-27 15:34:33.688,11.84,11s,4578.4,4577.82,-0.58,0.58,0.58,0.0,0.0,0.58,1,BASKET_CLOSE,STR CLOSE,,,3364.67,2364.67,Thursday,15,2026-08-27
1614,10978061,3654677,3655299,XAUUSD.u,SELL,STR S1,1,0.01,2026-08-27 15:34:47.803,2026-08-27 15:41:56.690,428.89,7m 8s,4576.82,4575.48,-1.34,1.34,1.34,0.0,0.0,1.34,1,TRAILING_STOP,[sl 4575.48],4575.48,0.0,3366.01,2366.01,Thursday,15,2026-08-27
1615,10978063,3654760,3655960,XAUUSD.u,SELL,STR S2,2,0.01,2026-08-27 15:35:02.575,2026-08-27 15:47:57.874,775.3,12m 55s,4575.29,4572.37,-2.92,2.92,2.92,0.0,0.0,2.92,1,BASKET_CLOSE,STR CLOSE,,,3368.93,2368.93,Thursday,15,2026-08-27
1616,10978060,3654827,3655592,XAUUSD.u,BUY,STR B1,1,0.01,2026-08-27 15:35:47.280,2026-08-27 15:44:26.773,519.49,8m 39s,4579.88,4580.58,0.7,0.7,0.7,0.0,0.0,0.7,1,TRAILING_STOP,[sl 4580.58],4580.58,0.0,3369.63,2369.63,Thursday,15,2026-08-27
1617,10978844,3655677,3655959,XAUUSD.u,SELL,STR S1,1,0.01,2026-08-27 15:45:14.544,2026-08-27 15:47:57.759,163.22,2m 43s,4576.82,4572.06,-4.76,4.76,4.76,0.0,0.0,4.76,1,BASKET_CLOSE,STR CLOSE,,,3374.39,2374.39,Thursday,15,2026-08-27
1618,10979007,3655849,3655958,XAUUSD.u,SELL,STR S3,3,0.01,2026-08-27 15:46:50.766,2026-08-27 15:47:57.643,66.88,1m 6s,4573.76,4572.03,-1.73,1.73,1.73,0.0,0.0,1.73,1,BASKET_CLOSE,STR CLOSE,,,3376.12,2376.12,Thursday,15,2026-08-27
1619,10979451,3656003,3656116,XAUUSD.u,SELL,STR S1,1,0.01,2026-08-27 15:48:21.045,2026-08-27 15:48:34.932,13.89,13s,4571.0,4567.81,-3.19,3.19,3.19,0.0,0.0,3.19,1,BASKET_CLOSE,STR CLOSE,,,3379.31,2379.31,Thursday,15,2026-08-27
1620,10979454,3656049,3656115,XAUUSD.u,SELL,STR S2,2,0.01,2026-08-27 15:48:29.626,2026-08-27 15:48:34.818,5.19,5s,4569.48,4567.88,-1.6,1.6,1.6,0.0,0.0,1.6,1,BASKET_CLOSE,STR CLOSE,,,3380.91,2380.91,Thursday,15,2026-08-27
1621,10979456,3656084,3656113,XAUUSD.u,SELL,STR S3,3,0.01,2026-08-27 15:48:30.388,2026-08-27 15:48:34.702,4.31,4s,4567.96,4567.94,-0.02,0.02,0.02,0.0,0.0,0.02,1,BASKET_CLOSE,STR CLOSE,,,3380.93,2380.93,Thursday,15,2026-08-27
1622,10979644,3656143,3656398,XAUUSD.u,BUY,STR B1,1,0.01,2026-08-27 15:48:43.537,2026-08-27 15:49:33.537,50.0,50s,4569.04,4574.68,5.64,5.64,5.64,0.0,0.0,5.64,1,BASKET_CLOSE,STR CLOSE,,,3386.57,2386.57,Thursday,15,2026-08-27
1623,10979645,3656157,3656397,XAUUSD.u,SELL,STR S1,1,0.01,2026-08-27 15:48:49.789,2026-08-27 15:49:33.418,43.63,43s,4566.0,4574.65,8.65,-8.65,-8.65,0.0,0.0,-8.65,0,BASKET_CLOSE,STR CLOSE,,,3377.92,2377.92,Thursday,15,2026-08-27
1624,10979646,3656203,3656395,XAUUSD.u,BUY,STR B2,2,0.01,2026-08-27 15:49:01.709,2026-08-27 15:49:33.304,31.59,31s,4570.56,4574.64,4.08,4.08,4.08,0.0,0.0,4.08,1,BASKET_CLOSE,STR CLOSE,,,3382.0,2382.0,Thursday,15,2026-08-27
1625,10979653,3656217,3656388,XAUUSD.u,BUY,STR B3,3,0.01,2026-08-27 15:49:13.393,2026-08-27 15:49:33.191,19.8,19s,4572.08,4574.74,2.66,2.66,2.66,0.0,0.0,2.66,1,BASKET_CLOSE,STR CLOSE,,,3384.66,2384.66,Thursday,15,2026-08-27
1626,10979655,3656353,3656387,XAUUSD.u,BUY,STR B4,4,0.01,2026-08-27 15:49:22.978,2026-08-27 15:49:33.071,10.09,10s,4573.6,4574.74,1.14,1.14,1.14,0.0,0.0,1.14,1,BASKET_CLOSE,STR CLOSE,,,3385.8,2385.8,Thursday,15,2026-08-27
1627,10979657,3656385,3656386,XAUUSD.u,BUY,STR B5,5,0.01,2026-08-27 15:49:31.673,2026-08-27 15:49:32.955,1.28,1s,4575.12,4574.55,-0.57,-0.57,-0.57,0.0,0.0,-0.57,0,BASKET_CLOSE,STR CLOSE,,,3385.23,2385.23,Thursday,15,2026-08-27
1628,10979951,3656452,3656554,XAUUSD.u,BUY,STR B1,1,0.01,2026-08-27 15:49:55.486,2026-08-27 15:50:50.311,54.83,54s,4576.46,4579.29,2.83,2.83,2.83,0.0,0.0,2.83,1,BASKET_CLOSE,STR CLOSE,,,3388.06,2388.06,Thursday,15,2026-08-27
1629,10979953,3656466,3656552,XAUUSD.u,BUY,STR B2,2,0.01,2026-08-27 15:50:02.863,2026-08-27 15:50:50.194,47.33,47s,4577.98,4579.58,1.6,1.6,1.6,0.0,0.0,1.6,1,BASKET_CLOSE,STR CLOSE,,,3389.66,2389.66,Thursday,15,2026-08-27
1630,10979955,3656546,3656551,XAUUSD.u,BUY,STR B3,3,0.01,2026-08-27 15:50:45.049,2026-08-27 15:50:50.080,5.03,5s,4579.5,4579.43,-0.07,-0.07,-0.07,0.0,0.0,-0.07,0,BASKET_CLOSE,STR CLOSE,,,3389.59,2389.59,Thursday,15,2026-08-27
1631,10980157,3656580,3657213,XAUUSD.u,BUY,STR B1,1,0.01,2026-08-27 15:50:58.477,2026-08-27 15:58:18.625,440.15,7m 20s,4581.0,4573.1,-7.9,-7.9,-7.9,0.0,0.0,-7.9,0,BASKET_CLOSE,STR CLOSE,,,3381.69,2381.69,Thursday,15,2026-08-27
1632,10980158,3656697,3656944,XAUUSD.u,SELL,STR S1,1,0.01,2026-08-27 15:53:07.285,2026-08-27 15:54:40.681,93.4,1m 33s,4577.94,4572.18,-5.76,5.76,5.76,0.0,0.0,5.76,1,TRAILING_STOP,[sl 4572.18],4572.18,0.0,3387.45,2387.45,Thursday,15,2026-08-27
1633,10980160,3656711,3656945,XAUUSD.u,SELL,STR S2,2,0.01,2026-08-27 15:53:42.191,2026-08-27 15:54:40.681,58.49,58s,4576.41,4572.18,-4.23,4.23,4.23,0.0,0.0,4.23,1,TRAILING_STOP,[sl 4572.18],4572.18,0.0,3391.68,2391.68,Thursday,15,2026-08-27
1634,10980163,3656759,3657136,XAUUSD.u,SELL,STR S3,3,0.01,2026-08-27 15:53:45.712,2026-08-27 15:55:42.614,116.9,1m 56s,4574.88,4573.7,-1.18,1.18,1.18,0.0,0.0,1.18,1,TRAILING_STOP,[sl 4573.70],4573.7,0.0,3392.86,2392.86,Thursday,15,2026-08-27
1635,10980165,3656803,3657212,XAUUSD.u,SELL,STR S4,4,0.01,2026-08-27 15:53:57.733,2026-08-27 15:58:18.513,260.78,4m 20s,4573.35,4573.06,-0.29,0.29,0.29,0.0,0.0,0.29,1,BASKET_CLOSE,STR CLOSE,,,3393.15,2393.15,Thursday,15,2026-08-27
1636,10980167,3656905,3657211,XAUUSD.u,SELL,STR S5,5,0.01,2026-08-27 15:54:22.471,2026-08-27 15:58:18.400,235.93,3m 55s,4571.82,4573.06,1.24,-1.24,-1.24,0.0,0.0,-1.24,0,BASKET_CLOSE,STR CLOSE,,,3391.91,2391.91,Thursday,15,2026-08-27
1637,10980801,3657168,3657210,XAUUSD.u,SELL,STR S3,3,0.01,2026-08-27 15:56:44.618,2026-08-27 15:58:18.287,93.67,1m 33s,4574.88,4573.09,-1.79,1.79,1.79,0.0,0.0,1.79,1,BASKET_CLOSE,STR CLOSE,,,3393.7,2393.7,Thursday,15,2026-08-27
1638,10980853,3657233,3659094,XAUUSD.u,SELL,STR S1,1,0.01,2026-08-27 15:59:03.076,2026-08-27 16:30:23.390,1880.31,31m 20s,4571.67,4584.02,12.35,-12.35,-12.35,0.0,0.0,-12.35,0,BASKET_CLOSE,STR CLOSE,,,3381.35,2381.35,Thursday,15,2026-08-27
1639,10980855,3657281,3659092,XAUUSD.u,SELL,STR S2,2,0.01,2026-08-27 16:00:30.791,2026-08-27 16:30:23.278,1792.49,29m 52s,4570.15,4584.07,13.92,-13.92,-13.92,0.0,0.0,-13.92,0,BASKET_CLOSE,STR CLOSE,,,3367.43,2367.43,Thursday,16,2026-08-27
1640,10980857,3657583,3659091,XAUUSD.u,SELL,STR S3,3,0.01,2026-08-27 16:03:42.032,2026-08-27 16:30:23.165,1601.13,26m 41s,4568.63,4584.08,15.45,-15.45,-15.45,0.0,0.0,-15.45,0,BASKET_CLOSE,STR CLOSE,,,3351.98,2351.98,Thursday,16,2026-08-27
1641,10980852,3657645,3657877,XAUUSD.u,BUY,STR B1,1,0.01,2026-08-27 16:04:24.318,2026-08-27 16:06:13.662,109.34,1m 49s,4574.71,4576.21,1.5,1.5,1.5,0.0,0.0,1.5,1,TRAILING_STOP,[sl 4576.21],4576.21,0.0,3353.48,2353.48,Thursday,16,2026-08-27
1642,10980854,3657699,3658319,XAUUSD.u,BUY,STR B2,2,0.01,2026-08-27 16:04:32.164,2026-08-27 16:17:51.749,799.59,13m 19s,4576.23,4580.21,3.98,3.98,3.98,0.0,0.0,3.98,1,TRAILING_STOP,[sl 4580.21],4580.21,0.0,3357.46,2357.46,Thursday,16,2026-08-27
1643,10980856,3657783,3658433,XAUUSD.u,BUY,STR B3,3,0.01,2026-08-27 16:05:10.126,2026-08-27 16:19:33.865,863.74,14m 23s,4577.75,4580.96,3.21,3.21,3.21,0.0,0.0,3.21,1,TRAILING_STOP,[sl 4580.96],4580.96,0.0,3360.67,2360.67,Thursday,16,2026-08-27
1644,10980858,3657814,3658458,XAUUSD.u,BUY,STR B4,4,0.01,2026-08-27 16:05:35.601,2026-08-27 16:19:52.765,857.16,14m 17s,4579.27,4579.42,0.15,0.15,0.15,0.0,0.0,0.15,1,TRAILING_STOP,[sl 4579.42],4579.42,0.0,3360.82,2360.82,Thursday,16,2026-08-27
1645,10981607,3657941,3658032,XAUUSD.u,BUY,STR B1,1,0.01,2026-08-27 16:07:20.622,2026-08-27 16:09:59.579,158.96,2m 38s,4574.71,4574.84,0.13,0.13,0.13,0.0,0.0,0.13,1,TRAILING_STOP,[sl 4574.84],4574.84,0.0,3360.95,2360.95,Thursday,16,2026-08-27
1646,10981806,3658110,3658320,XAUUSD.u,BUY,STR B1,1,0.01,2026-08-27 16:12:59.562,2026-08-27 16:17:51.749,292.19,4m 52s,4574.71,4580.21,5.5,5.5,5.5,0.0,0.0,5.5,1,TRAILING_STOP,[sl 4580.21],4580.21,0.0,3366.45,2366.45,Thursday,16,2026-08-27
1647,10980860,3658297,3658694,XAUUSD.u,BUY,STR B5,5,0.01,2026-08-27 16:17:38.583,2026-08-27 16:24:07.888,389.31,6m 29s,4580.79,4580.97,0.18,0.18,0.18,0.0,0.0,0.18,1,TRAILING_STOP,[sl 4580.97],4580.97,0.0,3366.63,2366.63,Thursday,16,2026-08-27
1648,10980862,3658400,3659090,XAUUSD.u,BUY,STR B6,6,0.01,2026-08-27 16:19:08.918,2026-08-27 16:30:23.051,674.13,11m 14s,4582.31,4584.04,1.73,1.73,1.73,0.0,0.0,1.73,1,BASKET_CLOSE,STR CLOSE,,,3368.36,2368.36,Thursday,16,2026-08-27
1649,10982413,3658712,3659088,XAUUSD.u,BUY,STR B4,4,0.01,2026-08-27 16:24:21.246,2026-08-27 16:30:22.826,361.58,6m 1s,4579.27,4584.1,4.83,4.83,4.83,0.0,0.0,4.83,1,BASKET_CLOSE,STR CLOSE,,,3373.19,2373.19,Thursday,16,2026-08-27
1650,10982499,3658826,3659087,XAUUSD.u,BUY,STR B3,3,0.01,2026-08-27 16:24:53.715,2026-08-27 16:30:22.712,329.0,5m 28s,4577.75,4584.1,6.35,6.35,6.35,0.0,0.0,6.35,1,BASKET_CLOSE,STR CLOSE,,,3379.54,2379.54,Thursday,16,2026-08-27
1651,10982541,3658837,3659086,XAUUSD.u,BUY,STR B2,2,0.01,2026-08-27 16:25:11.465,2026-08-27 16:30:22.598,311.13,5m 11s,4576.23,4584.11,7.88,7.88,7.88,0.0,0.0,7.88,1,BASKET_CLOSE,STR CLOSE,,,3387.42,2387.42,Thursday,16,2026-08-27
1652,10982572,3658867,3659085,XAUUSD.u,BUY,STR B1,1,0.01,2026-08-27 16:25:38.971,2026-08-27 16:30:22.486,283.51,4m 43s,4574.71,4584.03,9.32,9.32,9.32,0.0,0.0,9.32,1,BASKET_CLOSE,STR CLOSE,,,3396.74,2396.74,Thursday,16,2026-08-27
1653,10982400,3658989,3659089,XAUUSD.u,BUY,STR B5,5,0.01,2026-08-27 16:29:37.910,2026-08-27 16:30:22.939,45.03,45s,4580.79,4584.1,3.31,3.31,3.31,0.0,0.0,3.31,1,BASKET_CLOSE,STR CLOSE,,,3400.05,2400.05,Thursday,16,2026-08-27
1654,10982819,3659233,3659663,XAUUSD.u,BUY,STR B1,1,0.01,2026-08-27 16:34:21.255,2026-08-27 16:38:00.463,219.21,3m 39s,4585.76,4589.55,3.79,3.79,3.79,0.0,0.0,3.79,1,TRAILING_STOP,[sl 4589.55],4589.55,0.0,3403.84,2403.84,Thursday,16,2026-08-27
1655,10982821,3659285,3659753,XAUUSD.u,BUY,STR B2,2,0.01,2026-08-27 16:35:03.890,2026-08-27 16:40:20.469,316.58,5m 16s,4587.29,4589.88,2.59,2.59,2.59,0.0,0.0,2.59,1,BASKET_CLOSE,STR CLOSE,,,3406.43,2406.43,Thursday,16,2026-08-27
1656,10982823,3659423,3659752,XAUUSD.u,BUY,STR B3,3,0.01,2026-08-27 16:36:01.700,2026-08-27 16:40:20.357,258.66,4m 18s,4588.82,4589.86,1.04,1.04,1.04,0.0,0.0,1.04,1,BASKET_CLOSE,STR CLOSE,,,3407.47,2407.47,Thursday,16,2026-08-27
1657,10982825,3659508,3659751,XAUUSD.u,BUY,STR B4,4,0.01,2026-08-27 16:36:21.611,2026-08-27 16:40:20.243,238.63,3m 58s,4590.35,4589.88,-0.47,-0.47,-0.47,0.0,0.0,-0.47,0,BASKET_CLOSE,STR CLOSE,,,3407.0,2407.0,Thursday,16,2026-08-27
1658,10983544,3659784,3660167,XAUUSD.u,SELL,STR S1,1,0.01,2026-08-27 16:41:00.838,2026-08-27 16:44:14.931,194.09,3m 14s,4588.27,4597.03,8.76,-8.76,-8.76,0.0,0.0,-8.76,0,BASKET_CLOSE,STR CLOSE,,,3398.24,2398.24,Thursday,16,2026-08-27
1659,10983543,3659934,3660168,XAUUSD.u,BUY,STR B1,1,0.01,2026-08-27 16:43:22.887,2026-08-27 16:44:15.044,52.16,52s,4591.33,4597.07,5.74,5.74,5.74,0.0,0.0,5.74,1,BASKET_CLOSE,STR CLOSE,,,3403.98,2403.98,Thursday,16,2026-08-27
1660,10983545,3659975,3660166,XAUUSD.u,BUY,STR B2,2,0.01,2026-08-27 16:43:31.174,2026-08-27 16:44:14.818,43.64,43s,4592.86,4597.02,4.16,4.16,4.16,0.0,0.0,4.16,1,BASKET_CLOSE,STR CLOSE,,,3408.14,2408.14,Thursday,16,2026-08-27
1661,10983547,3660005,3660164,XAUUSD.u,BUY,STR B3,3,0.01,2026-08-27 16:43:31.189,2026-08-27 16:44:14.705,43.52,43s,4594.39,4596.99,2.6,2.6,2.6,0.0,0.0,2.6,1,BASKET_CLOSE,STR CLOSE,,,3410.74,2410.74,Thursday,16,2026-08-27
1662,10983549,3660123,3660163,XAUUSD.u,BUY,STR B4,4,0.01,2026-08-27 16:44:02.330,2026-08-27 16:44:14.593,12.26,12s,4595.92,4596.95,1.03,1.03,1.03,0.0,0.0,1.03,1,BASKET_CLOSE,STR CLOSE,,,3411.77,2411.77,Thursday,16,2026-08-27
1663,10983552,3660157,3660162,XAUUSD.u,BUY,STR B5,5,0.01,2026-08-27 16:44:11.797,2026-08-27 16:44:14.480,2.68,2s,4597.45,4596.95,-0.5,-0.5,-0.5,0.0,0.0,-0.5,0,BASKET_CLOSE,STR CLOSE,,,3411.27,2411.27,Thursday,16,2026-08-27
1664,10984009,3660195,3660825,XAUUSD.u,SELL,STR S1,1,0.01,2026-08-27 16:44:57.165,2026-08-27 16:55:38.228,641.06,10m 41s,4594.9,4588.48,-6.42,6.42,6.42,0.0,0.0,6.42,1,BASKET_CLOSE,STR CLOSE,,,3417.69,2417.69,Thursday,16,2026-08-27
1665,10984008,3660310,3660826,XAUUSD.u,BUY,STR B1,1,0.01,2026-08-27 16:45:57.816,2026-08-27 16:55:38.341,580.52,9m 40s,4597.96,4588.52,-9.44,-9.44,-9.44,0.0,0.0,-9.44,0,BASKET_CLOSE,STR CLOSE,,,3408.25,2408.25,Thursday,16,2026-08-27
1666,10984011,3660387,3660824,XAUUSD.u,SELL,STR S2,2,0.01,2026-08-27 16:47:21.173,2026-08-27 16:55:38.109,496.94,8m 16s,4593.37,4588.48,-4.89,4.89,4.89,0.0,0.0,4.89,1,BASKET_CLOSE,STR CLOSE,,,3413.14,2413.14,Thursday,16,2026-08-27
1667,10984013,3660541,3660823,XAUUSD.u,SELL,STR S3,3,0.01,2026-08-27 16:51:21.523,2026-08-27 16:55:37.996,256.47,4m 16s,4591.84,4588.54,-3.3,3.3,3.3,0.0,0.0,3.3,1,BASKET_CLOSE,STR CLOSE,,,3416.44,2416.44,Thursday,16,2026-08-27
1668,10984015,3660720,3660821,XAUUSD.u,SELL,STR S4,4,0.01,2026-08-27 16:55:18.198,2026-08-27 16:55:37.883,19.68,19s,4590.31,4588.53,-1.78,1.78,1.78,0.0,0.0,1.78,1,BASKET_CLOSE,STR CLOSE,,,3418.22,2418.22,Thursday,16,2026-08-27
1669,10984018,3660815,3660819,XAUUSD.u,SELL,STR S5,5,0.01,2026-08-27 16:55:35.176,2026-08-27 16:55:37.762,2.59,2s,4588.78,4588.57,-0.21,0.21,0.21,0.0,0.0,0.21,1,BASKET_CLOSE,STR CLOSE,,,3418.43,2418.43,Thursday,16,2026-08-27
1670,10984727,3660866,3660989,XAUUSD.u,BUY,STR B1,1,0.01,2026-08-27 16:56:53.260,2026-08-27 17:00:58.394,245.13,4m 5s,4590.86,4593.53,2.67,2.67,2.67,0.0,0.0,2.67,1,BASKET_CLOSE,STR CLOSE,,,3421.1,2421.1,Thursday,16,2026-08-27
1671,10984729,3660890,3660987,XAUUSD.u,BUY,STR B2,2,0.01,2026-08-27 16:57:25.345,2026-08-27 17:00:58.281,212.94,3m 32s,4592.39,4593.57,1.18,1.18,1.18,0.0,0.0,1.18,1,BASKET_CLOSE,STR CLOSE,,,3422.28,2422.28,Thursday,16,2026-08-27
1672,10984731,3660977,3660986,XAUUSD.u,BUY,STR B3,3,0.01,2026-08-27 17:00:54.911,2026-08-27 17:00:58.168,3.26,3s,4593.92,4593.57,-0.35,-0.35,-0.35,0.0,0.0,-0.35,0,BASKET_CLOSE,STR CLOSE,,,3421.93,2421.93,Thursday,17,2026-08-27
1673,10984956,3661051,3662276,XAUUSD.u,BUY,STR B1,1,0.01,2026-08-27 17:01:59.397,2026-08-27 17:33:29.583,1890.19,31m 30s,4595.26,4595.62,0.36,0.36,0.36,0.0,0.0,0.36,1,TRAILING_STOP,[sl 4595.62],4595.62,0.0,3422.29,2422.29,Thursday,17,2026-08-27
1674,10984957,3661196,3661961,XAUUSD.u,SELL,STR S1,1,0.01,2026-08-27 17:07:42.117,2026-08-27 17:27:33.464,1191.35,19m 51s,4592.2,4591.97,-0.23,0.23,0.23,0.0,0.0,0.23,1,TRAILING_STOP,[sl 4591.97],4591.97,0.0,3422.52,2422.52,Thursday,17,2026-08-27
1675,10984958,3661452,3662644,XAUUSD.u,BUY,STR B2,2,0.01,2026-08-27 17:16:01.706,2026-08-27 17:40:21.675,1459.97,24m 19s,4596.79,4600.62,3.83,3.83,3.83,0.0,0.0,3.83,1,TRAILING_STOP,[sl 4600.62],4600.62,0.0,3426.35,2426.35,Thursday,17,2026-08-27
1676,10986021,3661964,3662866,XAUUSD.u,SELL,STR S1,1,0.01,2026-08-27 17:27:38.207,2026-08-27 17:42:59.804,921.6,15m 21s,4592.2,4605.53,13.33,-13.33,-13.33,0.0,0.0,-13.33,0,BASKET_CLOSE,STR CLOSE,,,3413.02,2413.02,Thursday,17,2026-08-27
1677,10986364,3662351,3662865,XAUUSD.u,BUY,STR B3,3,0.01,2026-08-27 17:35:35.048,2026-08-27 17:42:59.690,444.64,7m 24s,4598.32,4605.61,7.29,7.29,7.29,0.0,0.0,7.29,1,BASKET_CLOSE,STR CLOSE,,,3420.31,2420.31,Thursday,17,2026-08-27
1678,10984962,3662520,3662870,XAUUSD.u,BUY,STR B4,4,0.01,2026-08-27 17:40:11.919,2026-08-27 17:43:00.261,168.34,2m 48s,4599.85,4605.34,5.49,5.49,5.49,0.0,0.0,5.49,1,BASKET_CLOSE,STR CLOSE,,,3425.8,2425.8,Thursday,17,2026-08-27
1679,10984964,3662543,3662869,XAUUSD.u,BUY,STR B5,5,0.01,2026-08-27 17:40:11.945,2026-08-27 17:43:00.147,168.2,2m 48s,4601.38,4605.45,4.07,4.07,4.07,0.0,0.0,4.07,1,BASKET_CLOSE,STR CLOSE,,,3429.87,2429.87,Thursday,17,2026-08-27
1680,10984966,3662736,3662868,XAUUSD.u,BUY,STR B6,6,0.01,2026-08-27 17:41:30.232,2026-08-27 17:43:00.034,89.8,1m 29s,4602.91,4605.45,2.54,2.54,2.54,0.0,0.0,2.54,1,BASKET_CLOSE,STR CLOSE,,,3432.41,2432.41,Thursday,17,2026-08-27
1681,10984968,3662836,3662867,XAUUSD.u,BUY,STR B7,7,0.04,2026-08-27 17:42:54.614,2026-08-27 17:42:59.918,5.3,5s,4604.44,4605.45,1.01,1.01,4.04,0.0,0.0,4.04,1,BASKET_CLOSE,STR CLOSE,,,3436.45,2436.45,Thursday,17,2026-08-27
1682,10986877,3662883,3663028,XAUUSD.u,SELL,STR S1,1,0.01,2026-08-27 17:43:28.123,2026-08-27 17:47:20.127,232.0,3m 52s,4603.89,4603.32,-0.57,0.57,0.57,0.0,0.0,0.57,1,TRAILING_STOP,[sl 4603.32],4603.32,0.0,3437.02,2437.02,Thursday,17,2026-08-27
1683,10986879,3662912,3670369,XAUUSD.u,SELL,STR S2,2,0.01,2026-08-27 17:44:01.723,2026-08-27 21:03:04.651,11942.93,3h 19m 2s,4602.35,4616.52,14.17,-14.17,-14.17,0.0,0.0,-14.17,0,BASKET_CLOSE,STR CLOSE,,,3422.85,2422.85,Thursday,17,2026-08-27
1684,10986881,3662980,3670368,XAUUSD.u,SELL,STR S3,3,0.01,2026-08-27 17:45:30.638,2026-08-27 21:03:04.536,11853.9,3h 17m 33s,4600.81,4616.52,15.71,-15.71,-15.71,0.0,0.0,-15.71,0,BASKET_CLOSE,STR CLOSE,,,3407.14,2407.14,Thursday,17,2026-08-27
1685,10987110,3663055,3670364,XAUUSD.u,SELL,STR S1,1,0.01,2026-08-27 17:47:46.209,2026-08-27 21:03:04.189,11717.98,3h 15m 17s,4603.89,4616.55,12.66,-12.66,-12.66,0.0,0.0,-12.66,0,BASKET_CLOSE,STR CLOSE,,,3394.48,2394.48,Thursday,17,2026-08-27
1686,10986876,3663225,3663779,XAUUSD.u,BUY,STR B1,1,0.01,2026-08-27 17:53:22.885,2026-08-27 18:01:51.089,508.2,8m 28s,4606.97,4611.09,4.12,4.12,4.12,0.0,0.0,4.12,1,TRAILING_STOP,[sl 4611.09],4611.09,0.0,3398.6,2398.6,Thursday,17,2026-08-27
1687,10986878,3663308,3663801,XAUUSD.u,BUY,STR B2,2,0.01,2026-08-27 17:54:03.263,2026-08-27 18:02:26.355,503.09,8m 23s,4608.51,4609.55,1.04,1.04,1.04,0.0,0.0,1.04,1,TRAILING_STOP,[sl 4609.55],4609.55,0.0,3399.64,2399.64,Thursday,17,2026-08-27
1688,10986880,3663387,3665302,XAUUSD.u,BUY,STR B3,3,0.01,2026-08-27 17:55:12.387,2026-08-27 18:47:21.836,3129.45,52m 9s,4610.05,4611.56,1.51,1.51,1.51,0.0,0.0,1.51,1,TRAILING_STOP,[sl 4611.56],4611.56,0.0,3401.15,2401.15,Thursday,17,2026-08-27
1689,10986882,3663713,3665661,XAUUSD.u,BUY,STR B4,4,0.01,2026-08-27 18:00:57.442,2026-08-27 18:55:30.812,3273.37,54m 33s,4611.59,4615.23,3.64,3.64,3.64,0.0,0.0,3.64,1,TRAILING_STOP,[sl 4615.23],4615.23,0.0,3404.79,2404.79,Thursday,18,2026-08-27
1690,10988060,3663957,3665035,XAUUSD.u,BUY,STR B2,2,0.01,2026-08-27 18:06:03.774,2026-08-27 18:38:20.169,1936.39,32m 16s,4608.51,4609.83,1.32,1.32,1.32,0.0,0.0,1.32,1,TRAILING_STOP,[sl 4609.83],4609.83,0.0,3406.11,2406.11,Thursday,18,2026-08-27
1691,10988095,3663983,3665031,XAUUSD.u,BUY,STR B1,1,0.01,2026-08-27 18:07:16.195,2026-08-27 18:38:06.715,1850.52,30m 50s,4606.97,4611.37,4.4,4.4,4.4,0.0,0.0,4.4,1,TRAILING_STOP,[sl 4611.37],4611.37,0.0,3410.51,2410.51,Thursday,18,2026-08-27
1692,10989221,3665044,3665279,XAUUSD.u,BUY,STR B2,2,0.01,2026-08-27 18:38:38.260,2026-08-27 18:46:32.292,474.03,7m 54s,4608.51,4613.1,4.59,4.59,4.59,0.0,0.0,4.59,1,TRAILING_STOP,[sl 4613.10],4613.1,0.0,3415.1,2415.1,Thursday,18,2026-08-27
1693,10986884,3665178,3665696,XAUUSD.u,BUY,STR B5,5,0.01,2026-08-27 18:45:30.800,2026-08-27 18:55:53.470,622.67,10m 22s,4613.13,4613.69,0.56,0.56,0.56,0.0,0.0,0.56,1,TRAILING_STOP,[sl 4613.69],4613.69,0.0,3415.66,2415.66,Thursday,18,2026-08-27
1694,10986886,3665421,3670367,XAUUSD.u,BUY,STR B6,6,0.01,2026-08-27 18:52:33.962,2026-08-27 21:03:04.419,7830.46,2h 10m 30s,4614.67,4616.39,1.72,1.72,1.72,0.0,0.0,1.72,1,BASKET_CLOSE,STR CLOSE,,,3417.38,2417.38,Thursday,18,2026-08-27
1695,10986888,3665543,3670365,XAUUSD.u,BUY,STR B7,7,0.04,2026-08-27 18:53:32.695,2026-08-27 21:03:04.305,7771.61,2h 9m 31s,4616.21,4616.39,0.18,0.18,0.72,0.0,0.0,0.72,1,BASKET_CLOSE,STR CLOSE,,,3418.1,2418.1,Thursday,18,2026-08-27
1696,10989894,3665705,3665842,XAUUSD.u,BUY,STR B5,5,0.01,2026-08-27 18:56:14.514,2026-08-27 19:02:28.640,374.13,6m 14s,4613.13,4613.55,0.42,0.42,0.42,0.0,0.0,0.42,1,TRAILING_STOP,[sl 4613.55],4613.55,0.0,3418.52,2418.52,Thursday,18,2026-08-27
1697,10990043,3665907,3670363,XAUUSD.u,BUY,STR B5,5,0.01,2026-08-27 19:02:44.012,2026-08-27 21:03:04.075,7220.06,2h 0m 20s,4613.13,4616.43,3.3,3.3,3.3,0.0,0.0,3.3,1,BASKET_CLOSE,STR CLOSE,,,3421.82,2421.82,Thursday,19,2026-08-27
1698,10990189,3666026,3670361,XAUUSD.u,BUY,STR B4,4,0.01,2026-08-27 19:06:39.699,2026-08-27 21:03:03.959,6984.26,1h 56m 24s,4611.59,4616.39,4.8,4.8,4.8,0.0,0.0,4.8,1,BASKET_CLOSE,STR CLOSE,,,3426.62,2426.62,Thursday,19,2026-08-27
1699,10990353,3666276,3667252,XAUUSD.u,BUY,STR B3,3,0.01,2026-08-27 19:11:03.086,2026-08-27 19:44:48.462,2025.38,33m 45s,4610.05,4611.33,1.28,1.28,1.28,0.0,0.0,1.28,1,TRAILING_STOP,[sl 4611.33],4611.33,0.0,3427.9,2427.9,Thursday,19,2026-08-27
1700,10990750,3666535,3666792,XAUUSD.u,BUY,STR B2,2,0.01,2026-08-27 19:18:02.628,2026-08-27 19:29:03.078,660.45,11m 0s,4608.51,4609.02,0.51,0.51,0.51,0.0,0.0,0.51,1,TRAILING_STOP,[sl 4609.02],4609.02,0.0,3428.41,2428.41,Thursday,19,2026-08-27
1701,10991240,3667010,3667180,XAUUSD.u,BUY,STR B2,2,0.01,2026-08-27 19:37:16.196,2026-08-27 19:41:20.228,244.03,4m 4s,4608.51,4612.87,4.36,4.36,4.36,0.0,0.0,4.36,1,TRAILING_STOP,[sl 4612.87],4612.87,0.0,3432.77,2432.77,Thursday,19,2026-08-27
1702,10991509,3667271,3670360,XAUUSD.u,BUY,STR B3,3,0.01,2026-08-27 19:45:24.016,2026-08-27 21:03:03.845,4659.83,1h 17m 39s,4610.05,4616.62,6.57,6.57,6.57,0.0,0.0,6.57,1,BASKET_CLOSE,STR CLOSE,,,3439.34,2439.34,Thursday,19,2026-08-27
1703,10991685,3667447,3667567,XAUUSD.u,BUY,STR B1,1,0.01,2026-08-27 19:48:41.555,2026-08-27 19:51:29.668,168.11,2m 48s,4606.97,4607.26,0.29,0.29,0.29,0.0,0.0,0.29,1,TRAILING_STOP,[sl 4607.26],4607.26,0.0,3439.63,2439.63,Thursday,19,2026-08-27
1704,10991637,3667457,3670359,XAUUSD.u,BUY,STR B2,2,0.01,2026-08-27 19:49:17.154,2026-08-27 21:03:03.732,4426.58,1h 13m 46s,4608.51,4616.64,8.13,8.13,8.13,0.0,0.0,8.13,1,BASKET_CLOSE,STR CLOSE,,,3447.76,2447.76,Thursday,19,2026-08-27
1705,10991810,3667569,3670358,XAUUSD.u,BUY,STR B1,1,0.01,2026-08-27 19:51:31.352,2026-08-27 21:03:03.617,4292.27,1h 11m 32s,4606.97,4616.7,9.73,9.73,9.73,0.0,0.0,9.73,1,BASKET_CLOSE,STR CLOSE,,,3457.49,2457.49,Thursday,19,2026-08-27
1706,10994754,3670375,3670789,XAUUSD.u,SELL,STR S1,1,0.01,2026-08-27 21:03:11.187,2026-08-27 21:19:04.310,953.12,15m 53s,4614.45,4611.18,-3.27,3.27,3.27,0.0,0.0,3.27,1,TRAILING_STOP,[sl 4611.18],4611.18,0.0,3460.76,2460.76,Thursday,21,2026-08-27
1707,10994756,3670392,3670898,XAUUSD.u,SELL,STR S2,2,0.01,2026-08-27 21:05:06.448,2026-08-27 21:25:43.236,1236.79,20m 36s,4612.91,4607.82,-5.09,5.09,5.09,0.0,0.0,5.09,1,TRAILING_STOP,[sl 4607.82],4607.82,0.0,3465.85,2465.85,Thursday,21,2026-08-27
1708,10994753,3670492,3671807,XAUUSD.u,BUY,STR B1,1,0.01,2026-08-27 21:09:01.215,2026-08-27 21:55:22.680,2781.47,46m 21s,4617.53,4605.97,-11.56,-11.56,-11.56,0.0,0.0,-11.56,0,BASKET_CLOSE,STR CLOSE,,,3454.29,2454.29,Thursday,21,2026-08-27
1709,10994759,3670713,3670899,XAUUSD.u,SELL,STR S3,3,0.01,2026-08-27 21:17:20.398,2026-08-27 21:25:43.236,502.84,8m 22s,4611.37,4607.82,-3.55,3.55,3.55,0.0,0.0,3.55,1,TRAILING_STOP,[sl 4607.82],4607.82,0.0,3457.84,2457.84,Thursday,21,2026-08-27
1710,10994761,3670757,3670958,XAUUSD.u,SELL,STR S4,4,0.01,2026-08-27 21:18:04.606,2026-08-27 21:29:07.676,663.07,11m 3s,4609.83,4605.95,-3.88,3.88,3.88,0.0,0.0,3.88,1,TRAILING_STOP,[sl 4605.95],4605.95,0.0,3461.72,2461.72,Thursday,21,2026-08-27
1711,10994763,3670811,3671022,XAUUSD.u,SELL,STR S5,5,0.01,2026-08-27 21:20:54.395,2026-08-27 21:32:10.107,675.71,11m 15s,4608.29,4607.59,-0.7,0.7,0.7,0.0,0.0,0.7,1,TRAILING_STOP,[sl 4607.59],4607.59,0.0,3462.42,2462.42,Thursday,21,2026-08-27
1712,10994765,3670860,3671806,XAUUSD.u,SELL,STR S6,6,0.01,2026-08-27 21:22:09.873,2026-08-27 21:55:22.566,1992.69,33m 12s,4606.75,4606.07,-0.68,0.68,0.68,0.0,0.0,0.68,1,BASKET_CLOSE,STR CLOSE,,,3463.1,2463.1,Thursday,21,2026-08-27
1713,10994767,3670933,3671805,XAUUSD.u,SELL,STR S7,7,0.04,2026-08-27 21:27:44.249,2026-08-27 21:55:22.450,1658.2,27m 38s,4605.21,4605.89,0.68,-0.68,-2.72,0.0,0.0,-2.72,0,BASKET_CLOSE,STR CLOSE,,,3460.38,2460.38,Thursday,21,2026-08-27
1714,10995653,3671183,3671804,XAUUSD.u,SELL,STR S5,5,0.01,2026-08-27 21:37:46.711,2026-08-27 21:55:22.334,1055.62,17m 35s,4608.29,4605.89,-2.4,2.4,2.4,0.0,0.0,2.4,1,BASKET_CLOSE,STR CLOSE,,,3462.78,2462.78,Thursday,21,2026-08-27
1715,10995867,3671396,3671803,XAUUSD.u,SELL,STR S4,4,0.01,2026-08-27 21:41:45.580,2026-08-27 21:55:22.220,816.64,13m 36s,4609.83,4605.89,-3.94,3.94,3.94,0.0,0.0,3.94,1,BASKET_CLOSE,STR CLOSE,,,3466.72,2466.72,Thursday,21,2026-08-27
1716,10995964,3671583,3671802,XAUUSD.u,SELL,STR S3,3,0.01,2026-08-27 21:48:41.779,2026-08-27 21:55:22.106,400.33,6m 40s,4611.37,4605.79,-5.58,5.58,5.58,0.0,0.0,5.58,1,BASKET_CLOSE,STR CLOSE,,,3472.3,2472.3,Thursday,21,2026-08-27
1717,10996267,3671843,3673598,XAUUSD.u,BUY,STR B1,1,0.01,2026-08-27 21:57:02.197,2026-08-28 01:06:56.391,11394.19,3h 9m 54s,4607.94,4608.19,0.25,0.25,0.25,0.0,0.0,0.25,1,TRAILING_STOP,[sl 4608.19],4608.19,0.0,3472.55,2472.55,Thursday,21,2026-08-27
1718,10996269,3671861,3675376,XAUUSD.u,BUY,STR B2,2,0.01,2026-08-27 21:58:38.274,2026-08-28 02:18:06.379,15568.1,4h 19m 28s,4609.48,4594.3,-15.18,-15.18,-15.18,0.0,0.0,-15.18,0,BASKET_CLOSE,STR CLOSE,,,3457.37,2457.37,Thursday,21,2026-08-27
1719,10996268,3671970,3672798,XAUUSD.u,SELL,STR S1,1,0.01,2026-08-27 22:03:44.734,2026-08-27 22:58:47.109,3302.38,55m 2s,4604.86,4601.76,-3.1,3.1,3.1,0.0,0.0,3.1,1,TRAILING_STOP,[sl 4601.76],4601.76,0.0,3460.47,2460.47,Thursday,22,2026-08-27
1720,10996270,3672384,3673541,XAUUSD.u,SELL,STR S2,2,0.01,2026-08-27 22:25:49.747,2026-08-28 01:01:00.930,9311.18,2h 35m 11s,4603.32,4603.29,-0.03,0.03,0.03,0.0,0.0,0.03,1,TRAILING_STOP,[sl 4603.29],4603.29,0.0,3460.5,2460.5,Thursday,22,2026-08-27
1721,10996272,3672688,3674310,XAUUSD.u,SELL,STR S3,3,0.01,2026-08-27 22:52:45.902,2026-08-28 02:00:12.166,11246.26,3h 7m 26s,4601.78,4594.93,-6.85,6.85,6.85,0.0,0.0,6.85,1,TRAILING_STOP,[sl 4594.93],4594.93,0.0,3467.35,2467.35,Thursday,22,2026-08-27
1722,10996274,3672763,3674311,XAUUSD.u,SELL,STR S4,4,0.01,2026-08-27 22:55:14.975,2026-08-28 02:00:12.166,11097.19,3h 4m 57s,4600.24,4594.9,-5.34,5.34,5.34,0.0,0.0,5.34,1,TRAILING_STOP,[sl 4594.90],4594.9,0.0,3472.69,2472.69,Thursday,22,2026-08-27
1723,10996271,3673542,3675375,XAUUSD.u,BUY,STR B3,3,0.01,2026-08-28 01:01:00.930,2026-08-28 02:18:06.263,4625.33,1h 17m 5s,4611.02,4594.32,-16.7,-16.7,-16.7,0.0,0.0,-16.7,0,BASKET_CLOSE,STR CLOSE,,,3455.99,2455.99,Friday,1,2026-08-28
1724,10998138,3673694,3673940,XAUUSD.u,SELL,STR S1,1,0.01,2026-08-28 01:10:03.992,2026-08-28 01:23:33.664,809.67,13m 29s,4604.86,4603.34,-1.52,1.52,1.52,0.0,0.0,1.52,1,TRAILING_STOP,[sl 4603.34],4603.34,0.0,3457.51,2457.51,Friday,1,2026-08-28
1725,10998139,3673782,3674063,XAUUSD.u,SELL,STR S2,2,0.01,2026-08-28 01:11:47.821,2026-08-28 01:37:07.564,1519.74,25m 19s,4603.32,4601.96,-1.36,1.36,1.36,0.0,0.0,1.36,1,TRAILING_STOP,[sl 4601.96],4601.96,0.0,3458.87,2458.87,Friday,1,2026-08-28
1726,10996276,3674036,3674312,XAUUSD.u,SELL,STR S5,5,0.01,2026-08-28 01:35:07.472,2026-08-28 02:00:12.166,1504.69,25m 4s,4598.7,4594.86,-3.84,3.84,3.84,0.0,0.0,3.84,1,TRAILING_STOP,[sl 4594.86],4594.86,0.0,3462.71,2462.71,Friday,1,2026-08-28
1727,10996278,3674152,3674314,XAUUSD.u,SELL,STR S6,6,0.01,2026-08-28 01:47:10.464,2026-08-28 02:00:12.956,782.49,13m 2s,4597.16,4596.46,-0.7,0.7,0.7,0.0,0.0,0.7,1,TRAILING_STOP,[sl 4596.46],4596.46,0.0,3463.41,2463.41,Friday,1,2026-08-28
1728,10996280,3674186,3675374,XAUUSD.u,SELL,STR S7,7,0.04,2026-08-28 01:51:15.071,2026-08-28 02:18:06.147,1611.08,26m 51s,4595.62,4594.37,-1.25,1.25,5.0,0.0,0.0,5.0,1,BASKET_CLOSE,STR CLOSE,,,3468.41,2468.41,Friday,1,2026-08-28
1729,10996282,3674291,3675373,XAUUSD.u,SELL,STR S8,8,0.04,2026-08-28 02:00:02.857,2026-08-28 02:18:06.031,1083.17,18m 3s,4594.08,4594.37,0.29,-0.29,-1.16,0.0,0.0,-1.16,0,BASKET_CLOSE,STR CLOSE,,,3467.25,2467.25,Friday,2,2026-08-28
1730,10999054,3674369,3675372,XAUUSD.u,SELL,STR S6,6,0.01,2026-08-28 02:01:23.349,2026-08-28 02:18:05.915,1002.57,16m 42s,4597.16,4594.37,-2.79,2.79,2.79,0.0,0.0,2.79,1,BASKET_CLOSE,STR CLOSE,,,3470.04,2470.04,Friday,2,2026-08-28
1731,10999070,3674542,3675371,XAUUSD.u,SELL,STR S5,5,0.01,2026-08-28 02:04:07.874,2026-08-28 02:18:05.799,837.92,13m 57s,4598.7,4594.42,-4.28,4.28,4.28,0.0,0.0,4.28,1,BASKET_CLOSE,STR CLOSE,,,3474.32,2474.32,Friday,2,2026-08-28
1732,10999478,3674788,3675370,XAUUSD.u,SELL,STR S4,4,0.01,2026-08-28 02:10:13.874,2026-08-28 02:18:05.683,471.81,7m 51s,4600.24,4594.42,-5.82,5.82,5.82,0.0,0.0,5.82,1,BASKET_CLOSE,STR CLOSE,,,3480.14,2480.14,Friday,2,2026-08-28
1733,10999607,3674951,3675369,XAUUSD.u,SELL,STR S3,3,0.01,2026-08-28 02:11:28.389,2026-08-28 02:18:05.566,397.18,6m 37s,4601.78,4594.42,-7.36,7.36,7.36,0.0,0.0,7.36,1,BASKET_CLOSE,STR CLOSE,,,3487.5,2487.5,Friday,2,2026-08-28
1734,11000090,3675581,3676802,XAUUSD.u,SELL,STR S1,1,0.01,2026-08-28 02:20:22.452,2026-08-28 02:33:57.156,814.7,13m 34s,4593.01,4589.46,-3.55,3.55,3.55,0.0,0.0,3.55,1,TRAILING_STOP,[sl 4589.46],4589.46,0.0,3491.05,2491.05,Friday,2,2026-08-28
1735,11000092,3676095,3677054,XAUUSD.u,SELL,STR S2,2,0.01,2026-08-28 02:26:24.692,2026-08-28 02:42:51.098,986.41,16m 26s,4591.48,4591.07,-0.41,0.41,0.41,0.0,0.0,0.41,1,TRAILING_STOP,[sl 4591.07],4591.07,0.0,3491.46,2491.46,Friday,2,2026-08-28
1736,11000095,3676749,3677772,XAUUSD.u,SELL,STR S3,3,0.01,2026-08-28 02:33:49.615,2026-08-28 02:59:55.869,1566.25,26m 6s,4589.95,4588.88,-1.07,1.07,1.07,0.0,0.0,1.07,1,TRAILING_STOP,[sl 4588.88],4588.88,0.0,3492.53,2492.53,Friday,2,2026-08-28
1737,11000098,3676772,3682214,XAUUSD.u,SELL,STR S4,4,0.01,2026-08-28 02:33:50.104,2026-08-28 03:30:30.204,3400.1,56m 40s,4588.42,4587.07,-1.35,1.35,1.35,0.0,0.0,1.35,1,TRAILING_STOP,[sl 4587.07],4587.07,0.0,3493.88,2493.88,Friday,2,2026-08-28
1738,11000100,3677240,3682664,XAUUSD.u,SELL,STR S5,5,0.01,2026-08-28 02:48:00.696,2026-08-28 03:42:02.255,3241.56,54m 1s,4586.89,4580.01,-6.88,6.88,6.88,0.0,0.0,6.88,1,TRAILING_STOP,[sl 4580.01],4580.01,0.0,3500.76,2500.76,Friday,2,2026-08-28
1739,11002544,3677792,3677841,XAUUSD.u,SELL,STR S3,3,0.01,2026-08-28 03:00:03.761,2026-08-28 03:00:40.166,36.41,36s,4589.95,4589.75,-0.2,0.2,0.2,0.0,0.0,0.2,1,TRAILING_STOP,[sl 4589.75],4589.75,0.0,3500.96,2500.96,Friday,3,2026-08-28
1740,11002607,3677846,3677875,XAUUSD.u,SELL,STR S3,3,0.01,2026-08-28 03:00:46.328,2026-08-28 03:01:31.662,45.33,45s,4589.95,4589.62,-0.33,0.33,0.33,0.0,0.0,0.33,1,TRAILING_STOP,[sl 4589.62],4589.62,0.0,3501.29,2501.29,Friday,3,2026-08-28
1741,11002667,3677907,3682084,XAUUSD.u,SELL,STR S3,3,0.01,2026-08-28 03:01:55.166,2026-08-28 03:27:31.690,1536.52,25m 36s,4589.95,4586.71,-3.24,3.24,3.24,0.0,0.0,3.24,1,TRAILING_STOP,[sl 4586.71],4586.71,0.0,3504.53,2504.53,Friday,3,2026-08-28
1742,11002840,3678308,3682086,XAUUSD.u,SELL,STR S1,1,0.01,2026-08-28 03:06:11.258,2026-08-28 03:27:31.690,1280.43,21m 20s,4593.01,4586.71,-6.3,6.3,6.3,0.0,0.0,6.3,1,TRAILING_STOP,[sl 4586.71],4586.71,0.0,3510.83,2510.83,Friday,3,2026-08-28
1743,11000089,3678367,3678659,XAUUSD.u,BUY,STR B1,1,0.01,2026-08-28 03:07:37.163,2026-08-28 03:10:09.232,152.07,2m 32s,4596.07,4600.77,4.7,4.7,4.7,0.0,0.0,4.7,1,TRAILING_STOP,[sl 4600.77],4600.77,0.0,3515.53,2515.53,Friday,3,2026-08-28
1744,11000091,3678461,3678660,XAUUSD.u,BUY,STR B2,2,0.01,2026-08-28 03:08:40.497,2026-08-28 03:10:09.232,88.73,1m 28s,4597.6,4600.77,3.17,3.17,3.17,0.0,0.0,3.17,1,TRAILING_STOP,[sl 4600.77],4600.77,0.0,3518.7,2518.7,Friday,3,2026-08-28
1745,11000094,3678550,3678872,XAUUSD.u,BUY,STR B3,3,0.01,2026-08-28 03:09:38.170,2026-08-28 03:10:34.163,55.99,55s,4599.13,4599.23,0.1,0.1,0.1,0.0,0.0,0.1,1,TRAILING_STOP,[sl 4599.23],4599.23,0.0,3518.8,2518.8,Friday,3,2026-08-28
1746,11000096,3678631,3682989,XAUUSD.u,BUY,STR B4,4,0.01,2026-08-28 03:10:04.169,2026-08-28 03:53:47.793,2623.62,43m 43s,4600.66,4576.55,-24.11,-24.11,-24.11,0.0,0.0,-24.11,0,BASKET_CLOSE,STR CLOSE,,,3494.69,2494.69,Friday,3,2026-08-28
1747,11000099,3678652,3682988,XAUUSD.u,BUY,STR B5,5,0.01,2026-08-28 03:10:08.162,2026-08-28 03:53:47.672,2619.51,43m 39s,4602.19,4576.58,-25.61,-25.61,-25.61,0.0,0.0,-25.61,0,BASKET_CLOSE,STR CLOSE,,,3469.08,2469.08,Friday,3,2026-08-28
1748,11003687,3678900,3682982,XAUUSD.u,BUY,STR B3,3,0.01,2026-08-28 03:11:03.489,2026-08-28 03:53:47.209,2563.72,42m 43s,4599.13,4576.57,-22.56,-22.56,-22.56,0.0,0.0,-22.56,0,BASKET_CLOSE,STR CLOSE,,,3446.52,2446.52,Friday,3,2026-08-28
1749,11003733,3679033,3682980,XAUUSD.u,BUY,STR B2,2,0.01,2026-08-28 03:11:42.679,2026-08-28 03:53:47.095,2524.42,42m 4s,4597.6,4576.57,-21.03,-21.03,-21.03,0.0,0.0,-21.03,0,BASKET_CLOSE,STR CLOSE,,,3425.49,2425.49,Friday,3,2026-08-28
1750,11003954,3680359,3682977,XAUUSD.u,BUY,STR B1,1,0.01,2026-08-28 03:18:38.971,2026-08-28 03:53:46.980,2108.01,35m 8s,4596.07,4576.59,-19.48,-19.48,-19.48,0.0,0.0,-19.48,0,BASKET_CLOSE,STR CLOSE,,,3406.01,2406.01,Friday,3,2026-08-28
1751,11002816,3681511,3682085,XAUUSD.u,SELL,STR S2,2,0.01,2026-08-28 03:24:56.682,2026-08-28 03:27:31.690,155.01,2m 35s,4591.48,4586.71,-4.77,4.77,4.77,0.0,0.0,4.77,1,TRAILING_STOP,[sl 4586.71],4586.71,0.0,3410.78,2410.78,Friday,3,2026-08-28
1752,11000102,3682059,3682654,XAUUSD.u,SELL,STR S6,6,0.01,2026-08-28 03:27:24.526,2026-08-28 03:41:46.699,862.17,14m 22s,4585.36,4579.99,-5.37,5.37,5.37,0.0,0.0,5.37,1,TRAILING_STOP,[sl 4579.99],4579.99,0.0,3416.15,2416.15,Friday,3,2026-08-28
1753,11007057,3682263,3682282,XAUUSD.u,SELL,STR S4,4,0.01,2026-08-28 03:30:46.804,2026-08-28 03:32:34.878,108.07,1m 48s,4588.42,4587.96,-0.46,0.46,0.46,0.0,0.0,0.46,1,TRAILING_STOP,[sl 4587.96],4587.96,0.0,3416.61,2416.61,Friday,3,2026-08-28
1754,11007098,3682287,3682666,XAUUSD.u,SELL,STR S4,4,0.01,2026-08-28 03:32:38.170,2026-08-28 03:42:02.255,564.09,9m 24s,4588.42,4580.01,-8.41,8.41,8.41,0.0,0.0,8.41,1,TRAILING_STOP,[sl 4580.01],4580.01,0.0,3425.02,2425.02,Friday,3,2026-08-28
1755,11000104,3682447,3682665,XAUUSD.u,SELL,STR S7,7,0.04,2026-08-28 03:38:22.772,2026-08-28 03:42:02.255,219.48,3m 39s,4583.83,4580.01,-3.82,3.82,15.28,0.0,0.0,15.28,1,TRAILING_STOP,[sl 4580.01],4580.01,0.0,3440.3,2440.3,Friday,3,2026-08-28
1756,11000107,3682522,3682679,XAUUSD.u,SELL,STR S8,8,0.04,2026-08-28 03:39:03.675,2026-08-28 03:43:00.178,236.5,3m 56s,4582.3,4581.54,-0.76,0.76,3.04,0.0,0.0,3.04,1,TRAILING_STOP,[sl 4581.54],4581.54,0.0,3443.34,2443.34,Friday,3,2026-08-28
1757,11000109,3682576,3682987,XAUUSD.u,SELL,STR S9,9,0.04,2026-08-28 03:39:53.735,2026-08-28 03:53:47.558,833.82,13m 53s,4580.77,4576.62,-4.15,4.15,16.6,0.0,0.0,16.6,1,BASKET_CLOSE,STR CLOSE,,,3459.94,2459.94,Friday,3,2026-08-28
1758,11000113,3682614,3682985,XAUUSD.u,SELL,STR S10,10,0.04,2026-08-28 03:40:22.885,2026-08-28 03:53:47.444,804.56,13m 24s,4579.24,4576.62,-2.62,2.62,10.48,0.0,0.0,10.48,1,BASKET_CLOSE,STR CLOSE,,,3470.42,2470.42,Friday,3,2026-08-28
1759,11007487,3682683,3682780,XAUUSD.u,SELL,STR S8,8,0.04,2026-08-28 03:43:14.656,2026-08-28 03:48:33.175,318.52,5m 18s,4582.3,4580.92,-1.38,1.38,5.52,0.0,0.0,5.52,1,TRAILING_STOP,[sl 4580.92],4580.92,0.0,3475.94,2475.94,Friday,3,2026-08-28
1760,11007611,3682799,3682976,XAUUSD.u,SELL,STR S8,8,0.04,2026-08-28 03:49:41.744,2026-08-28 03:53:46.859,245.12,4m 5s,4582.3,4576.66,-5.64,5.64,22.56,0.0,0.0,22.56,1,BASKET_CLOSE,STR CLOSE,,,3498.5,2498.5,Friday,3,2026-08-28
1761,11000115,3682931,3682984,XAUUSD.u,SELL,STR S11,11,0.04,2026-08-28 03:53:19.230,2026-08-28 03:53:47.326,28.1,28s,4577.71,4576.62,-1.09,1.09,4.36,0.0,0.0,4.36,1,BASKET_CLOSE,STR CLOSE,,,3502.86,2502.86,Friday,3,2026-08-28
1762,11007813,3683057,3683378,XAUUSD.u,BUY,STR B1,1,0.01,2026-08-28 03:55:09.481,2026-08-28 04:12:59.173,1069.69,17m 49s,4577.72,4578.87,1.15,1.15,1.15,0.0,0.0,1.15,1,TRAILING_STOP,[sl 4578.87],4578.87,0.0,3504.01,2504.01,Friday,3,2026-08-28
1763,11007815,3683259,3683436,XAUUSD.u,BUY,STR B2,2,0.01,2026-08-28 04:07:14.724,2026-08-28 04:16:25.621,550.9,9m 10s,4579.25,4579.75,0.5,0.5,0.5,0.0,0.0,0.5,1,TRAILING_STOP,[sl 4579.75],4579.75,0.0,3504.51,2504.51,Friday,4,2026-08-28
1764,11007818,3683273,3683702,XAUUSD.u,BUY,STR B3,3,0.01,2026-08-28 04:08:54.725,2026-08-28 04:25:00.799,966.07,16m 6s,4580.78,4584.04,3.26,3.26,3.26,0.0,0.0,3.26,1,BASKET_CLOSE,STR CLOSE,,,3507.77,2507.77,Friday,4,2026-08-28
1765,11007820,3683393,3683701,XAUUSD.u,BUY,STR B4,4,0.01,2026-08-28 04:13:34.263,2026-08-28 04:25:00.685,686.42,11m 26s,4582.31,4584.04,1.73,1.73,1.73,0.0,0.0,1.73,1,BASKET_CLOSE,STR CLOSE,,,3509.5,2509.5,Friday,4,2026-08-28
1766,11008337,3683443,3683699,XAUUSD.u,BUY,STR B2,2,0.01,2026-08-28 04:16:42.776,2026-08-28 04:25:00.457,497.68,8m 17s,4579.25,4584.08,4.83,4.83,4.83,0.0,0.0,4.83,1,BASKET_CLOSE,STR CLOSE,,,3514.33,2514.33,Friday,4,2026-08-28
1767,11007822,3683575,3683700,XAUUSD.u,BUY,STR B5,5,0.01,2026-08-28 04:24:43.657,2026-08-28 04:25:00.570,16.91,16s,4583.84,4584.04,0.2,0.2,0.2,0.0,0.0,0.2,1,BASKET_CLOSE,STR CLOSE,,,3514.53,2514.53,Friday,4,2026-08-28
1768,11008609,3683818,3684219,XAUUSD.u,BUY,STR B1,1,0.01,2026-08-28 04:30:32.168,2026-08-28 04:41:55.092,682.92,11m 22s,4585.76,4586.68,0.92,0.92,0.92,0.0,0.0,0.92,1,TRAILING_STOP,[sl 4586.68],4586.68,0.0,3515.45,2515.45,Friday,4,2026-08-28
1769,11008611,3684069,3691931,XAUUSD.u,BUY,STR B2,2,0.01,2026-08-28 04:38:05.373,2026-08-28 08:48:11.183,15005.81,4h 10m 5s,4587.29,4592.59,5.3,5.3,5.3,0.0,0.0,5.3,1,TRAILING_STOP,[sl 4592.59],4592.59,0.0,3520.75,2520.75,Friday,4,2026-08-28
1770,11008613,3684147,3691933,XAUUSD.u,BUY,STR B3,3,0.01,2026-08-28 04:38:55.518,2026-08-28 08:48:11.183,14955.67,4h 9m 15s,4588.82,4592.59,3.77,3.77,3.77,0.0,0.0,3.77,1,TRAILING_STOP,[sl 4592.59],4592.59,0.0,3524.52,2524.52,Friday,4,2026-08-28
1771,11009175,3684225,3685078,XAUUSD.u,BUY,STR B1,1,0.01,2026-08-28 04:42:19.184,2026-08-28 05:20:42.657,2303.47,38m 23s,4585.76,4585.79,0.03,0.03,0.03,0.0,0.0,0.03,1,TRAILING_STOP,[sl 4585.79],4585.79,0.0,3524.55,2524.55,Friday,4,2026-08-28
1772,11008610,3684420,3687191,XAUUSD.u,SELL,STR S1,1,0.01,2026-08-28 04:45:44.676,2026-08-28 06:09:33.125,5028.45,1h 23m 48s,4582.7,4579.6,-3.1,3.1,3.1,0.0,0.0,3.1,1,TRAILING_STOP,[sl 4579.60],4579.6,0.0,3527.65,2527.65,Friday,4,2026-08-28
1773,11010300,3685252,3691934,XAUUSD.u,BUY,STR B1,1,0.01,2026-08-28 05:30:49.544,2026-08-28 08:48:11.183,11841.64,3h 17m 21s,4585.76,4592.59,6.83,6.83,6.83,0.0,0.0,6.83,1,TRAILING_STOP,[sl 4592.59],4592.59,0.0,3534.48,2534.48,Friday,5,2026-08-28
1774,11008612,3685578,3687345,XAUUSD.u,SELL,STR S2,2,0.01,2026-08-28 05:42:09.383,2026-08-28 06:16:16.812,2047.43,34m 7s,4581.17,4581.13,-0.04,0.04,0.04,0.0,0.0,0.04,1,TRAILING_STOP,[sl 4581.13],4581.13,0.0,3534.52,2534.52,Friday,5,2026-08-28
1775,11008614,3685643,3689163,XAUUSD.u,SELL,STR S3,3,0.01,2026-08-28 05:46:14.309,2026-08-28 07:37:05.627,6651.32,1h 50m 51s,4579.64,4578.38,-1.26,1.26,1.26,0.0,0.0,1.26,1,TRAILING_STOP,[sl 4578.38],4578.38,0.0,3535.78,2535.78,Friday,5,2026-08-28
1776,11008616,3687156,3689495,XAUUSD.u,SELL,STR S4,4,0.01,2026-08-28 06:07:26.337,2026-08-28 07:46:02.992,5916.65,1h 38m 36s,4578.11,4573.34,-4.77,4.77,4.77,0.0,0.0,4.77,1,TRAILING_STOP,[sl 4573.34],4573.34,0.0,3540.55,2540.55,Friday,6,2026-08-28
1777,11012481,3687351,3689160,XAUUSD.u,SELL,STR S2,2,0.01,2026-08-28 06:16:25.835,2026-08-28 07:37:00.270,4834.44,1h 20m 34s,4581.17,4576.84,-4.33,4.33,4.33,0.0,0.0,4.33,1,TRAILING_STOP,[sl 4576.84],4576.84,0.0,3544.88,2544.88,Friday,6,2026-08-28
1778,11012528,3687686,3688046,XAUUSD.u,SELL,STR S1,1,0.01,2026-08-28 06:32:25.393,2026-08-28 06:48:26.642,961.25,16m 1s,4582.7,4581.3,-1.4,1.4,1.4,0.0,0.0,1.4,1,TRAILING_STOP,[sl 4581.30],4581.3,0.0,3546.28,2546.28,Friday,6,2026-08-28
1779,11013294,3688102,3688689,XAUUSD.u,SELL,STR S1,1,0.01,2026-08-28 06:52:00.351,2026-08-28 07:19:40.759,1660.41,27m 40s,4582.7,4581.62,-1.08,1.08,1.08,0.0,0.0,1.08,1,TRAILING_STOP,[sl 4581.62],4581.62,0.0,3547.36,2547.36,Friday,6,2026-08-28
1780,11013968,3688737,3688979,XAUUSD.u,SELL,STR S1,1,0.01,2026-08-28 07:23:06.461,2026-08-28 07:31:08.729,482.27,8m 2s,4582.7,4581.63,-1.07,1.07,1.07,0.0,0.0,1.07,1,TRAILING_STOP,[sl 4581.63],4581.63,0.0,3548.43,2548.43,Friday,7,2026-08-28
1781,11014233,3688983,3689049,XAUUSD.u,SELL,STR S1,1,0.01,2026-08-28 07:31:32.186,2026-08-28 07:34:23.245,171.06,2m 51s,4582.7,4579.38,-3.32,3.32,3.32,0.0,0.0,3.32,1,TRAILING_STOP,[sl 4579.38],4579.38,0.0,3551.75,2551.75,Friday,7,2026-08-28
1782,11008618,3689119,3689496,XAUUSD.u,SELL,STR S5,5,0.01,2026-08-28 07:36:50.153,2026-08-28 07:46:02.992,552.84,9m 12s,4576.58,4573.34,-3.24,3.24,3.24,0.0,0.0,3.24,1,TRAILING_STOP,[sl 4573.34],4573.34,0.0,3554.99,2554.99,Friday,7,2026-08-28
1783,11008620,3689212,3689536,XAUUSD.u,SELL,STR S6,6,0.01,2026-08-28 07:39:16.175,2026-08-28 07:47:38.438,502.26,8m 22s,4575.05,4574.86,-0.19,0.19,0.19,0.0,0.0,0.19,1,TRAILING_STOP,[sl 4574.86],4574.86,0.0,3555.18,2555.18,Friday,7,2026-08-28
1784,11008624,3689403,3693304,XAUUSD.u,SELL,STR S8,8,0.04,2026-08-28 07:43:35.837,2026-08-28 08:58:15.652,4479.81,1h 14m 39s,4571.99,4611.09,39.1,-39.1,-156.4,0.0,0.0,-156.4,0,BASKET_CLOSE,STR CLOSE,,,3398.78,2398.78,Friday,7,2026-08-28
1785,11014794,3689551,3693297,XAUUSD.u,SELL,STR S6,6,0.01,2026-08-28 07:47:50.170,2026-08-28 08:58:14.971,4224.8,1h 10m 24s,4575.05,4611.02,35.97,-35.97,-35.97,0.0,0.0,-35.97,0,BASKET_CLOSE,STR CLOSE,,,3362.81,2362.81,Friday,7,2026-08-28
1786,11014984,3689783,3690012,XAUUSD.u,SELL,STR S5,5,0.01,2026-08-28 07:55:28.079,2026-08-28 08:02:15.264,407.19,6m 47s,4576.58,4575.59,-0.99,0.99,0.99,0.0,0.0,0.99,1,TRAILING_STOP,[sl 4575.59],4575.59,0.0,3363.8,2363.8,Friday,7,2026-08-28
1787,11015370,3690124,3693296,XAUUSD.u,SELL,STR S5,5,0.01,2026-08-28 08:05:27.803,2026-08-28 08:58:14.858,3167.05,52m 47s,4576.58,4611.01,34.43,-34.43,-34.43,0.0,0.0,-34.43,0,BASKET_CLOSE,STR CLOSE,,,3329.37,2329.37,Friday,8,2026-08-28
1788,11015511,3690211,3693295,XAUUSD.u,SELL,STR S4,4,0.01,2026-08-28 08:08:09.367,2026-08-28 08:58:14.739,3005.37,50m 5s,4578.11,4611.01,32.9,-32.9,-32.9,0.0,0.0,-32.9,0,BASKET_CLOSE,STR CLOSE,,,3296.47,2296.47,Friday,8,2026-08-28
1789,11015603,3690332,3693294,XAUUSD.u,SELL,STR S3,3,0.01,2026-08-28 08:09:00.961,2026-08-28 08:58:14.627,2953.67,49m 13s,4579.64,4610.83,31.19,-31.19,-31.19,0.0,0.0,-31.19,0,BASKET_CLOSE,STR CLOSE,,,3265.28,2265.28,Friday,8,2026-08-28
1790,11015677,3690383,3693293,XAUUSD.u,SELL,STR S2,2,0.01,2026-08-28 08:10:15.425,2026-08-28 08:58:14.514,2879.09,47m 59s,4581.17,4610.83,29.66,-29.66,-29.66,0.0,0.0,-29.66,0,BASKET_CLOSE,STR CLOSE,,,3235.62,2235.62,Friday,8,2026-08-28
1791,11015765,3690459,3693292,XAUUSD.u,SELL,STR S1,1,0.01,2026-08-28 08:11:58.176,2026-08-28 08:58:14.401,2776.22,46m 16s,4582.7,4610.83,28.13,-28.13,-28.13,0.0,0.0,-28.13,0,BASKET_CLOSE,STR CLOSE,,,3207.49,2207.49,Friday,8,2026-08-28
1792,11008615,3691667,3692447,XAUUSD.u,BUY,STR B4,4,0.01,2026-08-28 08:45:49.565,2026-08-28 08:50:16.248,266.68,4m 26s,4590.35,4599.42,9.07,9.07,9.07,0.0,0.0,9.07,1,TRAILING_STOP,[sl 4599.42],4599.42,0.0,3216.56,2216.56,Friday,8,2026-08-28
1793,11008617,3691741,3692453,XAUUSD.u,BUY,STR B5,5,0.01,2026-08-28 08:46:41.786,2026-08-28 08:50:16.745,214.96,3m 34s,4591.88,4599.39,7.51,7.51,7.51,0.0,0.0,7.51,1,TRAILING_STOP,[sl 4599.39],4599.39,0.0,3224.07,2224.07,Friday,8,2026-08-28
1794,11008619,3691844,3692449,XAUUSD.u,BUY,STR B6,6,0.01,2026-08-28 08:47:49.681,2026-08-28 08:50:16.304,146.62,2m 26s,4593.41,4599.4,5.99,5.99,5.99,0.0,0.0,5.99,1,TRAILING_STOP,[sl 4599.40],4599.4,0.0,3230.06,2230.06,Friday,8,2026-08-28
1795,11008621,3692168,3692450,XAUUSD.u,BUY,STR B7,7,0.04,2026-08-28 08:48:53.668,2026-08-28 08:50:16.304,82.64,1m 22s,4594.94,4599.4,4.46,4.46,17.84,0.0,0.0,17.84,1,TRAILING_STOP,[sl 4599.40],4599.4,0.0,3247.9,2247.9,Friday,8,2026-08-28
1796,11008623,3692207,3692558,XAUUSD.u,BUY,STR B8,8,0.04,2026-08-28 08:49:02.927,2026-08-28 08:50:35.282,92.36,1m 32s,4596.47,4597.85,1.38,1.38,5.52,0.0,0.0,5.52,1,TRAILING_STOP,[sl 4597.85],4597.85,0.0,3253.42,2253.42,Friday,8,2026-08-28
1797,11008625,3692268,3692937,XAUUSD.u,BUY,STR B9,9,0.04,2026-08-28 08:49:38.658,2026-08-28 08:52:42.663,184.0,3m 4s,4598.0,4604.67,6.67,6.67,26.68,0.0,0.0,26.68,1,TRAILING_STOP,[sl 4604.67],4604.67,0.0,3280.1,2280.1,Friday,8,2026-08-28
1798,11008627,3692323,3692938,XAUUSD.u,BUY,STR B10,10,0.04,2026-08-28 08:49:56.356,2026-08-28 08:52:42.663,166.31,2m 46s,4599.53,4604.65,5.12,5.12,20.48,0.0,0.0,20.48,1,TRAILING_STOP,[sl 4604.65],4604.65,0.0,3300.58,2300.58,Friday,8,2026-08-28
1799,11008629,3692395,3692939,XAUUSD.u,BUY,STR B11,11,0.04,2026-08-28 08:50:08.291,2026-08-28 08:52:42.663,154.37,2m 34s,4601.06,4604.65,3.59,3.59,14.36,0.0,0.0,14.36,1,TRAILING_STOP,[sl 4604.65],4604.65,0.0,3314.94,2314.94,Friday,8,2026-08-28
1800,11008631,3692662,3692993,XAUUSD.u,BUY,STR B12,12,0.04,2026-08-28 08:51:50.265,2026-08-28 08:53:33.201,102.94,1m 42s,4602.59,4603.75,1.16,1.16,4.64,0.0,0.0,4.64,1,TRAILING_STOP,[sl 4603.75],4603.75,0.0,3319.58,2319.58,Friday,8,2026-08-28
1801,11008634,3692858,3693303,XAUUSD.u,BUY,STR B13,13,0.04,2026-08-28 08:52:13.280,2026-08-28 08:58:15.539,362.26,6m 2s,4604.12,4611.08,6.96,6.96,27.84,0.0,0.0,27.84,1,BASKET_CLOSE,STR CLOSE,,,3347.42,2347.42,Friday,8,2026-08-28
1802,11008636,3692914,3693302,XAUUSD.u,BUY,STR B14,14,0.15,2026-08-28 08:52:32.180,2026-08-28 08:58:15.426,343.25,5m 43s,4605.65,4611.08,5.43,5.43,81.45,0.0,0.0,81.45,1,BASKET_CLOSE,STR CLOSE,,,3428.87,2428.87,Friday,8,2026-08-28
1803,11008638,3693111,3693301,XAUUSD.u,BUY,STR B15,15,0.15,2026-08-28 08:56:06.631,2026-08-28 08:58:15.312,128.68,2m 8s,4607.18,4611.08,3.9,3.9,58.5,0.0,0.0,58.5,1,BASKET_CLOSE,STR CLOSE,,,3487.37,2487.37,Friday,8,2026-08-28
1804,11008640,3693178,3693299,XAUUSD.u,BUY,STR B16,16,0.15,2026-08-28 08:56:53.312,2026-08-28 08:58:15.197,81.89,1m 21s,4608.71,4611.01,2.3,2.3,34.5,0.0,0.0,34.5,1,BASKET_CLOSE,STR CLOSE,,,3521.87,2521.87,Friday,8,2026-08-28
1805,11008642,3693221,3693298,XAUUSD.u,BUY,STR B17,17,0.15,2026-08-28 08:57:05.753,2026-08-28 08:58:15.084,69.33,1m 9s,4610.24,4611.01,0.77,0.77,11.55,0.0,0.0,11.55,1,BASKET_CLOSE,STR CLOSE,,,3533.42,2533.42,Friday,8,2026-08-28
1806,11018657,3693465,3694581,XAUUSD.u,SELL,STR S1,1,0.01,2026-08-28 09:00:43.263,2026-08-28 09:14:07.406,804.14,13m 24s,4609.65,4603.21,-6.44,6.44,6.44,0.0,0.0,6.44,1,BASKET_CLOSE,STR CLOSE,,,3539.86,2539.86,Friday,9,2026-08-28
1807,11018659,3693490,3694580,XAUUSD.u,SELL,STR S2,2,0.01,2026-08-28 09:00:52.257,2026-08-28 09:14:07.293,795.04,13m 15s,4608.11,4603.21,-4.9,4.9,4.9,0.0,0.0,4.9,1,BASKET_CLOSE,STR CLOSE,,,3544.76,2544.76,Friday,9,2026-08-28
1808,11018661,3693548,3694579,XAUUSD.u,SELL,STR S3,3,0.01,2026-08-28 09:01:11.433,2026-08-28 09:14:07.180,775.75,12m 55s,4606.57,4603.25,-3.32,3.32,3.32,0.0,0.0,3.32,1,BASKET_CLOSE,STR CLOSE,,,3548.08,2548.08,Friday,9,2026-08-28
1809,11018663,3693873,3694578,XAUUSD.u,SELL,STR S4,4,0.01,2026-08-28 09:06:34.162,2026-08-28 09:14:07.065,452.9,7m 32s,4605.03,4603.35,-1.68,1.68,1.68,0.0,0.0,1.68,1,BASKET_CLOSE,STR CLOSE,,,3549.76,2549.76,Friday,9,2026-08-28
1810,11018665,3693937,3694577,XAUUSD.u,SELL,STR S5,5,0.01,2026-08-28 09:07:20.350,2026-08-28 09:14:06.953,406.6,6m 46s,4603.49,4603.35,-0.14,0.14,0.14,0.0,0.0,0.14,1,BASKET_CLOSE,STR CLOSE,,,3549.9,2549.9,Friday,9,2026-08-28
1811,11018667,3693963,3694576,XAUUSD.u,SELL,STR S6,6,0.01,2026-08-28 09:07:38.424,2026-08-28 09:14:06.840,388.42,6m 28s,4601.95,4603.35,1.4,-1.4,-1.4,0.0,0.0,-1.4,0,BASKET_CLOSE,STR CLOSE,,,3548.5,2548.5,Friday,9,2026-08-28
1812,11018669,3694186,3694575,XAUUSD.u,SELL,STR S7,7,0.04,2026-08-28 09:09:13.079,2026-08-28 09:14:06.727,293.65,4m 53s,4600.41,4603.35,2.94,-2.94,-11.76,0.0,0.0,-11.76,0,BASKET_CLOSE,STR CLOSE,,,3536.74,2536.74,Friday,9,2026-08-28
1813,11020003,3694604,3696237,XAUUSD.u,SELL,STR S1,1,0.01,2026-08-28 09:14:44.604,2026-08-28 09:53:51.861,2347.26,39m 7s,4601.74,4612.25,10.51,-10.51,-10.51,0.0,0.0,-10.51,0,BASKET_CLOSE,STR CLOSE,,,3526.23,2526.23,Friday,9,2026-08-28
1814,11020002,3694752,3695057,XAUUSD.u,BUY,STR B1,1,0.01,2026-08-28 09:17:50.589,2026-08-28 09:23:48.449,357.86,5m 57s,4604.8,4608.64,3.84,3.84,3.84,0.0,0.0,3.84,1,TRAILING_STOP,[sl 4608.64],4608.64,0.0,3530.07,2530.07,Friday,9,2026-08-28
1815,11020004,3694834,3695084,XAUUSD.u,BUY,STR B2,2,0.01,2026-08-28 09:19:20.301,2026-08-28 09:24:36.063,315.76,5m 15s,4606.33,4607.1,0.77,0.77,0.77,0.0,0.0,0.77,1,TRAILING_STOP,[sl 4607.10],4607.1,0.0,3530.84,2530.84,Friday,9,2026-08-28
1816,11020006,3694896,3695639,XAUUSD.u,BUY,STR B3,3,0.01,2026-08-28 09:20:28.248,2026-08-28 09:37:46.417,1038.17,17m 18s,4607.86,4612.91,5.05,5.05,5.05,0.0,0.0,5.05,1,TRAILING_STOP,[sl 4612.91],4612.91,0.0,3535.89,2535.89,Friday,9,2026-08-28
1817,11020009,3694997,3695640,XAUUSD.u,BUY,STR B4,4,0.01,2026-08-28 09:22:30.017,2026-08-28 09:37:46.417,916.4,15m 16s,4609.39,4612.91,3.52,3.52,3.52,0.0,0.0,3.52,1,TRAILING_STOP,[sl 4612.91],4612.91,0.0,3539.41,2539.41,Friday,9,2026-08-28
1818,11020011,3695409,3695641,XAUUSD.u,BUY,STR B5,5,0.01,2026-08-28 09:33:28.139,2026-08-28 09:37:46.417,258.28,4m 18s,4610.92,4612.91,1.99,1.99,1.99,0.0,0.0,1.99,1,TRAILING_STOP,[sl 4612.91],4612.91,0.0,3541.4,2541.4,Friday,9,2026-08-28
1819,11020014,3695476,3696236,XAUUSD.u,BUY,STR B6,6,0.01,2026-08-28 09:35:05.418,2026-08-28 09:53:51.747,1126.33,18m 46s,4612.45,4612.24,-0.21,-0.21,-0.21,0.0,0.0,-0.21,0,BASKET_CLOSE,STR CLOSE,,,3541.19,2541.19,Friday,9,2026-08-28
1820,11020016,3695549,3696235,XAUUSD.u,BUY,STR B7,7,0.04,2026-08-28 09:36:01.747,2026-08-28 09:53:51.633,1069.89,17m 49s,4613.98,4612.24,-1.74,-1.74,-6.96,0.0,0.0,-6.96,0,BASKET_CLOSE,STR CLOSE,,,3534.23,2534.23,Friday,9,2026-08-28
1821,11021171,3695683,3696234,XAUUSD.u,BUY,STR B5,5,0.01,2026-08-28 09:38:54.414,2026-08-28 09:53:51.513,897.1,14m 57s,4610.92,4612.25,1.33,1.33,1.33,0.0,0.0,1.33,1,BASKET_CLOSE,STR CLOSE,,,3535.56,2535.56,Friday,9,2026-08-28
1822,11021258,3695769,3696233,XAUUSD.u,BUY,STR B4,4,0.01,2026-08-28 09:40:49.573,2026-08-28 09:53:51.398,781.83,13m 1s,4609.39,4612.3,2.91,2.91,2.91,0.0,0.0,2.91,1,BASKET_CLOSE,STR CLOSE,,,3538.47,2538.47,Friday,9,2026-08-28
1823,11021528,3696030,3696232,XAUUSD.u,BUY,STR B3,3,0.01,2026-08-28 09:47:18.590,2026-08-28 09:53:51.282,392.69,6m 32s,4607.86,4612.31,4.45,4.45,4.45,0.0,0.0,4.45,1,BASKET_CLOSE,STR CLOSE,,,3542.92,2542.92,Friday,9,2026-08-28
1824,11021750,3696250,3697813,XAUUSD.u,SELL,STR S1,1,0.01,2026-08-28 09:54:09.979,2026-08-28 10:42:44.201,2914.22,48m 34s,4610.88,4604.85,-6.03,6.03,6.03,0.0,0.0,6.03,1,BASKET_CLOSE,STR CLOSE,,,3548.95,2548.95,Friday,9,2026-08-28
1825,11021749,3696459,3697814,XAUUSD.u,BUY,STR B1,1,0.01,2026-08-28 10:01:02.792,2026-08-28 10:42:44.316,2501.52,41m 41s,4613.96,4604.84,-9.12,-9.12,-9.12,0.0,0.0,-9.12,0,BASKET_CLOSE,STR CLOSE,,,3539.83,2539.83,Friday,10,2026-08-28
1826,11021752,3697015,3697811,XAUUSD.u,SELL,STR S2,2,0.01,2026-08-28 10:18:49.234,2026-08-28 10:42:44.085,1434.85,23m 54s,4609.34,4604.85,-4.49,4.49,4.49,0.0,0.0,4.49,1,BASKET_CLOSE,STR CLOSE,,,3544.32,2544.32,Friday,10,2026-08-28
1827,11021754,3697536,3697810,XAUUSD.u,SELL,STR S3,3,0.01,2026-08-28 10:37:34.367,2026-08-28 10:42:43.971,309.6,5m 9s,4607.8,4604.85,-2.95,2.95,2.95,0.0,0.0,2.95,1,BASKET_CLOSE,STR CLOSE,,,3547.27,2547.27,Friday,10,2026-08-28
1828,11021757,3697654,3697808,XAUUSD.u,SELL,STR S4,4,0.01,2026-08-28 10:40:38.044,2026-08-28 10:42:43.856,125.81,2m 5s,4606.26,4604.85,-1.41,1.41,1.41,0.0,0.0,1.41,1,BASKET_CLOSE,STR CLOSE,,,3548.68,2548.68,Friday,10,2026-08-28
1829,11023945,3697890,3703028,XAUUSD.u,SELL,STR S1,1,0.01,2026-08-28 10:45:12.678,2026-08-28 12:55:42.836,7830.16,2h 10m 30s,4603.27,4599.25,-4.02,4.02,4.02,0.0,0.0,4.02,1,TRAILING_STOP,[sl 4599.25],4599.25,0.0,3552.7,2552.7,Friday,10,2026-08-28
1830,11023944,3700860,3701563,XAUUSD.u,BUY,STR B1,1,0.01,2026-08-28 11:51:45.265,2026-08-28 12:17:00.236,1514.97,25m 14s,4606.33,4606.81,0.48,0.48,0.48,0.0,0.0,0.48,1,TRAILING_STOP,[sl 4606.81],4606.81,0.0,3553.18,2553.18,Friday,11,2026-08-28
1831,11023946,3701387,3705430,XAUUSD.u,BUY,STR B2,2,0.01,2026-08-28 12:10:03.083,2026-08-28 13:40:10.783,5407.7,1h 30m 7s,4607.86,4592.96,-14.9,-14.9,-14.9,0.0,0.0,-14.9,0,BASKET_CLOSE,STR CLOSE,,,3538.28,2538.28,Friday,12,2026-08-28
1832,11027794,3701568,3705425,XAUUSD.u,BUY,STR B1,1,0.01,2026-08-28 12:17:19.822,2026-08-28 13:40:10.200,4970.38,1h 22m 50s,4606.33,4592.65,-13.68,-13.68,-13.68,0.0,0.0,-13.68,0,BASKET_CLOSE,STR CLOSE,,,3524.6,2524.6,Friday,12,2026-08-28
1833,11028291,3702485,3703149,XAUUSD.u,SELL,STR S2,2,0.01,2026-08-28 12:46:47.246,2026-08-28 13:00:15.583,808.34,13m 28s,4601.74,4600.79,-0.95,0.95,0.95,0.0,0.0,0.95,1,TRAILING_STOP,[sl 4600.79],4600.79,0.0,3525.55,2525.55,Friday,12,2026-08-28
1834,11023949,3702676,3703663,XAUUSD.u,SELL,STR S3,3,0.01,2026-08-28 12:49:33.590,2026-08-28 13:07:24.598,1071.01,17m 51s,4600.21,4596.62,-3.59,3.59,3.59,0.0,0.0,3.59,1,TRAILING_STOP,[sl 4596.62],4596.62,0.0,3529.14,2529.14,Friday,12,2026-08-28
1835,11023951,3702864,3704018,XAUUSD.u,SELL,STR S4,4,0.01,2026-08-28 12:52:32.766,2026-08-28 13:14:50.635,1337.87,22m 17s,4598.68,4598.3,-0.38,0.38,0.38,0.0,0.0,0.38,1,TRAILING_STOP,[sl 4598.30],4598.3,0.0,3529.52,2529.52,Friday,12,2026-08-28
1836,11023953,3703550,3705429,XAUUSD.u,SELL,STR S5,5,0.01,2026-08-28 13:06:41.420,2026-08-28 13:40:10.669,2009.25,33m 29s,4597.15,4592.82,-4.33,4.33,4.33,0.0,0.0,4.33,1,BASKET_CLOSE,STR CLOSE,,,3533.85,2533.85,Friday,13,2026-08-28
1837,11023955,3703613,3705428,XAUUSD.u,SELL,STR S6,6,0.01,2026-08-28 13:07:03.179,2026-08-28 13:40:10.551,1987.37,33m 7s,4595.62,4592.75,-2.87,2.87,2.87,0.0,0.0,2.87,1,BASKET_CLOSE,STR CLOSE,,,3536.72,2536.72,Friday,13,2026-08-28
1838,11030346,3704219,3705424,XAUUSD.u,SELL,STR S4,4,0.01,2026-08-28 13:15:28.108,2026-08-28 13:40:10.086,1481.98,24m 41s,4598.68,4592.76,-5.92,5.92,5.92,0.0,0.0,5.92,1,BASKET_CLOSE,STR CLOSE,,,3542.64,2542.64,Friday,13,2026-08-28
1839,11030789,3704496,3705417,XAUUSD.u,SELL,STR S3,3,0.01,2026-08-28 13:16:39.800,2026-08-28 13:40:09.971,1410.17,23m 30s,4600.21,4592.74,-7.47,7.47,7.47,0.0,0.0,7.47,1,BASKET_CLOSE,STR CLOSE,,,3550.11,2550.11,Friday,13,2026-08-28
1840,11023957,3705324,3705427,XAUUSD.u,SELL,STR S7,7,0.04,2026-08-28 13:39:37.822,2026-08-28 13:40:10.436,32.61,32s,4594.09,4592.75,-1.34,1.34,5.36,0.0,0.0,5.36,1,BASKET_CLOSE,STR CLOSE,,,3555.47,2555.47,Friday,13,2026-08-28
1841,11023959,3705384,3705426,XAUUSD.u,SELL,STR S8,8,0.04,2026-08-28 13:40:06.133,2026-08-28 13:40:10.322,4.19,4s,4592.56,4592.75,0.19,-0.19,-0.76,0.0,0.0,-0.76,0,BASKET_CLOSE,STR CLOSE,,,3554.71,2554.71,Friday,13,2026-08-28
1842,11031747,3705467,3706902,XAUUSD.u,SELL,STR S1,1,0.01,2026-08-28 13:41:12.375,2026-08-28 14:23:55.846,2563.47,42m 43s,4591.47,4601.2,9.73,-9.73,-9.73,0.0,0.0,-9.73,0,BASKET_CLOSE,STR CLOSE,,,3544.98,2544.98,Friday,13,2026-08-28
1843,11031746,3705514,3706904,XAUUSD.u,BUY,STR B1,1,0.01,2026-08-28 13:42:51.292,2026-08-28 14:23:55.961,2464.67,41m 4s,4594.53,4601.1,6.57,6.57,6.57,0.0,0.0,6.57,1,BASKET_CLOSE,STR CLOSE,,,3551.55,2551.55,Friday,13,2026-08-28
1844,11031748,3705629,3706901,XAUUSD.u,BUY,STR B2,2,0.01,2026-08-28 13:45:33.921,2026-08-28 14:23:55.732,2301.81,38m 21s,4596.06,4601.1,5.04,5.04,5.04,0.0,0.0,5.04,1,BASKET_CLOSE,STR CLOSE,,,3556.59,2556.59,Friday,13,2026-08-28
1845,11031750,3706591,3706900,XAUUSD.u,BUY,STR B3,3,0.01,2026-08-28 14:20:36.651,2026-08-28 14:23:55.618,198.97,3m 18s,4597.59,4601.18,3.59,3.59,3.59,0.0,0.0,3.59,1,BASKET_CLOSE,STR CLOSE,,,3560.18,2560.18,Friday,14,2026-08-28
1846,11031752,3706673,3706899,XAUUSD.u,BUY,STR B4,4,0.01,2026-08-28 14:21:32.793,2026-08-28 14:23:55.505,142.71,2m 22s,4599.12,4601.21,2.09,2.09,2.09,0.0,0.0,2.09,1,BASKET_CLOSE,STR CLOSE,,,3562.27,2562.27,Friday,14,2026-08-28
1847,11031755,3706772,3706898,XAUUSD.u,BUY,STR B5,5,0.01,2026-08-28 14:22:57.571,2026-08-28 14:23:55.384,57.81,57s,4600.65,4601.14,0.49,0.49,0.49,0.0,0.0,0.49,1,BASKET_CLOSE,STR CLOSE,,,3562.76,2562.76,Friday,14,2026-08-28
1848,11033327,3706989,3707666,XAUUSD.u,BUY,STR B1,1,0.01,2026-08-28 14:25:04.147,2026-08-28 14:33:00.292,476.14,7m 56s,4602.49,4593.42,-9.07,-9.07,-9.07,0.0,0.0,-9.07,0,BASKET_CLOSE,STR CLOSE,,,3553.69,2553.69,Friday,14,2026-08-28
1849,11033328,3707369,3707665,XAUUSD.u,SELL,STR S1,1,0.01,2026-08-28 14:30:28.500,2026-08-28 14:33:00.173,151.67,2m 31s,4599.43,4593.44,-5.99,5.99,5.99,0.0,0.0,5.99,1,BASKET_CLOSE,STR CLOSE,,,3559.68,2559.68,Friday,14,2026-08-28
1850,11033330,3707448,3707664,XAUUSD.u,SELL,STR S2,2,0.01,2026-08-28 14:30:53.072,2026-08-28 14:33:00.060,126.99,2m 6s,4597.9,4593.43,-4.47,4.47,4.47,0.0,0.0,4.47,1,BASKET_CLOSE,STR CLOSE,,,3564.15,2564.15,Friday,14,2026-08-28
1851,11033332,3707569,3707663,XAUUSD.u,SELL,STR S3,3,0.01,2026-08-28 14:32:13.481,2026-08-28 14:32:59.946,46.47,46s,4596.37,4593.39,-2.98,2.98,2.98,0.0,0.0,2.98,1,BASKET_CLOSE,STR CLOSE,,,3567.13,2567.13,Friday,14,2026-08-28
1852,11033334,3707629,3707662,XAUUSD.u,SELL,STR S4,4,0.01,2026-08-28 14:32:36.585,2026-08-28 14:32:59.830,23.25,23s,4594.84,4593.38,-1.46,1.46,1.46,0.0,0.0,1.46,1,BASKET_CLOSE,STR CLOSE,,,3568.59,2568.59,Friday,14,2026-08-28
1853,11033336,3707647,3707661,XAUUSD.u,SELL,STR S5,5,0.01,2026-08-28 14:32:54.437,2026-08-28 14:32:59.716,5.28,5s,4593.31,4593.4,0.09,-0.09,-0.09,0.0,0.0,-0.09,0,BASKET_CLOSE,STR CLOSE,,,3568.5,2568.5,Friday,14,2026-08-28
1854,11034097,3707837,3710142,XAUUSD.u,SELL,STR S1,1,0.01,2026-08-28 14:35:36.672,2026-08-28 15:08:54.879,1998.21,33m 18s,4591.92,4605.39,13.47,-13.47,-13.47,0.0,0.0,-13.47,0,BASKET_CLOSE,STR CLOSE,,,3555.03,2555.03,Friday,14,2026-08-28
1855,11034099,3707879,3710141,XAUUSD.u,SELL,STR S2,2,0.01,2026-08-28 14:36:02.088,2026-08-28 15:08:54.763,1972.67,32m 52s,4590.39,4605.45,15.06,-15.06,-15.06,0.0,0.0,-15.06,0,BASKET_CLOSE,STR CLOSE,,,3539.97,2539.97,Friday,14,2026-08-28
1856,11034096,3708590,3709222,XAUUSD.u,BUY,STR B1,1,0.01,2026-08-28 14:49:02.877,2026-08-28 14:55:58.256,415.38,6m 55s,4594.98,4600.26,5.28,5.28,5.28,0.0,0.0,5.28,1,TRAILING_STOP,[sl 4600.26],4600.26,0.0,3545.25,2545.25,Friday,14,2026-08-28
1857,11034098,3708665,3709223,XAUUSD.u,BUY,STR B2,2,0.01,2026-08-28 14:50:24.307,2026-08-28 14:55:58.256,333.95,5m 33s,4596.51,4600.26,3.75,3.75,3.75,0.0,0.0,3.75,1,TRAILING_STOP,[sl 4600.26],4600.26,0.0,3549.0,2549.0,Friday,14,2026-08-28
1858,11034100,3709058,3709507,XAUUSD.u,BUY,STR B3,3,0.01,2026-08-28 14:55:08.000,2026-08-28 15:00:10.070,302.07,5m 2s,4598.04,4601.98,3.94,3.94,3.94,0.0,0.0,3.94,1,TRAILING_STOP,[sl 4601.98],4601.98,0.0,3552.94,2552.94,Friday,14,2026-08-28
1859,11034102,3709147,3709521,XAUUSD.u,BUY,STR B4,4,0.01,2026-08-28 14:55:24.881,2026-08-28 15:00:19.178,294.3,4m 54s,4599.57,4600.45,0.88,0.88,0.88,0.0,0.0,0.88,1,TRAILING_STOP,[sl 4600.45],4600.45,0.0,3553.82,2553.82,Friday,14,2026-08-28
1860,11034104,3709170,3710140,XAUUSD.u,BUY,STR B5,5,0.01,2026-08-28 14:55:36.735,2026-08-28 15:08:54.648,797.91,13m 17s,4601.1,4605.2,4.1,4.1,4.1,0.0,0.0,4.1,1,BASKET_CLOSE,STR CLOSE,,,3557.92,2557.92,Friday,14,2026-08-28
1861,11034106,3709383,3710139,XAUUSD.u,BUY,STR B6,6,0.01,2026-08-28 14:59:04.761,2026-08-28 15:08:54.534,589.77,9m 49s,4602.63,4605.24,2.61,2.61,2.61,0.0,0.0,2.61,1,BASKET_CLOSE,STR CLOSE,,,3560.53,2560.53,Friday,14,2026-08-28
1862,11036063,3709548,3710137,XAUUSD.u,BUY,STR B4,4,0.01,2026-08-28 15:00:37.324,2026-08-28 15:08:54.304,496.98,8m 16s,4599.57,4605.24,5.67,5.67,5.67,0.0,0.0,5.67,1,BASKET_CLOSE,STR CLOSE,,,3566.2,2566.2,Friday,15,2026-08-28
1863,11036092,3709583,3710136,XAUUSD.u,BUY,STR B3,3,0.01,2026-08-28 15:00:55.556,2026-08-28 15:08:54.190,478.63,7m 58s,4598.04,4605.15,7.11,7.11,7.11,0.0,0.0,7.11,1,BASKET_CLOSE,STR CLOSE,,,3573.31,2573.31,Friday,15,2026-08-28
1864,11034108,3709984,3710138,XAUUSD.u,BUY,STR B7,7,0.04,2026-08-28 15:08:00.343,2026-08-28 15:08:54.421,54.08,54s,4604.16,4605.24,1.08,1.08,4.32,0.0,0.0,4.32,1,BASKET_CLOSE,STR CLOSE,,,3577.63,2577.63,Friday,15,2026-08-28
1865,11036625,3710171,3710235,XAUUSD.u,SELL,STR S1,1,0.01,2026-08-28 15:09:12.412,2026-08-28 15:09:42.965,30.55,30s,4603.76,4600.11,-3.65,3.65,3.65,0.0,0.0,3.65,1,BASKET_CLOSE,STR CLOSE,,,3581.28,2581.28,Friday,15,2026-08-28
1866,11036627,3710175,3710234,XAUUSD.u,SELL,STR S2,2,0.01,2026-08-28 15:09:12.957,2026-08-28 15:09:42.846,29.89,29s,4602.22,4600.12,-2.1,2.1,2.1,0.0,0.0,2.1,1,BASKET_CLOSE,STR CLOSE,,,3583.38,2583.38,Friday,15,2026-08-28
1867,11036630,3710217,3710233,XAUUSD.u,SELL,STR S3,3,0.01,2026-08-28 15:09:35.474,2026-08-28 15:09:42.732,7.26,7s,4600.68,4600.08,-0.6,0.6,0.6,0.0,0.0,0.6,1,BASKET_CLOSE,STR CLOSE,,,3583.98,2583.98,Friday,15,2026-08-28
1868,11036752,3710273,3710510,XAUUSD.u,SELL,STR S1,1,0.01,2026-08-28 15:10:34.767,2026-08-28 15:15:55.023,320.26,5m 20s,4598.58,4595.31,-3.27,3.27,3.27,0.0,0.0,3.27,1,BASKET_CLOSE,STR CLOSE,,,3587.25,2587.25,Friday,15,2026-08-28
1869,11036754,3710446,3710509,XAUUSD.u,SELL,STR S2,2,0.01,2026-08-28 15:15:38.914,2026-08-28 15:15:54.909,15.99,15s,4597.05,4595.31,-1.74,1.74,1.74,0.0,0.0,1.74,1,BASKET_CLOSE,STR CLOSE,,,3588.99,2588.99,Friday,15,2026-08-28
1870,11036756,3710483,3710508,XAUUSD.u,SELL,STR S3,3,0.01,2026-08-28 15:15:48.742,2026-08-28 15:15:54.795,6.05,6s,4595.52,4595.3,-0.22,0.22,0.22,0.0,0.0,0.22,1,BASKET_CLOSE,STR CLOSE,,,3589.21,2589.21,Friday,15,2026-08-28
1871,11037072,3710615,3711059,XAUUSD.u,BUY,STR B1,1,0.01,2026-08-28 15:16:43.828,2026-08-28 15:24:54.588,490.76,8m 10s,4596.7,4600.48,3.78,3.78,3.78,0.0,0.0,3.78,1,BASKET_CLOSE,STR CLOSE,,,3592.99,2592.99,Friday,15,2026-08-28
1872,11037074,3710730,3711058,XAUUSD.u,BUY,STR B2,2,0.01,2026-08-28 15:18:19.415,2026-08-28 15:24:54.474,395.06,6m 35s,4598.23,4600.48,2.25,2.25,2.25,0.0,0.0,2.25,1,BASKET_CLOSE,STR CLOSE,,,3595.24,2595.24,Friday,15,2026-08-28
1873,11037076,3710901,3711057,XAUUSD.u,BUY,STR B3,3,0.01,2026-08-28 15:21:03.970,2026-08-28 15:24:54.359,230.39,3m 50s,4599.76,4600.61,0.85,0.85,0.85,0.0,0.0,0.85,1,BASKET_CLOSE,STR CLOSE,,,3596.09,2596.09,Friday,15,2026-08-28
1874,11037674,3711087,3711763,XAUUSD.u,BUY,STR B1,1,0.01,2026-08-28 15:25:10.575,2026-08-28 15:36:30.007,679.43,11m 19s,4602.48,4605.74,3.26,3.26,3.26,0.0,0.0,3.26,1,BASKET_CLOSE,STR CLOSE,,,3599.35,2599.35,Friday,15,2026-08-28
1875,11037676,3711104,3711762,XAUUSD.u,BUY,STR B2,2,0.01,2026-08-28 15:25:21.825,2026-08-28 15:36:29.893,668.07,11m 8s,4604.01,4605.74,1.73,1.73,1.73,0.0,0.0,1.73,1,BASKET_CLOSE,STR CLOSE,,,3601.08,2601.08,Friday,15,2026-08-28
1876,11037678,3711625,3711761,XAUUSD.u,BUY,STR B3,3,0.01,2026-08-28 15:34:52.291,2026-08-28 15:36:29.778,97.49,1m 37s,4605.54,4606.11,0.57,0.57,0.57,0.0,0.0,0.57,1,BASKET_CLOSE,STR CLOSE,,,3601.65,2601.65,Friday,15,2026-08-28
1877,11038441,3711790,3712493,XAUUSD.u,BUY,STR B1,1,0.01,2026-08-28 15:36:57.577,2026-08-28 15:48:41.211,703.63,11m 43s,4607.31,4610.89,3.58,3.58,3.58,0.0,0.0,3.58,1,TRAILING_STOP,[sl 4610.89],4610.89,0.0,3605.23,2605.23,Friday,15,2026-08-28
1878,11038442,3711830,3711935,XAUUSD.u,SELL,STR S1,1,0.01,2026-08-28 15:37:29.924,2026-08-28 15:38:37.821,67.9,1m 7s,4604.23,4603.97,-0.26,0.26,0.26,0.0,0.0,0.26,1,TRAILING_STOP,[sl 4603.97],4603.97,0.0,3605.49,2605.49,Friday,15,2026-08-28
1879,11038658,3711940,3712944,XAUUSD.u,SELL,STR S1,1,0.01,2026-08-28 15:38:52.764,2026-08-28 15:57:23.690,1110.93,18m 30s,4604.23,4614.67,10.44,-10.44,-10.44,0.0,0.0,-10.44,0,BASKET_CLOSE,STR CLOSE,,,3595.05,2595.05,Friday,15,2026-08-28
1880,11038443,3712314,3712563,XAUUSD.u,BUY,STR B2,2,0.01,2026-08-28 15:46:58.652,2026-08-28 15:49:22.246,143.59,2m 23s,4608.85,4609.35,0.5,0.5,0.5,0.0,0.0,0.5,1,TRAILING_STOP,[sl 4609.35],4609.35,0.0,3595.55,2595.55,Friday,15,2026-08-28
1881,11038445,3712399,3712957,XAUUSD.u,BUY,STR B3,3,0.01,2026-08-28 15:48:01.343,2026-08-28 15:57:24.032,562.69,9m 22s,4610.39,4614.8,4.41,4.41,4.41,0.0,0.0,4.41,1,BASKET_CLOSE,STR CLOSE,,,3599.96,2599.96,Friday,15,2026-08-28
1882,11038447,3712465,3712951,XAUUSD.u,BUY,STR B4,4,0.01,2026-08-28 15:48:28.572,2026-08-28 15:57:23.918,535.35,8m 55s,4611.93,4614.7,2.77,2.77,2.77,0.0,0.0,2.77,1,BASKET_CLOSE,STR CLOSE,,,3602.73,2602.73,Friday,15,2026-08-28
1883,11039357,3712617,3712932,XAUUSD.u,BUY,STR B2,2,0.01,2026-08-28 15:51:03.152,2026-08-28 15:57:23.575,380.42,6m 20s,4608.85,4614.54,5.69,5.69,5.69,0.0,0.0,5.69,1,BASKET_CLOSE,STR CLOSE,,,3608.42,2608.42,Friday,15,2026-08-28
1884,11038449,3712903,3712945,XAUUSD.u,BUY,STR B5,5,0.01,2026-08-28 15:57:14.625,2026-08-28 15:57:23.804,9.18,9s,4613.47,4614.57,1.1,1.1,1.1,0.0,0.0,1.1,1,BASKET_CLOSE,STR CLOSE,,,3609.52,2609.52,Friday,15,2026-08-28
1885,11039734,3713024,3713165,XAUUSD.u,BUY,STR B1,1,0.01,2026-08-28 15:57:38.505,2026-08-28 15:58:08.329,29.82,29s,4616.95,4622.02,5.07,5.07,5.07,0.0,0.0,5.07,1,BASKET_CLOSE,STR CLOSE,,,3614.59,2614.59,Friday,15,2026-08-28
1886,11039738,3713080,3713164,XAUUSD.u,BUY,STR B2,2,0.01,2026-08-28 15:57:47.714,2026-08-28 15:58:08.217,20.5,20s,4618.49,4622.12,3.63,3.63,3.63,0.0,0.0,3.63,1,BASKET_CLOSE,STR CLOSE,,,3618.22,2618.22,Friday,15,2026-08-28
1887,11039749,3713112,3713162,XAUUSD.u,BUY,STR B3,3,0.01,2026-08-28 15:58:02.703,2026-08-28 15:58:08.104,5.4,5s,4620.03,4622.04,2.01,2.01,2.01,0.0,0.0,2.01,1,BASKET_CLOSE,STR CLOSE,,,3620.23,2620.23,Friday,15,2026-08-28
1888,11039753,3713139,3713160,XAUUSD.u,BUY,STR B4,4,0.01,2026-08-28 15:58:05.438,2026-08-28 15:58:07.992,2.55,2s,4621.57,4621.89,0.32,0.32,0.32,0.0,0.0,0.32,1,BASKET_CLOSE,STR CLOSE,,,3620.55,2620.55,Friday,15,2026-08-28
1889,11039973,3713249,3713999,XAUUSD.u,BUY,STR B1,1,0.01,2026-08-28 15:58:34.409,2026-08-28 16:00:05.278,90.87,1m 30s,4624.15,4598.75,-25.4,-25.4,-25.4,0.0,0.0,-25.4,0,BASKET_CLOSE,STR CLOSE,,,3595.15,2595.15,Friday,15,2026-08-28
1890,11039975,3713317,3713993,XAUUSD.u,BUY,STR B2,2,0.01,2026-08-28 15:58:43.326,2026-08-28 16:00:05.053,81.73,1m 21s,4625.69,4600.84,-24.85,-24.85,-24.85,0.0,0.0,-24.85,0,BASKET_CLOSE,STR CLOSE,,,3570.3,2570.3,Friday,15,2026-08-28
1891,11039977,3713541,3713985,XAUUSD.u,BUY,STR B3,3,0.01,2026-08-28 15:59:25.600,2026-08-28 16:00:04.824,39.22,39s,4627.23,4601.0,-26.23,-26.23,-26.23,0.0,0.0,-26.23,0,BASKET_CLOSE,STR CLOSE,,,3544.07,2544.07,Friday,15,2026-08-28
1892,11039974,3713650,3713997,XAUUSD.u,SELL,STR S1,1,0.01,2026-08-28 15:59:51.399,2026-08-28 16:00:05.166,13.77,13s,4621.07,4599.16,-21.91,21.91,21.91,0.0,0.0,21.91,1,BASKET_CLOSE,STR CLOSE,,,3565.98,2565.98,Friday,15,2026-08-28
1893,11039976,3713677,3713989,XAUUSD.u,SELL,STR S2,2,0.01,2026-08-28 15:59:55.217,2026-08-28 16:00:04.939,9.72,9s,4619.53,4601.01,-18.52,18.52,18.52,0.0,0.0,18.52,1,BASKET_CLOSE,STR CLOSE,,,3584.5,2584.5,Friday,15,2026-08-28
1894,11039978,3713680,3713982,XAUUSD.u,SELL,STR S3,3,0.01,2026-08-28 15:59:55.251,2026-08-28 16:00:04.704,9.45,9s,4617.99,4601.2,-16.79,16.79,16.79,0.0,0.0,16.79,1,BASKET_CLOSE,STR CLOSE,,,3601.29,2601.29,Friday,15,2026-08-28
1895,11039980,3713690,3713977,XAUUSD.u,SELL,STR S4,4,0.01,2026-08-28 15:59:56.275,2026-08-28 16:00:04.591,8.32,8s,4616.45,4600.82,-15.63,15.63,15.63,0.0,0.0,15.63,1,BASKET_CLOSE,STR CLOSE,,,3616.92,2616.92,Friday,15,2026-08-28
1896,11039985,3713699,3713973,XAUUSD.u,SELL,STR S5,5,0.01,2026-08-28 15:59:56.970,2026-08-28 16:00:04.478,7.51,7s,4614.91,4600.02,-14.89,14.89,14.89,0.0,0.0,14.89,1,BASKET_CLOSE,STR CLOSE,,,3631.81,2631.81,Friday,15,2026-08-28
1897,11039987,3713703,3713967,XAUUSD.u,SELL,STR S6,6,0.01,2026-08-28 15:59:57.098,2026-08-28 16:00:04.365,7.27,7s,4613.37,4601.19,-12.18,12.18,12.18,0.0,0.0,12.18,1,BASKET_CLOSE,STR CLOSE,,,3643.99,2643.99,Friday,15,2026-08-28
1898,11039991,3713715,3713963,XAUUSD.u,SELL,STR S7,7,0.04,2026-08-28 15:59:57.288,2026-08-28 16:00:04.251,6.96,6s,4611.83,4601.4,-10.43,10.43,41.72,0.0,0.0,41.72,1,BASKET_CLOSE,STR CLOSE,,,3685.71,2685.71,Friday,15,2026-08-28
1899,11039995,3713736,3713958,XAUUSD.u,SELL,STR S8,8,0.04,2026-08-28 15:59:58.336,2026-08-28 16:00:04.138,5.8,5s,4610.29,4601.87,-8.42,8.42,33.68,0.0,0.0,33.68,1,BASKET_CLOSE,STR CLOSE,,,3719.39,2719.39,Friday,15,2026-08-28
1900,11039999,3713737,3713950,XAUUSD.u,SELL,STR S9,9,0.04,2026-08-28 15:59:58.420,2026-08-28 16:00:04.024,5.6,5s,4608.75,4602.46,-6.29,6.29,25.16,0.0,0.0,25.16,1,BASKET_CLOSE,STR CLOSE,,,3744.55,2744.55,Friday,15,2026-08-28
1901,11040002,3713820,3713944,XAUUSD.u,SELL,STR S10,10,0.04,2026-08-28 15:59:58.744,2026-08-28 16:00:03.911,5.17,5s,4607.21,4602.46,-4.75,4.75,19.0,0.0,0.0,19.0,1,BASKET_CLOSE,STR CLOSE,,,3763.55,2763.55,Friday,15,2026-08-28
1902,11040006,3713839,3713940,XAUUSD.u,SELL,STR S11,11,0.04,2026-08-28 15:59:58.890,2026-08-28 16:00:03.798,4.91,4s,4605.67,4599.54,-6.13,6.13,24.52,0.0,0.0,24.52,1,BASKET_CLOSE,STR CLOSE,,,3788.07,2788.07,Friday,15,2026-08-28
1903,11040009,3713869,3713938,XAUUSD.u,SELL,STR S12,12,0.04,2026-08-28 16:00:00.141,2026-08-28 16:00:03.685,3.54,3s,4604.13,4601.94,-2.19,2.19,8.76,0.0,0.0,8.76,1,BASKET_CLOSE,STR CLOSE,,,3796.83,2796.83,Friday,16,2026-08-28
1904,11040011,3713898,3713934,XAUUSD.u,SELL,STR S13,13,0.04,2026-08-28 16:00:01.863,2026-08-28 16:00:03.569,1.71,1s,4602.59,4602.45,-0.14,0.14,0.56,0.0,0.0,0.56,1,BASKET_CLOSE,STR CLOSE,,,3797.39,2797.39,Friday,16,2026-08-28
1905,11040013,3713904,3713930,XAUUSD.u,SELL,STR S14,14,0.15,2026-08-28 16:00:02.075,2026-08-28 16:00:03.455,1.38,1s,4601.05,4600.57,-0.48,0.48,7.2,0.0,0.0,7.2,1,BASKET_CLOSE,STR CLOSE,,,3804.59,2804.59,Friday,16,2026-08-28
1906,11040929,3714148,3714450,XAUUSD.u,BUY,STR B1,1,0.01,2026-08-28 16:00:09.804,2026-08-28 16:00:27.612,17.81,17s,4608.13,4619.35,11.22,11.22,11.22,0.0,0.0,11.22,1,TRAILING_STOP,[sl 4619.35],4619.35,0.0,3815.81,2815.81,Friday,16,2026-08-28
1907,11040934,3714163,3714462,XAUUSD.u,SELL,STR S1,1,0.01,2026-08-28 16:00:10.251,2026-08-28 16:00:28.144,17.89,17s,4605.05,4618.86,13.81,-13.81,-13.81,0.0,0.0,-13.81,0,BASKET_CLOSE,STR CLOSE,,,3802.0,2802.0,Friday,16,2026-08-28
1908,11040943,3714199,3714460,XAUUSD.u,SELL,STR S2,2,0.01,2026-08-28 16:00:11.427,2026-08-28 16:00:28.031,16.6,16s,4603.51,4619.2,15.69,-15.69,-15.69,0.0,0.0,-15.69,0,BASKET_CLOSE,STR CLOSE,,,3786.31,2786.31,Friday,16,2026-08-28
1909,11040949,3714204,3714458,XAUUSD.u,SELL,STR S3,3,0.01,2026-08-28 16:00:11.510,2026-08-28 16:00:27.918,16.41,16s,4601.97,4618.36,16.39,-16.39,-16.39,0.0,0.0,-16.39,0,BASKET_CLOSE,STR CLOSE,,,3769.92,2769.92,Friday,16,2026-08-28
1910,11040958,3714215,3714451,XAUUSD.u,SELL,STR S4,4,0.01,2026-08-28 16:00:11.942,2026-08-28 16:00:27.685,15.74,15s,4600.43,4619.19,18.76,-18.76,-18.76,0.0,0.0,-18.76,0,BASKET_CLOSE,STR CLOSE,,,3751.16,2751.16,Friday,16,2026-08-28
1911,11040967,3714235,3714446,XAUUSD.u,SELL,STR S5,5,0.01,2026-08-28 16:00:12.630,2026-08-28 16:00:27.459,14.83,14s,4598.89,4621.41,22.52,-22.52,-22.52,0.0,0.0,-22.52,0,BASKET_CLOSE,STR CLOSE,,,3728.64,2728.64,Friday,16,2026-08-28
1912,11040940,3714254,3714427,XAUUSD.u,BUY,STR B2,2,0.01,2026-08-28 16:00:14.842,2026-08-28 16:00:26.640,11.8,11s,4609.67,4619.81,10.14,10.14,10.14,0.0,0.0,10.14,1,TRAILING_STOP,[sl 4619.81],4619.81,0.0,3738.78,2738.78,Friday,16,2026-08-28
1913,11040947,3714255,3714452,XAUUSD.u,BUY,STR B3,3,0.01,2026-08-28 16:00:14.842,2026-08-28 16:00:27.686,12.84,12s,4611.21,4618.48,7.27,7.27,7.27,0.0,0.0,7.27,1,TRAILING_STOP,[sl 4618.48],4618.48,0.0,3746.05,2746.05,Friday,16,2026-08-28
1914,11040954,3714265,3714456,XAUUSD.u,BUY,STR B4,4,0.01,2026-08-28 16:00:15.176,2026-08-28 16:00:27.803,12.63,12s,4612.75,4618.0,5.25,5.25,5.25,0.0,0.0,5.25,1,BASKET_CLOSE,STR CLOSE,,,3751.3,2751.3,Friday,16,2026-08-28
1915,11040962,3714277,3714448,XAUUSD.u,BUY,STR B5,5,0.01,2026-08-28 16:00:16.082,2026-08-28 16:00:27.573,11.49,11s,4614.29,4619.56,5.27,5.27,5.27,0.0,0.0,5.27,1,BASKET_CLOSE,STR CLOSE,,,3756.57,2756.57,Friday,16,2026-08-28
1916,11040970,3714280,3714443,XAUUSD.u,BUY,STR B6,6,0.01,2026-08-28 16:00:16.811,2026-08-28 16:00:27.347,10.54,10s,4615.83,4621.02,5.19,5.19,5.19,0.0,0.0,5.19,1,BASKET_CLOSE,STR CLOSE,,,3761.76,2761.76,Friday,16,2026-08-28
1917,11040981,3714283,3714439,XAUUSD.u,BUY,STR B7,7,0.04,2026-08-28 16:00:16.841,2026-08-28 16:00:27.234,10.39,10s,4617.37,4622.53,5.16,5.16,20.64,0.0,0.0,20.64,1,BASKET_CLOSE,STR CLOSE,,,3782.4,2782.4,Friday,16,2026-08-28
1918,11040992,3714288,3714438,XAUUSD.u,BUY,STR B8,8,0.04,2026-08-28 16:00:16.891,2026-08-28 16:00:27.121,10.23,10s,4618.91,4620.19,1.28,1.28,5.12,0.0,0.0,5.12,1,BASKET_CLOSE,STR CLOSE,,,3787.52,2787.52,Friday,16,2026-08-28
1919,11041002,3714316,3714435,XAUUSD.u,BUY,STR B9,9,0.04,2026-08-28 16:00:18.570,2026-08-28 16:00:27.008,8.44,8s,4620.45,4620.66,0.21,0.21,0.84,0.0,0.0,0.84,1,BASKET_CLOSE,STR CLOSE,,,3788.36,2788.36,Friday,16,2026-08-28
1920,11041012,3714321,3714431,XAUUSD.u,BUY,STR B10,10,0.04,2026-08-28 16:00:18.889,2026-08-28 16:00:26.895,8.01,8s,4621.99,4619.48,-2.51,-2.51,-10.04,0.0,0.0,-10.04,0,BASKET_CLOSE,STR CLOSE,,,3778.32,2778.32,Friday,16,2026-08-28
1921,11041020,3714325,3714430,XAUUSD.u,BUY,STR B11,11,0.04,2026-08-28 16:00:19.124,2026-08-28 16:00:26.782,7.66,7s,4623.53,4619.78,-3.75,-3.75,-15.0,0.0,0.0,-15.0,0,BASKET_CLOSE,STR CLOSE,,,3763.32,2763.32,Friday,16,2026-08-28
1922,11041028,3714333,3714428,XAUUSD.u,BUY,STR B12,12,0.04,2026-08-28 16:00:19.771,2026-08-28 16:00:26.663,6.89,6s,4625.07,4619.65,-5.42,-5.42,-21.68,0.0,0.0,-21.68,0,BASKET_CLOSE,STR CLOSE,,,3741.64,2741.64,Friday,16,2026-08-28
1923,11041037,3714334,3714425,XAUUSD.u,BUY,STR B13,13,0.04,2026-08-28 16:00:19.771,2026-08-28 16:00:26.550,6.78,6s,4626.61,4622.9,-3.71,-3.71,-14.84,0.0,0.0,-14.84,0,BASKET_CLOSE,STR CLOSE,,,3726.8,2726.8,Friday,16,2026-08-28
1924,11041044,3714339,3714424,XAUUSD.u,BUY,STR B14,14,0.15,2026-08-28 16:00:20.005,2026-08-28 16:00:26.434,6.43,6s,4628.15,4622.9,-5.25,-5.25,-78.75,0.0,0.0,-78.75,0,BASKET_CLOSE,STR CLOSE,,,3648.05,2648.05,Friday,16,2026-08-28
1925,11041053,3714366,3714422,XAUUSD.u,BUY,STR B15,15,0.15,2026-08-28 16:00:21.338,2026-08-28 16:00:26.317,4.98,4s,4629.69,4622.58,-7.11,-7.11,-106.65,0.0,0.0,-106.65,0,BASKET_CLOSE,STR CLOSE,,,3541.4,2541.4,Friday,16,2026-08-28
1926,11041350,3714526,3714715,XAUUSD.u,BUY,STR B1,1,0.01,2026-08-28 16:00:37.656,2026-08-28 16:01:03.509,25.85,25s,4607.44,4611.75,4.31,4.31,4.31,0.0,0.0,4.31,1,TRAILING_STOP,[sl 4611.75],4611.75,0.0,3545.71,2545.71,Friday,16,2026-08-28
1927,11041352,3714531,3714721,XAUUSD.u,BUY,STR B2,2,0.01,2026-08-28 16:00:37.954,2026-08-28 16:01:04.469,26.52,26s,4608.98,4611.72,2.74,2.74,2.74,0.0,0.0,2.74,1,BASKET_CLOSE,STR CLOSE,,,3548.45,2548.45,Friday,16,2026-08-28
1928,11041356,3714537,3714720,XAUUSD.u,BUY,STR B3,3,0.01,2026-08-28 16:00:38.442,2026-08-28 16:01:04.356,25.91,25s,4610.52,4611.87,1.35,1.35,1.35,0.0,0.0,1.35,1,BASKET_CLOSE,STR CLOSE,,,3549.8,2549.8,Friday,16,2026-08-28
1929,11041361,3714547,3714719,XAUUSD.u,BUY,STR B4,4,0.01,2026-08-28 16:00:38.650,2026-08-28 16:01:04.243,25.59,25s,4612.06,4611.64,-0.42,-0.42,-0.42,0.0,0.0,-0.42,0,BASKET_CLOSE,STR CLOSE,,,3549.38,2549.38,Friday,16,2026-08-28
1930,11041365,3714570,3714718,XAUUSD.u,BUY,STR B5,5,0.01,2026-08-28 16:00:39.660,2026-08-28 16:01:04.130,24.47,24s,4613.6,4611.34,-2.26,-2.26,-2.26,0.0,0.0,-2.26,0,BASKET_CLOSE,STR CLOSE,,,3547.12,2547.12,Friday,16,2026-08-28
1931,11041369,3714572,3714717,XAUUSD.u,BUY,STR B6,6,0.01,2026-08-28 16:00:39.707,2026-08-28 16:01:04.016,24.31,24s,4615.14,4610.95,-4.19,-4.19,-4.19,0.0,0.0,-4.19,0,BASKET_CLOSE,STR CLOSE,,,3542.93,2542.93,Friday,16,2026-08-28
1932,11041629,3714768,3714922,XAUUSD.u,SELL,STR S1,1,0.01,2026-08-28 16:01:17.732,2026-08-28 16:01:42.644,24.91,24s,4604.66,4595.39,-9.27,9.27,9.27,0.0,0.0,9.27,1,BASKET_CLOSE,STR CLOSE,,,3552.2,2552.2,Friday,16,2026-08-28
1933,11041632,3714790,3714918,XAUUSD.u,SELL,STR S2,2,0.01,2026-08-28 16:01:28.807,2026-08-28 16:01:42.531,13.72,13s,4603.12,4595.48,-7.64,7.64,7.64,0.0,0.0,7.64,1,BASKET_CLOSE,STR CLOSE,,,3559.84,2559.84,Friday,16,2026-08-28
1934,11041635,3714796,3714914,XAUUSD.u,SELL,STR S3,3,0.01,2026-08-28 16:01:29.520,2026-08-28 16:01:42.418,12.9,12s,4601.58,4595.77,-5.81,5.81,5.81,0.0,0.0,5.81,1,BASKET_CLOSE,STR CLOSE,,,3565.65,2565.65,Friday,16,2026-08-28
1935,11041639,3714805,3714910,XAUUSD.u,SELL,STR S4,4,0.01,2026-08-28 16:01:31.953,2026-08-28 16:01:42.303,10.35,10s,4600.04,4595.12,-4.92,4.92,4.92,0.0,0.0,4.92,1,BASKET_CLOSE,STR CLOSE,,,3570.57,2570.57,Friday,16,2026-08-28
1936,11041644,3714813,3714908,XAUUSD.u,SELL,STR S5,5,0.01,2026-08-28 16:01:34.548,2026-08-28 16:01:42.190,7.64,7s,4598.5,4592.87,-5.63,5.63,5.63,0.0,0.0,5.63,1,BASKET_CLOSE,STR CLOSE,,,3576.2,2576.2,Friday,16,2026-08-28
1937,11041646,3714822,3714901,XAUUSD.u,SELL,STR S6,6,0.01,2026-08-28 16:01:35.349,2026-08-28 16:01:42.077,6.73,6s,4596.96,4595.38,-1.58,1.58,1.58,0.0,0.0,1.58,1,BASKET_CLOSE,STR CLOSE,,,3577.78,2577.78,Friday,16,2026-08-28
1938,11041649,3714860,3714897,XAUUSD.u,SELL,STR S7,7,0.04,2026-08-28 16:01:40.197,2026-08-28 16:01:41.964,1.77,1s,4595.42,4596.05,0.63,-0.63,-2.52,0.0,0.0,-2.52,0,BASKET_CLOSE,STR CLOSE,,,3575.26,2575.26,Friday,16,2026-08-28
1939,11041895,3715002,3715266,XAUUSD.u,SELL,STR S1,1,0.01,2026-08-28 16:01:57.701,2026-08-28 16:02:39.830,42.13,42s,4595.18,4587.81,-7.37,7.37,7.37,0.0,0.0,7.37,1,TRAILING_STOP,[sl 4587.81],4587.81,0.0,3582.63,2582.63,Friday,16,2026-08-28
1940,11041897,3715009,3715267,XAUUSD.u,SELL,STR S2,2,0.01,2026-08-28 16:01:59.542,2026-08-28 16:02:39.831,40.29,40s,4593.65,4587.81,-5.84,5.84,5.84,0.0,0.0,5.84,1,TRAILING_STOP,[sl 4587.81],4587.81,0.0,3588.47,2588.47,Friday,16,2026-08-28
1941,11041900,3715046,3715268,XAUUSD.u,SELL,STR S3,3,0.01,2026-08-28 16:02:16.248,2026-08-28 16:02:39.831,23.58,23s,4592.12,4587.81,-4.31,4.31,4.31,0.0,0.0,4.31,1,TRAILING_STOP,[sl 4587.81],4587.81,0.0,3592.78,2592.78,Friday,16,2026-08-28
1942,11041902,3715090,3715272,XAUUSD.u,SELL,STR S4,4,0.01,2026-08-28 16:02:23.236,2026-08-28 16:02:41.567,18.33,18s,4590.59,4589.34,-1.25,1.25,1.25,0.0,0.0,1.25,1,TRAILING_STOP,[sl 4589.34],4589.34,0.0,3594.03,2594.03,Friday,16,2026-08-28
1943,11042215,3715314,3715450,XAUUSD.u,SELL,STR S3,3,0.01,2026-08-28 16:02:48.197,2026-08-28 16:03:17.880,29.68,29s,4592.12,4590.46,-1.66,1.66,1.66,0.0,0.0,1.66,1,BASKET_CLOSE,STR CLOSE,,,3595.69,2595.69,Friday,16,2026-08-28
1944,11042166,3715357,3715451,XAUUSD.u,BUY,STR B1,1,0.01,2026-08-28 16:03:02.354,2026-08-28 16:03:17.994,15.64,15s,4598.24,4590.53,-7.71,-7.71,-7.71,0.0,0.0,-7.71,0,BASKET_CLOSE,STR CLOSE,,,3587.98,2587.98,Friday,16,2026-08-28
1945,11042277,3715375,3715449,XAUUSD.u,SELL,STR S1,1,0.01,2026-08-28 16:03:03.709,2026-08-28 16:03:17.762,14.05,14s,4595.18,4590.41,-4.77,4.77,4.77,0.0,0.0,4.77,1,BASKET_CLOSE,STR CLOSE,,,3592.75,2592.75,Friday,16,2026-08-28
1946,11042279,3715431,3715448,XAUUSD.u,SELL,STR S2,2,0.01,2026-08-28 16:03:12.467,2026-08-28 16:03:17.634,5.17,5s,4593.65,4590.61,-3.04,3.04,3.04,0.0,0.0,3.04,1,BASKET_CLOSE,STR CLOSE,,,3595.79,2595.79,Friday,16,2026-08-28
1947,11042431,3715520,3715577,XAUUSD.u,SELL,STR S1,1,0.01,2026-08-28 16:03:31.970,2026-08-28 16:03:45.569,13.6,13s,4585.11,4584.2,-0.91,0.91,0.91,0.0,0.0,0.91,1,BASKET_CLOSE,STR CLOSE,,,3596.7,2596.7,Friday,16,2026-08-28
1948,11042433,3715526,3715576,XAUUSD.u,SELL,STR S2,2,0.01,2026-08-28 16:03:33.221,2026-08-28 16:03:45.455,12.23,12s,4583.58,4584.87,1.29,-1.29,-1.29,0.0,0.0,-1.29,0,BASKET_CLOSE,STR CLOSE,,,3595.41,2595.41,Friday,16,2026-08-28
1949,11042435,3715539,3715575,XAUUSD.u,SELL,STR S3,3,0.01,2026-08-28 16:03:36.229,2026-08-28 16:03:45.342,9.11,9s,4582.05,4584.99,2.94,-2.94,-2.94,0.0,0.0,-2.94,0,BASKET_CLOSE,STR CLOSE,,,3592.47,2592.47,Friday,16,2026-08-28
1950,11042569,3715627,3715787,XAUUSD.u,SELL,STR S1,1,0.01,2026-08-28 16:04:02.951,2026-08-28 16:04:30.543,27.59,27s,4579.54,4580.33,0.79,-0.79,-0.79,0.0,0.0,-0.79,0,BASKET_CLOSE,STR CLOSE,,,3591.68,2591.68,Friday,16,2026-08-28
1951,11042572,3715673,3715785,XAUUSD.u,SELL,STR S2,2,0.01,2026-08-28 16:04:06.562,2026-08-28 16:04:30.430,23.87,23s,4578.01,4579.6,1.59,-1.59,-1.59,0.0,0.0,-1.59,0,BASKET_CLOSE,STR CLOSE,,,3590.09,2590.09,Friday,16,2026-08-28
1952,11042577,3715688,3715783,XAUUSD.u,SELL,STR S3,3,0.01,2026-08-28 16:04:07.531,2026-08-28 16:04:30.316,22.79,22s,4576.48,4579.43,2.95,-2.95,-2.95,0.0,0.0,-2.95,0,BASKET_CLOSE,STR CLOSE,,,3587.14,2587.14,Friday,16,2026-08-28
1953,11042582,3715700,3715782,XAUUSD.u,SELL,STR S4,4,0.01,2026-08-28 16:04:07.814,2026-08-28 16:04:30.203,22.39,22s,4574.95,4578.78,3.83,-3.83,-3.83,0.0,0.0,-3.83,0,BASKET_CLOSE,STR CLOSE,,,3583.31,2583.31,Friday,16,2026-08-28
1954,11042802,3715857,3716107,XAUUSD.u,BUY,STR B1,1,0.01,2026-08-28 16:04:54.402,2026-08-28 16:05:25.027,30.62,30s,4579.38,4562.07,-17.31,-17.31,-17.31,0.0,0.0,-17.31,0,BASKET_CLOSE,STR CLOSE,,,3566.0,2566.0,Friday,16,2026-08-28
1955,11042803,3715863,3716106,XAUUSD.u,SELL,STR S1,1,0.01,2026-08-28 16:04:57.772,2026-08-28 16:05:24.914,27.14,27s,4576.32,4562.01,-14.31,14.31,14.31,0.0,0.0,14.31,1,BASKET_CLOSE,STR CLOSE,,,3580.31,2580.31,Friday,16,2026-08-28
1956,11042805,3715888,3716104,XAUUSD.u,SELL,STR S2,2,0.01,2026-08-28 16:05:05.275,2026-08-28 16:05:24.800,19.52,19s,4574.79,4561.67,-13.12,13.12,13.12,0.0,0.0,13.12,1,BASKET_CLOSE,STR CLOSE,,,3593.43,2593.43,Friday,16,2026-08-28
1957,11042807,3715910,3716102,XAUUSD.u,SELL,STR S3,3,0.01,2026-08-28 16:05:11.744,2026-08-28 16:05:24.687,12.94,12s,4573.26,4561.38,-11.88,11.88,11.88,0.0,0.0,11.88,1,BASKET_CLOSE,STR CLOSE,,,3605.31,2605.31,Friday,16,2026-08-28
1958,11042810,3715922,3716101,XAUUSD.u,SELL,STR S4,4,0.01,2026-08-28 16:05:13.710,2026-08-28 16:05:24.574,10.86,10s,4571.73,4561.35,-10.38,10.38,10.38,0.0,0.0,10.38,1,BASKET_CLOSE,STR CLOSE,,,3615.69,2615.69,Friday,16,2026-08-28
1959,11042812,3715949,3716099,XAUUSD.u,SELL,STR S5,5,0.01,2026-08-28 16:05:14.000,2026-08-28 16:05:24.461,10.46,10s,4570.2,4561.3,-8.9,8.9,8.9,0.0,0.0,8.9,1,BASKET_CLOSE,STR CLOSE,,,3624.59,2624.59,Friday,16,2026-08-28
1960,11042814,3715971,3716097,XAUUSD.u,SELL,STR S6,6,0.01,2026-08-28 16:05:15.142,2026-08-28 16:05:24.349,9.21,9s,4568.67,4560.79,-7.88,7.88,7.88,0.0,0.0,7.88,1,BASKET_CLOSE,STR CLOSE,,,3632.47,2632.47,Friday,16,2026-08-28
1961,11042816,3715978,3716095,XAUUSD.u,SELL,STR S7,7,0.04,2026-08-28 16:05:15.554,2026-08-28 16:05:24.236,8.68,8s,4567.14,4560.19,-6.95,6.95,27.8,0.0,0.0,27.8,1,BASKET_CLOSE,STR CLOSE,,,3660.27,2660.27,Friday,16,2026-08-28
1962,11042818,3715986,3716093,XAUUSD.u,SELL,STR S8,8,0.04,2026-08-28 16:05:15.733,2026-08-28 16:05:24.123,8.39,8s,4565.61,4560.78,-4.83,4.83,19.32,0.0,0.0,19.32,1,BASKET_CLOSE,STR CLOSE,,,3679.59,2679.59,Friday,16,2026-08-28
1963,11042821,3715999,3716091,XAUUSD.u,SELL,STR S9,9,0.04,2026-08-28 16:05:15.905,2026-08-28 16:05:24.010,8.11,8s,4564.08,4560.56,-3.52,3.52,14.08,0.0,0.0,14.08,1,BASKET_CLOSE,STR CLOSE,,,3693.67,2693.67,Friday,16,2026-08-28
1964,11042823,3716006,3716090,XAUUSD.u,SELL,STR S10,10,0.04,2026-08-28 16:05:15.991,2026-08-28 16:05:23.897,7.91,7s,4562.55,4560.52,-2.03,2.03,8.12,0.0,0.0,8.12,1,BASKET_CLOSE,STR CLOSE,,,3701.79,2701.79,Friday,16,2026-08-28
1965,11042825,3716026,3716089,XAUUSD.u,SELL,STR S11,11,0.04,2026-08-28 16:05:16.147,2026-08-28 16:05:23.784,7.64,7s,4561.02,4560.91,-0.11,0.11,0.44,0.0,0.0,0.44,1,BASKET_CLOSE,STR CLOSE,,,3702.23,2702.23,Friday,16,2026-08-28
1966,11043641,3716638,3716786,XAUUSD.u,BUY,STR B1,1,0.01,2026-08-28 16:07:38.081,2026-08-28 16:08:32.868,54.79,54s,4559.91,4563.25,3.34,3.34,3.34,0.0,0.0,3.34,1,TRAILING_STOP,[sl 4563.25],4563.25,0.0,3705.57,2705.57,Friday,16,2026-08-28
1967,11043280,3716664,3716789,XAUUSD.u,BUY,STR B2,2,0.01,2026-08-28 16:07:54.880,2026-08-28 16:08:35.096,40.22,40s,4561.43,4561.73,0.3,0.3,0.3,0.0,0.0,0.3,1,TRAILING_STOP,[sl 4561.73],4561.73,0.0,3705.87,2705.87,Friday,16,2026-08-28
1968,11043282,3716668,3716796,XAUUSD.u,BUY,STR B3,3,0.01,2026-08-28 16:07:55.421,2026-08-28 16:08:36.224,40.8,40s,4562.95,4563.29,0.34,0.34,0.34,0.0,0.0,0.34,1,BASKET_CLOSE,STR CLOSE,,,3706.21,2706.21,Friday,16,2026-08-28
1969,11043285,3716734,3716795,XAUUSD.u,BUY,STR B4,4,0.01,2026-08-28 16:08:10.142,2026-08-28 16:08:36.078,25.94,25s,4564.47,4562.62,-1.85,-1.85,-1.85,0.0,0.0,-1.85,0,BASKET_CLOSE,STR CLOSE,,,3704.36,2704.36,Friday,16,2026-08-28
1970,11043287,3716772,3716794,XAUUSD.u,BUY,STR B5,5,0.01,2026-08-28 16:08:28.703,2026-08-28 16:08:35.938,7.24,7s,4565.99,4562.48,-3.51,-3.51,-3.51,0.0,0.0,-3.51,0,BASKET_CLOSE,STR CLOSE,,,3700.85,2700.85,Friday,16,2026-08-28
1971,11044016,3716974,3717223,XAUUSD.u,BUY,STR B1,1,0.01,2026-08-28 16:08:59.628,2026-08-28 16:09:51.929,52.3,52s,4575.11,4572.82,-2.29,-2.29,-2.29,0.0,0.0,-2.29,0,BASKET_CLOSE,STR CLOSE,,,3698.56,2698.56,Friday,16,2026-08-28
1972,11044023,3717046,3717222,XAUUSD.u,BUY,STR B2,2,0.01,2026-08-28 16:09:03.759,2026-08-28 16:09:51.816,48.06,48s,4576.63,4572.82,-3.81,-3.81,-3.81,0.0,0.0,-3.81,0,BASKET_CLOSE,STR CLOSE,,,3694.75,2694.75,Friday,16,2026-08-28
1973,11044025,3717065,3717220,XAUUSD.u,BUY,STR B3,3,0.01,2026-08-28 16:09:17.662,2026-08-28 16:09:51.702,34.04,34s,4578.15,4573.01,-5.14,-5.14,-5.14,0.0,0.0,-5.14,0,BASKET_CLOSE,STR CLOSE,,,3689.61,2689.61,Friday,16,2026-08-28
1974,11044027,3717133,3717219,XAUUSD.u,BUY,STR B4,4,0.01,2026-08-28 16:09:34.478,2026-08-28 16:09:51.589,17.11,17s,4579.67,4573.77,-5.9,-5.9,-5.9,0.0,0.0,-5.9,0,BASKET_CLOSE,STR CLOSE,,,3683.71,2683.71,Friday,16,2026-08-28
1975,11044631,3717532,3717623,XAUUSD.u,SELL,STR S1,1,0.01,2026-08-28 16:11:16.412,2026-08-28 16:11:43.239,26.83,26s,4565.62,4561.43,-4.19,4.19,4.19,0.0,0.0,4.19,1,BASKET_CLOSE,STR CLOSE,,,3687.9,2687.9,Friday,16,2026-08-28
1976,11044633,3717542,3717622,XAUUSD.u,SELL,STR S2,2,0.01,2026-08-28 16:11:17.142,2026-08-28 16:11:43.126,25.98,25s,4564.1,4561.22,-2.88,2.88,2.88,0.0,0.0,2.88,1,BASKET_CLOSE,STR CLOSE,,,3690.78,2690.78,Friday,16,2026-08-28
1977,11044637,3717590,3717620,XAUUSD.u,SELL,STR S3,3,0.01,2026-08-28 16:11:34.017,2026-08-28 16:11:43.013,9.0,8s,4562.58,4561.21,-1.37,1.37,1.37,0.0,0.0,1.37,1,BASKET_CLOSE,STR CLOSE,,,3692.15,2692.15,Friday,16,2026-08-28
1978,11044640,3717593,3717619,XAUUSD.u,SELL,STR S4,4,0.01,2026-08-28 16:11:34.623,2026-08-28 16:11:42.900,8.28,8s,4561.06,4561.32,0.26,-0.26,-0.26,0.0,0.0,-0.26,0,BASKET_CLOSE,STR CLOSE,,,3691.89,2691.89,Friday,16,2026-08-28
1979,11044647,3717600,3717618,XAUUSD.u,SELL,STR S5,5,0.01,2026-08-28 16:11:36.504,2026-08-28 16:11:42.788,6.28,6s,4559.54,4561.89,2.35,-2.35,-2.35,0.0,0.0,-2.35,0,BASKET_CLOSE,STR CLOSE,,,3689.54,2689.54,Friday,16,2026-08-28
1980,11044795,3717664,3717708,XAUUSD.u,SELL,STR S1,1,0.01,2026-08-28 16:12:06.562,2026-08-28 16:12:13.223,6.66,6s,4557.28,4552.99,-4.29,4.29,4.29,0.0,0.0,4.29,1,BASKET_CLOSE,STR CLOSE,,,3693.83,2693.83,Friday,16,2026-08-28
1981,11044797,3717667,3717706,XAUUSD.u,SELL,STR S2,2,0.01,2026-08-28 16:12:06.804,2026-08-28 16:12:13.110,6.31,6s,4555.76,4553.42,-2.34,2.34,2.34,0.0,0.0,2.34,1,BASKET_CLOSE,STR CLOSE,,,3696.17,2696.17,Friday,16,2026-08-28
1982,11044799,3717673,3717704,XAUUSD.u,SELL,STR S3,3,0.01,2026-08-28 16:12:08.579,2026-08-28 16:12:12.997,4.42,4s,4554.24,4553.7,-0.54,0.54,0.54,0.0,0.0,0.54,1,BASKET_CLOSE,STR CLOSE,,,3696.71,2696.71,Friday,16,2026-08-28
1983,11044802,3717677,3717703,XAUUSD.u,SELL,STR S4,4,0.01,2026-08-28 16:12:08.813,2026-08-28 16:12:12.884,4.07,4s,4552.72,4553.76,1.04,-1.04,-1.04,0.0,0.0,-1.04,0,BASKET_CLOSE,STR CLOSE,,,3695.67,2695.67,Friday,16,2026-08-28
1984,11044953,3717782,3717844,XAUUSD.u,BUY,STR B1,1,0.01,2026-08-28 16:12:34.168,2026-08-28 16:12:47.804,13.64,13s,4554.11,4557.95,3.84,3.84,3.84,0.0,0.0,3.84,1,TRAILING_STOP,[sl 4557.95],4557.95,0.0,3699.51,2699.51,Friday,16,2026-08-28
1985,11044954,3717786,3717856,XAUUSD.u,SELL,STR S1,1,0.01,2026-08-28 16:12:37.206,2026-08-28 16:12:50.545,13.34,13s,4551.07,4559.07,8.0,-8.0,-8.0,0.0,0.0,-8.0,0,BASKET_CLOSE,STR CLOSE,,,3691.51,2691.51,Friday,16,2026-08-28
1986,11044955,3717795,3717855,XAUUSD.u,BUY,STR B2,2,0.01,2026-08-28 16:12:42.470,2026-08-28 16:12:50.429,7.96,7s,4555.63,4558.79,3.16,3.16,3.16,0.0,0.0,3.16,1,BASKET_CLOSE,STR CLOSE,,,3694.67,2694.67,Friday,16,2026-08-28
1987,11044958,3717803,3717854,XAUUSD.u,BUY,STR B3,3,0.01,2026-08-28 16:12:43.405,2026-08-28 16:12:50.312,6.91,6s,4557.15,4558.59,1.44,1.44,1.44,0.0,0.0,1.44,1,BASKET_CLOSE,STR CLOSE,,,3696.11,2696.11,Friday,16,2026-08-28
1988,11044961,3717826,3717852,XAUUSD.u,BUY,STR B4,4,0.01,2026-08-28 16:12:44.817,2026-08-28 16:12:50.192,5.38,5s,4558.67,4558.8,0.13,0.13,0.13,0.0,0.0,0.13,1,BASKET_CLOSE,STR CLOSE,,,3696.24,2696.24,Friday,16,2026-08-28
1989,11044963,3717835,3717851,XAUUSD.u,BUY,STR B5,5,0.01,2026-08-28 16:12:45.620,2026-08-28 16:12:50.078,4.46,4s,4560.19,4558.43,-1.76,-1.76,-1.76,0.0,0.0,-1.76,0,BASKET_CLOSE,STR CLOSE,,,3694.48,2694.48,Friday,16,2026-08-28
1990,11045088,3717882,3717916,XAUUSD.u,SELL,STR S1,1,0.01,2026-08-28 16:13:04.463,2026-08-28 16:13:13.156,8.69,8s,4555.46,4552.57,-2.89,2.89,2.89,0.0,0.0,2.89,1,BASKET_CLOSE,STR CLOSE,,,3697.37,2697.37,Friday,16,2026-08-28
1991,11045090,3717889,3717913,XAUUSD.u,SELL,STR S2,2,0.01,2026-08-28 16:13:06.037,2026-08-28 16:13:13.043,7.01,7s,4553.94,4551.73,-2.21,2.21,2.21,0.0,0.0,2.21,1,BASKET_CLOSE,STR CLOSE,,,3699.58,2699.58,Friday,16,2026-08-28
1992,11045173,3717958,3718353,XAUUSD.u,BUY,STR B1,1,0.01,2026-08-28 16:13:23.691,2026-08-28 16:16:03.754,160.06,2m 40s,4549.64,4555.1,5.46,5.46,5.46,0.0,0.0,5.46,1,TRAILING_STOP,[sl 4555.10],4555.1,0.0,3705.04,2705.04,Friday,16,2026-08-28
1993,11045386,3718180,3718355,XAUUSD.u,BUY,STR B2,2,0.01,2026-08-28 16:15:19.193,2026-08-28 16:16:03.754,44.56,44s,4551.16,4555.1,3.94,3.94,3.94,0.0,0.0,3.94,1,TRAILING_STOP,[sl 4555.10],4555.1,0.0,3708.98,2708.98,Friday,16,2026-08-28
1994,11045177,3718189,3718382,XAUUSD.u,BUY,STR B3,3,0.01,2026-08-28 16:15:21.397,2026-08-28 16:16:09.686,48.29,48s,4552.68,4553.63,0.95,0.95,0.95,0.0,0.0,0.95,1,TRAILING_STOP,[sl 4553.63],4553.63,0.0,3709.93,2709.93,Friday,16,2026-08-28
1995,11045179,3718309,3718482,XAUUSD.u,BUY,STR B4,4,0.01,2026-08-28 16:15:57.859,2026-08-28 16:16:58.707,60.85,1m 0s,4554.2,4555.51,1.31,1.31,1.31,0.0,0.0,1.31,1,BASKET_CLOSE,STR CLOSE,,,3711.24,2711.24,Friday,16,2026-08-28
1996,11045181,3718323,3718480,XAUUSD.u,BUY,STR B5,5,0.01,2026-08-28 16:16:00.815,2026-08-28 16:16:58.594,57.78,57s,4555.72,4555.18,-0.54,-0.54,-0.54,0.0,0.0,-0.54,0,BASKET_CLOSE,STR CLOSE,,,3710.7,2710.7,Friday,16,2026-08-28
1997,11045663,3718413,3718479,XAUUSD.u,BUY,STR B3,3,0.01,2026-08-28 16:16:23.786,2026-08-28 16:16:58.481,34.7,34s,4552.68,4555.07,2.39,2.39,2.39,0.0,0.0,2.39,1,BASKET_CLOSE,STR CLOSE,,,3713.09,2713.09,Friday,16,2026-08-28
1998,11045713,3718436,3718478,XAUUSD.u,BUY,STR B2,2,0.01,2026-08-28 16:16:36.497,2026-08-28 16:16:58.367,21.87,21s,4551.16,4555.18,4.02,4.02,4.02,0.0,0.0,4.02,1,BASKET_CLOSE,STR CLOSE,,,3717.11,2717.11,Friday,16,2026-08-28
1999,11045856,3718577,3718692,XAUUSD.u,SELL,STR S1,1,0.01,2026-08-28 16:17:21.280,2026-08-28 16:18:12.389,51.11,51s,4556.34,4565.69,9.35,-9.35,-9.35,0.0,0.0,-9.35,0,BASKET_CLOSE,STR CLOSE,,,3707.76,2707.76,Friday,16,2026-08-28
2000,11045855,3718595,3718693,XAUUSD.u,BUY,STR B1,1,0.01,2026-08-28 16:17:29.816,2026-08-28 16:18:12.502,42.69,42s,4559.38,4565.57,6.19,6.19,6.19,0.0,0.0,6.19,1,BASKET_CLOSE,STR CLOSE,,,3713.95,2713.95,Friday,16,2026-08-28
2001,11045857,3718603,3718691,XAUUSD.u,BUY,STR B2,2,0.01,2026-08-28 16:17:30.930,2026-08-28 16:18:12.274,41.34,41s,4560.9,4565.64,4.74,4.74,4.74,0.0,0.0,4.74,1,BASKET_CLOSE,STR CLOSE,,,3718.69,2718.69,Friday,16,2026-08-28
2002,11045859,3718621,3718690,XAUUSD.u,BUY,STR B3,3,0.01,2026-08-28 16:17:38.876,2026-08-28 16:18:12.160,33.28,33s,4562.42,4565.66,3.24,3.24,3.24,0.0,0.0,3.24,1,BASKET_CLOSE,STR CLOSE,,,3721.93,2721.93,Friday,16,2026-08-28
2003,11045861,3718639,3718689,XAUUSD.u,BUY,STR B4,4,0.01,2026-08-28 16:17:42.664,2026-08-28 16:18:12.047,29.38,29s,4563.94,4565.64,1.7,1.7,1.7,0.0,0.0,1.7,1,BASKET_CLOSE,STR CLOSE,,,3723.63,2723.63,Friday,16,2026-08-28
2004,11045863,3718656,3718688,XAUUSD.u,BUY,STR B5,5,0.01,2026-08-28 16:17:47.949,2026-08-28 16:18:11.934,23.98,23s,4565.46,4565.76,0.3,0.3,0.3,0.0,0.0,0.3,1,BASKET_CLOSE,STR CLOSE,,,3723.93,2723.93,Friday,16,2026-08-28
2005,11046024,3718704,3718947,XAUUSD.u,SELL,STR S1,1,0.01,2026-08-28 16:18:22.108,2026-08-28 16:19:49.178,87.07,1m 27s,4562.89,4555.56,-7.33,7.33,7.33,0.0,0.0,7.33,1,MANUAL/OTHER,,,,3731.26,2731.26,Friday,16,2026-08-28
2006,11046026,3718711,3718932,XAUUSD.u,SELL,STR S2,2,0.01,2026-08-28 16:18:26.045,2026-08-28 16:19:45.529,79.48,1m 19s,4561.37,4557.88,-3.49,3.49,3.49,0.0,0.0,3.49,1,BASKET_CLOSE,STR CLOSE,,,3734.75,2734.75,Friday,16,2026-08-28
2007,11046028,3718720,3718924,XAUUSD.u,SELL,STR S3,3,0.01,2026-08-28 16:18:29.773,2026-08-28 16:19:43.592,73.82,1m 13s,4559.85,4558.73,-1.12,1.12,1.12,0.0,0.0,1.12,1,BASKET_CLOSE,STR CLOSE,,,3735.87,2735.87,Friday,16,2026-08-28
2008,11046030,3718891,3718922,XAUUSD.u,SELL,STR S4,4,0.01,2026-08-28 16:19:39.205,2026-08-28 16:19:43.480,4.28,4s,4558.33,4558.81,0.48,-0.48,-0.48,0.0,0.0,-0.48,0,BASKET_CLOSE,STR CLOSE,,,3735.39,2735.39,Friday,16,2026-08-28
2009,11046616,3719234,3719453,XAUUSD.u,SELL,STR S1,1,0.01,2026-08-28 16:22:28.525,2026-08-28 16:23:43.052,74.53,1m 14s,4563.85,4552.8,-11.05,11.05,11.05,0.0,0.0,11.05,1,BASKET_CLOSE,STR CLOSE,,,3746.44,2746.44,Friday,16,2026-08-28
2010,11046615,3719255,3719454,XAUUSD.u,BUY,STR B1,1,0.01,2026-08-28 16:22:42.354,2026-08-28 16:23:43.165,60.81,1m 0s,4566.89,4552.71,-14.18,-14.18,-14.18,0.0,0.0,-14.18,0,BASKET_CLOSE,STR CLOSE,,,3732.26,2732.26,Friday,16,2026-08-28
2011,11046625,3719311,3719452,XAUUSD.u,SELL,STR S2,2,0.01,2026-08-28 16:23:09.218,2026-08-28 16:23:42.939,33.72,33s,4562.33,4552.82,-9.51,9.51,9.51,0.0,0.0,9.51,1,BASKET_CLOSE,STR CLOSE,,,3741.77,2741.77,Friday,16,2026-08-28
2012,11046627,3719321,3719451,XAUUSD.u,SELL,STR S3,3,0.01,2026-08-28 16:23:12.691,2026-08-28 16:23:42.823,30.13,30s,4560.81,4552.84,-7.97,7.97,7.97,0.0,0.0,7.97,1,BASKET_CLOSE,STR CLOSE,,,3749.74,2749.74,Friday,16,2026-08-28
2013,11046629,3719333,3719450,XAUUSD.u,SELL,STR S4,4,0.01,2026-08-28 16:23:16.615,2026-08-28 16:23:42.709,26.09,26s,4559.29,4552.82,-6.47,6.47,6.47,0.0,0.0,6.47,1,BASKET_CLOSE,STR CLOSE,,,3756.21,2756.21,Friday,16,2026-08-28
2014,11046632,3719349,3719449,XAUUSD.u,SELL,STR S5,5,0.01,2026-08-28 16:23:19.713,2026-08-28 16:23:42.596,22.88,22s,4557.77,4552.93,-4.84,4.84,4.84,0.0,0.0,4.84,1,BASKET_CLOSE,STR CLOSE,,,3761.05,2761.05,Friday,16,2026-08-28
2015,11046634,3719373,3719446,XAUUSD.u,SELL,STR S6,6,0.01,2026-08-28 16:23:32.073,2026-08-28 16:23:42.483,10.41,10s,4556.25,4553.2,-3.05,3.05,3.05,0.0,0.0,3.05,1,BASKET_CLOSE,STR CLOSE,,,3764.1,2764.1,Friday,16,2026-08-28
2016,11046636,3719380,3719445,XAUUSD.u,SELL,STR S7,7,0.01,2026-08-28 16:23:33.062,2026-08-28 16:23:42.367,9.3,9s,4554.73,4553.51,-1.22,1.22,1.22,0.0,0.0,1.22,1,BASKET_CLOSE,STR CLOSE,,,3765.32,2765.32,Friday,16,2026-08-28
2017,11046638,3719401,3719444,XAUUSD.u,SELL,STR S8,8,0.01,2026-08-28 16:23:40.481,2026-08-28 16:23:42.254,1.77,1s,4553.21,4553.48,0.27,-0.27,-0.27,0.0,0.0,-0.27,0,BASKET_CLOSE,STR CLOSE,,,3765.05,2765.05,Friday,16,2026-08-28
2018,11046952,3719516,3719666,XAUUSD.u,BUY,STR B1,1,0.01,2026-08-28 16:24:09.679,2026-08-28 16:25:19.689,70.01,1m 10s,4550.75,4554.52,3.77,3.77,3.77,0.0,0.0,3.77,1,TRAILING_STOP,[sl 4554.52],4554.52,0.0,3768.82,2768.82,Friday,16,2026-08-28
2019,11046954,3719555,3719687,XAUUSD.u,BUY,STR B2,2,0.01,2026-08-28 16:24:28.167,2026-08-28 16:25:22.669,54.5,54s,4552.27,4552.95,0.68,0.68,0.68,0.0,0.0,0.68,1,TRAILING_STOP,[sl 4552.95],4552.95,0.0,3769.5,2769.5,Friday,16,2026-08-28
2020,11046953,3719754,3720045,XAUUSD.u,SELL,STR S1,1,0.01,2026-08-28 16:26:06.370,2026-08-28 16:27:50.237,103.87,1m 43s,4547.71,4537.73,-9.98,9.98,9.98,0.0,0.0,9.98,1,BASKET_CLOSE,STR CLOSE,,,3779.48,2779.48,Friday,16,2026-08-28
2021,11046955,3719765,3720041,XAUUSD.u,SELL,STR S2,2,0.01,2026-08-28 16:26:09.795,2026-08-28 16:27:50.119,100.32,1m 40s,4546.19,4537.73,-8.46,8.46,8.46,0.0,0.0,8.46,1,BASKET_CLOSE,STR CLOSE,,,3787.94,2787.94,Friday,16,2026-08-28
2022,11046958,3719779,3720040,XAUUSD.u,SELL,STR S3,3,0.01,2026-08-28 16:26:11.771,2026-08-28 16:27:50.000,98.23,1m 38s,4544.67,4538.01,-6.66,6.66,6.66,0.0,0.0,6.66,1,BASKET_CLOSE,STR CLOSE,,,3794.6,2794.6,Friday,16,2026-08-28
2023,11047246,3719889,3720035,XAUUSD.u,BUY,STR B1,1,0.01,2026-08-28 16:26:58.896,2026-08-28 16:27:49.428,50.53,50s,4550.75,4537.62,-13.13,-13.13,-13.13,0.0,0.0,-13.13,0,BASKET_CLOSE,STR CLOSE,,,3781.47,2781.47,Friday,16,2026-08-28
2024,11046961,3719971,3720039,XAUUSD.u,SELL,STR S4,4,0.01,2026-08-28 16:27:35.812,2026-08-28 16:27:49.885,14.07,14s,4543.15,4537.93,-5.22,5.22,5.22,0.0,0.0,5.22,1,BASKET_CLOSE,STR CLOSE,,,3786.69,2786.69,Friday,16,2026-08-28
2025,11046963,3719998,3720038,XAUUSD.u,SELL,STR S5,5,0.01,2026-08-28 16:27:43.494,2026-08-28 16:27:49.772,6.28,6s,4541.63,4538.06,-3.57,3.57,3.57,0.0,0.0,3.57,1,BASKET_CLOSE,STR CLOSE,,,3790.26,2790.26,Friday,16,2026-08-28
2026,11046966,3720003,3720037,XAUUSD.u,SELL,STR S6,6,0.01,2026-08-28 16:27:43.530,2026-08-28 16:27:49.657,6.13,6s,4540.11,4537.84,-2.27,2.27,2.27,0.0,0.0,2.27,1,BASKET_CLOSE,STR CLOSE,,,3792.53,2792.53,Friday,16,2026-08-28
2027,11046969,3720015,3720036,XAUUSD.u,SELL,STR S7,7,0.01,2026-08-28 16:27:43.609,2026-08-28 16:27:49.544,5.94,5s,4538.59,4537.98,-0.61,0.61,0.61,0.0,0.0,0.61,1,BASKET_CLOSE,STR CLOSE,,,3793.14,2793.14,Friday,16,2026-08-28
2028,11047896,3720403,3720464,XAUUSD.u,BUY,STR B1,1,0.01,2026-08-28 16:29:50.650,2026-08-28 16:30:06.765,16.11,16s,4549.32,4553.02,3.7,3.7,3.7,0.0,0.0,3.7,1,TRAILING_STOP,[sl 4553.02],4553.02,0.0,3796.84,2796.84,Friday,16,2026-08-28
2029,11047898,3720422,3720530,XAUUSD.u,BUY,STR B2,2,0.01,2026-08-28 16:29:55.153,2026-08-28 16:30:28.562,33.41,33s,4550.84,4554.38,3.54,3.54,3.54,0.0,0.0,3.54,1,TRAILING_STOP,[sl 4554.38],4554.38,0.0,3800.38,2800.38,Friday,16,2026-08-28
2030,11047900,3720436,3720594,XAUUSD.u,BUY,STR B3,3,0.01,2026-08-28 16:29:57.664,2026-08-28 16:31:07.681,70.02,1m 10s,4552.36,4560.37,8.01,8.01,8.01,0.0,0.0,8.01,1,BASKET_CLOSE,STR CLOSE,,,3808.39,2808.39,Friday,16,2026-08-28
2031,11047903,3720449,3720593,XAUUSD.u,BUY,STR B4,4,0.01,2026-08-28 16:30:02.196,2026-08-28 16:31:07.569,65.37,1m 5s,4553.88,4560.43,6.55,6.55,6.55,0.0,0.0,6.55,1,BASKET_CLOSE,STR CLOSE,,,3814.94,2814.94,Friday,16,2026-08-28
2032,11047905,3720472,3720591,XAUUSD.u,BUY,STR B5,5,0.01,2026-08-28 16:30:08.447,2026-08-28 16:31:07.455,59.01,59s,4555.4,4560.82,5.42,5.42,5.42,0.0,0.0,5.42,1,BASKET_CLOSE,STR CLOSE,,,3820.36,2820.36,Friday,16,2026-08-28
2033,11047909,3720495,3720590,XAUUSD.u,BUY,STR B6,6,0.01,2026-08-28 16:30:15.891,2026-08-28 16:31:07.342,51.45,51s,4556.92,4560.78,3.86,3.86,3.86,0.0,0.0,3.86,1,BASKET_CLOSE,STR CLOSE,,,3824.22,2824.22,Friday,16,2026-08-28
2034,11047911,3720559,3720588,XAUUSD.u,BUY,STR B7,7,0.01,2026-08-28 16:30:56.325,2026-08-28 16:31:07.229,10.9,10s,4558.44,4560.81,2.37,2.37,2.37,0.0,0.0,2.37,1,BASKET_CLOSE,STR CLOSE,,,3826.59,2826.59,Friday,16,2026-08-28
2035,11047914,3720572,3720586,XAUUSD.u,BUY,STR B8,8,0.01,2026-08-28 16:31:01.289,2026-08-28 16:31:07.116,5.83,5s,4559.96,4561.12,1.16,1.16,1.16,0.0,0.0,1.16,1,BASKET_CLOSE,STR CLOSE,,,3827.75,2827.75,Friday,16,2026-08-28
2036,11048184,3720623,3722137,XAUUSD.u,SELL,STR S1,1,0.01,2026-08-28 16:31:17.138,2026-08-28 16:46:09.605,892.47,14m 52s,4560.98,4553.99,-6.99,6.99,6.99,0.0,0.0,6.99,1,TRAILING_STOP,[sl 4553.99],4553.99,0.0,3834.74,2834.74,Friday,16,2026-08-28
2037,11048183,3720675,3720891,XAUUSD.u,BUY,STR B1,1,0.01,2026-08-28 16:31:36.755,2026-08-28 16:34:23.631,166.88,2m 46s,4564.02,4568.23,4.21,4.21,4.21,0.0,0.0,4.21,1,TRAILING_STOP,[sl 4568.23],4568.23,0.0,3838.95,2838.95,Friday,16,2026-08-28
2038,11048185,3720734,3720916,XAUUSD.u,BUY,STR B2,2,0.01,2026-08-28 16:32:23.800,2026-08-28 16:34:36.463,132.66,2m 12s,4565.54,4566.71,1.17,1.17,1.17,0.0,0.0,1.17,1,TRAILING_STOP,[sl 4566.71],4566.71,0.0,3840.12,2840.12,Friday,16,2026-08-28
2039,11048189,3720832,3720968,XAUUSD.u,BUY,STR B3,3,0.01,2026-08-28 16:33:49.193,2026-08-28 16:35:22.078,92.89,1m 32s,4567.06,4571.3,4.24,4.24,4.24,0.0,0.0,4.24,1,TRAILING_STOP,[sl 4571.30],4571.3,0.0,3844.36,2844.36,Friday,16,2026-08-28
2040,11048195,3720863,3720970,XAUUSD.u,BUY,STR B4,4,0.01,2026-08-28 16:34:09.390,2026-08-28 16:35:22.153,72.76,1m 12s,4568.58,4569.79,1.21,1.21,1.21,0.0,0.0,1.21,1,TRAILING_STOP,[sl 4569.79],4569.79,0.0,3845.57,2845.57,Friday,16,2026-08-28
2041,11048197,3720887,3721074,XAUUSD.u,BUY,STR B5,5,0.01,2026-08-28 16:34:19.193,2026-08-28 16:36:23.198,124.0,2m 4s,4570.1,4575.0,4.9,4.9,4.9,0.0,0.0,4.9,1,TRAILING_STOP,[sl 4575.00],4575.0,0.0,3850.47,2850.47,Friday,16,2026-08-28
2042,11048199,3720951,3721075,XAUUSD.u,BUY,STR B6,6,0.01,2026-08-28 16:35:08.245,2026-08-28 16:36:23.198,74.95,1m 14s,4571.62,4575.0,3.38,3.38,3.38,0.0,0.0,3.38,1,TRAILING_STOP,[sl 4575.00],4575.0,0.0,3853.85,2853.85,Friday,16,2026-08-28
2043,11048202,3720985,3721095,XAUUSD.u,BUY,STR B7,7,0.01,2026-08-28 16:35:32.919,2026-08-28 16:36:40.188,67.27,1m 7s,4573.14,4573.43,0.29,0.29,0.29,0.0,0.0,0.29,1,TRAILING_STOP,[sl 4573.43],4573.43,0.0,3854.14,2854.14,Friday,16,2026-08-28
2044,11048749,3721114,3721249,XAUUSD.u,BUY,STR B6,6,0.01,2026-08-28 16:36:55.486,2026-08-28 16:39:12.422,136.94,2m 16s,4571.62,4572.93,1.31,1.31,1.31,0.0,0.0,1.31,1,TRAILING_STOP,[sl 4572.93],4572.93,0.0,3855.45,2855.45,Friday,16,2026-08-28
2045,11049068,3721419,3721512,XAUUSD.u,BUY,STR B1,1,0.01,2026-08-28 16:40:06.817,2026-08-28 16:41:06.565,59.75,59s,4564.02,4564.64,0.62,0.62,0.62,0.0,0.0,0.62,1,TRAILING_STOP,[sl 4564.64],4564.64,0.0,3856.07,2856.07,Friday,16,2026-08-28
2046,11049069,3721440,3722577,XAUUSD.u,BUY,STR B2,2,0.01,2026-08-28 16:40:22.676,2026-08-28 16:50:24.062,601.39,10m 1s,4565.54,4551.39,-14.15,-14.15,-14.15,0.0,0.0,-14.15,0,BASKET_CLOSE,STR CLOSE,,,3841.92,2841.92,Friday,16,2026-08-28
2047,11049071,3721450,3722576,XAUUSD.u,BUY,STR B3,3,0.01,2026-08-28 16:40:27.238,2026-08-28 16:50:23.949,596.71,9m 56s,4567.06,4551.41,-15.65,-15.65,-15.65,0.0,0.0,-15.65,0,BASKET_CLOSE,STR CLOSE,,,3826.27,2826.27,Friday,16,2026-08-28
2048,11049176,3721522,3722575,XAUUSD.u,BUY,STR B1,1,0.01,2026-08-28 16:41:17.523,2026-08-28 16:50:23.835,546.31,9m 6s,4564.02,4551.26,-12.76,-12.76,-12.76,0.0,0.0,-12.76,0,BASKET_CLOSE,STR CLOSE,,,3813.51,2813.51,Friday,16,2026-08-28
2049,11048652,3721805,3722168,XAUUSD.u,SELL,STR S2,2,0.01,2026-08-28 16:43:39.330,2026-08-28 16:46:14.881,155.55,2m 35s,4559.46,4554.14,-5.32,5.32,5.32,0.0,0.0,5.32,1,TRAILING_STOP,[sl 4554.14],4554.14,0.0,3818.83,2818.83,Friday,16,2026-08-28
2050,11048622,3721820,3722167,XAUUSD.u,SELL,STR S3,3,0.01,2026-08-28 16:43:44.174,2026-08-28 16:46:14.881,150.71,2m 30s,4557.94,4554.14,-3.8,3.8,3.8,0.0,0.0,3.8,1,TRAILING_STOP,[sl 4554.14],4554.14,0.0,3822.63,2822.63,Friday,16,2026-08-28
2051,11048196,3722070,3722211,XAUUSD.u,SELL,STR S4,4,0.01,2026-08-28 16:45:45.433,2026-08-28 16:46:33.580,48.15,48s,4556.42,4555.66,-0.76,0.76,0.76,0.0,0.0,0.76,1,TRAILING_STOP,[sl 4555.66],4555.66,0.0,3823.39,2823.39,Friday,16,2026-08-28
2052,11048198,3722081,3722580,XAUUSD.u,SELL,STR S5,5,0.01,2026-08-28 16:45:49.146,2026-08-28 16:50:24.400,275.25,4m 35s,4554.9,4551.98,-2.92,2.92,2.92,0.0,0.0,2.92,1,BASKET_CLOSE,STR CLOSE,,,3826.31,2826.31,Friday,16,2026-08-28
2053,11048200,3722103,3722579,XAUUSD.u,SELL,STR S6,6,0.01,2026-08-28 16:46:00.204,2026-08-28 16:50:24.287,264.08,4m 24s,4553.38,4551.91,-1.47,1.47,1.47,0.0,0.0,1.47,1,BASKET_CLOSE,STR CLOSE,,,3827.78,2827.78,Friday,16,2026-08-28
2054,11049919,3722237,3722574,XAUUSD.u,SELL,STR S4,4,0.01,2026-08-28 16:47:14.422,2026-08-28 16:50:23.721,189.3,3m 9s,4556.42,4551.38,-5.04,5.04,5.04,0.0,0.0,5.04,1,BASKET_CLOSE,STR CLOSE,,,3832.82,2832.82,Friday,16,2026-08-28
2055,11050016,3722334,3722573,XAUUSD.u,SELL,STR S3,3,0.01,2026-08-28 16:48:17.255,2026-08-28 16:50:23.608,126.35,2m 6s,4557.94,4551.35,-6.59,6.59,6.59,0.0,0.0,6.59,1,BASKET_CLOSE,STR CLOSE,,,3839.41,2839.41,Friday,16,2026-08-28
2056,11048203,3722524,3722578,XAUUSD.u,SELL,STR S7,7,0.01,2026-08-28 16:49:42.992,2026-08-28 16:50:24.175,41.18,41s,4551.86,4551.73,-0.13,0.13,0.13,0.0,0.0,0.13,1,BASKET_CLOSE,STR CLOSE,,,3839.54,2839.54,Friday,16,2026-08-28
2057,11050301,3722624,3722739,XAUUSD.u,BUY,STR B1,1,0.01,2026-08-28 16:50:45.200,2026-08-28 16:51:36.853,51.65,51s,4557.19,4558.02,0.83,0.83,0.83,0.0,0.0,0.83,1,TRAILING_STOP,[sl 4558.02],4558.02,0.0,3840.37,2840.37,Friday,16,2026-08-28
2058,11050304,3722638,3722984,XAUUSD.u,SELL,STR S1,1,0.01,2026-08-28 16:50:55.652,2026-08-28 16:54:17.155,201.5,3m 21s,4554.15,4568.43,14.28,-14.28,-14.28,0.0,0.0,-14.28,0,BASKET_CLOSE,STR CLOSE,,,3826.09,2826.09,Friday,16,2026-08-28
2059,11050309,3722674,3722780,XAUUSD.u,BUY,STR B2,2,0.01,2026-08-28 16:51:14.494,2026-08-28 16:52:02.478,47.98,47s,4558.71,4559.91,1.2,1.2,1.2,0.0,0.0,1.2,1,TRAILING_STOP,[sl 4559.91],4559.91,0.0,3827.29,2827.29,Friday,16,2026-08-28
2060,11050311,3722680,3722983,XAUUSD.u,BUY,STR B3,3,0.01,2026-08-28 16:51:15.082,2026-08-28 16:54:17.041,181.96,3m 1s,4560.23,4568.28,8.05,8.05,8.05,0.0,0.0,8.05,1,BASKET_CLOSE,STR CLOSE,,,3835.34,2835.34,Friday,16,2026-08-28
2061,11050313,3722762,3722982,XAUUSD.u,BUY,STR B4,4,0.01,2026-08-28 16:51:53.222,2026-08-28 16:54:16.928,143.71,2m 23s,4561.75,4568.28,6.53,6.53,6.53,0.0,0.0,6.53,1,BASKET_CLOSE,STR CLOSE,,,3841.87,2841.87,Friday,16,2026-08-28
2062,11050315,3722823,3722981,XAUUSD.u,BUY,STR B5,5,0.01,2026-08-28 16:52:30.506,2026-08-28 16:54:16.815,106.31,1m 46s,4563.27,4568.24,4.97,4.97,4.97,0.0,0.0,4.97,1,BASKET_CLOSE,STR CLOSE,,,3846.84,2846.84,Friday,16,2026-08-28
2063,11050321,3722889,3722980,XAUUSD.u,BUY,STR B6,6,0.01,2026-08-28 16:53:25.865,2026-08-28 16:54:16.703,50.84,50s,4564.79,4568.05,3.26,3.26,3.26,0.0,0.0,3.26,1,BASKET_CLOSE,STR CLOSE,,,3850.1,2850.1,Friday,16,2026-08-28
2064,11050323,3722899,3722979,XAUUSD.u,BUY,STR B7,7,0.01,2026-08-28 16:53:27.266,2026-08-28 16:54:16.590,49.32,49s,4566.31,4567.93,1.62,1.62,1.62,0.0,0.0,1.62,1,BASKET_CLOSE,STR CLOSE,,,3851.72,2851.72,Friday,16,2026-08-28
2065,11050326,3722945,3722978,XAUUSD.u,BUY,STR B8,8,0.01,2026-08-28 16:54:03.473,2026-08-28 16:54:16.477,13.0,13s,4567.83,4567.94,0.11,0.11,0.11,0.0,0.0,0.11,1,BASKET_CLOSE,STR CLOSE,,,3851.83,2851.83,Friday,16,2026-08-28
2066,11050757,3722997,3723168,XAUUSD.u,BUY,STR B1,1,0.01,2026-08-28 16:54:29.092,2026-08-28 16:56:09.505,100.41,1m 40s,4569.83,4576.84,7.01,7.01,7.01,0.0,0.0,7.01,1,BASKET_CLOSE,STR CLOSE,,,3858.84,2858.84,Friday,16,2026-08-28
2067,11050759,3723031,3723167,XAUUSD.u,BUY,STR B2,2,0.01,2026-08-28 16:55:00.267,2026-08-28 16:56:09.392,69.12,1m 9s,4571.35,4576.88,5.53,5.53,5.53,0.0,0.0,5.53,1,BASKET_CLOSE,STR CLOSE,,,3864.37,2864.37,Friday,16,2026-08-28
2068,11050761,3723054,3723161,XAUUSD.u,BUY,STR B3,3,0.01,2026-08-28 16:55:08.321,2026-08-28 16:56:09.279,60.96,1m 0s,4572.87,4576.84,3.97,3.97,3.97,0.0,0.0,3.97,1,BASKET_CLOSE,STR CLOSE,,,3868.34,2868.34,Friday,16,2026-08-28
2069,11050763,3723098,3723160,XAUUSD.u,BUY,STR B4,4,0.01,2026-08-28 16:55:51.381,2026-08-28 16:56:09.165,17.78,17s,4574.39,4576.98,2.59,2.59,2.59,0.0,0.0,2.59,1,BASKET_CLOSE,STR CLOSE,,,3870.93,2870.93,Friday,16,2026-08-28
2070,11050766,3723125,3723159,XAUUSD.u,BUY,STR B5,5,0.01,2026-08-28 16:56:00.631,2026-08-28 16:56:09.051,8.42,8s,4575.91,4577.12,1.21,1.21,1.21,0.0,0.0,1.21,1,BASKET_CLOSE,STR CLOSE,,,3872.14,2872.14,Friday,16,2026-08-28
2071,11050768,3723144,3723158,XAUUSD.u,BUY,STR B6,6,0.01,2026-08-28 16:56:03.681,2026-08-28 16:56:08.935,5.25,5s,4577.43,4577.22,-0.21,-0.21,-0.21,0.0,0.0,-0.21,0,BASKET_CLOSE,STR CLOSE,,,3871.93,2871.93,Friday,16,2026-08-28
2072,11051164,3723394,3724383,XAUUSD.u,BUY,STR B1,1,0.01,2026-08-28 16:58:54.909,2026-08-28 17:13:12.211,857.3,14m 17s,4579.42,4563.3,-16.12,-16.12,-16.12,0.0,0.0,-16.12,0,BASKET_CLOSE,STR CLOSE,,,3855.81,2855.81,Friday,16,2026-08-28
2073,11051165,3723521,3723712,XAUUSD.u,SELL,STR S1,1,0.01,2026-08-28 17:01:26.005,2026-08-28 17:03:32.427,126.42,2m 6s,4576.36,4576.21,-0.15,0.15,0.15,0.0,0.0,0.15,1,TRAILING_STOP,[sl 4576.21],4576.21,0.0,3855.96,2855.96,Friday,17,2026-08-28
2074,11051167,3723553,3724131,XAUUSD.u,SELL,STR S2,2,0.01,2026-08-28 17:02:20.450,2026-08-28 17:10:37.543,497.09,8m 17s,4574.83,4570.0,-4.83,4.83,4.83,0.0,0.0,4.83,1,TRAILING_STOP,[sl 4570.00],4570.0,0.0,3860.79,2860.79,Friday,17,2026-08-28
2075,11051169,3723577,3724138,XAUUSD.u,SELL,STR S3,3,0.01,2026-08-28 17:02:36.673,2026-08-28 17:10:43.170,486.5,8m 6s,4573.3,4571.0,-2.3,2.3,2.3,0.0,0.0,2.3,1,TRAILING_STOP,[sl 4571.00],4571.0,0.0,3863.09,2863.09,Friday,17,2026-08-28
2076,11051546,3723733,3723925,XAUUSD.u,SELL,STR S1,1,0.01,2026-08-28 17:03:50.759,2026-08-28 17:08:30.372,279.61,4m 39s,4576.36,4574.0,-2.36,2.36,2.36,0.0,0.0,2.36,1,TRAILING_STOP,[sl 4574.00],4574.0,0.0,3865.45,2865.45,Friday,17,2026-08-28
2077,11051776,3723955,3723963,XAUUSD.u,SELL,STR S1,1,0.01,2026-08-28 17:09:21.924,2026-08-28 17:09:40.130,18.21,18s,4576.36,4574.2,-2.16,2.16,2.16,0.0,0.0,2.16,1,TRAILING_STOP,[sl 4574.20],4574.2,0.0,3867.61,2867.61,Friday,17,2026-08-28
2078,11051171,3723985,3724277,XAUUSD.u,SELL,STR S4,4,0.01,2026-08-28 17:10:15.883,2026-08-28 17:11:28.841,72.96,1m 12s,4571.77,4565.5,-6.27,6.27,6.27,0.0,0.0,6.27,1,TRAILING_STOP,[sl 4565.50],4565.5,0.0,3873.88,2873.88,Friday,17,2026-08-28
2079,11051173,3724084,3724278,XAUUSD.u,SELL,STR S5,5,0.01,2026-08-28 17:10:28.182,2026-08-28 17:11:28.841,60.66,1m 0s,4570.24,4565.5,-4.74,4.74,4.74,0.0,0.0,4.74,1,TRAILING_STOP,[sl 4565.50],4565.5,0.0,3878.62,2878.62,Friday,17,2026-08-28
2080,11051175,3724149,3724279,XAUUSD.u,SELL,STR S6,6,0.01,2026-08-28 17:10:49.826,2026-08-28 17:11:28.841,39.02,39s,4568.71,4565.5,-3.21,3.21,3.21,0.0,0.0,3.21,1,TRAILING_STOP,[sl 4565.50],4565.5,0.0,3881.83,2881.83,Friday,17,2026-08-28
2081,11051177,3724155,3724308,XAUUSD.u,SELL,STR S7,7,0.06,2026-08-28 17:10:50.533,2026-08-28 17:11:47.163,56.63,56s,4567.18,4567.01,-0.17,0.17,1.02,0.0,0.0,1.02,1,TRAILING_STOP,[sl 4567.01],4567.01,0.0,3882.85,2882.85,Friday,17,2026-08-28
2082,11051179,3724190,3724382,XAUUSD.u,SELL,STR S8,8,0.06,2026-08-28 17:11:04.335,2026-08-28 17:13:12.098,127.76,2m 7s,4565.65,4563.18,-2.47,2.47,14.82,0.0,0.0,14.82,1,BASKET_CLOSE,STR CLOSE,,,3897.67,2897.67,Friday,17,2026-08-28
2083,11051181,3724239,3724381,XAUUSD.u,SELL,STR S9,9,0.06,2026-08-28 17:11:19.009,2026-08-28 17:13:11.985,112.98,1m 52s,4564.12,4563.17,-0.95,0.95,5.7,0.0,0.0,5.7,1,BASKET_CLOSE,STR CLOSE,,,3903.37,2903.37,Friday,17,2026-08-28
2084,11051183,3724283,3724380,XAUUSD.u,SELL,STR S10,10,0.06,2026-08-28 17:11:34.217,2026-08-28 17:13:11.872,97.66,1m 37s,4562.59,4563.17,0.58,-0.58,-3.48,0.0,0.0,-3.48,0,BASKET_CLOSE,STR CLOSE,,,3899.89,2899.89,Friday,17,2026-08-28
2085,11052173,3724355,3724379,XAUUSD.u,SELL,STR S7,7,0.06,2026-08-28 17:12:32.486,2026-08-28 17:13:11.760,39.27,39s,4567.18,4563.09,-4.09,4.09,24.54,0.0,0.0,24.54,1,BASKET_CLOSE,STR CLOSE,,,3924.43,2924.43,Friday,17,2026-08-28
2086,11052241,3724437,3724763,XAUUSD.u,SELL,STR S1,1,0.01,2026-08-28 17:14:06.330,2026-08-28 17:19:13.206,306.88,5m 6s,4559.3,4555.74,-3.56,3.56,3.56,0.0,0.0,3.56,1,TRAILING_STOP,[sl 4555.74],4555.74,0.0,3927.99,2927.99,Friday,17,2026-08-28
2087,11052243,3724451,3724825,XAUUSD.u,SELL,STR S2,2,0.01,2026-08-28 17:14:16.208,2026-08-28 17:20:11.420,355.21,5m 55s,4557.78,4557.25,-0.53,0.53,0.53,0.0,0.0,0.53,1,TRAILING_STOP,[sl 4557.25],4557.25,0.0,3928.52,2928.52,Friday,17,2026-08-28
2088,11052240,3724512,3725194,XAUUSD.u,BUY,STR B1,1,0.01,2026-08-28 17:15:23.785,2026-08-28 17:23:40.351,496.57,8m 16s,4562.34,4562.56,0.22,0.22,0.22,0.0,0.0,0.22,1,TRAILING_STOP,[sl 4562.56],4562.56,0.0,3928.74,2928.74,Friday,17,2026-08-28
2089,11052242,3724518,3725366,XAUUSD.u,BUY,STR B2,2,0.01,2026-08-28 17:15:28.660,2026-08-28 17:26:12.721,644.06,10m 44s,4563.86,4567.75,3.89,3.89,3.89,0.0,0.0,3.89,1,TRAILING_STOP,[sl 4567.75],4567.75,0.0,3932.63,2932.63,Friday,17,2026-08-28
2090,11052245,3724628,3724959,XAUUSD.u,SELL,STR S3,3,0.01,2026-08-28 17:17:37.151,2026-08-28 17:21:49.194,252.04,4m 12s,4556.26,4554.76,-1.5,1.5,1.5,0.0,0.0,1.5,1,TRAILING_STOP,[sl 4554.76],4554.76,0.0,3934.13,2934.13,Friday,17,2026-08-28
2091,11052247,3724707,3726557,XAUUSD.u,SELL,STR S4,4,0.01,2026-08-28 17:18:44.336,2026-08-28 17:39:16.465,1232.13,20m 32s,4554.74,4549.01,-5.73,5.73,5.73,0.0,0.0,5.73,1,TRAILING_STOP,[sl 4549.01],4549.01,0.0,3939.86,2939.86,Friday,17,2026-08-28
2092,11052703,3724828,3724954,XAUUSD.u,SELL,STR S2,2,0.01,2026-08-28 17:20:13.925,2026-08-28 17:21:48.834,94.91,1m 34s,4557.78,4553.25,-4.53,4.53,4.53,0.0,0.0,4.53,1,TRAILING_STOP,[sl 4553.25],4553.25,0.0,3944.39,2944.39,Friday,17,2026-08-28
2093,11052719,3724843,3724955,XAUUSD.u,SELL,STR S1,1,0.01,2026-08-28 17:20:35.436,2026-08-28 17:21:48.834,73.4,1m 13s,4559.3,4553.25,-6.05,6.05,6.05,0.0,0.0,6.05,1,TRAILING_STOP,[sl 4553.25],4553.25,0.0,3950.44,2950.44,Friday,17,2026-08-28
2094,11052244,3725164,3725395,XAUUSD.u,BUY,STR B3,3,0.01,2026-08-28 17:23:03.608,2026-08-28 17:26:36.471,212.86,3m 32s,4565.38,4567.24,1.86,1.86,1.86,0.0,0.0,1.86,1,TRAILING_STOP,[sl 4567.24],4567.24,0.0,3952.3,2952.3,Friday,17,2026-08-28
2095,11053077,3725204,3725241,XAUUSD.u,BUY,STR B1,1,0.01,2026-08-28 17:23:57.161,2026-08-28 17:25:04.411,67.25,1m 7s,4562.34,4565.4,3.06,3.06,3.06,0.0,0.0,3.06,1,TRAILING_STOP,[sl 4565.40],4565.4,0.0,3955.36,2955.36,Friday,17,2026-08-28
2096,11052246,3725271,3726692,XAUUSD.u,BUY,STR B4,4,0.01,2026-08-28 17:25:29.914,2026-08-28 17:40:04.862,874.95,14m 34s,4566.9,4547.88,-19.02,-19.02,-19.02,0.0,0.0,-19.02,0,BASKET_CLOSE,STR CLOSE,,,3936.34,2936.34,Friday,17,2026-08-28
2097,11052248,3725310,3726690,XAUUSD.u,BUY,STR B5,5,0.01,2026-08-28 17:26:04.122,2026-08-28 17:40:04.748,840.63,14m 0s,4568.42,4547.89,-20.53,-20.53,-20.53,0.0,0.0,-20.53,0,BASKET_CLOSE,STR CLOSE,,,3915.81,2915.81,Friday,17,2026-08-28
2098,11053295,3725415,3726683,XAUUSD.u,BUY,STR B3,3,0.01,2026-08-28 17:27:19.528,2026-08-28 17:40:04.181,764.65,12m 44s,4565.38,4546.96,-18.42,-18.42,-18.42,0.0,0.0,-18.42,0,BASKET_CLOSE,STR CLOSE,,,3897.39,2897.39,Friday,17,2026-08-28
2099,11053297,3725422,3725916,XAUUSD.u,BUY,STR B2,2,0.01,2026-08-28 17:27:26.855,2026-08-28 17:31:03.768,216.91,3m 36s,4563.86,4565.76,1.9,1.9,1.9,0.0,0.0,1.9,1,TRAILING_STOP,[sl 4565.76],4565.76,0.0,3899.29,2899.29,Friday,17,2026-08-28
2100,11053304,3725426,3725675,XAUUSD.u,BUY,STR B1,1,0.01,2026-08-28 17:27:30.001,2026-08-28 17:28:22.930,52.93,52s,4562.34,4563.48,1.14,1.14,1.14,0.0,0.0,1.14,1,TRAILING_STOP,[sl 4563.48],4563.48,0.0,3900.43,2900.43,Friday,17,2026-08-28
2101,11053562,3725681,3725869,XAUUSD.u,BUY,STR B1,1,0.01,2026-08-28 17:28:27.938,2026-08-28 17:30:11.369,103.43,1m 43s,4562.34,4566.06,3.72,3.72,3.72,0.0,0.0,3.72,1,TRAILING_STOP,[sl 4566.06],4566.06,0.0,3904.15,2904.15,Friday,17,2026-08-28
2102,11052860,3725749,3726134,XAUUSD.u,SELL,STR S1,1,0.01,2026-08-28 17:28:40.407,2026-08-28 17:33:01.732,261.32,4m 21s,4559.3,4556.9,-2.4,2.4,2.4,0.0,0.0,2.4,1,TRAILING_STOP,[sl 4556.90],4556.9,0.0,3906.55,2906.55,Friday,17,2026-08-28
2103,11052854,3726058,3726559,XAUUSD.u,SELL,STR S2,2,0.01,2026-08-28 17:32:24.210,2026-08-28 17:39:16.465,412.25,6m 52s,4557.78,4549.1,-8.68,8.68,8.68,0.0,0.0,8.68,1,TRAILING_STOP,[sl 4549.10],4549.1,0.0,3915.23,2915.23,Friday,17,2026-08-28
2104,11052841,3726101,3726558,XAUUSD.u,SELL,STR S3,3,0.01,2026-08-28 17:32:39.323,2026-08-28 17:39:16.465,397.14,6m 37s,4556.26,4549.1,-7.16,7.16,7.16,0.0,0.0,7.16,1,TRAILING_STOP,[sl 4549.10],4549.1,0.0,3922.39,2922.39,Friday,17,2026-08-28
2105,11053915,3726151,3726682,XAUUSD.u,BUY,STR B1,1,0.01,2026-08-28 17:33:19.387,2026-08-28 17:40:04.067,404.68,6m 44s,4562.34,4546.92,-15.42,-15.42,-15.42,0.0,0.0,-15.42,0,BASKET_CLOSE,STR CLOSE,,,3906.97,2906.97,Friday,17,2026-08-28
2106,11054031,3726163,3726290,XAUUSD.u,SELL,STR S1,1,0.01,2026-08-28 17:33:29.218,2026-08-28 17:36:07.118,157.9,2m 37s,4559.3,4558.77,-0.53,0.53,0.53,0.0,0.0,0.53,1,TRAILING_STOP,[sl 4558.77],4558.77,0.0,3907.5,2907.5,Friday,17,2026-08-28
2107,11054193,3726324,3726379,XAUUSD.u,SELL,STR S1,1,0.01,2026-08-28 17:37:03.232,2026-08-28 17:38:21.746,78.51,1m 18s,4559.3,4556.03,-3.27,3.27,3.27,0.0,0.0,3.27,1,TRAILING_STOP,[sl 4556.03],4556.03,0.0,3910.77,2910.77,Friday,17,2026-08-28
2108,11054053,3726407,3726560,XAUUSD.u,SELL,STR S5,5,0.01,2026-08-28 17:38:40.003,2026-08-28 17:39:16.465,36.46,36s,4553.22,4549.1,-4.12,4.12,4.12,0.0,0.0,4.12,1,TRAILING_STOP,[sl 4549.10],4549.1,0.0,3914.89,2914.89,Friday,17,2026-08-28
2109,11053227,3726420,3726685,XAUUSD.u,SELL,STR S6,6,0.01,2026-08-28 17:38:41.589,2026-08-28 17:40:04.294,82.7,1m 22s,4551.7,4547.03,-4.67,4.67,4.67,0.0,0.0,4.67,1,BASKET_CLOSE,STR CLOSE,,,3919.56,2919.56,Friday,17,2026-08-28
2110,11052253,3726459,3726689,XAUUSD.u,SELL,STR S7,7,0.06,2026-08-28 17:38:54.637,2026-08-28 17:40:04.634,70.0,1m 9s,4550.18,4547.99,-2.19,2.19,13.14,0.0,0.0,13.14,1,BASKET_CLOSE,STR CLOSE,,,3932.7,2932.7,Friday,17,2026-08-28
2111,11052262,3726539,3726688,XAUUSD.u,SELL,STR S8,8,0.06,2026-08-28 17:39:12.605,2026-08-28 17:40:04.521,51.92,51s,4548.66,4547.94,-0.72,0.72,4.32,0.0,0.0,4.32,1,BASKET_CLOSE,STR CLOSE,,,3937.02,2937.02,Friday,17,2026-08-28
2112,11052264,3726656,3726686,XAUUSD.u,SELL,STR S9,9,0.06,2026-08-28 17:39:59.241,2026-08-28 17:40:04.408,5.17,5s,4547.14,4547.62,0.48,-0.48,-2.88,0.0,0.0,-2.88,0,BASKET_CLOSE,STR CLOSE,,,3934.14,2934.14,Friday,17,2026-08-28
2113,11054601,3726710,3726775,XAUUSD.u,SELL,STR S1,1,0.01,2026-08-28 17:40:07.905,2026-08-28 17:40:33.955,26.05,26s,4546.24,4542.34,-3.9,3.9,3.9,0.0,0.0,3.9,1,TRAILING_STOP,[sl 4542.34],4542.34,0.0,3938.04,2938.04,Friday,17,2026-08-28
2114,11054605,3726735,3726796,XAUUSD.u,SELL,STR S2,2,0.01,2026-08-28 17:40:19.660,2026-08-28 17:40:45.595,25.93,25s,4544.72,4543.88,-0.84,0.84,0.84,0.0,0.0,0.84,1,TRAILING_STOP,[sl 4543.88],4543.88,0.0,3938.88,2938.88,Friday,17,2026-08-28
2115,11054608,3726758,3726892,XAUUSD.u,SELL,STR S3,3,0.01,2026-08-28 17:40:28.376,2026-08-28 17:41:27.778,59.4,59s,4543.2,4538.3,-4.9,4.9,4.9,0.0,0.0,4.9,1,TRAILING_STOP,[sl 4538.30],4538.3,0.0,3943.78,2943.78,Friday,17,2026-08-28
2116,11054611,3726762,3726893,XAUUSD.u,SELL,STR S4,4,0.01,2026-08-28 17:40:28.873,2026-08-28 17:41:27.779,58.91,58s,4541.68,4538.3,-3.38,3.38,3.38,0.0,0.0,3.38,1,TRAILING_STOP,[sl 4538.30],4538.3,0.0,3947.16,2947.16,Friday,17,2026-08-28
2117,11054613,3726816,3726903,XAUUSD.u,SELL,STR S5,5,0.01,2026-08-28 17:41:03.644,2026-08-28 17:41:41.222,37.58,37s,4540.16,4539.82,-0.34,0.34,0.34,0.0,0.0,0.34,1,TRAILING_STOP,[sl 4539.82],4539.82,0.0,3947.5,2947.5,Friday,17,2026-08-28
2118,11054616,3726855,3727028,XAUUSD.u,SELL,STR S6,6,0.01,2026-08-28 17:41:18.168,2026-08-28 17:44:11.251,173.08,2m 53s,4538.64,4534.64,-4.0,4.0,4.0,0.0,0.0,4.0,1,BASKET_CLOSE,STR CLOSE,,,3951.5,2951.5,Friday,17,2026-08-28
2119,11054827,3726905,3727025,XAUUSD.u,SELL,STR S5,5,0.01,2026-08-28 17:41:41.620,2026-08-28 17:44:11.023,149.4,2m 29s,4540.16,4535.09,-5.07,5.07,5.07,0.0,0.0,5.07,1,BASKET_CLOSE,STR CLOSE,,,3956.57,2956.57,Friday,17,2026-08-28
2120,11054835,3726913,3726944,XAUUSD.u,SELL,STR S4,4,0.01,2026-08-28 17:41:44.409,2026-08-28 17:42:31.143,46.73,46s,4541.68,4540.4,-1.28,1.28,1.28,0.0,0.0,1.28,1,TRAILING_STOP,[sl 4540.40],4540.4,0.0,3957.85,2957.85,Friday,17,2026-08-28
2121,11054873,3726951,3726963,XAUUSD.u,SELL,STR S4,4,0.01,2026-08-28 17:42:49.279,2026-08-28 17:43:15.908,26.63,26s,4541.68,4540.2,-1.48,1.48,1.48,0.0,0.0,1.48,1,TRAILING_STOP,[sl 4540.20],4540.2,0.0,3959.33,2959.33,Friday,17,2026-08-28
2122,11054921,3727000,3727023,XAUUSD.u,SELL,STR S7,7,0.06,2026-08-28 17:44:02.505,2026-08-28 17:44:10.909,8.4,8s,4537.12,4535.11,-2.01,2.01,12.06,0.0,0.0,12.06,1,BASKET_CLOSE,STR CLOSE,,,3971.39,2971.39,Friday,17,2026-08-28
2123,11054621,3727012,3727026,XAUUSD.u,SELL,STR S8,8,0.06,2026-08-28 17:44:07.248,2026-08-28 17:44:11.137,3.89,3s,4535.6,4534.98,-0.62,0.62,3.72,0.0,0.0,3.72,1,BASKET_CLOSE,STR CLOSE,,,3975.11,2975.11,Friday,17,2026-08-28
2124,11054974,3727063,3728012,XAUUSD.u,SELL,STR S1,1,0.01,2026-08-28 17:44:19.275,2026-08-28 17:56:07.538,708.26,11m 48s,4534.9,4529.63,-5.27,5.27,5.27,0.0,0.0,5.27,1,TRAILING_STOP,[sl 4529.63],4529.63,0.0,3980.38,2980.38,Friday,17,2026-08-28
2125,11054972,3727073,3727127,XAUUSD.u,BUY,STR B1,1,0.01,2026-08-28 17:44:37.384,2026-08-28 17:45:15.665,38.28,38s,4537.92,4537.95,0.03,0.03,0.03,0.0,0.0,0.03,1,TRAILING_STOP,[sl 4537.95],4537.95,0.0,3980.41,2980.41,Friday,17,2026-08-28
2126,11054975,3727081,3727271,XAUUSD.u,BUY,STR B2,2,0.01,2026-08-28 17:44:59.916,2026-08-28 17:47:36.879,156.96,2m 36s,4539.43,4544.5,5.07,5.07,5.07,0.0,0.0,5.07,1,TRAILING_STOP,[sl 4544.50],4544.5,0.0,3985.48,2985.48,Friday,17,2026-08-28
2127,11054978,3727087,3727270,XAUUSD.u,BUY,STR B3,3,0.01,2026-08-28 17:45:08.521,2026-08-28 17:47:36.504,147.98,2m 27s,4540.94,4544.7,3.76,3.76,3.76,0.0,0.0,3.76,1,TRAILING_STOP,[sl 4544.70],4544.7,0.0,3989.24,2989.24,Friday,17,2026-08-28
2128,11054982,3727161,3727273,XAUUSD.u,BUY,STR B4,4,0.01,2026-08-28 17:46:00.564,2026-08-28 17:47:41.315,100.75,1m 40s,4542.45,4543.0,0.55,0.55,0.55,0.0,0.0,0.55,1,TRAILING_STOP,[sl 4543.00],4543.0,0.0,3989.79,2989.79,Friday,17,2026-08-28
2129,11055143,3727174,3727217,XAUUSD.u,BUY,STR B1,1,0.01,2026-08-28 17:46:12.510,2026-08-28 17:46:46.437,33.93,33s,4537.92,4539.0,1.08,1.08,1.08,0.0,0.0,1.08,1,TRAILING_STOP,[sl 4539.00],4539.0,0.0,3990.87,2990.87,Friday,17,2026-08-28
2130,11055249,3727277,3727716,XAUUSD.u,BUY,STR B4,4,0.01,2026-08-28 17:47:48.719,2026-08-28 17:53:09.183,320.46,5m 20s,4542.45,4544.2,1.75,1.75,1.75,0.0,0.0,1.75,1,TRAILING_STOP,[sl 4544.20],4544.2,0.0,3992.62,2992.62,Friday,17,2026-08-28
2131,11055260,3727284,3727707,XAUUSD.u,BUY,STR B3,3,0.01,2026-08-28 17:48:11.907,2026-08-28 17:52:54.635,282.73,4m 42s,4540.94,4544.17,3.23,3.23,3.23,0.0,0.0,3.23,1,TRAILING_STOP,[sl 4544.17],4544.17,0.0,3995.85,2995.85,Friday,17,2026-08-28
2132,11055271,3727482,3727687,XAUUSD.u,BUY,STR B1,1,0.01,2026-08-28 17:50:58.221,2026-08-28 17:52:13.981,75.76,1m 15s,4537.92,4543.52,5.6,5.6,5.6,0.0,0.0,5.6,1,TRAILING_STOP,[sl 4543.52],4543.52,0.0,4001.45,3001.45,Friday,17,2026-08-28
2133,11055266,3727487,3727686,XAUUSD.u,BUY,STR B2,2,0.01,2026-08-28 17:51:04.537,2026-08-28 17:52:13.981,69.44,1m 9s,4539.43,4543.52,4.09,4.09,4.09,0.0,0.0,4.09,1,TRAILING_STOP,[sl 4543.52],4543.52,0.0,4005.54,3005.54,Friday,17,2026-08-28
2134,11055721,3727735,3728532,XAUUSD.u,BUY,STR B4,4,0.01,2026-08-28 17:53:27.491,2026-08-28 18:00:10.773,403.28,6m 43s,4542.45,4522.6,-19.85,-19.85,-19.85,0.0,0.0,-19.85,0,BASKET_CLOSE,STR CLOSE,,,3985.69,2985.69,Friday,17,2026-08-28
2135,11055794,3727806,3727819,XAUUSD.u,BUY,STR B1,1,0.01,2026-08-28 17:54:06.603,2026-08-28 17:54:27.562,20.96,20s,4537.92,4539.0,1.08,1.08,1.08,0.0,0.0,1.08,1,TRAILING_STOP,[sl 4539.00],4539.0,0.0,3986.77,2986.77,Friday,17,2026-08-28
2136,11055771,3727814,3728530,XAUUSD.u,BUY,STR B2,2,0.01,2026-08-28 17:54:12.050,2026-08-28 18:00:10.546,358.5,5m 58s,4539.43,4523.19,-16.24,-16.24,-16.24,0.0,0.0,-16.24,0,BASKET_CLOSE,STR CLOSE,,,3970.53,2970.53,Friday,17,2026-08-28
2137,11055746,3727827,3728531,XAUUSD.u,BUY,STR B3,3,0.01,2026-08-28 17:54:36.379,2026-08-28 18:00:10.660,334.28,5m 34s,4540.94,4523.03,-17.91,-17.91,-17.91,0.0,0.0,-17.91,0,BASKET_CLOSE,STR CLOSE,,,3952.62,2952.62,Friday,17,2026-08-28
2138,11055834,3727848,3727887,XAUUSD.u,BUY,STR B1,1,0.01,2026-08-28 17:54:52.472,2026-08-28 17:55:15.291,22.82,22s,4537.92,4539.44,1.52,1.52,1.52,0.0,0.0,1.52,1,TRAILING_STOP,[sl 4539.44],4539.44,0.0,3954.14,2954.14,Friday,17,2026-08-28
2139,11055711,3727942,3728013,XAUUSD.u,SELL,STR S2,2,0.01,2026-08-28 17:55:58.889,2026-08-28 17:56:07.538,8.65,8s,4533.39,4529.91,-3.48,3.48,3.48,0.0,0.0,3.48,1,TRAILING_STOP,[sl 4529.91],4529.91,0.0,3957.62,2957.62,Friday,17,2026-08-28
2140,11055708,3727944,3728058,XAUUSD.u,SELL,STR S3,3,0.01,2026-08-28 17:55:58.925,2026-08-28 17:56:40.069,41.14,41s,4531.88,4530.79,-1.09,1.09,1.09,0.0,0.0,1.09,1,TRAILING_STOP,[sl 4530.79],4530.79,0.0,3958.71,2958.71,Friday,17,2026-08-28
2141,11054984,3727965,3728249,XAUUSD.u,SELL,STR S4,4,0.01,2026-08-28 17:56:02.313,2026-08-28 17:57:18.444,76.13,1m 16s,4530.37,4529.42,-0.95,0.95,0.95,0.0,0.0,0.95,1,TRAILING_STOP,[sl 4529.42],4529.42,0.0,3959.66,2959.66,Friday,17,2026-08-28
2142,11054987,3727996,3728389,XAUUSD.u,SELL,STR S5,5,0.01,2026-08-28 17:56:05.996,2026-08-28 17:58:27.809,141.81,2m 21s,4528.86,4527.64,-1.22,1.22,1.22,0.0,0.0,1.22,1,TRAILING_STOP,[sl 4527.64],4527.64,0.0,3960.88,2960.88,Friday,17,2026-08-28
2143,11056070,3728077,3728248,XAUUSD.u,SELL,STR S2,2,0.01,2026-08-28 17:56:50.414,2026-08-28 17:57:17.398,26.98,26s,4533.39,4528.25,-5.14,5.14,5.14,0.0,0.0,5.14,1,TRAILING_STOP,[sl 4528.25],4528.25,0.0,3966.02,2966.02,Friday,17,2026-08-28
2144,11056054,3728080,3728247,XAUUSD.u,SELL,STR S3,3,0.01,2026-08-28 17:56:53.871,2026-08-28 17:57:17.167,23.3,23s,4531.88,4528.18,-3.7,3.7,3.7,0.0,0.0,3.7,1,TRAILING_STOP,[sl 4528.18],4528.18,0.0,3969.72,2969.72,Friday,17,2026-08-28
2145,11054990,3728111,3728526,XAUUSD.u,SELL,STR S6,6,0.01,2026-08-28 17:57:12.627,2026-08-28 18:00:09.315,176.69,2m 56s,4527.35,4523.37,-3.98,3.98,3.98,0.0,0.0,3.98,1,TRAILING_STOP,[sl 4523.37],4523.37,0.0,3973.7,2973.7,Friday,17,2026-08-28
2146,11054993,3728117,3728536,XAUUSD.u,SELL,STR S7,7,0.06,2026-08-28 17:57:12.667,2026-08-28 18:00:11.232,178.56,2m 58s,4525.84,4523.85,-1.99,1.99,11.94,0.0,0.0,11.94,1,BASKET_CLOSE,STR CLOSE,,,3985.64,2985.64,Friday,17,2026-08-28
2147,11056248,3728255,3728310,XAUUSD.u,SELL,STR S4,4,0.01,2026-08-28 17:57:26.229,2026-08-28 17:58:15.220,48.99,48s,4530.37,4526.7,-3.67,3.67,3.67,0.0,0.0,3.67,1,TRAILING_STOP,[sl 4526.70],4526.7,0.0,3989.31,2989.31,Friday,17,2026-08-28
2148,11054996,3728347,3728535,XAUUSD.u,SELL,STR S8,8,0.06,2026-08-28 17:58:21.201,2026-08-28 18:00:11.112,109.91,1m 49s,4524.33,4523.49,-0.84,0.84,5.04,0.0,0.0,5.04,1,BASKET_CLOSE,STR CLOSE,,,3994.35,2994.35,Friday,17,2026-08-28
2149,11056413,3728421,3728527,XAUUSD.u,SELL,STR S5,5,0.01,2026-08-28 17:59:01.204,2026-08-28 18:00:09.663,68.46,1m 8s,4528.86,4523.7,-5.16,5.16,5.16,0.0,0.0,5.16,1,TRAILING_STOP,[sl 4523.70],4523.7,0.0,3999.51,2999.51,Friday,17,2026-08-28
2150,11055000,3728477,3728534,XAUUSD.u,SELL,STR S9,9,0.06,2026-08-28 18:00:00.823,2026-08-28 18:00:10.999,10.18,10s,4522.82,4523.01,0.19,-0.19,-1.14,0.0,0.0,-1.14,0,BASKET_CLOSE,STR CLOSE,,,3998.37,2998.37,Friday,18,2026-08-28
2151,11055004,3728517,3728533,XAUUSD.u,SELL,STR S10,10,0.06,2026-08-28 18:00:07.610,2026-08-28 18:00:10.886,3.28,3s,4521.31,4523.12,1.81,-1.81,-10.86,0.0,0.0,-10.86,0,BASKET_CLOSE,STR CLOSE,,,3987.51,2987.51,Friday,18,2026-08-28
2152,11056538,3728542,3728701,XAUUSD.u,BUY,STR B1,1,0.01,2026-08-28 18:00:17.916,2026-08-28 18:03:04.247,166.33,2m 46s,4524.54,4528.04,3.5,3.5,3.5,0.0,0.0,3.5,1,TRAILING_STOP,[sl 4528.04],4528.04,0.0,3991.01,2991.01,Friday,18,2026-08-28
2153,11056540,3728567,3728712,XAUUSD.u,BUY,STR B2,2,0.01,2026-08-28 18:00:46.916,2026-08-28 18:03:15.265,148.35,2m 28s,4526.05,4526.52,0.47,0.47,0.47,0.0,0.0,0.47,1,TRAILING_STOP,[sl 4526.52],4526.52,0.0,3991.48,2991.48,Friday,18,2026-08-28
2154,11056539,3728590,3728864,XAUUSD.u,SELL,STR S1,1,0.01,2026-08-28 18:01:10.937,2026-08-28 18:05:14.005,243.07,4m 3s,4521.52,4518.12,-3.4,3.4,3.4,0.0,0.0,3.4,1,TRAILING_STOP,[sl 4518.12],4518.12,0.0,3994.88,2994.88,Friday,18,2026-08-28
2155,11056763,3728725,3729228,XAUUSD.u,BUY,STR B2,2,0.01,2026-08-28 18:03:31.287,2026-08-28 18:08:30.223,298.94,4m 58s,4526.05,4510.24,-15.81,-15.81,-15.81,0.0,0.0,-15.81,0,BASKET_CLOSE,STR CLOSE,,,3979.07,2979.07,Friday,18,2026-08-28
2156,11056770,3728729,3729227,XAUUSD.u,BUY,STR B1,1,0.01,2026-08-28 18:03:37.773,2026-08-28 18:08:30.109,292.34,4m 52s,4524.54,4510.11,-14.43,-14.43,-14.43,0.0,0.0,-14.43,0,BASKET_CLOSE,STR CLOSE,,,3964.64,2964.64,Friday,18,2026-08-28
2157,11056541,3728798,3728894,XAUUSD.u,SELL,STR S2,2,0.01,2026-08-28 18:05:00.854,2026-08-28 18:05:17.884,17.03,17s,4520.01,4514.47,-5.54,5.54,5.54,0.0,0.0,5.54,1,TRAILING_STOP,[sl 4514.47],4514.47,0.0,3970.18,2970.18,Friday,18,2026-08-28
2158,11056543,3728831,3728895,XAUUSD.u,SELL,STR S3,3,0.01,2026-08-28 18:05:07.821,2026-08-28 18:05:17.884,10.06,10s,4518.5,4514.48,-4.02,4.02,4.02,0.0,0.0,4.02,1,TRAILING_STOP,[sl 4514.48],4514.48,0.0,3974.2,2974.2,Friday,18,2026-08-28
2159,11056545,3728834,3728899,XAUUSD.u,SELL,STR S4,4,0.01,2026-08-28 18:05:07.881,2026-08-28 18:05:18.943,11.06,11s,4516.99,4515.98,-1.01,1.01,1.01,0.0,0.0,1.01,1,TRAILING_STOP,[sl 4515.98],4515.98,0.0,3975.21,2975.21,Friday,18,2026-08-28
2160,11056547,3728868,3729235,XAUUSD.u,SELL,STR S5,5,0.01,2026-08-28 18:05:15.829,2026-08-28 18:08:30.681,194.85,3m 14s,4515.48,4510.19,-5.29,5.29,5.29,0.0,0.0,5.29,1,BASKET_CLOSE,STR CLOSE,,,3980.5,2980.5,Friday,18,2026-08-28
2161,11056550,3728885,3729234,XAUUSD.u,SELL,STR S6,6,0.01,2026-08-28 18:05:16.060,2026-08-28 18:08:30.567,194.51,3m 14s,4513.97,4510.23,-3.74,3.74,3.74,0.0,0.0,3.74,1,BASKET_CLOSE,STR CLOSE,,,3984.24,2984.24,Friday,18,2026-08-28
2162,11057049,3729029,3729225,XAUUSD.u,SELL,STR S4,4,0.01,2026-08-28 18:07:10.041,2026-08-28 18:08:29.995,79.95,1m 19s,4516.99,4510.2,-6.79,6.79,6.79,0.0,0.0,6.79,1,BASKET_CLOSE,STR CLOSE,,,3991.03,2991.03,Friday,18,2026-08-28
2163,11057137,3729100,3729223,XAUUSD.u,SELL,STR S3,3,0.01,2026-08-28 18:07:42.420,2026-08-28 18:08:29.882,47.46,47s,4518.5,4510.19,-8.31,8.31,8.31,0.0,0.0,8.31,1,BASKET_CLOSE,STR CLOSE,,,3999.34,2999.34,Friday,18,2026-08-28
2164,11056552,3729117,3729231,XAUUSD.u,SELL,STR S7,7,0.06,2026-08-28 18:08:09.671,2026-08-28 18:08:30.453,20.78,20s,4512.46,4510.26,-2.2,2.2,13.2,0.0,0.0,13.2,1,BASKET_CLOSE,STR CLOSE,,,4012.54,3012.54,Friday,18,2026-08-28
2165,11056554,3729173,3729230,XAUUSD.u,SELL,STR S8,8,0.06,2026-08-28 18:08:23.189,2026-08-28 18:08:30.336,7.15,7s,4510.95,4510.19,-0.76,0.76,4.56,0.0,0.0,4.56,1,BASKET_CLOSE,STR CLOSE,,,4017.1,3017.1,Friday,18,2026-08-28
2166,11057282,3729307,3729703,XAUUSD.u,SELL,STR S1,1,0.01,2026-08-28 18:08:52.711,2026-08-28 18:13:22.695,269.98,4m 29s,4508.36,4507.49,-0.87,0.87,0.87,0.0,0.0,0.87,1,TRAILING_STOP,[sl 4507.49],4507.49,0.0,4017.97,3017.97,Friday,18,2026-08-28
2167,11057281,3729354,3729639,XAUUSD.u,BUY,STR B1,1,0.01,2026-08-28 18:09:10.862,2026-08-28 18:12:44.921,214.06,3m 34s,4511.36,4512.51,1.15,1.15,1.15,0.0,0.0,1.15,1,TRAILING_STOP,[sl 4512.51],4512.51,0.0,4019.12,3019.12,Friday,18,2026-08-28
2168,11057284,3729458,3729963,XAUUSD.u,SELL,STR S2,2,0.01,2026-08-28 18:10:25.967,2026-08-28 18:14:34.235,248.27,4m 8s,4506.86,4499.13,-7.73,7.73,7.73,0.0,0.0,7.73,1,TRAILING_STOP,[sl 4499.13],4499.13,0.0,4026.85,3026.85,Friday,18,2026-08-28
2169,11057283,3729535,3730156,XAUUSD.u,BUY,STR B2,2,0.01,2026-08-28 18:11:41.586,2026-08-28 18:18:08.142,386.56,6m 26s,4512.86,4496.21,-16.65,-16.65,-16.65,0.0,0.0,-16.65,0,BASKET_CLOSE,STR CLOSE,,,4010.2,3010.2,Friday,18,2026-08-28
2170,11057714,3729654,3730154,XAUUSD.u,BUY,STR B1,1,0.01,2026-08-28 18:12:49.314,2026-08-28 18:18:07.915,318.6,5m 18s,4511.36,4495.95,-15.41,-15.41,-15.41,0.0,0.0,-15.41,0,BASKET_CLOSE,STR CLOSE,,,3994.79,2994.79,Friday,18,2026-08-28
2171,11057287,3729676,3729964,XAUUSD.u,SELL,STR S3,3,0.01,2026-08-28 18:13:09.157,2026-08-28 18:14:34.236,85.08,1m 25s,4505.36,4499.13,-6.23,6.23,6.23,0.0,0.0,6.23,1,TRAILING_STOP,[sl 4499.13],4499.13,0.0,4001.02,3001.02,Friday,18,2026-08-28
2172,11057774,3729706,3729735,XAUUSD.u,SELL,STR S1,1,0.01,2026-08-28 18:13:23.712,2026-08-28 18:14:04.277,40.56,40s,4508.36,4504.61,-3.75,3.75,3.75,0.0,0.0,3.75,1,TRAILING_STOP,[sl 4504.61],4504.61,0.0,4004.77,3004.77,Friday,18,2026-08-28
2173,11057290,3729721,3729965,XAUUSD.u,SELL,STR S4,4,0.01,2026-08-28 18:14:00.608,2026-08-28 18:14:34.236,33.63,33s,4503.86,4499.13,-4.73,4.73,4.73,0.0,0.0,4.73,1,TRAILING_STOP,[sl 4499.13],4499.13,0.0,4009.5,3009.5,Friday,18,2026-08-28
2174,11057293,3729913,3729966,XAUUSD.u,SELL,STR S5,5,0.01,2026-08-28 18:14:25.221,2026-08-28 18:14:34.236,9.02,9s,4502.36,4499.13,-3.23,3.23,3.23,0.0,0.0,3.23,1,TRAILING_STOP,[sl 4499.13],4499.13,0.0,4012.73,3012.73,Friday,18,2026-08-28
2175,11057296,3729934,3729976,XAUUSD.u,SELL,STR S6,6,0.01,2026-08-28 18:14:31.105,2026-08-28 18:14:38.818,7.71,7s,4500.86,4500.63,-0.23,0.23,0.23,0.0,0.0,0.23,1,TRAILING_STOP,[sl 4500.63],4500.63,0.0,4012.96,3012.96,Friday,18,2026-08-28
2176,11057298,3729950,3730115,XAUUSD.u,SELL,STR S7,7,0.06,2026-08-28 18:14:32.772,2026-08-28 18:17:33.333,180.56,3m 0s,4499.36,4499.33,-0.03,0.03,0.18,0.0,0.0,0.18,1,TRAILING_STOP,[sl 4499.33],4499.33,0.0,4013.14,3013.14,Friday,18,2026-08-28
2177,11058043,3729977,3730012,XAUUSD.u,SELL,STR S6,6,0.01,2026-08-28 18:14:39.791,2026-08-28 18:15:22.191,42.4,42s,4500.86,4500.01,-0.85,0.85,0.85,0.0,0.0,0.85,1,TRAILING_STOP,[sl 4500.01],4500.01,0.0,4013.99,3013.99,Friday,18,2026-08-28
2178,11058080,3730018,3730070,XAUUSD.u,SELL,STR S6,6,0.01,2026-08-28 18:15:29.455,2026-08-28 18:16:54.674,85.22,1m 25s,4500.86,4500.63,-0.23,0.23,0.23,0.0,0.0,0.23,1,TRAILING_STOP,[sl 4500.63],4500.63,0.0,4014.22,3014.22,Friday,18,2026-08-28
2179,11058089,3730022,3730071,XAUUSD.u,SELL,STR S5,5,0.01,2026-08-28 18:15:34.634,2026-08-28 18:16:55.034,80.4,1m 20s,4502.36,4500.89,-1.47,1.47,1.47,0.0,0.0,1.47,1,TRAILING_STOP,[sl 4500.89],4500.89,0.0,4015.69,3015.69,Friday,18,2026-08-28
2180,11058107,3730058,3730153,XAUUSD.u,SELL,STR S8,8,0.06,2026-08-28 18:16:35.333,2026-08-28 18:18:07.802,92.47,1m 32s,4497.86,4496.02,-1.84,1.84,11.04,0.0,0.0,11.04,1,BASKET_CLOSE,STR CLOSE,,,4026.73,3026.73,Friday,18,2026-08-28
2181,11057304,3730097,3730155,XAUUSD.u,SELL,STR S9,9,0.06,2026-08-28 18:17:16.695,2026-08-28 18:18:08.029,51.33,51s,4496.36,4496.1,-0.26,0.26,1.56,0.0,0.0,1.56,1,BASKET_CLOSE,STR CLOSE,,,4028.29,3028.29,Friday,18,2026-08-28
2182,11058180,3730116,3730152,XAUUSD.u,SELL,STR S7,7,0.06,2026-08-28 18:17:36.943,2026-08-28 18:18:07.689,30.75,30s,4499.36,4496.25,-3.11,3.11,18.66,0.0,0.0,18.66,1,BASKET_CLOSE,STR CLOSE,,,4046.95,3046.95,Friday,18,2026-08-28
2183,11058232,3730182,3730324,XAUUSD.u,SELL,STR S1,1,0.01,2026-08-28 18:18:12.222,2026-08-28 18:18:33.185,20.96,20s,4494.44,4485.63,-8.81,8.81,8.81,0.0,0.0,8.81,1,BASKET_CLOSE,STR CLOSE,,,4055.76,3055.76,Friday,18,2026-08-28
2184,11058237,3730190,3730323,XAUUSD.u,SELL,STR S2,2,0.01,2026-08-28 18:18:13.638,2026-08-28 18:18:33.071,19.43,19s,4492.94,4485.4,-7.54,7.54,7.54,0.0,0.0,7.54,1,BASKET_CLOSE,STR CLOSE,,,4063.3,3063.3,Friday,18,2026-08-28
2185,11058242,3730199,3730322,XAUUSD.u,SELL,STR S3,3,0.01,2026-08-28 18:18:15.598,2026-08-28 18:18:32.957,17.36,17s,4491.44,4485.33,-6.11,6.11,6.11,0.0,0.0,6.11,1,BASKET_CLOSE,STR CLOSE,,,4069.41,3069.41,Friday,18,2026-08-28
2186,11058245,3730263,3730321,XAUUSD.u,SELL,STR S4,4,0.01,2026-08-28 18:18:26.590,2026-08-28 18:18:32.844,6.25,6s,4489.94,4485.35,-4.59,4.59,4.59,0.0,0.0,4.59,1,BASKET_CLOSE,STR CLOSE,,,4074.0,3074.0,Friday,18,2026-08-28
2187,11058247,3730273,3730320,XAUUSD.u,SELL,STR S5,5,0.01,2026-08-28 18:18:27.415,2026-08-28 18:18:32.731,5.32,5s,4488.44,4485.06,-3.38,3.38,3.38,0.0,0.0,3.38,1,BASKET_CLOSE,STR CLOSE,,,4077.38,3077.38,Friday,18,2026-08-28
2188,11058253,3730278,3730318,XAUUSD.u,SELL,STR S6,6,0.01,2026-08-28 18:18:27.542,2026-08-28 18:18:32.618,5.08,5s,4486.94,4485.02,-1.92,1.92,1.92,0.0,0.0,1.92,1,BASKET_CLOSE,STR CLOSE,,,4079.3,3079.3,Friday,18,2026-08-28
2189,11058257,3730282,3730317,XAUUSD.u,SELL,STR S7,7,0.06,2026-08-28 18:18:27.651,2026-08-28 18:18:32.504,4.85,4s,4485.44,4485.16,-0.28,0.28,1.68,0.0,0.0,1.68,1,BASKET_CLOSE,STR CLOSE,,,4080.98,3080.98,Friday,18,2026-08-28
2190,11058408,3730332,3730586,XAUUSD.u,SELL,STR S1,1,0.01,2026-08-28 18:18:36.982,2026-08-28 18:20:34.973,117.99,1m 57s,4484.34,4480.8,-3.54,3.54,3.54,0.0,0.0,3.54,1,TRAILING_STOP,[sl 4480.80],4480.8,0.0,4084.52,3084.52,Friday,18,2026-08-28
2191,11058410,3730345,3730698,XAUUSD.u,SELL,STR S2,2,0.01,2026-08-28 18:18:40.707,2026-08-28 18:21:17.606,156.9,2m 36s,4482.84,4475.83,-7.01,7.01,7.01,0.0,0.0,7.01,1,TRAILING_STOP,[sl 4475.83],4475.83,0.0,4091.53,3091.53,Friday,18,2026-08-28
2192,11058407,3730447,3730795,XAUUSD.u,BUY,STR B1,1,0.01,2026-08-28 18:19:16.341,2026-08-28 18:22:00.475,164.13,2m 44s,4487.34,4468.8,-18.54,-18.54,-18.54,0.0,0.0,-18.54,0,BASKET_CLOSE,STR CLOSE,,,4072.99,3072.99,Friday,18,2026-08-28
2193,11058412,3730532,3730699,XAUUSD.u,SELL,STR S3,3,0.01,2026-08-28 18:20:00.790,2026-08-28 18:21:17.606,76.82,1m 16s,4481.34,4475.83,-5.51,5.51,5.51,0.0,0.0,5.51,1,TRAILING_STOP,[sl 4475.83],4475.83,0.0,4078.5,3078.5,Friday,18,2026-08-28
2194,11058414,3730590,3730700,XAUUSD.u,SELL,STR S4,4,0.01,2026-08-28 18:20:36.807,2026-08-28 18:21:17.606,40.8,40s,4479.84,4475.83,-4.01,4.01,4.01,0.0,0.0,4.01,1,TRAILING_STOP,[sl 4475.83],4475.83,0.0,4082.51,3082.51,Friday,18,2026-08-28
2195,11058416,3730611,3730794,XAUUSD.u,SELL,STR S5,5,0.01,2026-08-28 18:20:42.645,2026-08-28 18:22:00.361,77.72,1m 17s,4478.34,4468.78,-9.56,9.56,9.56,0.0,0.0,9.56,1,BASKET_CLOSE,STR CLOSE,,,4092.07,3092.07,Friday,18,2026-08-28
2196,11058420,3730615,3730793,XAUUSD.u,SELL,STR S6,6,0.01,2026-08-28 18:20:43.969,2026-08-28 18:22:00.249,76.28,1m 16s,4476.84,4468.87,-7.97,7.97,7.97,0.0,0.0,7.97,1,BASKET_CLOSE,STR CLOSE,,,4100.04,3100.04,Friday,18,2026-08-28
2197,11058422,3730647,3730792,XAUUSD.u,SELL,STR S7,7,0.06,2026-08-28 18:20:51.156,2026-08-28 18:22:00.136,68.98,1m 8s,4475.34,4468.08,-7.26,7.26,43.56,0.0,0.0,43.56,1,BASKET_CLOSE,STR CLOSE,,,4143.6,3143.6,Friday,18,2026-08-28
2198,11058424,3730661,3730790,XAUUSD.u,SELL,STR S8,8,0.06,2026-08-28 18:21:03.524,2026-08-28 18:22:00.022,56.5,56s,4473.84,4468.11,-5.73,5.73,34.38,0.0,0.0,34.38,1,BASKET_CLOSE,STR CLOSE,,,4177.98,3177.98,Friday,18,2026-08-28
2199,11058426,3730731,3730789,XAUUSD.u,SELL,STR S9,9,0.06,2026-08-28 18:21:34.173,2026-08-28 18:21:59.909,25.74,25s,4472.34,4468.13,-4.21,4.21,25.26,0.0,0.0,25.26,1,BASKET_CLOSE,STR CLOSE,,,4203.24,3203.24,Friday,18,2026-08-28
2200,11058430,3730741,3730788,XAUUSD.u,SELL,STR S10,10,0.06,2026-08-28 18:21:36.712,2026-08-28 18:21:59.796,23.08,23s,4470.84,4468.19,-2.65,2.65,15.9,0.0,0.0,15.9,1,BASKET_CLOSE,STR CLOSE,,,4219.14,3219.14,Friday,18,2026-08-28
2201,11058432,3730759,3730787,XAUUSD.u,SELL,STR S11,11,0.06,2026-08-28 18:21:48.268,2026-08-28 18:21:59.683,11.41,11s,4469.34,4468.37,-0.97,0.97,5.82,0.0,0.0,5.82,1,BASKET_CLOSE,STR CLOSE,,,4224.96,3224.96,Friday,18,2026-08-28
2202,11058435,3730779,3730786,XAUUSD.u,SELL,STR S12,12,0.06,2026-08-28 18:21:56.773,2026-08-28 18:21:59.570,2.8,2s,4467.84,4468.54,0.7,-0.7,-4.2,0.0,0.0,-4.2,0,BASKET_CLOSE,STR CLOSE,,,4220.76,3220.76,Friday,18,2026-08-28
2203,11058925,3730830,3731139,XAUUSD.u,SELL,STR S1,1,0.01,2026-08-28 18:22:27.482,2026-08-28 18:25:16.996,169.51,2m 49s,4470.0,4469.39,-0.61,0.61,0.61,0.0,0.0,0.61,1,TRAILING_STOP,[sl 4469.39],4469.39,0.0,4221.37,3221.37,Friday,18,2026-08-28
2204,11058922,3730927,3731016,XAUUSD.u,BUY,STR B1,1,0.01,2026-08-28 18:22:58.695,2026-08-28 18:24:03.131,64.44,1m 4s,4472.98,4476.63,3.65,3.65,3.65,0.0,0.0,3.65,1,TRAILING_STOP,[sl 4476.63],4476.63,0.0,4225.02,3225.02,Friday,18,2026-08-28
2205,11058927,3730938,3731022,XAUUSD.u,BUY,STR B2,2,0.01,2026-08-28 18:23:01.375,2026-08-28 18:24:05.599,64.22,1m 4s,4474.47,4475.13,0.66,0.66,0.66,0.0,0.0,0.66,1,TRAILING_STOP,[sl 4475.13],4475.13,0.0,4225.68,3225.68,Friday,18,2026-08-28
2206,11059164,3731031,3731437,XAUUSD.u,BUY,STR B2,2,0.01,2026-08-28 18:24:10.002,2026-08-28 18:27:39.085,209.08,3m 29s,4474.47,4478.63,4.16,4.16,4.16,0.0,0.0,4.16,1,TRAILING_STOP,[sl 4478.63],4478.63,0.0,4229.84,3229.84,Friday,18,2026-08-28
2207,11059200,3731189,3731438,XAUUSD.u,BUY,STR B1,1,0.01,2026-08-28 18:26:08.406,2026-08-28 18:27:39.085,90.68,1m 30s,4472.98,4478.66,5.68,5.68,5.68,0.0,0.0,5.68,1,TRAILING_STOP,[sl 4478.66],4478.66,0.0,4235.52,3235.52,Friday,18,2026-08-28
2208,11059270,3731299,3731444,XAUUSD.u,BUY,STR B3,3,0.01,2026-08-28 18:26:45.516,2026-08-28 18:27:42.636,57.12,57s,4475.96,4477.14,1.18,1.18,1.18,0.0,0.0,1.18,1,TRAILING_STOP,[sl 4477.14],4477.14,0.0,4236.7,3236.7,Friday,18,2026-08-28
2209,11059271,3731341,3731497,XAUUSD.u,BUY,STR B4,4,0.01,2026-08-28 18:27:15.391,2026-08-28 18:28:23.190,67.8,1m 7s,4477.45,4477.88,0.43,0.43,0.43,0.0,0.0,0.43,1,TRAILING_STOP,[sl 4477.88],4477.88,0.0,4237.13,3237.13,Friday,18,2026-08-28
2210,11059272,3731370,3731576,XAUUSD.u,BUY,STR B5,5,0.01,2026-08-28 18:27:20.764,2026-08-28 18:30:07.220,166.46,2m 46s,4478.94,4482.19,3.25,3.25,3.25,0.0,0.0,3.25,1,BASKET_CLOSE,STR CLOSE,,,4240.38,3240.38,Friday,18,2026-08-28
2211,11058937,3731430,3731579,XAUUSD.u,BUY,STR B6,6,0.01,2026-08-28 18:27:33.739,2026-08-28 18:30:07.558,153.82,2m 33s,4480.43,4482.42,1.99,1.99,1.99,0.0,0.0,1.99,1,BASKET_CLOSE,STR CLOSE,,,4242.37,3242.37,Friday,18,2026-08-28
2212,11059645,3731508,3731575,XAUUSD.u,BUY,STR B4,4,0.01,2026-08-28 18:28:32.886,2026-08-28 18:30:07.105,94.22,1m 34s,4477.45,4481.78,4.33,4.33,4.33,0.0,0.0,4.33,1,BASKET_CLOSE,STR CLOSE,,,4246.7,3246.7,Friday,18,2026-08-28
2213,11058939,3731546,3731578,XAUUSD.u,BUY,STR B7,7,0.06,2026-08-28 18:29:33.602,2026-08-28 18:30:07.446,33.84,33s,4481.92,4482.3,0.38,0.38,2.28,0.0,0.0,2.28,1,BASKET_CLOSE,STR CLOSE,,,4248.98,3248.98,Friday,18,2026-08-28
2214,11058944,3731566,3731577,XAUUSD.u,BUY,STR B8,8,0.06,2026-08-28 18:30:02.822,2026-08-28 18:30:07.333,4.51,4s,4483.41,4482.19,-1.22,-1.22,-7.32,0.0,0.0,-7.32,0,BASKET_CLOSE,STR CLOSE,,,4241.66,3241.66,Friday,18,2026-08-28
2215,11059728,3731594,3731861,XAUUSD.u,SELL,STR S1,1,0.01,2026-08-28 18:30:23.168,2026-08-28 18:33:51.282,208.11,3m 28s,4480.87,4477.67,-3.2,3.2,3.2,0.0,0.0,3.2,1,TRAILING_STOP,[sl 4477.67],4477.67,0.0,4244.86,3244.86,Friday,18,2026-08-28
2216,11059727,3731600,3731689,XAUUSD.u,BUY,STR B1,1,0.01,2026-08-28 18:30:35.270,2026-08-28 18:32:21.667,106.4,1m 46s,4483.85,4483.95,0.1,0.1,0.1,0.0,0.0,0.1,1,TRAILING_STOP,[sl 4483.95],4483.95,0.0,4244.96,3244.96,Friday,18,2026-08-28
2217,11059729,3731621,3733055,XAUUSD.u,BUY,STR B2,2,0.01,2026-08-28 18:31:04.880,2026-08-28 19:03:33.720,1948.84,32m 28s,4485.34,4478.02,-7.32,-7.32,-7.32,0.0,0.0,-7.32,0,BASKET_CLOSE,STR CLOSE,,,4237.64,3237.64,Friday,18,2026-08-28
2218,11059730,3731760,3731937,XAUUSD.u,SELL,STR S2,2,0.01,2026-08-28 18:33:25.666,2026-08-28 18:34:51.162,85.5,1m 25s,4479.38,4473.66,-5.72,5.72,5.72,0.0,0.0,5.72,1,TRAILING_STOP,[sl 4473.66],4473.66,0.0,4243.36,3243.36,Friday,18,2026-08-28
2219,11059732,3731818,3731938,XAUUSD.u,SELL,STR S3,3,0.01,2026-08-28 18:33:34.066,2026-08-28 18:34:51.162,77.1,1m 17s,4477.89,4473.66,-4.23,4.23,4.23,0.0,0.0,4.23,1,TRAILING_STOP,[sl 4473.66],4473.66,0.0,4247.59,3247.59,Friday,18,2026-08-28
2220,11059734,3731834,3731948,XAUUSD.u,SELL,STR S4,4,0.01,2026-08-28 18:33:35.920,2026-08-28 18:35:07.307,91.39,1m 31s,4476.4,4475.15,-1.25,1.25,1.25,0.0,0.0,1.25,1,TRAILING_STOP,[sl 4475.15],4475.15,0.0,4248.84,3248.84,Friday,18,2026-08-28
2221,11059736,3731856,3732376,XAUUSD.u,SELL,STR S5,5,0.01,2026-08-28 18:33:46.680,2026-08-28 18:44:22.665,635.99,10m 35s,4474.91,4470.56,-4.35,4.35,4.35,0.0,0.0,4.35,1,TRAILING_STOP,[sl 4470.56],4470.56,0.0,4253.19,3253.19,Friday,18,2026-08-28
2222,11059738,3731883,3732415,XAUUSD.u,SELL,STR S6,6,0.01,2026-08-28 18:34:16.600,2026-08-28 18:45:01.914,645.31,10m 45s,4473.42,4470.29,-3.13,3.13,3.13,0.0,0.0,3.13,1,TRAILING_STOP,[sl 4470.29],4470.29,0.0,4256.32,3256.32,Friday,18,2026-08-28
2223,11059740,3731902,3732418,XAUUSD.u,SELL,STR S7,7,0.06,2026-08-28 18:34:24.151,2026-08-28 18:45:04.216,640.07,10m 40s,4471.93,4471.78,-0.15,0.15,0.9,0.0,0.0,0.9,1,TRAILING_STOP,[sl 4471.78],4471.78,0.0,4257.22,3257.22,Friday,18,2026-08-28
2224,11060152,3731980,3732314,XAUUSD.u,SELL,STR S3,3,0.01,2026-08-28 18:35:58.802,2026-08-28 18:42:59.401,420.6,7m 0s,4477.89,4474.66,-3.23,3.23,3.23,0.0,0.0,3.23,1,TRAILING_STOP,[sl 4474.66],4474.66,0.0,4260.45,3260.45,Friday,18,2026-08-28
2225,11060153,3731995,3732377,XAUUSD.u,SELL,STR S4,4,0.01,2026-08-28 18:36:05.029,2026-08-28 18:44:22.665,497.64,8m 17s,4476.4,4470.56,-5.84,5.84,5.84,0.0,0.0,5.84,1,TRAILING_STOP,[sl 4470.56],4470.56,0.0,4266.29,3266.29,Friday,18,2026-08-28
2226,11060226,3732047,3732272,XAUUSD.u,SELL,STR S1,1,0.01,2026-08-28 18:36:54.314,2026-08-28 18:41:33.259,278.94,4m 38s,4480.87,4475.47,-5.4,5.4,5.4,0.0,0.0,5.4,1,TRAILING_STOP,[sl 4475.47],4475.47,0.0,4271.69,3271.69,Friday,18,2026-08-28
2227,11060227,3732049,3732273,XAUUSD.u,SELL,STR S2,2,0.01,2026-08-28 18:36:57.173,2026-08-28 18:41:33.327,276.15,4m 36s,4479.38,4475.5,-3.88,3.88,3.88,0.0,0.0,3.88,1,TRAILING_STOP,[sl 4475.50],4475.5,0.0,4275.57,3275.57,Friday,18,2026-08-28
2228,11059981,3732112,3733054,XAUUSD.u,BUY,STR B1,1,0.01,2026-08-28 18:38:58.102,2026-08-28 19:03:33.607,1475.51,24m 35s,4483.85,4478.02,-5.83,-5.83,-5.83,0.0,0.0,-5.83,0,BASKET_CLOSE,STR CLOSE,,,4269.74,3269.74,Friday,18,2026-08-28
2229,11059742,3732355,3733042,XAUUSD.u,SELL,STR S8,8,0.03,2026-08-28 18:44:11.058,2026-08-28 19:03:17.939,1146.88,19m 6s,4470.44,4478.2,7.76,-7.76,-23.28,0.0,0.0,-23.28,0,MANUAL/OTHER,,,,4246.46,3246.46,Friday,18,2026-08-28
2230,11059742,3732355,3733045,XAUUSD.u,SELL,STR S8,8,0.03,2026-08-28 18:44:11.058,2026-08-28 19:03:26.640,1155.58,19m 15s,4470.44,4476.89,6.45,-6.45,-19.35,0.0,0.0,-19.35,0,MANUAL/OTHER,,,,4227.11,3227.11,Friday,18,2026-08-28
2231,11060668,3732489,3732558,XAUUSD.u,SELL,STR S3,3,0.01,2026-08-28 18:46:06.412,2026-08-28 18:48:28.569,142.16,2m 22s,4477.89,4477.65,-0.24,0.24,0.24,0.0,0.0,0.24,1,TRAILING_STOP,[sl 4477.65],4477.65,0.0,4227.35,3227.35,Friday,18,2026-08-28
2232,11060658,3732541,3733051,XAUUSD.u,SELL,STR S4,4,0.01,2026-08-28 18:47:48.250,2026-08-28 19:03:33.268,945.02,15m 45s,4476.4,4478.02,1.62,-1.62,-1.62,0.0,0.0,-1.62,0,BASKET_CLOSE,STR CLOSE,,,4225.73,3225.73,Friday,18,2026-08-28
2233,11060633,3732546,3733053,XAUUSD.u,SELL,STR S5,5,0.01,2026-08-28 18:47:48.656,2026-08-28 19:03:33.494,944.84,15m 44s,4474.91,4478.17,3.26,-3.26,-3.26,0.0,0.0,-3.26,0,BASKET_CLOSE,STR CLOSE,,,4222.47,3222.47,Friday,18,2026-08-28
2234,11060748,3732562,3732987,XAUUSD.u,SELL,STR S3,3,0.01,2026-08-28 18:48:33.951,2026-08-28 19:01:20.837,766.89,12m 46s,4477.89,4476.92,-0.97,0.97,0.97,0.0,0.0,0.97,1,TRAILING_STOP,[sl 4476.92],4476.92,0.0,4223.44,3223.44,Friday,18,2026-08-28
2235,11060758,3732584,3732855,XAUUSD.u,SELL,STR S2,2,0.01,2026-08-28 18:49:28.345,2026-08-28 18:56:46.652,438.31,7m 18s,4479.38,4478.68,-0.7,0.7,0.7,0.0,0.0,0.7,1,TRAILING_STOP,[sl 4478.68],4478.68,0.0,4224.14,3224.14,Friday,18,2026-08-28
2236,11060790,3732608,3732851,XAUUSD.u,SELL,STR S1,1,0.01,2026-08-28 18:49:56.882,2026-08-28 18:56:38.205,401.32,6m 41s,4480.87,4477.19,-3.68,3.68,3.68,0.0,0.0,3.68,1,TRAILING_STOP,[sl 4477.19],4477.19,0.0,4227.82,3227.82,Friday,18,2026-08-28
2237,11061082,3732882,3732966,XAUUSD.u,SELL,STR S2,2,0.01,2026-08-28 18:57:37.825,2026-08-28 19:00:48.286,190.46,3m 10s,4479.38,4475.43,-3.95,3.95,3.95,0.0,0.0,3.95,1,TRAILING_STOP,[sl 4475.43],4475.43,0.0,4231.77,3231.77,Friday,18,2026-08-28
2238,11061104,3732891,3732918,XAUUSD.u,SELL,STR S1,1,0.01,2026-08-28 18:57:48.689,2026-08-28 18:59:45.477,116.79,1m 56s,4480.87,4479.95,-0.92,0.92,0.92,0.0,0.0,0.92,1,TRAILING_STOP,[sl 4479.95],4479.95,0.0,4232.69,3232.69,Friday,18,2026-08-28
2239,11060635,3732975,3733052,XAUUSD.u,SELL,STR S6,6,0.01,2026-08-28 19:01:05.750,2026-08-28 19:03:33.381,147.63,2m 27s,4473.42,4478.21,4.79,-4.79,-4.79,0.0,0.0,-4.79,0,BASKET_CLOSE,STR CLOSE,,,4227.9,3227.9,Friday,19,2026-08-28
2240,11061231,3733018,3733050,XAUUSD.u,SELL,STR S3,3,0.01,2026-08-28 19:02:17.124,2026-08-28 19:03:33.155,76.03,1m 16s,4477.89,4477.94,0.05,-0.05,-0.05,0.0,0.0,-0.05,0,BASKET_CLOSE,STR CLOSE,,,4227.85,3227.85,Friday,19,2026-08-28
2241,11061247,3733035,3733049,XAUUSD.u,SELL,STR S2,2,0.01,2026-08-28 19:02:59.101,2026-08-28 19:03:33.042,33.94,33s,4479.38,4477.91,-1.47,1.47,1.47,0.0,0.0,1.47,1,BASKET_CLOSE,STR CLOSE,,,4229.32,3229.32,Friday,19,2026-08-28
2242,11061279,3733067,3733274,XAUUSD.u,BUY,STR B1,1,0.01,2026-08-28 19:03:59.244,2026-08-28 19:09:06.284,307.04,5m 7s,4477.65,4480.96,3.31,3.31,3.31,0.0,0.0,3.31,1,TRAILING_STOP,[sl 4480.96],4480.96,0.0,4232.63,3232.63,Friday,19,2026-08-28
2243,11061281,3733076,3733281,XAUUSD.u,BUY,STR B2,2,0.01,2026-08-28 19:04:27.562,2026-08-28 19:09:25.492,297.93,4m 57s,4479.14,4479.47,0.33,0.33,0.33,0.0,0.0,0.33,1,TRAILING_STOP,[sl 4479.47],4479.47,0.0,4232.96,3232.96,Friday,19,2026-08-28
2244,11061283,3733228,3734042,XAUUSD.u,BUY,STR B3,3,0.01,2026-08-28 19:08:22.137,2026-08-28 19:20:57.958,755.82,12m 35s,4480.63,4481.61,0.98,0.98,0.98,0.0,0.0,0.98,1,TRAILING_STOP,[sl 4481.61],4481.61,0.0,4233.94,3233.94,Friday,19,2026-08-28
2245,11061285,3733259,3734357,XAUUSD.u,BUY,STR B4,4,0.01,2026-08-28 19:08:40.811,2026-08-28 19:22:47.931,847.12,14m 7s,4482.12,4483.5,1.38,1.38,1.38,0.0,0.0,1.38,1,TRAILING_STOP,[sl 4483.50],4483.5,0.0,4235.32,3235.32,Friday,19,2026-08-28
2246,11061570,3733318,3733960,XAUUSD.u,BUY,STR B2,2,0.01,2026-08-28 19:10:17.667,2026-08-28 19:20:38.044,620.38,10m 20s,4479.14,4483.1,3.96,3.96,3.96,0.0,0.0,3.96,1,TRAILING_STOP,[sl 4483.10],4483.1,0.0,4239.28,3239.28,Friday,19,2026-08-28
2247,11061574,3733322,3733561,XAUUSD.u,BUY,STR B1,1,0.01,2026-08-28 19:10:30.216,2026-08-28 19:15:43.536,313.32,5m 13s,4477.65,4479.01,1.36,1.36,1.36,0.0,0.0,1.36,1,TRAILING_STOP,[sl 4479.01],4479.01,0.0,4240.64,3240.64,Friday,19,2026-08-28
2248,11061280,3733371,3733424,XAUUSD.u,SELL,STR S1,1,0.01,2026-08-28 19:11:07.040,2026-08-28 19:11:41.778,34.74,34s,4474.67,4474.57,-0.1,0.1,0.1,0.0,0.0,0.1,1,TRAILING_STOP,[sl 4474.57],4474.57,0.0,4240.74,3240.74,Friday,19,2026-08-28
2249,11061282,3733378,3735194,XAUUSD.u,SELL,STR S2,2,0.01,2026-08-28 19:11:07.182,2026-08-28 19:42:22.170,1874.99,31m 14s,4473.18,4461.38,-11.8,11.8,11.8,0.0,0.0,11.8,1,BASKET_CLOSE,STR CLOSE,,,4252.54,3252.54,Friday,19,2026-08-28
2250,11061284,3733397,3735193,XAUUSD.u,SELL,STR S3,3,0.01,2026-08-28 19:11:12.143,2026-08-28 19:42:22.056,1869.91,31m 9s,4471.69,4461.33,-10.36,10.36,10.36,0.0,0.0,10.36,1,BASKET_CLOSE,STR CLOSE,,,4262.9,3262.9,Friday,19,2026-08-28
2251,11061680,3733506,3735044,XAUUSD.u,SELL,STR S1,1,0.01,2026-08-28 19:13:25.037,2026-08-28 19:40:23.559,1618.52,26m 58s,4474.67,4474.52,-0.15,0.15,0.15,0.0,0.0,0.15,1,TRAILING_STOP,[sl 4474.52],4474.52,0.0,4263.05,3263.05,Friday,19,2026-08-28
2252,11061840,3733578,3733961,XAUUSD.u,BUY,STR B1,1,0.01,2026-08-28 19:16:17.666,2026-08-28 19:20:38.044,260.38,4m 20s,4477.65,4483.1,5.45,5.45,5.45,0.0,0.0,5.45,1,TRAILING_STOP,[sl 4483.10],4483.1,0.0,4268.5,3268.5,Friday,19,2026-08-28
2253,11061287,3733846,3735191,XAUUSD.u,BUY,STR B5,5,0.01,2026-08-28 19:20:18.668,2026-08-28 19:42:21.824,1323.16,22m 3s,4483.61,4461.21,-22.4,-22.4,-22.4,0.0,0.0,-22.4,0,BASKET_CLOSE,STR CLOSE,,,4246.1,3246.1,Friday,19,2026-08-28
2254,11062331,3734082,3734331,XAUUSD.u,BUY,STR B3,3,0.01,2026-08-28 19:21:06.358,2026-08-28 19:22:34.429,88.07,1m 28s,4480.63,4484.97,4.34,4.34,4.34,0.0,0.0,4.34,1,TRAILING_STOP,[sl 4484.97],4484.97,0.0,4250.44,3250.44,Friday,19,2026-08-28
2255,11061289,3734297,3735189,XAUUSD.u,BUY,STR B6,6,0.01,2026-08-28 19:22:06.762,2026-08-28 19:42:21.598,1214.84,20m 14s,4485.1,4461.18,-23.92,-23.92,-23.92,0.0,0.0,-23.92,0,BASKET_CLOSE,STR CLOSE,,,4226.52,3226.52,Friday,19,2026-08-28
2256,11062658,3734391,3734487,XAUUSD.u,BUY,STR B4,4,0.01,2026-08-28 19:22:59.213,2026-08-28 19:25:28.645,149.43,2m 29s,4482.12,4482.8,0.68,0.68,0.68,0.0,0.0,0.68,1,TRAILING_STOP,[sl 4482.80],4482.8,0.0,4227.2,3227.2,Friday,19,2026-08-28
2257,11062846,3734571,3734606,XAUUSD.u,BUY,STR B1,1,0.01,2026-08-28 19:26:28.237,2026-08-28 19:27:39.446,71.21,1m 11s,4477.65,4478.43,0.78,0.78,0.78,0.0,0.0,0.78,1,TRAILING_STOP,[sl 4478.43],4478.43,0.0,4227.98,3227.98,Friday,19,2026-08-28
2258,11062811,3734575,3735182,XAUUSD.u,BUY,STR B2,2,0.01,2026-08-28 19:26:42.506,2026-08-28 19:42:20.807,938.3,15m 38s,4479.14,4461.11,-18.03,-18.03,-18.03,0.0,0.0,-18.03,0,BASKET_CLOSE,STR CLOSE,,,4209.95,3209.95,Friday,19,2026-08-28
2259,11062805,3734583,3735183,XAUUSD.u,BUY,STR B3,3,0.01,2026-08-28 19:26:49.758,2026-08-28 19:42:20.920,931.16,15m 31s,4480.63,4461.44,-19.19,-19.19,-19.19,0.0,0.0,-19.19,0,BASKET_CLOSE,STR CLOSE,,,4190.76,3190.76,Friday,19,2026-08-28
2260,11062883,3734610,3734662,XAUUSD.u,BUY,STR B1,1,0.01,2026-08-28 19:27:45.968,2026-08-28 19:29:53.283,127.31,2m 7s,4477.65,4478.04,0.39,0.39,0.39,0.0,0.0,0.39,1,TRAILING_STOP,[sl 4478.04],4478.04,0.0,4191.15,3191.15,Friday,19,2026-08-28
2261,11062959,3734680,3734892,XAUUSD.u,BUY,STR B1,1,0.01,2026-08-28 19:30:49.942,2026-08-28 19:36:33.048,343.11,5m 43s,4477.65,4478.24,0.59,0.59,0.59,0.0,0.0,0.59,1,TRAILING_STOP,[sl 4478.24],4478.24,0.0,4191.74,3191.74,Friday,19,2026-08-28
2262,11063198,3734906,3735181,XAUUSD.u,BUY,STR B1,1,0.01,2026-08-28 19:36:44.643,2026-08-28 19:42:20.695,336.05,5m 36s,4477.65,4460.98,-16.67,-16.67,-16.67,0.0,0.0,-16.67,0,BASKET_CLOSE,STR CLOSE,,,4175.07,3175.07,Friday,19,2026-08-28
2263,11063349,3735049,3735180,XAUUSD.u,SELL,STR S1,1,0.01,2026-08-28 19:40:42.107,2026-08-28 19:42:20.582,98.47,1m 38s,4474.67,4461.08,-13.59,13.59,13.59,0.0,0.0,13.59,1,BASKET_CLOSE,STR CLOSE,,,4188.66,3188.66,Friday,19,2026-08-28
2264,11061286,3735077,3735192,XAUUSD.u,SELL,STR S4,4,0.01,2026-08-28 19:41:49.611,2026-08-28 19:42:21.944,32.33,32s,4470.2,4461.4,-8.8,8.8,8.8,0.0,0.0,8.8,1,BASKET_CLOSE,STR CLOSE,,,4197.46,3197.46,Friday,19,2026-08-28
2265,11061288,3735087,3735190,XAUUSD.u,SELL,STR S5,5,0.01,2026-08-28 19:41:53.345,2026-08-28 19:42:21.711,28.37,28s,4468.71,4461.25,-7.46,7.46,7.46,0.0,0.0,7.46,1,BASKET_CLOSE,STR CLOSE,,,4204.92,3204.92,Friday,19,2026-08-28
2266,11061290,3735104,3735188,XAUUSD.u,SELL,STR S6,6,0.01,2026-08-28 19:42:01.960,2026-08-28 19:42:21.486,19.53,19s,4467.22,4461.25,-5.97,5.97,5.97,0.0,0.0,5.97,1,BASKET_CLOSE,STR CLOSE,,,4210.89,3210.89,Friday,19,2026-08-28
2267,11061292,3735116,3735187,XAUUSD.u,SELL,STR S7,7,0.06,2026-08-28 19:42:10.199,2026-08-28 19:42:21.373,11.17,11s,4465.73,4461.0,-4.73,4.73,28.38,0.0,0.0,28.38,1,BASKET_CLOSE,STR CLOSE,,,4239.27,3239.27,Friday,19,2026-08-28
2268,11061294,3735121,3735186,XAUUSD.u,SELL,STR S8,8,0.06,2026-08-28 19:42:10.259,2026-08-28 19:42:21.259,11.0,11s,4464.24,4461.0,-3.24,3.24,19.44,0.0,0.0,19.44,1,BASKET_CLOSE,STR CLOSE,,,4258.71,3258.71,Friday,19,2026-08-28
2269,11061296,3735138,3735185,XAUUSD.u,SELL,STR S9,9,0.06,2026-08-28 19:42:10.734,2026-08-28 19:42:21.146,10.41,10s,4462.75,4461.19,-1.56,1.56,9.36,0.0,0.0,9.36,1,BASKET_CLOSE,STR CLOSE,,,4268.07,3268.07,Friday,19,2026-08-28
2270,11061298,3735169,3735184,XAUUSD.u,SELL,STR S10,10,0.06,2026-08-28 19:42:15.053,2026-08-28 19:42:21.032,5.98,5s,4461.26,4461.58,0.32,-0.32,-1.92,0.0,0.0,-1.92,0,BASKET_CLOSE,STR CLOSE,,,4266.15,3266.15,Friday,19,2026-08-28
2271,11063488,3735209,3735382,XAUUSD.u,BUY,STR B1,1,0.01,2026-08-28 19:42:41.727,2026-08-28 19:46:35.624,233.9,3m 53s,4463.8,4472.57,8.77,8.77,8.77,0.0,0.0,8.77,1,BASKET_CLOSE,STR CLOSE,,,4274.92,3274.92,Friday,19,2026-08-28
2272,11063490,3735221,3735381,XAUUSD.u,BUY,STR B2,2,0.01,2026-08-28 19:42:54.770,2026-08-28 19:46:35.510,220.74,3m 40s,4465.29,4472.73,7.44,7.44,7.44,0.0,0.0,7.44,1,BASKET_CLOSE,STR CLOSE,,,4282.36,3282.36,Friday,19,2026-08-28
2273,11063493,3735235,3735380,XAUUSD.u,BUY,STR B3,3,0.01,2026-08-28 19:43:17.367,2026-08-28 19:46:35.396,198.03,3m 18s,4466.78,4472.73,5.95,5.95,5.95,0.0,0.0,5.95,1,BASKET_CLOSE,STR CLOSE,,,4288.31,3288.31,Friday,19,2026-08-28
2274,11063495,3735259,3735379,XAUUSD.u,BUY,STR B4,4,0.01,2026-08-28 19:44:20.979,2026-08-28 19:46:35.284,134.31,2m 14s,4468.27,4472.73,4.46,4.46,4.46,0.0,0.0,4.46,1,BASKET_CLOSE,STR CLOSE,,,4292.77,3292.77,Friday,19,2026-08-28
2275,11063497,3735320,3735378,XAUUSD.u,BUY,STR B5,5,0.01,2026-08-28 19:45:20.239,2026-08-28 19:46:35.170,74.93,1m 14s,4469.76,4472.78,3.02,3.02,3.02,0.0,0.0,3.02,1,BASKET_CLOSE,STR CLOSE,,,4295.79,3295.79,Friday,19,2026-08-28
2276,11063499,3735353,3735377,XAUUSD.u,BUY,STR B6,6,0.01,2026-08-28 19:46:07.820,2026-08-28 19:46:35.057,27.24,27s,4471.25,4472.73,1.48,1.48,1.48,0.0,0.0,1.48,1,BASKET_CLOSE,STR CLOSE,,,4297.27,3297.27,Friday,19,2026-08-28
2277,11063501,3735373,3735376,XAUUSD.u,BUY,STR B7,7,0.06,2026-08-28 19:46:32.930,2026-08-28 19:46:34.944,2.01,2s,4472.74,4472.67,-0.07,-0.07,-0.42,0.0,0.0,-0.42,0,BASKET_CLOSE,STR CLOSE,,,4296.85,3296.85,Friday,19,2026-08-28
2278,11063711,3735387,3736394,XAUUSD.u,BUY,STR B1,1,0.01,2026-08-28 19:46:42.585,2026-08-28 20:17:29.527,1846.94,30m 46s,4474.42,4455.79,-18.63,-18.63,-18.63,0.0,0.0,-18.63,0,BASKET_CLOSE,STR CLOSE,,,4278.22,3278.22,Friday,19,2026-08-28
2279,11063713,3735425,3736393,XAUUSD.u,BUY,STR B2,2,0.01,2026-08-28 19:48:12.665,2026-08-28 20:17:29.414,1756.75,29m 16s,4475.91,4455.72,-20.19,-20.19,-20.19,0.0,0.0,-20.19,0,BASKET_CLOSE,STR CLOSE,,,4258.03,3258.03,Friday,19,2026-08-28
2280,11063712,3735551,3735731,XAUUSD.u,SELL,STR S1,1,0.01,2026-08-28 19:55:08.185,2026-08-28 19:57:11.244,123.06,2m 3s,4471.44,4468.27,-3.17,3.17,3.17,0.0,0.0,3.17,1,TRAILING_STOP,[sl 4468.27],4468.27,0.0,4261.2,3261.2,Friday,19,2026-08-28
2281,11063714,3735610,3735745,XAUUSD.u,SELL,STR S2,2,0.01,2026-08-28 19:56:21.053,2026-08-28 19:57:56.292,95.24,1m 35s,4469.95,4469.76,-0.19,0.19,0.19,0.0,0.0,0.19,1,TRAILING_STOP,[sl 4469.76],4469.76,0.0,4261.39,3261.39,Friday,19,2026-08-28
2282,11063716,3735670,3735954,XAUUSD.u,SELL,STR S3,3,0.01,2026-08-28 19:56:47.068,2026-08-28 20:02:36.646,349.58,5m 49s,4468.46,4463.78,-4.68,4.68,4.68,0.0,0.0,4.68,1,TRAILING_STOP,[sl 4463.78],4463.78,0.0,4266.07,3266.07,Friday,19,2026-08-28
2283,11063718,3735717,3735955,XAUUSD.u,SELL,STR S4,4,0.01,2026-08-28 19:56:59.167,2026-08-28 20:02:36.646,337.48,5m 37s,4466.97,4463.78,-3.19,3.19,3.19,0.0,0.0,3.19,1,TRAILING_STOP,[sl 4463.78],4463.78,0.0,4269.26,3269.26,Friday,19,2026-08-28
2284,11064128,3735764,3735951,XAUUSD.u,SELL,STR S2,2,0.01,2026-08-28 19:58:18.558,2026-08-28 20:02:34.597,256.04,4m 16s,4469.95,4463.73,-6.22,6.22,6.22,0.0,0.0,6.22,1,TRAILING_STOP,[sl 4463.73],4463.73,0.0,4275.48,3275.48,Friday,19,2026-08-28
2285,11064160,3735793,3735956,XAUUSD.u,SELL,STR S1,1,0.01,2026-08-28 19:59:25.711,2026-08-28 20:02:36.646,190.94,3m 10s,4471.44,4463.78,-7.66,7.66,7.66,0.0,0.0,7.66,1,TRAILING_STOP,[sl 4463.78],4463.78,0.0,4283.14,3283.14,Friday,19,2026-08-28
2286,11063720,3735888,3736041,XAUUSD.u,SELL,STR S5,5,0.01,2026-08-28 20:02:05.272,2026-08-28 20:04:37.733,152.46,2m 32s,4465.48,4462.04,-3.44,3.44,3.44,0.0,0.0,3.44,1,TRAILING_STOP,[sl 4462.04],4462.04,0.0,4286.58,3286.58,Friday,20,2026-08-28
2287,11063722,3735905,3736056,XAUUSD.u,SELL,STR S6,6,0.01,2026-08-28 20:02:12.466,2026-08-28 20:05:13.363,180.9,3m 0s,4463.99,4463.4,-0.59,0.59,0.59,0.0,0.0,0.59,1,TRAILING_STOP,[sl 4463.40],4463.4,0.0,4287.17,3287.17,Friday,20,2026-08-28
2288,11063724,3735930,3736392,XAUUSD.u,SELL,STR S7,7,0.06,2026-08-28 20:02:27.706,2026-08-28 20:17:29.301,901.6,15m 1s,4462.5,4455.75,-6.75,6.75,40.5,0.0,0.0,40.5,1,BASKET_CLOSE,STR CLOSE,,,4327.67,3327.67,Friday,20,2026-08-28
2289,11063726,3736020,3736391,XAUUSD.u,SELL,STR S8,8,0.06,2026-08-28 20:04:10.453,2026-08-28 20:17:29.188,798.74,13m 18s,4461.01,4455.67,-5.34,5.34,32.04,0.0,0.0,32.04,1,BASKET_CLOSE,STR CLOSE,,,4359.71,3359.71,Friday,20,2026-08-28
2290,11064430,3736069,3736131,XAUUSD.u,SELL,STR S6,6,0.01,2026-08-28 20:05:21.275,2026-08-28 20:07:53.304,152.03,2m 32s,4463.99,4463.21,-0.78,0.78,0.78,0.0,0.0,0.78,1,TRAILING_STOP,[sl 4463.21],4463.21,0.0,4360.49,3360.49,Friday,20,2026-08-28
2291,11064578,3736211,3736386,XAUUSD.u,SELL,STR S6,6,0.01,2026-08-28 20:11:40.796,2026-08-28 20:17:28.625,347.83,5m 47s,4463.99,4455.55,-8.44,8.44,8.44,0.0,0.0,8.44,1,BASKET_CLOSE,STR CLOSE,,,4368.93,3368.93,Friday,20,2026-08-28
2292,11063728,3736308,3736390,XAUUSD.u,SELL,STR S9,9,0.06,2026-08-28 20:17:14.901,2026-08-28 20:17:29.075,14.17,14s,4459.52,4455.41,-4.11,4.11,24.66,0.0,0.0,24.66,1,BASKET_CLOSE,STR CLOSE,,,4393.59,3393.59,Friday,20,2026-08-28
2293,11063730,3736317,3736389,XAUUSD.u,SELL,STR S10,10,0.06,2026-08-28 20:17:18.516,2026-08-28 20:17:28.962,10.45,10s,4458.03,4455.59,-2.44,2.44,14.64,0.0,0.0,14.64,1,BASKET_CLOSE,STR CLOSE,,,4408.23,3408.23,Friday,20,2026-08-28
2294,11063733,3736333,3736388,XAUUSD.u,SELL,STR S11,11,0.06,2026-08-28 20:17:18.649,2026-08-28 20:17:28.850,10.2,10s,4456.54,4455.65,-0.89,0.89,5.34,0.0,0.0,5.34,1,BASKET_CLOSE,STR CLOSE,,,4413.57,3413.57,Friday,20,2026-08-28
2295,11063736,3736343,3736387,XAUUSD.u,SELL,STR S12,12,0.06,2026-08-28 20:17:19.650,2026-08-28 20:17:28.737,9.09,9s,4455.05,4455.72,0.67,-0.67,-4.02,0.0,0.0,-4.02,0,BASKET_CLOSE,STR CLOSE,,,4409.55,3409.55,Friday,20,2026-08-28
2296,11064772,3736407,3736487,XAUUSD.u,BUY,STR B1,1,0.01,2026-08-28 20:17:48.626,2026-08-28 20:19:11.251,82.62,1m 22s,4457.67,4458.5,0.83,0.83,0.83,0.0,0.0,0.83,1,TRAILING_STOP,[sl 4458.50],4458.5,0.0,4410.38,3410.38,Friday,20,2026-08-28
2297,11064774,3736414,3736649,XAUUSD.u,BUY,STR B2,2,0.01,2026-08-28 20:17:56.919,2026-08-28 20:23:11.721,314.8,5m 14s,4459.16,4459.69,0.53,0.53,0.53,0.0,0.0,0.53,1,TRAILING_STOP,[sl 4459.69],4459.69,0.0,4410.91,3410.91,Friday,20,2026-08-28
2298,11064776,3736427,3738836,XAUUSD.u,BUY,STR B3,3,0.01,2026-08-28 20:18:22.463,2026-08-28 21:31:42.054,4399.59,1h 13m 19s,4460.65,4461.68,1.03,1.03,1.03,0.0,0.0,1.03,1,TRAILING_STOP,[sl 4461.68],4461.68,0.0,4411.94,3411.94,Friday,20,2026-08-28
2299,11064778,3736461,3739004,XAUUSD.u,BUY,STR B4,4,0.01,2026-08-28 20:18:30.663,2026-08-28 21:40:56.218,4945.56,1h 22m 25s,4462.14,4465.33,3.19,3.19,3.19,0.0,0.0,3.19,1,TRAILING_STOP,[sl 4465.33],4465.33,0.0,4415.13,3415.13,Friday,20,2026-08-28
2300,11064926,3736511,3736625,XAUUSD.u,BUY,STR B1,1,0.01,2026-08-28 20:19:33.987,2026-08-28 20:22:50.213,196.23,3m 16s,4457.67,4461.18,3.51,3.51,3.51,0.0,0.0,3.51,1,TRAILING_STOP,[sl 4461.18],4461.18,0.0,4418.64,3418.64,Friday,20,2026-08-28
2301,11064780,3736575,3739042,XAUUSD.u,BUY,STR B5,5,0.01,2026-08-28 20:22:01.258,2026-08-28 21:45:21.526,5000.27,1h 23m 20s,4463.63,4463.84,0.21,0.21,0.21,0.0,0.0,0.21,1,TRAILING_STOP,[sl 4463.84],4463.84,0.0,4418.85,3418.85,Friday,20,2026-08-28
2302,11065084,3736653,3736921,XAUUSD.u,BUY,STR B2,2,0.01,2026-08-28 20:23:14.139,2026-08-28 20:27:42.141,268.0,4m 28s,4459.16,4459.3,0.14,0.14,0.14,0.0,0.0,0.14,1,TRAILING_STOP,[sl 4459.30],4459.3,0.0,4418.99,3418.99,Friday,20,2026-08-28
2303,11064773,3736712,3737397,XAUUSD.u,SELL,STR S1,1,0.01,2026-08-28 20:23:51.256,2026-08-28 20:43:44.113,1192.86,19m 52s,4454.69,4447.06,-7.63,7.63,7.63,0.0,0.0,7.63,1,TRAILING_STOP,[sl 4447.06],4447.06,0.0,4426.62,3426.62,Friday,20,2026-08-28
2304,11064775,3736743,3737398,XAUUSD.u,SELL,STR S2,2,0.01,2026-08-28 20:24:05.495,2026-08-28 20:43:44.114,1178.62,19m 38s,4453.2,4447.12,-6.08,6.08,6.08,0.0,0.0,6.08,1,TRAILING_STOP,[sl 4447.12],4447.12,0.0,4432.7,3432.7,Friday,20,2026-08-28
2305,11065110,3736840,3736919,XAUUSD.u,BUY,STR B1,1,0.01,2026-08-28 20:26:07.073,2026-08-28 20:27:34.936,87.86,1m 27s,4457.67,4460.65,2.98,2.98,2.98,0.0,0.0,2.98,1,TRAILING_STOP,[sl 4460.65],4460.65,0.0,4435.68,3435.68,Friday,20,2026-08-28
2306,11065367,3736926,3738150,XAUUSD.u,BUY,STR B2,2,0.01,2026-08-28 20:27:46.730,2026-08-28 21:10:22.730,2556.0,42m 36s,4459.16,4459.4,0.24,0.24,0.24,0.0,0.0,0.24,1,TRAILING_STOP,[sl 4459.40],4459.4,0.0,4435.92,3435.92,Friday,20,2026-08-28
2307,11065400,3736950,3737931,XAUUSD.u,BUY,STR B1,1,0.01,2026-08-28 20:29:13.456,2026-08-28 21:02:24.327,1990.87,33m 10s,4457.67,4458.0,0.33,0.33,0.33,0.0,0.0,0.33,1,TRAILING_STOP,[sl 4458.00],4458.0,0.0,4436.25,3436.25,Friday,20,2026-08-28
2308,11064777,3737193,3737399,XAUUSD.u,SELL,STR S3,3,0.01,2026-08-28 20:38:21.817,2026-08-28 20:43:44.114,322.3,5m 22s,4451.71,4447.12,-4.59,4.59,4.59,0.0,0.0,4.59,1,TRAILING_STOP,[sl 4447.12],4447.12,0.0,4440.84,3440.84,Friday,20,2026-08-28
2309,11064779,3737297,3737400,XAUUSD.u,SELL,STR S4,4,0.01,2026-08-28 20:42:39.921,2026-08-28 20:43:44.114,64.19,1m 4s,4450.22,4447.12,-3.1,3.1,3.1,0.0,0.0,3.1,1,TRAILING_STOP,[sl 4447.12],4447.12,0.0,4443.94,3443.94,Friday,20,2026-08-28
2310,11064781,3737315,3737417,XAUUSD.u,SELL,STR S5,5,0.01,2026-08-28 20:42:40.034,2026-08-28 20:44:17.713,97.68,1m 37s,4448.73,4448.6,-0.13,0.13,0.13,0.0,0.0,0.13,1,TRAILING_STOP,[sl 4448.60],4448.6,0.0,4444.07,3444.07,Friday,20,2026-08-28
2311,11067584,3737480,3737574,XAUUSD.u,SELL,STR S3,3,0.01,2026-08-28 20:45:26.592,2026-08-28 20:47:48.354,141.76,2m 21s,4451.71,4451.58,-0.13,0.13,0.13,0.0,0.0,0.13,1,TRAILING_STOP,[sl 4451.58],4451.58,0.0,4444.2,3444.2,Friday,20,2026-08-28
2312,11067632,3737493,3737562,XAUUSD.u,SELL,STR S2,2,0.01,2026-08-28 20:45:52.433,2026-08-28 20:47:18.366,85.93,1m 25s,4453.2,4450.1,-3.1,3.1,3.1,0.0,0.0,3.1,1,TRAILING_STOP,[sl 4450.10],4450.1,0.0,4447.3,3447.3,Friday,20,2026-08-28
2313,11067645,3737504,3737564,XAUUSD.u,SELL,STR S1,1,0.01,2026-08-28 20:46:05.062,2026-08-28 20:47:18.455,73.39,1m 13s,4454.69,4450.19,-4.5,4.5,4.5,0.0,0.0,4.5,1,TRAILING_STOP,[sl 4450.19],4450.19,0.0,4451.8,3451.8,Friday,20,2026-08-28
2314,11068301,3737578,3739328,XAUUSD.u,SELL,STR S3,3,0.01,2026-08-28 20:47:54.479,2026-08-28 21:56:17.407,4102.93,1h 8m 22s,4451.71,4459.28,7.57,-7.57,-7.57,0.0,0.0,-7.57,0,BASKET_CLOSE,STR CLOSE,,,4444.23,3444.23,Friday,20,2026-08-28
2315,11068670,3737622,3739325,XAUUSD.u,SELL,STR S1,1,0.01,2026-08-28 20:49:29.922,2026-08-28 21:56:17.177,4007.26,1h 6m 47s,4454.69,4459.24,4.55,-4.55,-4.55,0.0,0.0,-4.55,0,BASKET_CLOSE,STR CLOSE,,,4439.68,3439.68,Friday,20,2026-08-28
2316,11068662,3737637,3739327,XAUUSD.u,SELL,STR S2,2,0.01,2026-08-28 20:50:05.656,2026-08-28 21:56:17.289,3971.63,1h 6m 11s,4453.2,4459.24,6.04,-6.04,-6.04,0.0,0.0,-6.04,0,BASKET_CLOSE,STR CLOSE,,,4433.64,3433.64,Friday,20,2026-08-28
2317,11069034,3737944,3737979,XAUUSD.u,BUY,STR B1,1,0.01,2026-08-28 21:02:52.526,2026-08-28 21:04:51.756,119.23,1m 59s,4457.67,4458.51,0.84,0.84,0.84,0.0,0.0,0.84,1,TRAILING_STOP,[sl 4458.51],4458.51,0.0,4434.48,3434.48,Friday,21,2026-08-28
2318,11069078,3737984,3738127,XAUUSD.u,BUY,STR B1,1,0.01,2026-08-28 21:05:04.436,2026-08-28 21:09:01.104,236.67,3m 56s,4457.67,4460.89,3.22,3.22,3.22,0.0,0.0,3.22,1,TRAILING_STOP,[sl 4460.89],4460.89,0.0,4437.7,3437.7,Friday,21,2026-08-28
2319,11069248,3738153,3738831,XAUUSD.u,BUY,STR B2,2,0.01,2026-08-28 21:10:30.817,2026-08-28 21:31:18.783,1247.97,20m 47s,4459.16,4463.17,4.01,4.01,4.01,0.0,0.0,4.01,1,TRAILING_STOP,[sl 4463.17],4463.17,0.0,4441.71,3441.71,Friday,21,2026-08-28
2320,11069267,3738192,3738393,XAUUSD.u,BUY,STR B1,1,0.01,2026-08-28 21:11:54.578,2026-08-28 21:23:26.430,691.85,11m 31s,4457.67,4459.1,1.43,1.43,1.43,0.0,0.0,1.43,1,TRAILING_STOP,[sl 4459.10],4459.1,0.0,4443.14,3443.14,Friday,21,2026-08-28
2321,11071006,3739044,3739324,XAUUSD.u,BUY,STR B5,5,0.01,2026-08-28 21:45:28.199,2026-08-28 21:56:17.064,648.87,10m 48s,4463.63,4459.06,-4.57,-4.57,-4.57,0.0,0.0,-4.57,0,BASKET_CLOSE,STR CLOSE,,,4438.57,3438.57,Friday,21,2026-08-28
2322,11071100,3739087,3739323,XAUUSD.u,BUY,STR B3,3,0.01,2026-08-28 21:46:13.146,2026-08-28 21:56:16.951,603.8,10m 3s,4460.65,4459.05,-1.6,-1.6,-1.6,0.0,0.0,-1.6,0,BASKET_CLOSE,STR CLOSE,,,4436.97,3436.97,Friday,21,2026-08-28
2323,11071170,3739102,3739322,XAUUSD.u,BUY,STR B2,2,0.01,2026-08-28 21:46:41.144,2026-08-28 21:56:16.838,575.69,9m 35s,4459.16,4459.05,-0.11,-0.11,-0.11,0.0,0.0,-0.11,0,BASKET_CLOSE,STR CLOSE,,,4436.86,3436.86,Friday,21,2026-08-28
2324,11071255,3739128,3739321,XAUUSD.u,BUY,STR B1,1,0.01,2026-08-28 21:47:53.637,2026-08-28 21:56:16.725,503.09,8m 23s,4457.67,4459.02,1.35,1.35,1.35,0.0,0.0,1.35,1,BASKET_CLOSE,STR CLOSE,,,4438.21,3438.21,Friday,21,2026-08-28
2325,11072210,3739388,3739554,XAUUSD.u,SELL,STR S1,1,0.01,2026-08-28 21:58:47.158,2026-08-28 22:28:57.502,1810.34,30m 10s,4457.75,4456.88,-0.87,0.87,0.87,0.0,0.0,0.87,1,TRAILING_STOP,[sl 4456.88],4456.88,0.0,4439.08,3439.08,Friday,21,2026-08-28
2326,11073327,3739564,3739598,XAUUSD.u,SELL,STR S1,1,0.01,2026-08-28 22:29:42.496,2026-08-28 22:44:34.369,891.87,14m 51s,4457.75,4457.08,-0.67,0.67,0.67,0.0,0.0,0.67,1,TRAILING_STOP,[sl 4457.08],4457.08,0.0,4439.75,3439.75,Friday,22,2026-08-28
2327,11073396,3739603,3739689,XAUUSD.u,SELL,STR S1,1,0.01,2026-08-28 22:45:25.676,2026-08-28 22:57:48.088,742.41,12m 22s,4457.75,4456.45,-1.3,1.3,1.3,0.0,0.0,1.3,1,TRAILING_STOP,[sl 4456.45],4456.45,0.0,4441.05,3441.05,Friday,22,2026-08-28
